formula,bulk_modulus,shear_modulus,composition,MagpieData minimum Number,MagpieData maximum Number,MagpieData range Number,MagpieData mean Number,MagpieData avg_dev Number,MagpieData mode Number,MagpieData minimum MendeleevNumber,MagpieData maximum MendeleevNumber,MagpieData range MendeleevNumber,MagpieData mean MendeleevNumber,MagpieData avg_dev MendeleevNumber,MagpieData mode MendeleevNumber,MagpieData minimum AtomicWeight,MagpieData maximum AtomicWeight,MagpieData range AtomicWeight,MagpieData mean AtomicWeight,MagpieData avg_dev AtomicWeight,MagpieData mode AtomicWeight,MagpieData minimum MeltingT,MagpieData maximum MeltingT,MagpieData range MeltingT,MagpieData mean MeltingT,MagpieData avg_dev MeltingT,MagpieData mode MeltingT,MagpieData minimum Column,MagpieData maximum Column,MagpieData range Column,MagpieData mean Column,MagpieData avg_dev Column,MagpieData mode Column,MagpieData minimum Row,MagpieData maximum Row,MagpieData range Row,MagpieData mean Row,MagpieData avg_dev Row,MagpieData mode Row,MagpieData minimum CovalentRadius,MagpieData maximum CovalentRadius,MagpieData range CovalentRadius,MagpieData mean CovalentRadius,MagpieData avg_dev CovalentRadius,MagpieData mode CovalentRadius,MagpieData minimum Electronegativity,MagpieData maximum Electronegativity,MagpieData range Electronegativity,MagpieData mean Electronegativity,MagpieData avg_dev Electronegativity,MagpieData mode Electronegativity,MagpieData minimum NsValence,MagpieData maximum NsValence,MagpieData range NsValence,MagpieData mean NsValence,MagpieData avg_dev NsValence,MagpieData mode NsValence,MagpieData minimum NpValence,MagpieData maximum NpValence,MagpieData range NpValence,MagpieData mean NpValence,MagpieData avg_dev NpValence,MagpieData mode NpValence,MagpieData minimum NdValence,MagpieData maximum NdValence,MagpieData range NdValence,MagpieData mean NdValence,MagpieData avg_dev NdValence,MagpieData mode NdValence,MagpieData minimum NfValence,MagpieData maximum NfValence,MagpieData range NfValence,MagpieData mean NfValence,MagpieData avg_dev NfValence,MagpieData mode NfValence,MagpieData minimum NValence,MagpieData maximum NValence,MagpieData range NValence,MagpieData mean NValence,MagpieData avg_dev NValence,MagpieData mode NValence,MagpieData minimum NsUnfilled,MagpieData maximum NsUnfilled,MagpieData range NsUnfilled,MagpieData mean NsUnfilled,MagpieData avg_dev NsUnfilled,MagpieData mode NsUnfilled,MagpieData minimum NpUnfilled,MagpieData maximum NpUnfilled,MagpieData range NpUnfilled,MagpieData mean NpUnfilled,MagpieData avg_dev NpUnfilled,MagpieData mode NpUnfilled,MagpieData minimum NdUnfilled,MagpieData maximum NdUnfilled,MagpieData range NdUnfilled,MagpieData mean NdUnfilled,MagpieData avg_dev NdUnfilled,MagpieData mode NdUnfilled,MagpieData minimum NfUnfilled,MagpieData maximum NfUnfilled,MagpieData range NfUnfilled,MagpieData mean NfUnfilled,MagpieData avg_dev NfUnfilled,MagpieData mode NfUnfilled,MagpieData minimum NUnfilled,MagpieData maximum NUnfilled,MagpieData range NUnfilled,MagpieData mean NUnfilled,MagpieData avg_dev NUnfilled,MagpieData mode NUnfilled,MagpieData minimum GSvolume_pa,MagpieData maximum GSvolume_pa,MagpieData range GSvolume_pa,MagpieData mean GSvolume_pa,MagpieData avg_dev GSvolume_pa,MagpieData mode GSvolume_pa,MagpieData minimum GSbandgap,MagpieData maximum GSbandgap,MagpieData range GSbandgap,MagpieData mean GSbandgap,MagpieData avg_dev GSbandgap,MagpieData mode GSbandgap,MagpieData minimum GSmagmom,MagpieData maximum GSmagmom,MagpieData range GSmagmom,MagpieData mean GSmagmom,MagpieData avg_dev GSmagmom,MagpieData mode GSmagmom,MagpieData minimum SpaceGroupNumber,MagpieData maximum SpaceGroupNumber,MagpieData range SpaceGroupNumber,MagpieData mean SpaceGroupNumber,MagpieData avg_dev SpaceGroupNumber,MagpieData mode SpaceGroupNumber
Ag2PdO2,83.87199118,13.8357163,Ag2 Pd1 O2,8,47,39,31.2,18.560000000000002,8,62,87,25,73.2,11.040000000000001,65,15.9994,107.8682,91.86880000000001,70.83104,43.865312,15.9994,54.8,1828.05,1773.25,881.5020000000001,661.3616,54.8,10,16,6,12.8,2.56,11,2,5,3,3.8,1.44,2,66,145,79,112.2,36.96,66,1.93,3.44,1.51,2.588,0.6816,1.93,0,2,2,1.2,0.64,1,0,4,4,1.6,1.9200000000000004,0,0,10,10,6,4.8,0,0,0,0,0,0,0,6,11,5,8.8,2.2399999999999998,6,0,1,1,0.4,0.4800000000000001,0,0,2,2,0.8,0.9600000000000002,0,0,0,0,0,0,0,0,0,0,0,0,0,0,2,2,1.2,0.64,1,9.105,16.33,7.224999999999998,13.056000000000001,3.160799999999999,9.105,0,0,0,0,0,0,0,0,0,0,0,0,12,225,213,139.8,102.24,12
Sr(CdP)2,53.39059973,34.04065801,Sr1 Cd2 P2,15,48,33,32.8,14.24,15,8,83,75,62.8,21.92,70,30.973762,112.411,81.43723800000001,74.8779048,35.12331424,30.973762,317.3,1050,732.7,574.608,205.8464,317.3,2,15,13,11.2,3.6800000000000006,12,3,5,2,4.2,0.96,3,107,195,88,139.4,25.919999999999998,107,0.95,2.19,1.24,1.7420000000000002,0.35840000000000005,1.69,2,2,0,2,0,2,0,3,3,1.2,1.44,0,0,10,10,4,4.8,0,0,0,0,0,0,0,2,12,10,7.2,3.8400000000000007,5,0,0,0,0,0,0,0,3,3,1.2,1.44,0,0,0,0,0,0,0,0,0,0,0,0,0,0,3,3,1.2,1.44,0,19.495,54.23,34.735,27.672095238079997,10.623161904767997,19.495,0,1.625,1.625,0.65,0.78,0,0,0,0,0,0,0,2,225,223,123.4,97.12,2
Rb2PtCl6,10.97105424,6.187549129,Rb2 Pt1 Cl6,17,78,61,28.22222222222222,14.962962962962965,17,4,94,90,70.55555555555556,31.259259259259263,94,35.453,195.084,159.631,64.30417777777777,38.46823703703703,35.453,171.6,2041.4,1869.8000000000002,410.65777777777777,362.38716049382714,171.6,1,17,16,12.666666666666666,5.777777777777778,17,3,6,3,3.7777777777777777,1.037037037037037,3,102,220,118,132,40,102,0.82,3.16,2.3400000000000003,2.5422222222222226,0.8237037037037038,3.16,1,2,1,1.6666666666666667,0.4444444444444444,2,0,5,5,3.3333333333333335,2.2222222222222223,5,0,9,9,1,1.7777777777777777,0,0,14,14,1.5555555555555556,2.765432098765432,0,1,24,23,7.555555555555555,3.654320987654321,7,0,1,1,0.3333333333333333,0.4444444444444444,0,0,1,1,0.6666666666666666,0.4444444444444444,1,0,1,1,0.1111111111111111,0.19753086419753085,0,0,0,0,0,0,0,1,2,1,1.1111111111111112,0.1975308641975309,1,15.02,90.7225,75.7025,38.16111111111111,23.360617283950617,24.4975,0,2.493,2.493,1.662,1.1079999999999999,2.493,0,0,0,0,0,0,64,229,165,118.55555555555556,72.74074074074075,64
BaC2,39.75969337,10.75012575,Ba1 C2,6,56,50,22.666666666666668,22.222222222222218,6,9,77,68,54.333333333333336,30.222222222222218,77,12.0107,137.327,125.3163,53.7828,55.69613333333333,12.0107,1000,3823,2823,2882,1254.6666666666667,3823,2,14,12,10,5.333333333333333,14,2,6,4,3.3333333333333335,1.777777777777778,2,76,215,139,122.33333333333333,61.77777777777777,76,0.89,2.55,1.6599999999999997,1.9966666666666664,0.7377777777777778,2.55,2,2,0,2,0,2,0,2,2,1.3333333333333333,0.888888889,2,0,0,0,0,0,0,0,0,0,0,0,0,2,4,2,3.3333333333333335,0.8888888888888888,4,0,0,0,0,0,0,0,4,4,2.6666666666666665,1.777777777777778,4,0,0,0,0,0,0,0,0,0,0,0,0,0,4,4,2.6666666666666665,1.777777777777778,4,5.64,63.59,57.95,24.956666666666667,25.75555555555556,5.64,0,4.496,4.496,2.9973333333333336,1.9982222222222223,4.496,0,0,0,0,0,0,194,229,35,205.66666666666666,15.555555555555552,194
Cu2O,111.5677659,8.352509741,Cu2 O1,8,29,21,22,9.333333333333334,29,64,87,23,71.66666666666667,10.222222222222223,64,15.9994,63.546,47.5466,47.69713333333333,21.131822222222223,63.546,54.8,1357.77,1302.97,923.4466666666667,579.0977777777778,1357.77,11,16,5,12.666666666666666,2.222222222222222,11,2,4,2,3.3333333333333335,0.8888888888888888,4,66,132,66,110,29.333333333333332,132,1.9,3.44,1.54,2.4133333333333336,0.6844444444444445,1.9,1,2,1,1.3333333333333333,0.4444444444444444,1,0,4,4,1.3333333333333333,1.777777777777778,0,0,10,10,6.666666666666667,4.444444444444444,10,0,0,0,0,0,0,6,11,5,9.333333333333334,2.222222222222222,11,0,1,1,0.6666666666666666,0.4444444444444445,1,0,2,2,0.6666666666666666,0.888888889,0,0,0,0,0,0,0,0,0,0,0,0,0,1,2,1,1.3333333333333333,0.4444444444444444,1,9.105,11.07,1.9649999999999999,10.415000000000001,0.8733333333333331,11.07,0,0,0,0,0,0,0,0,0,0,0,0,12,225,213,154,94.66666666666667,225
KZnP,36.08140891,26.17289888,K1 Zn1 P1,15,30,15,21.333333333333332,5.777777777777778,15,3,83,80,51.666666666666664,32.44444444444445,3,30.973762,65.38,34.406237999999995,45.15068733333333,13.486208444444442,30.973762,317.3,692.68,375.37999999999994,448.83666666666664,162.5622222222222,317.3,1,15,14,9.333333333333334,5.5555555555555545,1,3,4,1,3.6666666666666665,0.4444444444444445,3,107,203,96,144,39.333333333333336,107,0.82,2.19,1.37,1.5533333333333335,0.48888888888888876,0.82,1,2,1,1.6666666666666667,0.4444444444444444,1,0,3,3,1,1.3333333333333333,0,0,10,10,3.3333333333333335,4.444444444444445,0,0,0,0,0,0,0,1,12,11,6,4,1,0,1,1,0.3333333333333333,0.4444444444444444,0,0,3,3,1,1.3333333333333333,0,0,0,0,0,0,0,0,0,0,0,0,0,0,3,3,1.3333333333333333,1.111111111111111,0,13.96,73.10666667,59.14666666669999,36.54563492063333,24.37402116404444,13.96,0,1.625,1.625,0.5416666666666666,0.7222222222222223,0,0,0,0,0,0,0,2,229,227,141.66666666666666,93.11111111111113,2
TlInS2,46.6410481,22.32305693,Tl1 In1 S2,16,81,65,40.5,24.5,16,75,88,13,81.75,6.25,88,32.065,204.3833,172.3183,95.832825,63.767825,32.065,388.36,577,188.64,445.8675,65.56625,388.36,13,16,3,14.5,1.5,16,3,6,3,4.25,1.25,3,105,145,40,124.25,19.25,105,1.62,2.58,0.96,2.14,0.44,2.58,2,2,0,2,0,2,1,4,3,2.5,1.5,4,0,10,10,5,5,0,0,14,14,3.5,5.25,0,6,27,21,13,7,6,0,0,0,0,0,0,2,5,3,3.5,1.5,2,0,0,0,0,0,0,0,0,0,0,0,0,2,5,3,3.5,1.5,2,24.26,26.91,2.6499999999999986,25.6859375,0.7129687499999982,25.786875,0,2.202,2.202,1.101,1.101,2.202,0,0,0,0,0,0,70,194,124,118.25,48.25,70
SnO,32.29093797,20.21644217,Sn1 O1,8,50,42,29,21,8,80,87,7,83.5,3.5,80,15.9994,118.71,102.7106,67.3547,51.3553,15.9994,54.8,505.08,450.28,279.94,225.14,54.8,14,16,2,15,1,14,2,5,3,3.5,1.5,2,66,139,73,102.5,36.5,66,1.96,3.44,1.48,2.7,0.74,1.96,2,2,0,2,0,2,2,4,2,3,1,2,0,10,10,5,5,0,0,0,0,0,0,0,6,14,8,10,4,6,0,0,0,0,0,0,2,4,2,3,1,2,0,0,0,0,0,0,0,0,0,0,0,0,2,4,2,3,1,2,9.105,33.285,24.179999999999996,21.195,12.089999999999998,9.105,0,0,0,0,0,0,0,0,0,0,0,0,12,141,129,76.5,64.5,12
HfBrN,37.95321225,17.6360125,Hf1 Br1 N1,7,72,65,38,22.666666666666668,7,45,95,50,74,19.333333333333332,45,14.0067,178.49,164.4833,90.80023333333334,58.45984444444446,14.0067,63.05,2506,2442.95,944.9500000000002,1040.7,63.05,4,17,13,12,5.333333333333333,4,2,6,4,4,1.3333333333333333,2,71,175,104,122,35.333333333333336,71,1.3,3.04,1.74,2.433333333333333,0.7555555555555555,1.3,2,2,0,2,0,2,0,5,5,2.6666666666666665,1.777777777777778,0,0,10,10,4,4,0,0,14,14,4.666666666666667,6.222222222222222,0,5,18,13,13.333333333333334,5.5555555555555545,5,0,0,0,0,0,0,0,3,3,1.3333333333333333,1.111111111111111,0,0,8,8,2.6666666666666665,3.5555555555555554,0,0,0,0,0,0,0,1,8,7,4,2.6666666666666665,1,14.76875,29.48,14.71125,22.149583333333336,4.920555555555555,14.76875,0,6.437,6.437,2.6313333333333335,2.5371111111111113,0,0,0,0,0,0,0,64,194,130,150.66666666666666,57.77777777777778,64
Rb2NbCl6,9.468323693,3.814267167,Rb2 Nb1 Cl6,17,41,24,24.11111111111111,9.481481481481483,17,4,94,90,68.77777777777777,33.62962962962963,94,35.453,92.90638,57.453379999999996,52.95110888888889,23.330811851851852,35.453,171.6,2750,2578.4,489.3911111111112,502.35753086419754,171.6,1,17,16,12.11111111111111,6.518518518518519,17,3,5,2,3.6666666666666665,0.8888888888888888,3,102,220,118,135.11111111111111,44.14814814814815,102,0.82,3.16,2.3400000000000003,2.466666666666667,0.9244444444444445,3.16,1,2,1,1.6666666666666667,0.4444444444444444,2,0,5,5,3.3333333333333335,2.2222222222222223,5,0,4,4,0.4444444444444444,0.7901234567901234,0,0,0,0,0,0,0,1,7,6,5.444444444444445,2.074074074074074,7,0,1,1,0.3333333333333333,0.4444444444444444,0,0,1,1,0.6666666666666666,0.4444444444444444,1,0,6,6,0.6666666666666666,1.1851851851851851,0,0,0,0,0,0,0,1,7,6,1.6666666666666667,1.1851851851851851,1,18.18,90.7225,72.54249999999999,38.51222222222222,23.20456790123457,24.4975,0,2.493,2.493,1.662,1.1079999999999999,2.493,0,0,0,0,0,0,64,229,165,119,73.33333333333333,64
Na2PtC2,51.56646465,24.20816753,Na2 Pt1 C2,6,78,72,22.4,22.240000000000002,6,2,77,75,44.2,33.760000000000005,2,12.0107,195.084,183.07330000000002,53.01698771,56.82680492,12.0107,370.87,3823,3452.13,2085.828,1389.7376,370.87,1,14,13,8,5.6,1,2,6,4,3.2,1.12,2,76,166,90,124,38.4,76,0.93,2.55,1.6199999999999997,1.8479999999999996,0.7343999999999999,0.93,1,2,1,1.4,0.48,1,0,2,2,0.8,0.9600000000000002,0,0,9,9,1.8,2.88,0,0,14,14,2.8,4.4799999999999995,0,1,24,23,6.8,6.88,1,0,1,1,0.6,0.4800000000000001,0,0,4,4,1.6,1.9200000000000004,0,0,1,1,0.2,0.32,0,0,0,0,0,0,0,1,4,3,2.4,1.28,1,5.64,29.24333333,23.60333333,16.95733333,9.8288,5.64,0,4.496,4.496,1.7984000000000002,2.1580800000000004,0,0,0,0,0,0,0,194,229,35,214.2,16.160000000000004,194
K2TiF6,26.75536435,10.90605839,K2 Ti1 F6,9,22,13,12.666666666666666,4.888888888888889,9,3,93,90,67.44444444444444,34.07407407407407,93,18.9984032,47.867,28.8685968,26.6726688,10.232354133333335,18.9984032,53.5,1941,1887.5,326.11777777777775,363.49037037037033,53.5,1,17,16,12,6.666666666666667,17,2,4,2,2.6666666666666665,0.8888888888888888,2,57,203,146,100.88888888888889,58.518518518518526,57,0.82,3.98,3.16,3.0066666666666664,1.297777777777778,3.98,1,2,1,1.7777777777777777,0.34567901234567905,2,0,5,5,3.3333333333333335,2.2222222222222223,5,0,2,2,0.2222222222222222,0.3950617283950617,0,0,0,0,0,0,0,1,7,6,5.333333333333333,2.2222222222222223,7,0,1,1,0.2222222222222222,0.345679012,0,0,1,1,0.6666666666666666,0.4444444444444444,1,0,8,8,0.8888888888888888,1.5802469135802468,0,0,0,0,0,0,0,1,8,7,1.7777777777777777,1.382716049382716,1,9.7075,73.10666667,63.39916667,24.572037037044442,21.570946502069134,9.7075,0,1.97,1.97,1.3133333333333335,0.8755555555555554,1.97,0,2.25333333333e-05,2.25333333333e-05,2.5037037037e-06,4.451028806577778e-06,0,15,229,214,82.44444444444444,89.92592592592592,15
K2PdCl6,11.92942963,6.677608853,K2 Pd1 Cl6,17,46,29,20.666666666666668,5.62962963,17,3,94,91,70.22222222222223,31.703703703703702,94,35.453,106.42,70.967,44.14828888888889,13.838158024691358,35.453,171.6,1828.05,1656.45,392.3011111111111,319.0553086419753,171.6,1,17,16,12.666666666666666,5.777777777777778,17,3,5,2,3.4444444444444446,0.5925925925925927,3,102,203,101,128.55555555555554,35.407407407407405,102,0.82,3.16,2.3400000000000003,2.533333333333333,0.8355555555555557,3.16,0,2,2,1.5555555555555556,0.5925925925925927,2,0,5,5,3.3333333333333335,2.2222222222222223,5,0,10,10,1.1111111111111112,1.9753086419753088,0,0,0,0,0,0,0,1,10,9,6,2.2222222222222223,7,0,1,1,0.2222222222222222,0.345679012,0,0,1,1,0.6666666666666666,0.4444444444444444,1,0,0,0,0,0,0,0,0,0,0,0,0,0,1,1,0.8888888888888888,0.1975308641975309,1,14.41,73.10666667,58.69666667,34.17870370371111,17.301316872439504,24.4975,0,2.493,2.493,1.662,1.1079999999999999,2.493,0,0,0,0,0,0,64,229,165,118.55555555555556,72.74074074074075,64
Si3Pt2,160.9332272,24.47215573,Si3 Pt2,14,78,64,39.6,30.720000000000006,14,63,78,15,72,7.2,78,28.0855,195.084,166.9985,94.8849,80.15928000000001,28.0855,1687,2041.4,354.4000000000001,1828.7599999999998,170.112,1687,10,14,4,12.4,1.92,14,3,6,3,4.2,1.44,3,111,136,25,121,12,111,1.9,2.28,0.3799999999999999,2.0519999999999996,0.1823999999999999,1.9,1,2,1,1.6,0.48,2,0,2,2,1.2,0.9600000000000002,2,0,9,9,3.6,4.32,0,0,14,14,5.6,6.719999999999999,0,4,24,20,12,9.6,4,0,1,1,0.4,0.4800000000000001,0,0,4,4,2.4,1.9200000000000004,4,0,1,1,0.4,0.4800000000000001,0,0,0,0,0,0,0,2,4,2,3.2,0.96,4,15.02,20.44,5.420000000000002,18.272000000000002,2.6016000000000004,20.44,0,0.773,0.773,0.4638,0.37104,0.773,0,0,0,0,0,0,225,227,2,226.2,0.9600000000000023,227
Ni(AgO)2,125.582433,29.38263271,Ni1 Ag2 O2,8,47,39,27.6,15.680000000000001,8,61,87,26,73,11.2,65,15.9994,107.8682,91.86880000000001,61.285720000000005,37.265984,15.9994,54.8,1728,1673.2,861.4920000000002,645.3536,54.8,10,16,6,12.8,2.56,11,2,5,3,3.6,1.28,2,66,145,79,109.2,34.56,66,1.91,3.44,1.53,2.53,0.728,1.93,1,2,1,1.6,0.48,1,0,4,4,1.6,1.9200000000000004,0,0,10,10,5.6,4.4799999999999995,0,0,0,0,0,0,0,6,11,5,8.8,2.2399999999999998,6,0,1,1,0.4,0.4800000000000001,0,0,2,2,0.8,0.9600000000000002,0,0,2,2,0.4,0.64,0,0,0,0,0,0,0,1,2,1,1.6,0.48,1,9.105,16.33,7.224999999999998,12.238,3.273599999999999,9.105,0,0,0,0,0,0,0,0.5953947,0.5953947,0.11907894000000001,0.190526304,0,12,225,213,139.8,102.24,12
KCu4S3,47.52249386,18.75209843,K1 Cu4 S3,16,29,13,22.875,6.125,29,3,88,85,65.375,16.96875,64,32.065,63.546,31.481,48.6846625,14.861337500000001,63.546,336.53,1357.77,1021.24,866.58625,491.18375000000003,1357.77,1,16,15,11.625,3.28125,11,3,4,1,3.625,0.46875,4,105,203,98,130.75,19.3125,132,0.82,2.58,1.7600000000000002,2.02,0.4200000000000001,1.9,1,2,1,1.375,0.46875,1,0,4,4,1.5,1.875,0,0,10,10,5,5,10,0,0,0,0,0,0,1,11,10,7.875,3.125,11,0,1,1,0.625,0.46875,1,0,2,2,0.75,0.9375,0,0,0,0,0,0,0,0,0,0,0,0,0,1,2,1,1.375,0.46875,1,11.07,73.10666667,62.03666666669999,24.34341146,13.273411458337499,11.07,0,2.202,2.202,0.82575,1.0321875,0,0,0,0,0,0,0,70,229,159,167.375,73.03125,225
Tl2PdCl4,13.90291248,6.210336653,Tl2 Pd1 Cl4,17,81,64,39.42857142857143,25.63265306122449,17,62,94,32,84.28571428571429,11.10204081632653,94,35.453,204.3833,168.9303,93.85694285714285,66.74736326530612,35.453,171.6,1828.05,1656.45,524.0642857142858,402.8163265306122,171.6,10,17,7,14.857142857142858,2.4489795918367347,17,3,6,3,4.142857142857143,1.3061224489795917,3,102,145,43,119.57142857142857,20.081632653061224,102,1.62,3.16,1.54,2.582857142857143,0.6595918367346939,3.16,0,2,2,1.7142857142857142,0.489795918,2,0,5,5,3.142857142857143,2.122448979591837,5,0,10,10,4.285714285714286,4.8979591836734695,0,0,14,14,4,5.714285714285714,0,7,27,20,13.142857142857142,7.918367346938775,7,0,0,0,0,0,0,0,5,5,2,1.7142857142857142,1,0,0,0,0,0,0,0,0,0,0,0,0,0,5,5,2,1.7142857142857142,1,14.41,26.91,12.5,23.745714285714286,2.6673469387755095,24.4975,0,2.493,2.493,1.4245714285714286,1.221061224489796,2.493,0,0,0,0,0,0,64,225,161,124.14285714285714,68.73469387755101,64
Tl2WCl6,14.64771244,4.662102152,Tl2 W1 Cl6,17,81,64,37.55555555555556,27.40740740740741,17,51,94,43,85.22222222222223,11.703703703703702,94,35.453,204.3833,168.9303,89.48051111,72.03668148148148,35.453,171.6,3695,3523.4,653.1777777777778,675.9604938271605,171.6,6,17,11,14.88888888888889,2.814814814814815,17,3,6,3,4,1.3333333333333333,3,102,162,60,118.22222222222223,21.629629629629633,102,1.62,3.16,1.54,2.728888888888889,0.5748148148148149,3.16,2,2,0,2,0,2,0,5,5,3.5555555555555554,1.9259259259259263,5,0,10,10,2.6666666666666665,3.5555555555555554,0,0,14,14,4.666666666666667,6.222222222222222,0,7,27,20,12.88888888888889,7.851851851851851,7,0,0,0,0,0,0,0,5,5,1.7777777777777777,1.4320987654320987,1,0,6,6,0.6666666666666666,1.1851851851851851,0,0,0,0,0,0,0,1,6,5,2.4444444444444446,1.9259259259259263,1,16.05,26.91,10.86,24.095,1.7877777777777777,24.4975,0,2.493,2.493,1.662,1.1079999999999999,2.493,0,0,0,0,0,0,64,229,165,111.22222222222223,62.96296296296297,64
Rb2PdCl6,11.49919848,5.83471481,Rb2 Pd1 Cl6,17,46,29,24.666666666666668,10.222222222222221,17,4,94,90,70.44444444444444,31.407407407407405,94,35.453,106.42,70.967,54.452622222222224,25.332829629629625,35.453,171.6,1828.05,1656.45,386.9522222222222,320.24395061728393,171.6,1,17,16,12.666666666666666,5.777777777777778,17,3,5,2,3.6666666666666665,0.8888888888888888,3,102,220,118,132.33333333333334,40.44444444444444,102,0.82,3.16,2.3400000000000003,2.533333333333333,0.8355555555555557,3.16,0,2,2,1.5555555555555556,0.5925925925925927,2,0,5,5,3.3333333333333335,2.2222222222222223,5,0,10,10,1.1111111111111112,1.9753086419753088,0,0,0,0,0,0,0,1,10,9,6,2.2222222222222223,7,0,1,1,0.2222222222222222,0.345679012,0,0,1,1,0.6666666666666666,0.4444444444444444,1,0,0,0,0,0,0,0,0,0,0,0,0,0,1,1,0.8888888888888888,0.1975308641975309,1,14.41,90.7225,76.3125,38.093333333333334,23.390740740740743,24.4975,0,2.493,2.493,1.662,1.1079999999999999,2.493,0,0,0,0,0,0,64,229,165,118.55555555555556,72.74074074074075,64
Ba(PPd)2,60.81283682,30.99666041,Ba1 P2 Pd2,15,56,41,35.6,16.48,15,9,83,74,59.8,20.32,62,30.973762,137.327,106.353238,82.4229048,41.15931424,30.973762,317.3,1828.05,1510.75,1058.1399999999999,615.928,317.3,2,15,13,10.4,3.6800000000000006,10,3,6,3,4.4,1.1199999999999999,3,107,215,108,141.4,29.440000000000005,107,0.89,2.2,1.31,1.934,0.4176000000000001,2.19,0,2,2,1.2,0.9600000000000002,0,0,3,3,1.2,1.44,0,0,10,10,4,4.8,0,0,0,0,0,0,0,2,10,8,6.4,2.88,5,0,0,0,0,0,0,0,3,3,1.2,1.44,0,0,0,0,0,0,0,0,0,0,0,0,0,0,3,3,1.2,1.44,0,14.41,63.59,49.18000000000001,27.510095238079998,14.431961904767999,14.41,0,1.625,1.625,0.65,0.78,0,0,0,0,0,0,0,2,229,227,136.6,107.68000000000002,2
SiS2,24.46827187,19.26801123,Si1 S2,14,16,2,15.333333333333334,0.8888888888888887,16,78,88,10,84.66666666666667,4.444444444444443,88,28.0855,32.065,3.979499999999998,30.7385,1.7686666666666657,32.065,388.36,1687,1298.6399999999999,821.2400000000001,577.1733333333333,388.36,14,16,2,15.333333333333334,0.8888888888888887,16,3,3,0,3,0,3,105,111,6,107,2.6666666666666665,105,1.9,2.58,0.6800000000000002,2.3533333333333335,0.3022222222222222,2.58,2,2,0,2,0,2,2,4,2,3.3333333333333335,0.8888888888888888,4,0,0,0,0,0,0,0,0,0,0,0,0,4,6,2,5.333333333333333,0.888888889,6,0,0,0,0,0,0,2,4,2,2.6666666666666665,0.8888888888888888,2,0,0,0,0,0,0,0,0,0,0,0,0,2,4,2,2.6666666666666665,0.8888888888888888,2,20.44,25.786875,5.346874999999997,24.004583333333333,2.3763888888888878,25.786875,0.773,2.202,1.4289999999999998,1.7256666666666665,0.6351111111111112,2.202,0,0,0,0,0,0,70,227,157,122.33333333333333,69.77777777777777,70
Rb2S,15.14940088,7.436985067,Rb2 S1,16,37,21,30,9.333333333333334,37,4,88,84,32,37.333333333333336,4,32.065,85.4678,53.4028,67.66686666666666,23.734577777777776,85.4678,312.46,388.36,75.90000000000003,337.76,33.73333333333335,312.46,1,16,15,6,6.666666666666667,1,3,5,2,4.333333333333333,0.888888889,5,105,220,115,181.66666666666666,51.111111111111114,220,0.82,2.58,1.7600000000000002,1.4066666666666665,0.7822222222222223,0.82,1,2,1,1.3333333333333333,0.4444444444444444,1,0,4,4,1.3333333333333333,1.777777777777778,0,0,0,0,0,0,0,0,0,0,0,0,0,1,6,5,2.6666666666666665,2.222222222222222,1,0,1,1,0.6666666666666666,0.4444444444444445,1,0,2,2,0.6666666666666666,0.888888889,0,0,0,0,0,0,0,0,0,0,0,0,0,1,2,1,1.3333333333333333,0.4444444444444444,1,25.786875,90.7225,64.935625,69.07729166666667,28.860277777777778,90.7225,0,2.202,2.202,0.734,0.9786666666666667,0,0,0,0,0,0,0,70,229,159,176,70.66666666666667,229
CdP4,55.0515387,27.63569081,Cd1 P4,15,48,33,21.6,10.56,15,70,83,13,80.4,4.159999999999997,83,30.973762,112.411,81.43723800000001,47.2612096,26.05991616,30.973762,317.3,594.22,276.92,372.684,88.61440000000002,317.3,12,15,3,14.4,0.9599999999999997,15,3,5,2,3.4,0.6399999999999999,3,107,144,37,114.4,11.840000000000003,107,1.69,2.19,0.5,2.09,0.16000000000000006,2.19,2,2,0,2,0,2,0,3,3,2.4,0.9600000000000002,3,0,10,10,2,3.2,0,0,0,0,0,0,0,5,12,7,6.4,2.24,5,0,0,0,0,0,0,0,3,3,2.4,0.9600000000000002,3,0,0,0,0,0,0,0,0,0,0,0,0,0,3,3,2.4,0.9600000000000002,3,19.495,22.5702381,3.0752380951999996,21.955190476160002,0.98407619,22.5702381,0,1.625,1.625,1.3,0.5199999999999999,1.625,0,0,0,0,0,0,2,194,192,40.4,61.44,2
Rb2TiCl6,11.09057404,5.361207541,Rb2 Ti1 Cl6,17,37,20,22,6.666666666666667,17,4,94,90,68.33333333333333,34.22222222222222,94,35.453,85.4678,50.014799999999994,47.946733333333334,16.676029629629628,35.453,171.6,1941,1769.4,399.5022222222222,342.5550617,171.6,1,17,16,12,6.666666666666667,17,3,5,2,3.5555555555555554,0.7407407407407407,3,102,220,118,134.66666666666666,43.55555555555556,102,0.82,3.16,2.3400000000000003,2.46,0.9333333333333336,3.16,1,2,1,1.7777777777777777,0.34567901234567905,2,0,5,5,3.3333333333333335,2.2222222222222223,5,0,2,2,0.2222222222222222,0.3950617283950617,0,0,0,0,0,0,0,1,7,6,5.333333333333333,2.2222222222222223,7,0,1,1,0.2222222222222222,0.345679012,0,0,1,1,0.6666666666666666,0.4444444444444444,1,0,8,8,0.8888888888888888,1.5802469135802468,0,0,0,0,0,0,0,1,8,7,1.7777777777777777,1.382716049382716,1,16.69,90.7225,74.0325,38.346666666666664,23.278148148148148,24.4975,0,2.493,2.493,1.662,1.1079999999999999,2.493,0,2.25333333333e-05,2.25333333333e-05,2.5037037037e-06,4.451028806577778e-06,0,64,229,165,115.11111111111111,68.14814814814814,64
Rb2Sn2O3,24.06628751,18.25705122,Rb2 Sn2 O3,8,50,42,28.285714285714285,17.387755102040817,8,4,87,83,61.285714285714285,32.73469387755102,87,15.9994,118.71,102.7106,65.1934,42.16628571428571,15.9994,54.8,505.08,450.28,257.06857142857143,173.37306122448976,54.8,1,16,15,11.142857142857142,5.795918367346938,16,2,5,3,3.7142857142857144,1.4693877551020407,2,66,220,154,130.85714285714286,55.59183673469387,66,0.82,3.44,2.62,2.2685714285714282,1.0040816326530613,3.44,1,2,1,1.7142857142857142,0.4081632653061225,2,0,4,4,2.2857142857142856,1.4693877551020407,4,0,10,10,2.857142857142857,4.081632653061225,0,0,0,0,0,0,0,1,14,13,6.857142857142857,4.081632653061225,6,0,1,1,0.2857142857142857,0.40816326530612246,0,0,4,4,2,1.1428571428571428,2,0,0,0,0,0,0,0,0,0,0,0,0,1,4,3,2.2857142857142856,0.9795918367346939,2,9.105,90.7225,81.61749999999999,39.332857142857144,29.365510204081634,9.105,0,0,0,0,0,0,0,0,0,0,0,0,12,229,217,110.85714285714286,84.73469387755101,12
FeClO,27.63790183,15.69581559,Fe1 Cl1 O1,8,26,18,17,6,8,55,94,39,78.66666666666667,15.777777777777777,55,15.9994,55.845,39.8456,35.7658,13.386133333333332,15.9994,54.8,1811,1756.2,679.1333333333333,754.5777777777779,54.8,8,17,9,13.666666666666666,3.777777777777778,8,2,4,2,3,0.6666666666666666,2,66,132,66,100,22.666666666666668,66,1.83,3.44,1.6099999999999999,2.81,0.6533333333333333,1.83,2,2,0,2,0,2,0,5,5,3,2,0,0,6,6,2,2.6666666666666665,0,0,0,0,0,0,0,6,8,2,7,0.6666666666666666,6,0,0,0,0,0,0,0,2,2,1,0.6666666666666666,0,0,4,4,1.3333333333333333,1.7777777777777777,0,0,0,0,0,0,0,1,4,3,2.3333333333333335,1.1111111111111112,1,9.105,24.4975,15.392499999999998,14.777499999999998,6.4799999999999995,9.105,0,2.493,2.493,0.831,1.1079999999999999,0,0,2.1106628,2.1106628,0.7035542666666667,0.9380723555555556,0,12,229,217,101.66666666666667,84.88888889,12
ZnCl2,7.445864907,5.388543644,Zn1 Cl2,17,30,13,21.333333333333332,5.777777777777778,17,69,94,25,85.66666666666667,11.111111111111109,94,35.453,65.38,29.926999999999992,45.428666666666665,13.300888888888885,35.453,171.6,692.68,521.0799999999999,345.2933333333333,231.5911111111111,171.6,12,17,5,15.333333333333334,2.222222222222222,17,3,4,1,3.3333333333333335,0.4444444444444445,3,102,122,20,108.66666666666667,8.888888888888891,102,1.65,3.16,1.5100000000000002,2.6566666666666667,0.6711111111111112,3.16,2,2,0,2,0,2,0,5,5,3.3333333333333335,2.222222222222222,5,0,10,10,3.3333333333333335,4.444444444444444,0,0,0,0,0,0,0,7,12,5,8.666666666666666,2.222222222222222,7,0,0,0,0,0,0,0,1,1,0.6666666666666666,0.4444444444444445,1,0,0,0,0,0,0,0,0,0,0,0,0,0,1,1,0.6666666666666666,0.4444444444444445,1,13.96,24.4975,10.537499999999998,20.985,4.683333333333333,24.4975,0,2.493,2.493,1.662,1.1079999999999999,2.493,0,0,0,0,0,0,64,194,130,107.33333333333333,57.77777777777777,64
Rb2MgF4,39.8496982,20.95606187,Rb2 Mg1 F4,9,37,28,17.428571428571427,11.183673469387754,9,4,93,89,64,34.285714285714285,93,18.9984032,85.4678,66.4693968,38.74774468571429,26.697174465306123,18.9984032,53.5,923,869.5,251.70285714285714,226.51755102040812,53.5,1,17,16,10.285714285714286,7.673469387755103,17,2,5,3,3,1.1428571428571428,2,57,220,163,115.57142857142857,66.93877551020408,57,0.82,3.98,3.16,2.6957142857142857,1.4677551020408164,3.98,1,2,1,1.7142857142857142,0.4081632653061225,2,0,5,5,2.857142857142857,2.4489795918367347,5,0,0,0,0,0,0,0,0,0,0,0,0,1,7,6,4.571428571428571,2.775510204081633,7,0,1,1,0.2857142857142857,0.40816326530612246,0,0,1,1,0.5714285714285714,0.489795918,1,0,0,0,0,0,0,0,0,0,0,0,0,0,1,1,0.8571428571428571,0.2448979591836735,1,9.7075,90.7225,81.015,34.73785714285714,31.991224489795915,9.7075,0,1.97,1.97,1.1257142857142857,0.9648979591836735,1.97,0,0,0,0,0,0,15,229,214,101.71428571428571,99.10204081632654,15
BiIO,16.95384874,10.18661606,Bi1 I1 O1,8,83,75,48,26.666666666666668,8,86,96,10,89.66666666666667,4.222222222222224,86,15.9994,208.9804,192.981,117.29475666666666,67.53023777777778,15.9994,54.8,544.4,489.59999999999997,328.68333333333334,182.58888888888887,54.8,15,17,2,16,0.6666666666666666,15,2,6,4,4.333333333333333,1.5555555555555556,2,66,148,82,117.66666666666667,34.44444444444444,66,2.02,3.44,1.42,2.7066666666666666,0.48888888888888876,2.02,2,2,0,2,0,2,3,5,2,4,0.6666666666666666,3,0,10,10,6.666666666666667,4.444444444444444,0,0,14,14,4.666666666666667,6.222222222222222,0,6,29,23,17.333333333333332,7.777777777777778,6,0,0,0,0,0,0,1,3,2,2,0.6666666666666666,1,0,0,0,0,0,0,0,0,0,0,0,0,1,3,2,2,0.6666666666666666,1,9.105,43.015,33.91,28.35666666666667,12.834444444444443,9.105,0,1.062,1.062,0.35400000000000004,0.47200000000000003,0,0,0,0,0,0,0,12,64,52,29.333333333333332,23.11111111111111,12
Ca(CdP)2,56.86703956,34.46143613,Ca1 Cd2 P2,15,48,33,29.2,15.039999999999997,15,7,83,76,62.6,22.240000000000002,70,30.973762,112.411,81.43723800000001,65.36950479999999,37.63319616,30.973762,317.3,1115,797.7,587.608,216.2464,317.3,2,15,13,11.2,3.6800000000000006,12,3,5,2,4,0.8,3,107,176,69,135.6,22.880000000000003,107,1,2.19,1.19,1.752,0.3504,1.69,2,2,0,2,0,2,0,3,3,1.2,1.44,0,0,10,10,4,4.8,0,0,0,0,0,0,0,2,12,10,7.2,3.8400000000000007,5,0,0,0,0,0,0,0,3,3,1.2,1.44,0,0,0,0,0,0,0,0,0,0,0,0,0,0,3,3,1.2,1.44,0,19.495,37.77,18.275000000000002,24.380095238080003,5.355961904768002,19.495,0,1.625,1.625,0.65,0.78,0,0,0,0,0,0,0,2,225,223,123.4,97.12,2
GeS2,21.10071843,13.70035073,Ge1 S2,16,32,16,21.333333333333332,7.111111111111111,16,79,88,9,85,4,88,32.065,72.64,40.575,45.589999999999996,18.033333333333335,32.065,388.36,1211.4,823.0400000000001,662.7066666666667,365.7955555555556,388.36,14,16,2,15.333333333333334,0.8888888888888887,16,3,4,1,3.3333333333333335,0.4444444444444445,3,105,120,15,110,6.666666666666667,105,2.01,2.58,0.5700000000000003,2.39,0.2533333333333334,2.58,2,2,0,2,0,2,2,4,2,3.3333333333333335,0.8888888888888888,4,0,10,10,3.3333333333333335,4.444444444444444,0,0,0,0,0,0,0,6,14,8,8.666666666666666,3.5555555555555554,6,0,0,0,0,0,0,2,4,2,2.6666666666666665,0.8888888888888888,2,0,0,0,0,0,0,0,0,0,0,0,0,2,4,2,2.6666666666666665,0.8888888888888888,2,23.005,25.786875,2.7818749999999994,24.859583333333333,1.2363888888888883,25.786875,0.383,2.202,1.819,1.5956666666666666,0.8084444444444445,2.202,0,0,0,0,0,0,70,225,155,121.66666666666667,68.88888889,70
Sn2S3,16.92481727,11.24965398,Sn2 S3,16,50,34,29.6,16.32,16,80,88,8,84.8,3.8400000000000007,88,32.065,118.71,86.645,66.723,41.5896,32.065,388.36,505.08,116.71999999999997,435.04799999999994,56.025599999999976,388.36,14,16,2,15.2,0.9600000000000002,16,3,5,2,3.8,0.96,3,105,139,34,118.6,16.32,105,1.96,2.58,0.6200000000000001,2.332,0.2976000000000001,2.58,2,2,0,2,0,2,2,4,2,3.2,0.96,4,0,10,10,4,4.8,0,0,0,0,0,0,0,6,14,8,9.2,3.84,6,0,0,0,0,0,0,2,4,2,2.8,0.96,2,0,0,0,0,0,0,0,0,0,0,0,0,2,4,2,2.8,0.96,2,25.786875,33.285,7.498124999999998,28.786125,3.599099999999999,25.786875,0,2.202,2.202,1.3212,1.0569600000000001,2.202,0,0,0,0,0,0,70,141,71,98.4,34.08,70
K2PtCl4,11.79519851,6.65004355,K2 Pt1 Cl4,17,78,61,26.285714285714285,14.77551020408163,17,3,94,91,63.57142857142857,34.775510204081634,94,35.453,195.084,159.631,59.298942857142855,38.79573061224489,35.453,171.6,2041.4,1869.8000000000002,485.83714285714285,444.4465306122449,171.6,1,17,16,11.428571428571429,6.367346939,17,3,6,3,3.7142857142857144,0.8163265306122449,3,102,203,101,135.71428571428572,38.53061224489796,102,0.82,3.16,2.3400000000000003,2.365714285714286,0.9077551020408164,3.16,1,2,1,1.5714285714285714,0.489795918,2,0,5,5,2.857142857142857,2.4489795918367347,5,0,9,9,1.2857142857142858,2.2040816326530615,0,0,14,14,2,3.4285714285714284,0,1,24,23,7.714285714285714,4.653061224489796,7,0,1,1,0.42857142857142855,0.4897959183673469,0,0,1,1,0.5714285714285714,0.489795918,1,0,1,1,0.14285714285714285,0.24489795918367346,0,0,0,0,0,0,0,1,2,1,1.1428571428571428,0.24489795918367344,1,15.02,73.10666667,58.08666667,37.031904761914284,20.614149659877548,24.4975,0,2.493,2.493,1.4245714285714286,1.221061224489796,2.493,0,0,0,0,0,0,64,229,165,134.14285714285714,80.16326530612244,64
BaNiO3,84.90641335,24.39488742,Ba1 Ni1 O3,8,56,48,21.6,16.32,8,9,87,78,66.2,24.96,87,15.9994,137.327,121.3276,48.80372,39.365184,15.9994,54.8,1728,1673.2,578.48,628.4159999999999,54.8,2,16,14,12,4.8,16,2,6,4,3.2,1.44,2,66,215,149,107.4,49.68,66,0.89,3.44,2.55,2.624,0.9792,3.44,2,2,0,2,0,2,0,4,4,2.4,1.9200000000000004,4,0,8,8,1.6,2.56,0,0,0,0,0,0,0,2,10,8,6,1.6,6,0,0,0,0,0,0,0,2,2,1.2,0.9600000000000002,2,0,2,2,0.4,0.64,0,0,0,0,0,0,0,0,2,2,1.6,0.6399999999999999,2,9.105,63.59,54.485,20.244999999999997,17.338,9.105,0,0,0,0,0,0,0,0.5953947,0.5953947,0.11907894000000001,0.190526304,0,12,229,217,98,103.2,12
NbPbS2,69.46895356,26.23667013,Nb1 Pb1 S2,16,82,66,38.75,22.75,16,47,88,41,76,14.5,88,32.065,207.2,175.135,91.059095,58.994095,32.065,388.36,2750,2361.64,1031.8325,859.08375,388.36,5,16,11,12.75,3.875,16,3,6,3,4.25,1.25,3,105,164,59,130,25,105,1.6,2.58,0.98,2.2725,0.33625000000000005,2.58,1,2,1,1.75,0.375,2,0,4,4,2.5,1.5,4,0,10,10,3.5,3.5,0,0,14,14,3.5,5.25,0,5,28,23,11.25,8.375,6,0,1,1,0.25,0.375,0,0,4,4,2,1,2,0,6,6,1.5,2.25,0,0,0,0,0,0,0,2,7,5,3.75,1.75,2,18.18,28.11,9.93,24.4659375,3.1429687499999996,25.786875,0,2.202,2.202,1.101,1.101,2.202,0,0,0,0,0,0,70,229,159,148.5,78.5,70
SiO2,26.06451241,33.28754143,Si1 O2,8,14,6,10,2.6666666666666665,8,78,87,9,84,4,87,15.9994,28.0855,12.0861,20.0281,5.3716,15.9994,54.8,1687,1632.2,598.8666666666667,725.4222222222221,54.8,14,16,2,15.333333333333334,0.8888888888888887,16,2,3,1,2.3333333333333335,0.4444444444444445,2,66,111,45,81,20,66,1.9,3.44,1.54,2.9266666666666663,0.6844444444444445,3.44,2,2,0,2,0,2,2,4,2,3.3333333333333335,0.8888888888888888,4,0,0,0,0,0,0,0,0,0,0,0,0,4,6,2,5.333333333333333,0.888888889,6,0,0,0,0,0,0,2,4,2,2.6666666666666665,0.8888888888888888,2,0,0,0,0,0,0,0,0,0,0,0,0,2,4,2,2.6666666666666665,0.8888888888888888,2,9.105,20.44,11.335,12.883333333333335,5.037777777777778,9.105,0,0.773,0.773,0.25766666666666665,0.3435555555555556,0,0,0,0,0,0,0,12,227,215,83.66666666666667,95.55555555555554,12
RbPdF3,70.39607411,24.07724798,Rb1 Pd1 F3,9,46,37,22,15.6,9,4,93,89,69,28.8,93,18.9984032,106.42,87.4215968,49.77660192,36.93383846,18.9984032,53.5,1828.05,1774.55,460.20199999999994,547.1392,53.5,1,17,16,12.4,5.5200000000000005,17,2,5,3,3.2,1.44,2,57,220,163,106,58.8,57,0.82,3.98,3.16,2.992,1.1856,3.98,0,2,2,1.4,0.72,2,0,5,5,3,2.4,5,0,10,10,2,3.2,0,0,0,0,0,0,0,1,10,9,6.4,2.1599999999999997,7,0,1,1,0.2,0.32,0,0,1,1,0.6,0.4800000000000001,1,0,0,0,0,0,0,0,0,0,0,0,0,0,1,1,0.8,0.31999999999999995,1,9.7075,90.7225,81.015,26.851,25.5486,9.7075,0,1.97,1.97,1.182,0.9456,1.97,0,0,0,0,0,0,15,229,214,99.8,101.75999999999999,15
BaF2,54.42955217,24.02899039,Ba1 F2,9,56,47,24.666666666666668,20.88888888888889,9,9,93,84,65,37.333333333333336,93,18.9984032,137.327,118.3285968,58.441268799999996,52.59048746666667,18.9984032,53.5,1000,946.5,369,420.6666666666667,53.5,2,17,15,12,6.666666666666667,17,2,6,4,3.3333333333333335,1.777777777777778,2,57,215,158,109.66666666666667,70.22222222222223,57,0.89,3.98,3.09,2.9499999999999997,1.3733333333333333,3.98,2,2,0,2,0,2,0,5,5,3.3333333333333335,2.222222222222222,5,0,0,0,0,0,0,0,0,0,0,0,0,2,7,5,5.333333333333333,2.2222222222222223,7,0,0,0,0,0,0,0,1,1,0.6666666666666666,0.4444444444444445,1,0,0,0,0,0,0,0,0,0,0,0,0,0,1,1,0.6666666666666666,0.4444444444444445,1,9.7075,63.59,53.88250000000001,27.668333333333333,23.947777777777777,9.7075,0,1.97,1.97,1.3133333333333332,0.8755555555555556,1.97,0,0,0,0,0,0,15,229,214,86.33333333333333,95.11111111111113,15
Sb2S3,16.31055713,8.939826631,Sb2 S3,16,51,35,30,16.8,16,85,88,3,86.8,1.4400000000000006,88,32.065,121.76,89.69500000000001,67.94300000000001,43.0536,32.065,388.36,903.78,515.42,594.528,247.40159999999997,388.36,15,16,1,15.6,0.4800000000000001,16,3,5,2,3.8,0.96,3,105,139,34,118.6,16.32,105,2.05,2.58,0.5300000000000002,2.368,0.2544000000000001,2.58,2,2,0,2,0,2,3,4,1,3.6,0.48,4,0,10,10,4,4.8,0,0,0,0,0,0,0,6,15,9,9.6,4.32,6,0,0,0,0,0,0,2,3,1,2.4,0.48,2,0,0,0,0,0,0,0,0,0,0,0,0,2,3,1,2.4,0.48,2,25.786875,31.56,5.773125,28.096125,2.7711000000000006,25.786875,0,2.202,2.202,1.3212,1.0569600000000001,2.202,0,0,0,0,0,0,70,166,96,108.4,46.08,70
HfSiTe,30.99673991,26.88311393,Hf1 Si1 Te1,14,72,58,46,21.333333333333332,14,45,90,45,71,17.333333333333332,45,28.0855,178.49,150.4045,111.39183333333334,55.53755555555555,28.0855,722.66,2506,1783.3400000000001,1638.5533333333333,610.5955555555556,722.66,4,16,12,11.333333333333334,4.888888888888888,4,3,6,3,4.666666666666667,1.111111111111111,3,111,175,64,141.33333333333334,22.444444444444446,111,1.3,2.1,0.8,1.7666666666666668,0.31111111111111106,1.3,2,2,0,2,0,2,0,4,4,2,1.3333333333333333,0,0,10,10,4,4,0,0,14,14,4.666666666666667,6.222222222222222,0,4,18,14,12.666666666666666,5.777777777777779,4,0,0,0,0,0,0,0,4,4,2,1.3333333333333333,0,0,8,8,2.6666666666666665,3.5555555555555554,0,0,0,0,0,0,0,2,8,6,4.666666666666667,2.2222222222222223,2,20.44,34.76333333,14.323333333299995,25.80111111,5.974814814799998,20.44,0,0.773,0.773,0.4123333333333334,0.2748888888888889,0,0,0,0,0,0,0,152,227,75,191,26,152
Y2CdS4,61.66738394,22.33186361,Y2 Cd1 S4,16,48,32,27.142857142857142,12.73469387755102,16,12,88,76,63.714285714285715,29.551020408163264,88,32.065,112.411,80.346,59.78324285714286,31.677991836734694,32.065,388.36,1799,1410.6399999999999,820.8085714285714,558.9665306122449,388.36,3,16,13,11.714285714285714,4.979591836734694,16,3,5,2,3.857142857142857,0.979591837,3,105,190,85,134.85714285714286,34.12244897959184,105,1.22,2.58,1.36,2.064285714285714,0.5893877551020409,2.58,2,2,0,2,0,2,0,4,4,2.2857142857142856,1.959183673469388,4,0,10,10,1.7142857142857142,2.3673469387755106,0,0,0,0,0,0,0,3,12,9,6,1.7142857142857142,6,0,0,0,0,0,0,0,2,2,1.1428571428571428,0.979591837,2,0,9,9,2.5714285714285716,3.673469387755102,0,0,0,0,0,0,0,0,9,9,3.7142857142857144,3.020408163265306,2,19.495,32.365,12.870000000000001,26.767500000000002,3.1985714285714306,25.786875,0,2.202,2.202,1.2582857142857142,1.0785306122448979,2.202,0,0,0,0,0,0,70,194,124,123.14285714285714,60.73469387755102,70
NiO2,46.75738404,32.24601872,Ni1 O2,8,28,20,14.666666666666666,8.888888888888888,8,61,87,26,78.33333333333333,11.555555555555557,87,15.9994,58.6934,42.693999999999996,30.230733333333333,18.975111111111108,15.9994,54.8,1728,1673.2,612.5333333333333,743.6444444444445,54.8,10,16,6,14,2.6666666666666665,16,2,4,2,2.6666666666666665,0.8888888888888888,2,66,124,58,85.33333333333333,25.777777777777775,66,1.91,3.44,1.53,2.9299999999999997,0.68,3.44,2,2,0,2,0,2,0,4,4,2.6666666666666665,1.777777777777778,4,0,8,8,2.6666666666666665,3.555555555555556,0,0,0,0,0,0,0,6,10,4,7.333333333333333,1.7777777777777777,6,0,0,0,0,0,0,0,2,2,1.3333333333333333,0.888888889,2,0,2,2,0.6666666666666666,0.888888889,0,0,0,0,0,0,0,2,2,0,2,0,2,9.105,10.32,1.2149999999999999,9.51,0.5399999999999997,9.105,0,0,0,0,0,0,0,0.5953947,0.5953947,0.19846490000000003,0.26461986666666665,0,12,225,213,83,94.66666666666667,12
Ba2ZnN2,52.68229217,24.24082054,Ba2 Zn1 N2,7,56,49,31.2,19.839999999999996,7,9,82,73,50.2,32.96,9,14.0067,137.327,123.3203,73.60947999999999,50.97401599999999,14.0067,63.05,1000,936.95,563.756,400.5648,63.05,2,15,13,9.2,5.76,2,2,6,4,4,1.6,2,71,215,144,138.8,60.96,71,0.89,3.04,2.15,1.902,0.9103999999999999,0.89,2,2,0,2,0,2,0,3,3,1.2,1.44,0,0,10,10,2,3.2,0,0,0,0,0,0,0,2,12,10,5.2,2.7199999999999998,2,0,0,0,0,0,0,0,3,3,1.2,1.44,0,0,0,0,0,0,0,0,0,0,0,0,0,0,3,3,1.2,1.44,0,13.96,63.59,49.63,34.1355,23.5636,14.76875,0,6.437,6.437,2.5748,3.0897600000000005,0,0,0,0,0,0,0,194,229,35,208,16.8,194
InCl,10.21519758,5.018146421,In1 Cl1,17,49,32,33,16,17,75,94,19,84.5,9.5,75,35.453,114.818,79.365,75.13550000000001,39.6825,35.453,171.6,429.75,258.15,300.675,129.075,171.6,13,17,4,15,2,13,3,5,2,4,1,3,102,142,40,122,20,102,1.78,3.16,1.3800000000000001,2.47,0.6900000000000001,1.78,2,2,0,2,0,2,1,5,4,3,2,1,0,10,10,5,5,0,0,0,0,0,0,0,7,13,6,10,3,7,0,0,0,0,0,0,1,5,4,3,2,1,0,0,0,0,0,0,0,0,0,0,0,0,1,5,4,3,2,1,24.26,24.4975,0.23749999999999716,24.37875,0.11874999999999858,24.26,0,2.493,2.493,1.2465,1.2465,0,0,0,0,0,0,0,64,139,75,101.5,37.5,64
CdHgO2,77.0911437,14.48977985,Cd1 Hg1 O2,8,80,72,36,28,8,70,87,17,78.75,8.25,87,15.9994,200.59,184.5906,86.24995,70.25055,15.9994,54.8,594.22,539.4200000000001,234.535,179.84250000000003,54.8,12,16,4,14,2,16,2,6,4,3.75,1.75,2,66,144,78,102,36,66,1.69,3.44,1.75,2.6425,0.7975,3.44,2,2,0,2,0,2,0,4,4,2,2,4,0,10,10,5,5,0,0,14,14,3.5,5.25,0,6,26,20,12.5,6.75,6,0,0,0,0,0,0,0,2,2,1,1,2,0,0,0,0,0,0,0,0,0,0,0,0,0,2,2,1,1,2,9.105,25.23758621,16.13258621,15.73564655,6.630646552,9.105,0,0,0,0,0,0,0,0,0,0,0,0,12,194,182,96,84,12
BiO2,40.78973908,23.72913353,Bi1 O2,8,83,75,33,33.333333333333336,8,86,87,1,86.66666666666667,0.44444444444444287,87,15.9994,208.9804,192.981,80.32639999999999,85.76933333333334,15.9994,54.8,544.4,489.59999999999997,218,217.6,54.8,15,16,1,15.666666666666666,0.44444444444444464,16,2,6,4,3.3333333333333335,1.777777777777778,2,66,148,82,93.33333333333333,36.44444444444444,66,2.02,3.44,1.42,2.966666666666667,0.6311111111111111,3.44,2,2,0,2,0,2,3,4,1,3.6666666666666665,0.4444444444444445,4,0,10,10,3.3333333333333335,4.444444444444444,0,0,14,14,4.666666666666667,6.222222222222221,0,6,29,23,13.666666666666666,10.222222222222221,6,0,0,0,0,0,0,2,3,1,2.3333333333333335,0.4444444444444445,2,0,0,0,0,0,0,0,0,0,0,0,0,2,3,1,2.3333333333333335,0.4444444444444445,2,9.105,32.95,23.845000000000002,17.053333333333335,10.597777777777779,9.105,0,0,0,0,0,0,0,0,0,0,0,0,12,12,0,12,0,12
BaS,41.39019081,24.86843792,Ba1 S1,16,56,40,36,20,16,9,88,79,48.5,39.5,9,32.065,137.327,105.262,84.696,52.631,32.065,388.36,1000,611.64,694.1800000000001,305.82,388.36,2,16,14,9,7,2,3,6,3,4.5,1.5,3,105,215,110,160,55,105,0.89,2.58,1.69,1.735,0.845,0.89,2,2,0,2,0,2,0,4,4,2,2,0,0,0,0,0,0,0,0,0,0,0,0,0,2,6,4,4,2,2,0,0,0,0,0,0,0,2,2,1,1,0,0,0,0,0,0,0,0,0,0,0,0,0,0,2,2,1,1,0,25.786875,63.59,37.80312500000001,44.6884375,18.901562500000004,25.786875,0,2.202,2.202,1.101,1.101,0,0,0,0,0,0,0,70,229,159,149.5,79.5,70
Ba3(AlSi)2,35.17072489,21.88899985,Ba3 Al2 Si2,13,56,43,31.714285714285715,20.816326530612248,56,9,78,69,47,32.57142857142857,9,26.9815386,137.327,110.3454614,74.58786817142857,53.776398710204084,137.327,933.47,1687,753.53,1177.277142857143,291.2702040816327,1000,2,14,12,8.571428571428571,5.632653061,2,3,6,3,4.285714285714286,1.4693877551020407,6,111,215,104,158.42857142857142,48.48979591836735,215,0.89,1.9,1.0099999999999998,1.3842857142857146,0.423673469,0.89,2,2,0,2,0,2,0,2,2,0.8571428571428571,0.7346938775510203,0,0,0,0,0,0,0,0,0,0,0,0,0,2,4,2,2.857142857142857,0.7346938775510203,2,0,0,0,0,0,0,0,5,5,2.5714285714285716,2.2040816326530615,0,0,0,0,0,0,0,0,0,0,0,0,0,0,5,5,2.5714285714285716,2.2040816326530615,0,16.48,63.59,47.11,37.80142857142857,22.10448979591837,63.59,0,0.773,0.773,0.22085714285714286,0.31551020408163266,0,0,0,0,0,0,0,225,229,4,227.28571428571428,1.4693877551020396,229
PdF3,41.8560387,20.89201793,Pd1 F3,9,46,37,18.25,13.875,9,62,93,31,85.25,11.625,93,18.9984032,106.42,87.4215968,40.8538024,32.783098800000005,18.9984032,53.5,1828.05,1774.55,497.1375,665.45625,53.5,10,17,7,15.25,2.625,17,2,5,3,2.75,1.125,2,57,139,82,77.5,30.75,57,2.2,3.98,1.7799999999999998,3.535,0.6674999999999999,3.98,0,2,2,1.5,0.75,2,0,5,5,3.75,1.875,5,0,10,10,2.5,3.75,0,0,0,0,0,0,0,7,10,3,7.75,1.125,7,0,0,0,0,0,0,0,1,1,0.75,0.375,1,0,0,0,0,0,0,0,0,0,0,0,0,0,1,1,0.75,0.375,1,9.7075,14.41,4.702500000000001,10.883125,1.7634375000000002,9.7075,0,1.97,1.97,1.4775,0.73875,1.97,0,0,0,0,0,0,15,225,210,67.5,78.75,15
CuAsS,67.24036848,29.55239425,Cu1 As1 S1,16,33,17,26,6.666666666666667,16,64,88,24,78.66666666666667,9.777777777777777,64,32.065,74.9216,42.8566,56.8442,16.519466666666666,32.065,388.36,1357.77,969.41,945.3766666666667,371.34444444444443,388.36,11,16,5,14,2,11,3,4,1,3.6666666666666665,0.4444444444444445,3,105,132,27,118.66666666666667,9.111111111111109,105,1.9,2.58,0.6800000000000002,2.22,0.24000000000000007,1.9,1,2,1,1.6666666666666667,0.4444444444444444,1,0,4,4,2.3333333333333335,1.5555555555555554,0,0,10,10,6.666666666666667,4.444444444444444,0,0,0,0,0,0,0,6,15,9,10.666666666666666,3.111111111111111,6,0,1,1,0.3333333333333333,0.4444444444444444,0,0,3,3,1.6666666666666667,1.111111111111111,0,0,0,0,0,0,0,0,0,0,0,0,0,1,3,2,2,0.6666666666666666,1,11.07,25.786875,14.716874999999998,19.677291666666665,5.738194444444445,11.07,0,2.202,2.202,0.734,0.9786666666666667,0,0,0,0,0,0,0,70,225,155,153.66666666666666,55.77777777777778,70
CdSnP2,56.89749845,28.84908637,Cd1 Sn1 P2,15,50,35,32,17,15,70,83,13,79,4.5,83,30.973762,118.71,87.73623799999999,73.26713099999999,42.293369,30.973762,317.3,594.22,276.92,433.475,116.175,317.3,12,15,3,14,1,15,3,5,2,4,1,3,107,144,37,124.25,17.25,107,1.69,2.19,0.5,2.0075,0.1825,2.19,2,2,0,2,0,2,0,3,3,2,1,3,0,10,10,5,5,0,0,0,0,0,0,0,5,14,9,9,4,5,0,0,0,0,0,0,0,4,4,2.5,1.25,3,0,0,0,0,0,0,0,0,0,0,0,0,0,4,4,2.5,1.25,3,19.495,33.285,13.789999999999996,24.48011905,4.402440476199998,22.5702381,0,1.625,1.625,0.8125,0.8125,1.625,0,0,0,0,0,0,2,194,192,84.75,82.75,2
Cu2S,97.09042072,22.174685,Cu2 S1,16,29,13,24.666666666666668,5.777777777777778,29,64,88,24,72,10.666666666666666,64,32.065,63.546,31.481,53.05233333333333,13.991555555555557,63.546,388.36,1357.77,969.41,1034.6333333333334,430.8488888888889,1357.77,11,16,5,12.666666666666666,2.222222222222222,11,3,4,1,3.6666666666666665,0.4444444444444445,4,105,132,27,123,12,132,1.9,2.58,0.6800000000000002,2.1266666666666665,0.3022222222222222,1.9,1,2,1,1.3333333333333333,0.4444444444444444,1,0,4,4,1.3333333333333333,1.777777777777778,0,0,10,10,6.666666666666667,4.444444444444444,10,0,0,0,0,0,0,6,11,5,9.333333333333334,2.222222222222222,11,0,1,1,0.6666666666666666,0.4444444444444445,1,0,2,2,0.6666666666666666,0.888888889,0,0,0,0,0,0,0,0,0,0,0,0,0,1,2,1,1.3333333333333333,0.4444444444444444,1,11.07,25.786875,14.716874999999998,15.975624999999999,6.540833333333332,11.07,0,2.202,2.202,0.734,0.9786666666666667,0,0,0,0,0,0,0,70,225,155,173.33333333333334,68.88888888888889,225
PtO2,45.90500365,30.88770198,Pt1 O2,8,78,70,31.333333333333332,31.111111111111114,8,63,87,24,79,10.666666666666666,87,15.9994,195.084,179.0846,75.69426666666666,79.59315555555555,15.9994,54.8,2041.4,1986.6000000000001,717,882.9333333333334,54.8,10,16,6,14,2.6666666666666665,16,2,6,4,3.3333333333333335,1.777777777777778,2,66,136,70,89.33333333333333,31.11111111111111,66,2.28,3.44,1.1600000000000001,3.0533333333333332,0.5155555555555557,3.44,1,2,1,1.6666666666666667,0.4444444444444444,2,0,4,4,2.6666666666666665,1.777777777777778,4,0,9,9,3,4,0,0,14,14,4.666666666666667,6.222222222222221,0,6,24,18,12,8,6,0,1,1,0.3333333333333333,0.4444444444444445,0,0,2,2,1.3333333333333333,0.888888889,2,0,1,1,0.3333333333333333,0.4444444444444445,0,0,0,0,0,0,0,2,2,0,2,0,2,9.105,15.02,5.914999999999999,11.076666666666668,2.628888888888889,9.105,0,0,0,0,0,0,0,0,0,0,0,0,12,225,213,83,94.66666666666667,12
Zn(InS2)2,34.17037349,15.36917347,Zn1 In2 S4,16,49,33,27.428571428571427,13.061224489795919,16,69,88,19,81.57142857142857,7.346938775510204,88,32.065,114.818,82.753,60.467999999999996,32.46057142857143,32.065,388.36,692.68,304.31999999999994,443.65999999999997,71.14857142857139,388.36,12,16,4,14.571428571428571,1.6326530612244898,16,3,5,2,3.7142857142857144,0.8163265306122449,3,105,142,37,118,14.857142857142858,105,1.65,2.58,0.9300000000000002,2.218571428571429,0.41306122448979593,2.58,2,2,0,2,0,2,0,4,4,2.5714285714285716,1.6326530612244898,4,0,10,10,4.285714285714286,4.8979591836734695,0,0,0,0,0,0,0,6,13,7,8.857142857142858,3.2653061224489797,6,0,0,0,0,0,0,0,5,5,2.5714285714285716,1.3877551020408165,2,0,0,0,0,0,0,0,0,0,0,0,0,0,5,5,2.5714285714285716,1.3877551020408165,2,13.96,25.786875,11.826874999999998,23.66107142857143,2.7717346938775504,25.786875,0,2.202,2.202,1.2582857142857142,1.0785306122448979,2.202,0,0,0,0,0,0,70,194,124,107.42857142857143,42.775510204081634,70
K2MgF4,46.74539287,25.26698339,K2 Mg1 F4,9,19,10,12.285714285714286,3.8367346938775517,9,3,93,90,63.714285714285715,34.69387755102041,93,18.9984032,39.0983,20.099896800000003,25.499316114285712,7.770847934693878,18.9984032,53.5,923,869.5,258.58,234.37714285714284,53.5,1,17,16,10.285714285714286,7.673469387755103,17,2,4,2,2.7142857142857144,0.8163265306122449,2,57,203,146,110.71428571428571,61.38775510204082,57,0.82,3.98,3.16,2.6957142857142857,1.4677551020408164,3.98,1,2,1,1.7142857142857142,0.4081632653061225,2,0,5,5,2.857142857142857,2.4489795918367347,5,0,0,0,0,0,0,0,0,0,0,0,0,1,7,6,4.571428571428571,2.775510204081633,7,0,1,1,0.2857142857142857,0.40816326530612246,0,0,1,1,0.5714285714285714,0.489795918,1,0,0,0,0,0,0,0,0,0,0,0,0,0,1,1,0.8571428571428571,0.2448979591836735,1,9.7075,73.10666667,63.39916667,29.704761904771424,24.80108843538775,9.7075,0,1.97,1.97,1.1257142857142857,0.9648979591836735,1.97,0,0,0,0,0,0,15,229,214,101.71428571428571,99.10204081632654,15
PdS2,22.37764191,16.75664133,Pd1 S2,16,46,30,26,13.333333333333334,16,62,88,26,79.33333333333333,11.555555555555557,88,32.065,106.42,74.355,56.85,33.046666666666674,32.065,388.36,1828.05,1439.69,868.2566666666667,639.8622222222222,388.36,10,16,6,14,2.6666666666666665,16,3,5,2,3.6666666666666665,0.8888888888888888,3,105,139,34,116.33333333333333,15.111111111111109,105,2.2,2.58,0.3799999999999999,2.4533333333333336,0.16888888888888878,2.58,0,2,2,1.3333333333333333,0.888888889,2,0,4,4,2.6666666666666665,1.777777777777778,4,0,10,10,3.3333333333333335,4.444444444444444,0,0,0,0,0,0,0,6,10,4,7.333333333333333,1.7777777777777777,6,0,0,0,0,0,0,0,2,2,1.3333333333333333,0.888888889,2,0,0,0,0,0,0,0,0,0,0,0,0,0,2,2,1.3333333333333333,0.888888889,2,14.41,25.786875,11.376874999999998,21.994583333333335,5.056388888888887,25.786875,0,2.202,2.202,1.468,0.9786666666666667,2.202,0,0,0,0,0,0,70,225,155,121.66666666666667,68.88888889,70
Ba(AlSi)2,42.06585656,22.48621202,Ba1 Al2 Si2,13,56,43,22,13.6,13,9,78,69,62.2,21.279999999999998,73,26.9815386,137.327,110.3454614,49.492215439999995,35.133913824000004,26.9815386,933.47,1687,753.53,1248.188,351.0496,933.47,2,14,12,11.2,3.6800000000000006,13,3,6,3,3.6,0.9600000000000002,3,111,215,104,135.8,31.680000000000007,111,0.89,1.9,1.0099999999999998,1.582,0.2768,1.61,2,2,0,2,0,2,0,2,2,1.2,0.64,1,0,0,0,0,0,0,0,0,0,0,0,0,2,4,2,3.2,0.64,3,0,0,0,0,0,0,0,5,5,3.6,1.44,4,0,0,0,0,0,0,0,0,0,0,0,0,0,5,5,3.6,1.44,4,16.48,63.59,47.11,27.486,14.4416,16.48,0,0.773,0.773,0.30920000000000003,0.37104,0,0,0,0,0,0,0,225,229,4,226.6,1.2800000000000011,225
Cs2PdC2,28.63764553,11.77422233,Cs2 Pd1 C2,6,55,49,33.6,22.080000000000002,6,5,77,72,45.2,32.160000000000004,5,12.0107,132.9054519,120.8947519,79.25046076000001,53.79180861,12.0107,301.59,3823,3521.41,2015.446,1446.0432,301.59,1,14,13,8,5.6,1,2,6,4,4.2,1.7600000000000002,2,76,244,168,155.8,70.56,76,0.79,2.55,1.7599999999999998,1.7759999999999998,0.7888,0.79,0,2,2,1.2,0.64,1,0,2,2,0.8,0.9600000000000002,0,0,10,10,2,3.2,0,0,0,0,0,0,0,1,10,9,4,2.4,1,0,1,1,0.4,0.4800000000000001,0,0,4,4,1.6,1.9200000000000004,0,0,0,0,0,0,0,0,0,0,0,0,0,0,4,4,2,1.6,1,5.64,115.765,110.125,51.443999999999996,51.4568,5.64,0,4.496,4.496,1.7984000000000002,2.1580800000000004,0,0,0,0,0,0,0,194,229,35,214.2,16.160000000000004,194
PdO,159.3747587,33.89822031,Pd1 O1,8,46,38,27,19,8,62,87,25,74.5,12.5,62,15.9994,106.42,90.42060000000001,61.2097,45.210300000000004,15.9994,54.8,1828.05,1773.25,941.425,886.625,54.8,10,16,6,13,3,10,2,5,3,3.5,1.5,2,66,139,73,102.5,36.5,66,2.2,3.44,1.2399999999999998,2.8200000000000003,0.6199999999999999,2.2,0,2,2,1,1,0,0,4,4,2,2,0,0,10,10,5,5,0,0,0,0,0,0,0,6,10,4,8,2,6,0,0,0,0,0,0,0,2,2,1,1,0,0,0,0,0,0,0,0,0,0,0,0,0,0,2,2,1,1,0,9.105,14.41,5.305,11.7575,2.6525,9.105,0,0,0,0,0,0,0,0,0,0,0,0,12,225,213,118.5,106.5,12
Ba2HfS4,57.6062581,30.23384026,Ba2 Hf1 S4,16,72,56,35.42857142857143,22.204081632653065,16,9,88,79,59.285714285714285,32.816326530612244,88,32.065,178.49,146.425,83.05771428571428,58.27738775510204,32.065,388.36,2506,2117.64,865.6342857142857,545.4563265306123,388.36,2,16,14,10.285714285714286,6.530612244897959,16,3,6,3,4.285714285714286,1.4693877551020407,3,105,215,110,146.42857142857142,47.34693878,105,0.89,2.58,1.69,1.9142857142857144,0.7608163265306123,2.58,2,2,0,2,0,2,0,4,4,2.2857142857142856,1.959183673469388,4,0,2,2,0.2857142857142857,0.4897959183673469,0,0,14,14,2,3.4285714285714284,0,2,18,16,6.571428571428571,3.265306122448979,6,0,0,0,0,0,0,0,2,2,1.1428571428571428,0.979591837,2,0,8,8,1.1428571428571428,1.9591836734693877,0,0,0,0,0,0,0,0,8,8,2.2857142857142856,1.6326530612244896,2,22.2,63.59,41.39,36.075357142857136,15.72265306122449,25.786875,0,2.202,2.202,1.2582857142857142,1.0785306122448979,2.202,0,0,0,0,0,0,70,229,159,133.14285714285714,72.16326530612244,70
K2PdF4,23.9876607,8.904800156,K2 Pd1 F4,9,46,37,17.142857142857142,9.306122448979592,9,3,93,90,62.857142857142854,34.44897959183673,93,18.9984032,106.42,87.4215968,37.2300304,20.836145371428575,18.9984032,53.5,1828.05,1774.55,387.8728571428571,411.4791836734694,53.5,1,17,16,11.428571428571429,6.367346939,17,2,5,3,3,1.1428571428571428,2,57,203,146,110.42857142857143,61.06122448979592,57,0.82,3.98,3.16,2.8228571428571425,1.3224489795918368,3.98,0,2,2,1.4285714285714286,0.6530612244897959,2,0,5,5,2.857142857142857,2.4489795918367347,5,0,10,10,1.4285714285714286,2.4489795918367347,0,0,0,0,0,0,0,1,10,9,5.714285714285714,2.693877551020408,7,0,1,1,0.2857142857142857,0.40816326530612246,0,0,1,1,0.5714285714285714,0.489795918,1,0,0,0,0,0,0,0,0,0,0,0,0,0,1,1,0.8571428571428571,0.2448979591836735,1,9.7075,73.10666667,63.39916667,28.493333333342857,25.493333333346936,9.7075,0,1.97,1.97,1.1257142857142857,0.9648979591836735,1.97,0,0,0,0,0,0,15,229,214,106.14285714285714,104.16326530612244,15
Rb2PtC2,36.77568743,16.60837184,Rb2 Pt1 C2,6,78,72,32.8,21.44,6,4,77,73,45,32.8,4,12.0107,195.084,183.07330000000002,78.00819999999999,52.798,12.0107,312.46,3823,3510.54,2062.464,1408.4288000000001,312.46,1,14,13,8,5.6,1,2,6,4,4,1.6,2,76,220,144,145.6,59.52,76,0.82,2.55,1.73,1.8039999999999998,0.7872,0.82,1,2,1,1.4,0.48,1,0,2,2,0.8,0.9600000000000002,0,0,9,9,1.8,2.88,0,0,14,14,2.8,4.4799999999999995,0,1,24,23,6.8,6.88,1,0,1,1,0.6,0.4800000000000001,0,0,4,4,1.6,1.9200000000000004,0,0,1,1,0.2,0.32,0,0,0,0,0,0,0,1,4,3,2.4,1.28,1,5.64,90.7225,85.0825,41.549,39.3388,5.64,0,4.496,4.496,1.7984000000000002,2.1580800000000004,0,0,0,0,0,0,0,194,229,35,214.2,16.160000000000004,194
NbInS2,58.19405764,26.51474185,Nb1 In1 S2,16,49,33,30.5,14.5,16,47,88,41,74.5,13.75,88,32.065,114.818,82.753,67.963595,35.898595,32.065,388.36,2750,2361.64,989.1175000000001,880.4412500000001,388.36,5,16,11,12.5,3.75,16,3,5,2,4,1,3,105,164,59,129,24,105,1.6,2.58,0.98,2.135,0.445,2.58,1,2,1,1.75,0.375,2,0,4,4,2.25,1.75,4,0,10,10,3.5,3.5,0,0,0,0,0,0,0,5,13,8,7.5,2.75,6,0,1,1,0.25,0.375,0,0,5,5,2.25,1.375,2,0,6,6,1.5,2.25,0,0,0,0,0,0,0,2,7,5,4,2,2,18.18,25.786875,7.606874999999999,23.503437499999997,2.6617187500000012,25.786875,0,2.202,2.202,1.101,1.101,2.202,0,0,0,0,0,0,70,229,159,127,57,70
GaCuCl4,9.696822568,5.384805216,Ga1 Cu1 Cl4,17,31,14,21.333333333333332,5.777777777777778,17,64,94,30,85.66666666666667,11.111111111111109,94,35.453,69.723,34.269999999999996,45.846833333333336,13.858444444444444,35.453,171.6,1357.77,1186.17,391.18,322.19666666666666,171.6,11,17,6,15.333333333333334,2.222222222222222,17,3,4,1,3.3333333333333335,0.4444444444444445,3,102,132,30,110.33333333333333,11.111111111111109,102,1.81,3.16,1.35,2.725,0.5800000000000001,3.16,1,2,1,1.8333333333333333,0.27777777777777785,2,0,5,5,3.5,2,5,0,10,10,3.3333333333333335,4.444444444444444,0,0,0,0,0,0,0,7,13,6,8.666666666666666,2.222222222222222,7,0,1,1,0.16666666666666666,0.27777777777777773,0,0,5,5,1.5,1.1666666666666667,1,0,0,0,0,0,0,0,0,0,0,0,0,1,5,4,1.6666666666666667,1.1111111111111112,1,11.07,24.4975,13.427499999999998,21.31958333333333,4.237222222222222,24.4975,0,2.493,2.493,1.662,1.1079999999999999,2.493,0,0,0,0,0,0,64,225,161,90.83333333333333,44.72222222222222,64
SrC2,45.69751314,14.93003231,Sr1 C2,6,38,32,16.666666666666668,14.222222222222223,6,8,77,69,54,30.666666666666668,77,12.0107,87.62,75.6093,37.2138,33.60413333333333,12.0107,1050,3823,2773,2898.6666666666665,1232.4444444444446,3823,2,14,12,10,5.333333333333333,14,2,5,3,3,1.3333333333333333,2,76,195,119,115.66666666666667,52.88888888888889,76,0.95,2.55,1.5999999999999999,2.0166666666666666,0.7111111111111109,2.55,2,2,0,2,0,2,0,2,2,1.3333333333333333,0.888888889,2,0,0,0,0,0,0,0,0,0,0,0,0,2,4,2,3.3333333333333335,0.8888888888888888,4,0,0,0,0,0,0,0,4,4,2.6666666666666665,1.777777777777778,4,0,0,0,0,0,0,0,0,0,0,0,0,0,4,4,2.6666666666666665,1.777777777777778,4,5.64,54.23,48.589999999999996,21.836666666666662,21.595555555555553,5.64,0,4.496,4.496,2.9973333333333336,1.9982222222222223,4.496,0,0,0,0,0,0,194,225,31,204.33333333333334,13.77777777777778,194
Rb2HfF6,21.89164933,10.25944079,Rb2 Hf1 F6,9,72,63,22.22222222222222,17.629629629629633,9,4,93,89,67.88888888888889,33.48148148148149,93,18.9984032,178.49,159.49159680000002,51.49066880000001,43.32302080000001,18.9984032,53.5,2506,2452.5,383.5466666666667,471.65629629629643,53.5,1,17,16,12,6.666666666666667,17,2,6,4,3.111111111111111,1.4814814814814814,2,57,220,163,106.33333333333333,65.77777777777777,57,0.82,3.98,3.16,2.98,1.3333333333333333,3.98,1,2,1,1.7777777777777777,0.34567901234567905,2,0,5,5,3.3333333333333335,2.2222222222222223,5,0,2,2,0.2222222222222222,0.3950617283950617,0,0,14,14,1.5555555555555556,2.765432098765432,0,1,18,17,6.888888888888889,2.6172839506172836,7,0,1,1,0.2222222222222222,0.345679012,0,0,1,1,0.6666666666666666,0.4444444444444444,1,0,8,8,0.8888888888888888,1.5802469135802468,0,0,0,0,0,0,0,1,8,7,1.7777777777777777,1.382716049382716,1,9.7075,90.7225,81.015,29.098888888888887,27.38827160493827,9.7075,0,1.97,1.97,1.3133333333333335,0.8755555555555554,1.97,0,0,0,0,0,0,15,229,214,82.44444444444444,89.92592592592592,15
FeF2,97.11733904,33.33449186,Fe1 F2,9,26,17,14.666666666666666,7.5555555555555545,9,55,93,38,80.33333333333333,16.88888888888889,93,18.9984032,55.845,36.8465968,31.280602133333332,16.376265244444443,18.9984032,53.5,1811,1757.5,639.3333333333334,781.1111111,53.5,8,17,9,14,4,17,2,4,2,2.6666666666666665,0.8888888888888888,2,57,132,75,82,33.333333333333336,57,1.83,3.98,2.15,3.263333333333333,0.9555555555555556,3.98,2,2,0,2,0,2,0,5,5,3.3333333333333335,2.222222222222222,5,0,6,6,2,2.6666666666666665,0,0,0,0,0,0,0,7,8,1,7.333333333333333,0.44444444444444436,7,0,0,0,0,0,0,0,1,1,0.6666666666666666,0.4444444444444445,1,0,4,4,1.3333333333333333,1.777777777777778,0,0,0,0,0,0,0,1,4,3,2,1.3333333333333333,1,9.7075,10.73,1.0225000000000009,10.048333333333334,0.45444444444444504,9.7075,0,1.97,1.97,1.3133333333333332,0.8755555555555556,1.97,0,2.1106628,2.1106628,0.7035542666666667,0.9380723555555557,0,15,229,214,86.33333333333333,95.11111111111113,15
ZrIN,19.30230704,14.80367965,Zr1 I1 N1,7,53,46,33.333333333333336,17.555555555555554,7,44,96,52,74,20,44,14.0067,126.90447,112.89777000000001,77.37839,42.247793333333334,14.0067,63.05,2128,2064.95,859.3000000000001,845.8000000000001,63.05,4,17,13,12,5.333333333333333,4,2,5,3,4,1.3333333333333333,2,71,175,104,128.33333333333334,38.22222222222222,71,1.33,3.04,1.71,2.3433333333333333,0.6755555555555556,1.33,2,2,0,2,0,2,0,5,5,2.6666666666666665,1.777777777777778,0,0,10,10,4,4,0,0,0,0,0,0,0,4,17,13,8.666666666666666,5.5555555555555545,4,0,0,0,0,0,0,0,3,3,1.3333333333333333,1.111111111111111,0,0,8,8,2.6666666666666665,3.5555555555555554,0,0,0,0,0,0,0,1,8,7,4,2.6666666666666665,1,14.76875,43.015,28.24625,26.99291666666667,10.68138888888889,14.76875,0,6.437,6.437,2.4996666666666667,2.6248888888888886,0,0,0,0,0,0,0,64,194,130,150.66666666666666,57.77777777777778,64
Li3PS4,21.47148992,11.48049753,Li3 P1 S4,3,16,13,11,6,16,1,88,87,54.75,40.3125,88,6.941,32.065,25.124,22.50709525,11.67457144,32.065,317.3,453.69,136.39,403.97625,37.28531249999999,388.36,1,16,15,10.25,6.9375,16,2,3,1,2.625,0.46875,3,105,128,23,113.875,10.59375,105,0.98,2.58,1.6,1.93125,0.7134375000000001,2.58,1,2,1,1.625,0.46875,2,0,4,4,2.375,1.78125,4,0,0,0,0,0,0,0,0,0,0,0,0,1,6,5,4,2.25,6,0,1,1,0.375,0.46875,0,0,3,3,1.375,1.03125,2,0,0,0,0,0,0,0,0,0,0,0,0,1,3,2,1.75,0.5625,2,16.59333333,25.786875,9.193541667,21.937217261887497,4.007912946440626,25.786875,0,2.202,2.202,1.304125,0.97809375,2.202,0,0,0,0,0,0,2,229,227,121.125,80.90625,70
SiO2,27.31995837,34.74379887,Si1 O2,8,14,6,10,2.6666666666666665,8,78,87,9,84,4,87,15.9994,28.0855,12.0861,20.0281,5.3716,15.9994,54.8,1687,1632.2,598.8666666666667,725.4222222222221,54.8,14,16,2,15.333333333333334,0.8888888888888887,16,2,3,1,2.3333333333333335,0.4444444444444445,2,66,111,45,81,20,66,1.9,3.44,1.54,2.9266666666666663,0.6844444444444445,3.44,2,2,0,2,0,2,2,4,2,3.3333333333333335,0.8888888888888888,4,0,0,0,0,0,0,0,0,0,0,0,0,4,6,2,5.333333333333333,0.888888889,6,0,0,0,0,0,0,2,4,2,2.6666666666666665,0.8888888888888888,2,0,0,0,0,0,0,0,0,0,0,0,0,2,4,2,2.6666666666666665,0.8888888888888888,2,9.105,20.44,11.335,12.883333333333335,5.037777777777778,9.105,0,0.773,0.773,0.25766666666666665,0.3435555555555556,0,0,0,0,0,0,0,12,227,215,83.66666666666667,95.55555555555554,12
CaSiPt,60.00747996,33.83420548,Ca1 Si1 Pt1,14,78,64,37.333333333333336,27.111111111111114,14,7,78,71,49.333333333333336,28.222222222222218,7,28.0855,195.084,166.9985,87.74916666666667,71.55655555555556,28.0855,1115,2041.4,926.4000000000001,1614.4666666666665,332.9777777777779,1115,2,14,12,8.666666666666666,4.444444444444445,2,3,6,3,4.333333333333333,1.111111111111111,3,111,176,65,141,23.333333333333332,111,1,2.28,1.2799999999999998,1.7266666666666666,0.4844444444444444,1,1,2,1,1.6666666666666667,0.4444444444444444,1,0,2,2,0.6666666666666666,0.8888888888888888,0,0,9,9,3,4,0,0,14,14,4.666666666666667,6.222222222222221,0,2,24,22,10,9.333333333333334,2,0,1,1,0.3333333333333333,0.4444444444444445,0,0,4,4,1.3333333333333333,1.7777777777777777,0,0,1,1,0.3333333333333333,0.4444444444444445,0,0,0,0,0,0,0,0,4,4,2,1.3333333333333333,0,15.02,37.77,22.750000000000004,24.41,8.906666666666668,15.02,0,0.773,0.773,0.25766666666666665,0.3435555555555556,0,0,0,0,0,0,0,225,227,2,225.66666666666666,0.8888888888888857,225
RbTiS2,52.24549101,30.63517982,Rb1 Ti1 S2,16,37,21,22.75,7.125,16,4,88,84,55.75,32.25,88,32.065,85.4678,53.4028,49.3662,18.050800000000002,32.065,312.46,1941,1628.54,757.5450000000001,591.7275,388.36,1,16,15,9.25,6.75,16,3,5,2,3.75,0.75,3,105,220,115,147.5,42.5,105,0.82,2.58,1.7600000000000002,1.88,0.7000000000000001,2.58,1,2,1,1.75,0.375,2,0,4,4,2,2,4,0,2,2,0.5,0.75,0,0,0,0,0,0,0,1,6,5,4.25,1.75,6,0,1,1,0.25,0.375,0,0,2,2,1,1,2,0,8,8,2,3,0,0,0,0,0,0,0,1,8,7,3.25,2.375,2,16.69,90.7225,74.0325,39.746562499999996,25.48796875,25.786875,0,2.202,2.202,1.101,1.101,2.202,0,2.25333333333e-05,2.25333333333e-05,5.633333333325e-06,8.4499999999875e-06,0,70,229,159,140.75,70.75,70
Rb2ZrF6,21.94441128,10.01948917,Rb2 Zr1 F6,9,40,31,18.666666666666668,12.88888888888889,9,4,93,89,67.77777777777777,33.62962962962963,93,18.9984032,91.224,72.2255968,41.79444657777778,30.394724503703703,18.9984032,53.5,2128,2074.5,341.5466666666667,396.98962962962963,53.5,1,17,16,12,6.666666666666667,17,2,5,3,3,1.3333333333333333,2,57,220,163,106.33333333333333,65.77777777777777,57,0.82,3.98,3.16,2.983333333333333,1.328888888888889,3.98,1,2,1,1.7777777777777777,0.34567901234567905,2,0,5,5,3.3333333333333335,2.2222222222222223,5,0,2,2,0.2222222222222222,0.3950617283950617,0,0,0,0,0,0,0,1,7,6,5.333333333333333,2.2222222222222223,7,0,1,1,0.2222222222222222,0.345679012,0,0,1,1,0.6666666666666666,0.4444444444444444,1,0,8,8,0.8888888888888888,1.5802469135802468,0,0,0,0,0,0,0,1,8,7,1.7777777777777777,1.382716049382716,1,9.7075,90.7225,81.015,29.209444444444443,27.339135802469134,9.7075,0,1.97,1.97,1.3133333333333335,0.8755555555555554,1.97,0,0,0,0,0,0,15,229,214,82.44444444444444,89.92592592592592,15
Na2PdC2,45.79421553,20.42234502,Na2 Pd1 C2,6,46,40,16,12,6,2,77,75,44,33.6,2,12.0107,106.42,94.4093,35.28418771,28.454324915200004,12.0107,370.87,3823,3452.13,2043.1580000000001,1423.8736000000001,370.87,1,14,13,8,5.6,1,2,5,3,3,0.8,2,76,166,90,124.6,38.88,76,0.93,2.55,1.6199999999999997,1.832,0.7215999999999999,0.93,0,2,2,1.2,0.64,1,0,2,2,0.8,0.9600000000000002,0,0,10,10,2,3.2,0,0,0,0,0,0,0,1,10,9,4,2.4,1,0,1,1,0.4,0.4800000000000001,0,0,4,4,1.6,1.9200000000000004,0,0,0,0,0,0,0,0,0,0,0,0,0,0,4,4,2,1.6,1,5.64,29.24333333,23.60333333,16.83533333,9.9264,5.64,0,4.496,4.496,1.7984000000000002,2.1580800000000004,0,0,0,0,0,0,0,194,229,35,214.2,16.160000000000004,194
BaPPt,79.63118131,31.28705406,Ba1 P1 Pt1,15,78,63,49.666666666666664,23.111111111111114,15,9,83,74,51.666666666666664,28.444444444444446,9,30.973762,195.084,164.110238,121.12825400000001,60.10299466666666,30.973762,317.3,2041.4,1724.1000000000001,1119.5666666666666,614.5555555555555,317.3,2,15,13,9,4.666666666666667,2,3,6,3,5,1.3333333333333333,3,107,215,108,152.66666666666666,41.55555555555555,107,0.89,2.28,1.3899999999999997,1.7866666666666664,0.5977777777777777,0.89,1,2,1,1.6666666666666667,0.4444444444444444,1,0,3,3,1,1.3333333333333333,0,0,9,9,3,4,0,0,14,14,4.666666666666667,6.222222222222221,0,2,24,22,10.333333333333334,9.111111111111112,2,0,1,1,0.3333333333333333,0.4444444444444445,0,0,3,3,1,1.3333333333333333,0,0,1,1,0.3333333333333333,0.4444444444444445,0,0,0,0,0,0,0,0,3,3,1.6666666666666667,1.111111111111111,0,15.02,63.59,48.57000000000001,33.726746031733335,19.908835978844447,15.02,0,1.625,1.625,0.5416666666666666,0.7222222222222222,0,0,0,0,0,0,0,2,229,227,152,100,2
RbScO2,95.00652254,55.38144868,Rb1 Sc1 O2,8,37,29,18.5,10.5,8,4,87,83,47.25,39.75,87,15.9994,85.4678,69.4684,40.605627999999996,24.606227999999998,15.9994,54.8,1814,1759.2,559.015,627.4925000000001,54.8,1,16,15,9,7,16,2,5,3,3.25,1.25,2,66,220,154,130.5,64.5,66,0.82,3.44,2.62,2.265,1.175,3.44,1,2,1,1.75,0.375,2,0,4,4,2,2,4,0,1,1,0.25,0.375,0,0,0,0,0,0,0,1,6,5,4,2,6,0,1,1,0.25,0.375,0,0,2,2,1,1,2,0,9,9,2.25,3.375,0,0,0,0,0,0,0,1,9,8,3.5,2.75,2,9.105,90.7225,81.61749999999999,32.791875,28.965312499999996,9.105,0,0,0,0,0,0,0,6.35e-06,6.35e-06,1.5875e-06,2.3812500000000003e-06,0,12,229,217,111.75,99.75,12
KScO2,97.59652533,62.08267338,K1 Sc1 O2,8,21,13,14,6,8,3,87,84,47,40,87,15.9994,44.955912,28.956511999999996,29.013253000000002,13.013853000000001,15.9994,54.8,1814,1759.2,565.0324999999999,624.48375,54.8,1,16,15,9,7,16,2,4,2,3,1,2,66,203,137,126.25,60.25,66,0.82,3.44,2.62,2.265,1.175,3.44,1,2,1,1.75,0.375,2,0,4,4,2,2,4,0,1,1,0.25,0.375,0,0,0,0,0,0,0,1,6,5,4,2,6,0,1,1,0.25,0.375,0,0,2,2,1,1,2,0,9,9,2.25,3.375,0,0,0,0,0,0,0,1,9,8,3.5,2.75,2,9.105,73.10666667,64.00166666669999,28.387916666674997,22.359375,9.105,0,0,0,0,0,0,0,6.35e-06,6.35e-06,1.5875e-06,2.3812500000000003e-06,0,12,229,217,111.75,99.75,12
NiAsS,109.0144214,58.76836248,Ni1 As1 S1,16,33,17,25.666666666666668,6.444444444444444,16,61,88,27,77.66666666666667,11.111111111111109,61,32.065,74.9216,42.8566,55.22666666666667,15.44111111111111,32.065,388.36,1728,1339.6399999999999,1068.7866666666666,453.6177777777778,388.36,10,16,6,13.666666666666666,2.4444444444444446,10,3,4,1,3.6666666666666665,0.4444444444444445,3,105,124,19,116,7.333333333333333,105,1.91,2.58,0.6700000000000002,2.223333333333333,0.23777777777777773,1.91,2,2,0,2,0,2,0,4,4,2.3333333333333335,1.5555555555555554,0,0,10,10,6,4,0,0,0,0,0,0,0,6,15,9,10.333333333333334,3.111111111111111,6,0,0,0,0,0,0,0,3,3,1.6666666666666667,1.111111111111111,0,0,2,2,0.6666666666666666,0.8888888888888888,0,0,0,0,0,0,0,2,3,1,2.3333333333333335,0.4444444444444445,2,10.32,25.786875,15.466874999999998,19.427291666666665,6.071527777777778,10.32,0,2.202,2.202,0.734,0.9786666666666667,0,0,0.5953947,0.5953947,0.19846490000000003,0.2646198666666667,0,70,225,155,153.66666666666666,55.77777777777778,70
AlP,85.17136893,47.20107127,Al1 P1,13,15,2,14,1,13,73,83,10,78,5,73,26.9815386,30.973762,3.9922234000000003,28.9776503,1.9961117000000002,26.9815386,317.3,933.47,616.1700000000001,625.385,308.08500000000004,317.3,13,15,2,14,1,13,3,3,0,3,0,3,107,121,14,114,7,107,1.61,2.19,0.5799999999999998,1.9,0.2899999999999999,1.61,2,2,0,2,0,2,1,3,2,2,1,1,0,0,0,0,0,0,0,0,0,0,0,0,3,5,2,4,1,3,0,0,0,0,0,0,3,5,2,4,1,3,0,0,0,0,0,0,0,0,0,0,0,0,3,5,2,4,1,3,16.48,22.5702381,6.090238095,19.52511905,3.045119048,16.48,0,1.625,1.625,0.8125,0.8125,0,0,0,0,0,0,0,2,225,223,113.5,111.5,2
Au2O3,81.32893657,38.21258503,Au2 O3,8,79,71,36.4,34.08,8,66,87,21,78.6,10.080000000000002,87,15.9994,196.966569,180.96716899999998,88.3862676,86.86424112,15.9994,54.8,1337.33,1282.53,567.812,615.6144,54.8,11,16,5,14,2.4,16,2,6,4,3.6,1.9200000000000004,2,66,136,70,94,33.6,66,2.54,3.44,0.8999999999999999,3.08,0.43199999999999994,3.44,1,2,1,1.6,0.48,2,0,4,4,2.4,1.9200000000000004,4,0,10,10,4,4.8,0,0,14,14,5.6,6.719999999999999,0,6,25,19,13.6,9.12,6,0,1,1,0.4,0.4800000000000001,0,0,2,2,1.2,0.9600000000000002,2,0,0,0,0,0,0,0,0,0,0,0,0,1,2,1,1.6,0.48,2,9.105,16.7,7.594999999999999,12.143,3.6455999999999995,9.105,0,0,0,0,0,0,0,0,0,0,0,0,12,225,213,97.2,102.24000000000001,12
Cr2NiS4,111.8044059,59.72873674,Cr2 Ni1 S4,16,28,12,20,4.571428571428571,16,49,88,39,73,17.142857142857142,88,32.065,58.6934,26.6284,41.563657142857146,10.855608163265307,32.065,388.36,2180,1791.6399999999999,1091.6342857142859,803.7420408163265,388.36,6,16,10,12.285714285714286,4.244897959183674,16,3,4,1,3.4285714285714284,0.4897959183673469,3,105,139,34,117.42857142857143,14.204081632653061,105,1.66,2.58,0.9200000000000002,2.2214285714285715,0.409795918,2.58,1,2,1,1.7142857142857142,0.4081632653061225,2,0,4,4,2.2857142857142856,1.959183673469388,4,0,8,8,2.5714285714285716,2.9387755102040813,0,0,0,0,0,0,0,6,10,4,6.571428571428571,0.9795918367346937,6,0,1,1,0.2857142857142857,0.40816326530612246,0,0,2,2,1.1428571428571428,0.979591837,2,0,5,5,1.7142857142857142,1.9591836734693877,0,0,0,0,0,0,0,2,6,4,3.142857142857143,1.6326530612244898,2,10.32,25.786875,15.466874999999998,19.406785714285714,7.291530612244897,25.786875,0,2.202,2.202,1.2582857142857142,1.0785306122448979,2.202,0,0.5953947,0.5953947,0.085056386,0.14581094693877553,0,70,229,159,137.57142857142858,77.22448979591836,70
Y2CuO4,145.0787959,58.49622251,Y2 Cu1 O4,8,39,31,19.857142857142858,13.551020408163266,8,12,87,75,62.285714285714285,28.73469387755102,87,15.9994,88.90585,72.90645,43.62218571428571,31.56889795918367,15.9994,54.8,1799,1744.2,739.2814285714286,782.2644897959184,54.8,3,16,13,11.571428571428571,5.061224489795919,16,2,5,3,3.142857142857143,1.3061224489795917,2,66,190,124,110.85714285714286,51.26530612244898,66,1.22,3.44,2.2199999999999998,2.585714285714286,0.976326531,3.44,1,2,1,1.8571428571428572,0.24489795918367344,2,0,4,4,2.2857142857142856,1.959183673469388,4,0,10,10,1.7142857142857142,2.3673469387755106,0,0,0,0,0,0,0,3,11,8,5.857142857142857,1.632653061,6,0,1,1,0.14285714285714285,0.24489795918367346,0,0,2,2,1.1428571428571428,0.979591837,2,0,9,9,2.5714285714285716,3.673469387755102,0,0,0,0,0,0,0,1,9,8,3.857142857142857,2.9387755102040813,2,9.105,32.365,23.26,16.031428571428574,9.333469387755104,9.105,0,0,0,0,0,0,0,0,0,0,0,0,12,225,213,94.42857142857143,94.20408163265304,12
LiF,69.88112627,50.94339401,Li1 F1,3,9,6,6,3,3,1,93,92,47,46,1,6.941,18.9984032,12.0574032,12.969701599999999,6.0287016,6.941,53.5,453.69,400.19,253.595,200.095,53.5,1,17,16,9,8,1,2,2,0,2,0,2,57,128,71,92.5,35.5,57,0.98,3.98,3,2.48,1.5,0.98,1,2,1,1.5,0.5,1,0,5,5,2.5,2.5,0,0,0,0,0,0,0,0,0,0,0,0,0,1,7,6,4,3,1,0,1,1,0.5,0.5,0,0,1,1,0.5,0.5,0,0,0,0,0,0,0,0,0,0,0,0,0,1,1,0,1,0,1,9.7075,16.59333333,6.885833333299999,13.150416666649999,3.4429166666499995,9.7075,0,1.97,1.97,0.985,0.985,0,0,0,0,0,0,0,15,229,214,122,107,15
Y3AlC,79.64658651,63.38141023,Y3 Al1 C1,6,39,33,27.2,14.160000000000002,39,12,77,65,37.2,30.24,12,12.0107,88.90585,76.89515,61.14195772000001,33.31667074,88.90585,933.47,3823,2889.5299999999997,2030.6940000000002,716.9224000000002,1799,3,14,11,7.2,5.040000000000001,3,2,5,3,4,1.2,5,76,190,114,153.4,43.92,190,1.22,2.55,1.3299999999999998,1.564,0.4128,1.22,2,2,0,2,0,2,0,2,2,0.6,0.72,0,0,1,1,0.6,0.4800000000000001,1,0,0,0,0,0,0,3,4,1,3.2,0.3200000000000001,3,0,0,0,0,0,0,0,5,5,1.8,2.16,0,0,9,9,5.4,4.32,9,0,0,0,0,0,0,4,9,5,7.2,2.16,9,5.64,32.365,26.725,23.843,10.226400000000002,32.365,0,4.496,4.496,0.8992000000000001,1.4387200000000002,0,0,0,0,0,0,0,194,225,31,200.2,9.919999999999993,194
RbMgF3,65.28140972,41.93446656,Rb1 Mg1 F3,9,37,28,15.2,8.719999999999999,9,4,93,89,70.2,27.360000000000003,93,18.9984032,85.4678,66.4693968,33.353601919999996,20.84567923,18.9984032,53.5,923,869.5,279.192,270.8304,53.5,1,17,16,10.8,7.44,17,2,5,3,2.8,0.96,2,57,220,163,106.4,59.279999999999994,57,0.82,3.98,3.16,2.814,1.3992,3.98,1,2,1,1.8,0.31999999999999995,2,0,5,5,3,2.4,5,0,0,0,0,0,0,0,0,0,0,0,0,1,7,6,4.8,2.6399999999999997,7,0,1,1,0.2,0.32,0,0,1,1,0.6,0.4800000000000001,1,0,0,0,0,0,0,0,0,0,0,0,0,0,1,1,0.8,0.31999999999999995,1,9.7075,90.7225,81.015,28.546999999999997,24.870199999999997,9.7075,0,1.97,1.97,1.182,0.9456,1.97,0,0,0,0,0,0,15,229,214,93.6,94.32000000000001,15
YCuSi,90.4731515,59.11351629,Y1 Cu1 Si1,14,39,25,27.333333333333332,8.888888889,14,12,78,66,51.333333333333336,26.222222222222218,12,28.0855,88.90585,60.820350000000005,60.179116666666665,21.395744444444443,28.0855,1357.77,1799,441.23,1614.5900000000001,171.21333333333328,1357.77,3,14,11,9.333333333333334,4.222222222222222,3,3,5,2,4,0.6666666666666666,3,111,190,79,144.33333333333334,30.444444444444446,111,1.22,1.9,0.6799999999999999,1.6733333333333331,0.3022222222222222,1.22,1,2,1,1.6666666666666667,0.4444444444444444,1,0,2,2,0.6666666666666666,0.888888889,0,0,10,10,3.6666666666666665,4.222222222222222,0,0,0,0,0,0,0,3,11,8,6,3.3333333333333335,3,0,1,1,0.3333333333333333,0.4444444444444444,0,0,4,4,1.3333333333333333,1.777777777777778,0,0,9,9,3,4,0,0,0,0,0,0,0,1,9,8,4.666666666666667,2.8888888888888893,1,11.07,32.365,21.295,21.291666666666668,7.3822222222222225,11.07,0,0.773,0.773,0.25766666666666665,0.3435555555555556,0,0,0,0,0,0,0,194,227,33,215.33333333333334,14.22222222222222,194
LiTiS2,67.91694393,48.20618481,Li1 Ti1 S2,3,22,19,14.25,5.625,16,1,88,87,55,33,88,6.941,47.867,40.925999999999995,29.734499999999997,11.39675,32.065,388.36,1941,1552.6399999999999,792.8525,574.07375,388.36,1,16,15,9.25,6.75,16,2,4,2,3,0.5,3,105,160,55,124.5,19.5,105,0.98,2.58,1.6,1.92,0.66,2.58,1,2,1,1.75,0.375,2,0,4,4,2,2,4,0,2,2,0.5,0.75,0,0,0,0,0,0,0,1,6,5,4.25,1.75,6,0,1,1,0.25,0.375,0,0,2,2,1,1,2,0,8,8,2,3,0,0,0,0,0,0,0,1,8,7,3.25,2.375,2,16.59333333,25.786875,9.193541667,21.21427083,4.572604166674999,25.786875,0,2.202,2.202,1.101,1.101,2.202,0,2.25333333333e-05,2.25333333333e-05,5.633333333325e-06,8.4499999999875e-06,0,70,229,159,140.75,70.75,70
KNiF3,74.67599156,40.36990082,K1 Ni1 F3,9,28,19,14.8,6.959999999999999,9,3,93,90,68.6,29.28,93,18.9984032,58.6934,39.6949968,30.95738192,14.35077446,18.9984032,53.5,1728,1674.5,445.006,513.1976000000001,53.5,1,17,16,12.4,5.5200000000000005,17,2,4,2,2.8,0.96,2,57,203,146,99.6,51.12,57,0.82,3.98,3.16,2.934,1.2551999999999999,3.98,1,2,1,1.8,0.31999999999999995,2,0,5,5,3,2.4,5,0,8,8,1.6,2.56,0,0,0,0,0,0,0,1,10,9,6.4,2.1599999999999997,7,0,1,1,0.2,0.32,0,0,1,1,0.6,0.4800000000000001,1,0,2,2,0.4,0.64,0,0,0,0,0,0,0,1,2,1,1.2,0.31999999999999995,1,9.7075,73.10666667,63.39916667,22.509833333339998,20.238733333343998,9.7075,0,1.97,1.97,1.182,0.9456,1.97,0,0.5953947,0.5953947,0.11907894000000001,0.190526304,0,15,229,214,99.8,101.75999999999999,15
InCuO2,120.799033,36.6270419,In1 Cu1 O2,8,49,41,23.5,15.5,8,64,87,23,78.25,8.75,87,15.9994,114.818,98.8186,52.5907,36.591300000000004,15.9994,54.8,1357.77,1302.97,474.28,441.745,54.8,11,16,5,14,2,16,2,5,3,3.25,1.25,2,66,142,76,101.5,35.5,66,1.78,3.44,1.66,2.6399999999999997,0.8,3.44,1,2,1,1.75,0.375,2,0,4,4,2.25,1.75,4,0,10,10,5,5,0,0,0,0,0,0,0,6,13,7,9,3,6,0,1,1,0.25,0.375,0,0,5,5,2.25,1.375,2,0,0,0,0,0,0,0,0,0,0,0,0,1,5,4,2.5,1.25,2,9.105,24.26,15.155000000000001,13.385,5.4375,9.105,0,0,0,0,0,0,0,0,0,0,0,0,12,225,213,97,85,12
NaMgF3,70.41938609,43.13417888,Na1 Mg1 F3,9,12,3,10,1.2,9,2,93,91,69.8,27.839999999999996,93,18.9984032,24.305,5.306596800000001,20.85799578,2.2315110912000007,18.9984032,53.5,923,869.5,290.87399999999997,284.8488,53.5,1,17,16,10.8,7.44,17,2,3,1,2.4,0.48,2,57,166,109,95.6,46.32,57,0.93,3.98,3.05,2.836,1.3728,3.98,1,2,1,1.8,0.31999999999999995,2,0,5,5,3,2.4,5,0,0,0,0,0,0,0,0,0,0,0,0,1,7,6,4.8,2.6399999999999997,7,0,1,1,0.2,0.32,0,0,1,1,0.6,0.4800000000000001,1,0,0,0,0,0,0,0,0,0,0,0,0,0,1,1,0.8,0.31999999999999995,1,9.7075,29.24333333,19.53583333,16.25116667,7.8523999999920004,9.7075,0,1.97,1.97,1.182,0.9456,1.97,0,0,0,0,0,0,15,229,214,93.6,94.32000000000001,15
Ca(CuSi)2,92.90786942,53.65351729,Ca1 Cu2 Si2,14,29,15,21.2,6.24,14,7,78,71,58.2,20.479999999999997,64,28.0855,63.546,35.460499999999996,44.6682,15.10224,28.0855,1115,1687,572,1440.908,196.87359999999998,1357.77,2,14,12,10.4,3.3599999999999994,11,3,4,1,3.6,0.48,3,111,176,65,132.4,17.440000000000005,111,1,1.9,0.8999999999999999,1.72,0.2879999999999999,1.9,1,2,1,1.6,0.48,1,0,2,2,0.8,0.9600000000000002,0,0,10,10,4,4.8,0,0,0,0,0,0,0,2,11,9,6.4,3.6799999999999997,4,0,1,1,0.4,0.4800000000000001,0,0,4,4,1.6,1.9200000000000004,0,0,0,0,0,0,0,0,0,0,0,0,0,0,4,4,2,1.6,1,11.07,37.77,26.700000000000003,20.158,7.2704,11.07,0,0.773,0.773,0.30920000000000003,0.37104,0,0,0,0,0,0,0,225,227,2,225.8,0.9600000000000023,225
Y(SiIr)2,180.4363595,62.8016957,Y1 Si2 Ir2,14,77,63,44.2,26.24,14,12,78,66,57.6,18.240000000000002,60,28.0855,192.217,164.13150000000002,105.90217,69.051864,28.0855,1687,2739,1052,2130.2,487.03999999999996,1687,3,14,11,9.8,3.3600000000000003,9,3,6,3,4.6,1.28,3,111,190,79,138.8,22.24,111,1.22,2.2,0.9800000000000002,1.884,0.2656000000000001,1.9,2,2,0,2,0,2,0,2,2,0.8,0.9600000000000002,0,0,7,7,3,3.2,0,0,14,14,5.6,6.719999999999999,0,3,23,20,11.4,9.280000000000001,4,0,0,0,0,0,0,0,4,4,1.6,1.9200000000000004,0,0,9,9,3,2.4,0,0,0,0,0,0,0,3,9,6,4.6,1.7599999999999998,3,14.21,32.365,18.155,20.333000000000002,4.8984000000000005,14.21,0,0.773,0.773,0.30920000000000003,0.37104000000000004,0,0,0,0,0,0,0,194,227,33,219.6,10.240000000000004,225
VAuS2,105.5581249,51.74676171,V1 Au1 S2,16,79,63,33.5,22.75,16,46,88,42,72,16,88,32.065,196.966569,164.901569,78.00951724999999,59.478525874999995,32.065,388.36,2183,1794.6399999999999,1074.2625,685.9024999999999,388.36,5,16,11,12,4,16,3,6,3,4,1,3,105,153,48,124.75,19.75,105,1.63,2.58,0.9500000000000002,2.3325,0.35125000000000006,2.58,1,2,1,1.75,0.375,2,0,4,4,2,2,4,0,10,10,3.25,3.375,0,0,14,14,3.5,5.25,0,5,25,20,10.5,7.25,6,0,1,1,0.25,0.375,0,0,2,2,1,1,2,0,7,7,1.75,2.625,0,0,0,0,0,0,0,1,7,6,3,2,2,13.01,25.786875,12.776874999999999,20.3209375,5.465937499999999,25.786875,0,2.202,2.202,1.101,1.101,2.202,0,0,0,0,0,0,70,229,159,148.5,78.5,70
MgCuP,93.89332415,48.1432506,Mg1 Cu1 P1,12,29,17,18.666666666666668,6.888888888888889,12,64,83,19,71.66666666666667,7.555555555555557,64,24.305,63.546,39.241,39.608253999999995,15.958497333333332,24.305,317.3,1357.77,1040.47,866.0233333333334,365.8155555555555,317.3,2,15,13,9.333333333333334,4.888888888888888,2,3,4,1,3.3333333333333335,0.4444444444444445,3,107,141,34,126.66666666666667,13.111111111111109,107,1.31,2.19,0.8799999999999999,1.8,0.3266666666666666,1.31,1,2,1,1.6666666666666667,0.4444444444444444,1,0,3,3,1,1.3333333333333333,0,0,10,10,3.3333333333333335,4.444444444444445,0,0,0,0,0,0,0,2,11,9,6,3.3333333333333335,2,0,1,1,0.3333333333333333,0.4444444444444444,0,0,3,3,1,1.3333333333333333,0,0,0,0,0,0,0,0,0,0,0,0,0,0,3,3,1.3333333333333333,1.111111111111111,0,11.07,22.89,11.82,18.8434127,5.182275132266667,11.07,0,1.625,1.625,0.5416666666666666,0.7222222222222223,0,0,0,0,0,0,0,2,225,223,140.33333333333334,92.22222222222221,2
CoPtO2,178.5976473,59.27884848,Co1 Pt1 O2,8,78,70,30.25,23.875,8,58,87,29,73.75,13.25,87,15.9994,195.084,179.0846,71.50399875000001,61.790000625000005,15.9994,54.8,2041.4,1986.6000000000001,979.75,924.95,54.8,9,16,7,12.75,3.25,16,2,6,4,3.5,1.5,2,66,136,70,98.5,32.5,66,1.88,3.44,1.56,2.76,0.68,3.44,1,2,1,1.75,0.375,2,0,4,4,2,2,4,0,9,9,4,4,0,0,14,14,3.5,5.25,0,6,24,18,11.25,6.375,6,0,1,1,0.25,0.375,0,0,2,2,1,1,2,0,3,3,1,1,0,0,0,0,0,0,0,2,3,1,2.25,0.375,2,9.105,15.02,5.914999999999999,10.86875,2.075625,9.105,0,0,0,0,0,0,0,1.5484712,1.5484712,0.3871178,0.5806767,0,12,225,213,110.75,98.75,12
ZrS,119.2634061,43.95993829,Zr1 S1,16,40,24,28,12,16,44,88,44,66,22,44,32.065,91.224,59.159000000000006,61.6445,29.579500000000003,32.065,388.36,2128,1739.6399999999999,1258.18,869.8199999999999,388.36,4,16,12,10,6,4,3,5,2,4,1,3,105,175,70,140,35,105,1.33,2.58,1.25,1.955,0.625,1.33,2,2,0,2,0,2,0,4,4,2,2,0,0,2,2,1,1,0,0,0,0,0,0,0,4,6,2,5,1,4,0,0,0,0,0,0,0,2,2,1,1,0,0,8,8,4,4,0,0,0,0,0,0,0,2,8,6,5,3,2,23.195,25.786875,2.591874999999998,24.4909375,1.295937499999999,23.195,0,2.202,2.202,1.101,1.101,0,0,0,0,0,0,0,70,194,124,132,62,70
CaF2,76.54559089,38.43774568,Ca1 F2,9,20,11,12.666666666666666,4.888888888888888,9,7,93,86,64.33333333333333,38.22222222222222,93,18.9984032,40.078,21.079596800000004,26.024935466666665,9.368709689,18.9984032,53.5,1115,1061.5,407.3333333333333,471.7777777777778,53.5,2,17,15,12,6.666666666666667,17,2,4,2,2.6666666666666665,0.8888888888888888,2,57,176,119,96.66666666666667,52.88888888888889,57,1,3.98,2.98,2.986666666666667,1.3244444444444443,3.98,2,2,0,2,0,2,0,5,5,3.3333333333333335,2.222222222222222,5,0,0,0,0,0,0,0,0,0,0,0,0,2,7,5,5.333333333333333,2.2222222222222223,7,0,0,0,0,0,0,0,1,1,0.6666666666666666,0.4444444444444445,1,0,0,0,0,0,0,0,0,0,0,0,0,0,1,1,0.6666666666666666,0.4444444444444445,1,9.7075,37.77,28.062500000000004,19.061666666666667,12.472222222222223,9.7075,0,1.97,1.97,1.3133333333333332,0.8755555555555556,1.97,0,0,0,0,0,0,15,225,210,85,93.33333333333333,15
Nb5Si3,185.3600035,64.39589625,Nb5 Si3,14,41,27,30.875,12.65625,41,47,78,31,58.625,14.53125,47,28.0855,92.90638,64.82088,68.59855,30.3847875,92.90638,1687,2750,1063,2351.375,498.28125,2750,5,14,9,8.375,4.21875,5,3,5,2,4.25,0.9375,5,111,164,53,144.125,24.84375,164,1.6,1.9,0.2999999999999998,1.7125,0.1406249999999999,1.6,1,2,1,1.375,0.46875,1,0,2,2,0.75,0.9375,0,0,4,4,2.5,1.875,4,0,0,0,0,0,0,4,5,1,4.625,0.46875,5,0,1,1,0.625,0.46875,1,0,4,4,1.5,1.875,0,0,6,6,3.75,2.8125,6,0,0,0,0,0,0,4,7,3,5.875,1.40625,7,18.18,20.44,2.2600000000000016,19.027500000000003,1.0593750000000015,18.18,0,0.773,0.773,0.289875,0.36234374999999996,0,0,0,0,0,0,0,227,229,2,228.25,0.9375,229
Ca(ZnSi)2,70.02518374,36.05551693,Ca1 Zn2 Si2,14,30,16,21.6,6.720000000000001,14,7,78,71,60.2,21.279999999999998,69,28.0855,65.38,37.2945,45.401799999999994,15.982559999999996,28.0855,692.68,1687,994.32,1174.8719999999998,409.70239999999995,692.68,2,14,12,10.8,3.5199999999999996,12,3,4,1,3.6,0.48,3,111,176,65,128.4,19.040000000000003,111,1,1.9,0.8999999999999999,1.6199999999999999,0.248,1.65,2,2,0,2,0,2,0,2,2,0.8,0.9600000000000002,0,0,10,10,4,4.8,0,0,0,0,0,0,0,2,12,10,6.8,4.159999999999999,4,0,0,0,0,0,0,0,4,4,1.6,1.9200000000000004,0,0,0,0,0,0,0,0,0,0,0,0,0,0,4,4,1.6,1.9200000000000004,0,13.96,37.77,23.810000000000002,21.314,6.5824,13.96,0,0.773,0.773,0.30920000000000003,0.37104,0,0,0,0,0,0,0,194,227,33,213.4,15.52,194
LiMgP,55.12535816,42.94141559,Li1 Mg1 P1,3,15,12,10,4.666666666666667,3,1,83,82,50.666666666666664,33.111111111111114,1,6.941,30.973762,24.032762,20.739920666666666,9.199280444444446,6.941,317.3,923,605.7,564.6633333333333,238.8911111111111,317.3,1,15,14,6,6,1,2,3,1,2.6666666666666665,0.4444444444444445,2,107,141,34,125.33333333333333,12.222222222222223,107,0.98,2.19,1.21,1.4933333333333334,0.46444444444444444,0.98,1,2,1,1.6666666666666667,0.4444444444444444,1,0,3,3,1,1.3333333333333333,0,0,0,0,0,0,0,0,0,0,0,0,0,1,5,4,2.6666666666666665,1.5555555555555554,1,0,1,1,0.3333333333333333,0.4444444444444444,0,0,3,3,1,1.3333333333333333,0,0,0,0,0,0,0,0,0,0,0,0,0,0,3,3,1.3333333333333333,1.111111111111111,0,16.59333333,22.89,6.296666666700002,20.684523809499996,2.7274603174666687,16.59333333,0,1.625,1.625,0.5416666666666666,0.7222222222222223,0,0,0,0,0,0,0,2,229,227,141.66666666666666,93.11111111111113,2
ZnWO4,142.0347987,54.06661614,Zn1 W1 O4,8,74,66,22.666666666666668,19.555555555555554,8,51,87,36,78,12,87,15.9994,183.84,167.8406,52.202933333333334,48.27137777777778,15.9994,54.8,3695,3640.2,767.8133333333334,975.7288888888888,54.8,6,16,10,13.666666666666666,3.111111111111111,16,2,6,4,3,1.3333333333333333,2,66,162,96,91.33333333333333,33.77777777777778,66,1.65,3.44,1.79,2.9616666666666664,0.6377777777777779,3.44,2,2,0,2,0,2,0,4,4,2.6666666666666665,1.777777777777778,4,0,10,10,2.3333333333333335,3.1111111111111107,0,0,14,14,2.3333333333333335,3.8888888888888893,0,6,20,14,9.333333333333334,4.444444444444445,6,0,0,0,0,0,0,0,2,2,1.3333333333333333,0.888888889,2,0,6,6,1,1.6666666666666667,0,0,0,0,0,0,0,0,6,6,2.3333333333333335,1.2222222222222223,2,9.105,16.05,6.945,11.071666666666667,2.6222222222222222,9.105,0,0,0,0,0,0,0,0,0,0,0,0,12,229,217,78.5,88.66666666666667,12
ZrO2,109.3241765,49.56765107,Zr1 O2,8,40,32,18.666666666666668,14.222222222222223,8,44,87,43,72.66666666666667,19.11111111111111,87,15.9994,91.224,75.22460000000001,41.07426666666667,33.43315555555555,15.9994,54.8,2128,2073.2,745.8666666666667,921.4222222222221,54.8,4,16,12,12,5.333333333333333,16,2,5,3,3,1.3333333333333333,2,66,175,109,102.33333333333333,48.444444444444436,66,1.33,3.44,2.11,2.736666666666667,0.9377777777777777,3.44,2,2,0,2,0,2,0,4,4,2.6666666666666665,1.777777777777778,4,0,2,2,0.6666666666666666,0.888888889,0,0,0,0,0,0,0,4,6,2,5.333333333333333,0.888888889,6,0,0,0,0,0,0,0,2,2,1.3333333333333333,0.888888889,2,0,8,8,2.6666666666666665,3.555555555555556,0,0,0,0,0,0,0,2,8,6,4,2.6666666666666665,2,9.105,23.195,14.09,13.801666666666668,6.262222222222223,9.105,0,0,0,0,0,0,0,0,0,0,0,0,12,194,182,72.66666666666667,80.88888889,12
NiAgO2,126.5401835,37.28059169,Ni1 Ag1 O2,8,47,39,22.75,14.75,8,61,87,26,75,12,87,15.9994,107.8682,91.86880000000001,49.6401,33.640699999999995,15.9994,54.8,1728,1673.2,768.1325,713.3325,54.8,10,16,6,13.25,2.75,16,2,5,3,3.25,1.25,2,66,145,79,100.25,34.25,66,1.91,3.44,1.53,2.6799999999999997,0.76,3.44,1,2,1,1.75,0.375,2,0,4,4,2,2,4,0,10,10,4.5,4.5,0,0,0,0,0,0,0,6,11,5,8.25,2.25,6,0,1,1,0.25,0.375,0,0,2,2,1,1,2,0,2,2,0.5,0.75,0,0,0,0,0,0,0,1,2,1,1.75,0.375,2,9.105,16.33,7.224999999999998,11.215,2.557499999999999,9.105,0,0,0,0,0,0,0,0.5953947,0.5953947,0.148848675,0.22327301250000003,0,12,225,213,118.5,106.5,12
SrLiP,44.2994691,36.62240225,Sr1 Li1 P1,3,38,35,18.666666666666668,12.888888888888891,3,1,83,82,30.666666666666668,34.888888888888886,1,6.941,87.62,80.679,41.84492066666667,30.516719555555557,6.941,317.3,1050,732.7,606.9966666666667,295.3355555555556,317.3,1,15,14,6,6,1,2,5,3,3.3333333333333335,1.1111111111111112,2,107,195,88,143.33333333333334,34.44444444444445,107,0.95,2.19,1.24,1.3733333333333333,0.5444444444444444,0.95,1,2,1,1.6666666666666667,0.4444444444444444,1,0,3,3,1,1.3333333333333333,0,0,0,0,0,0,0,0,0,0,0,0,0,1,5,4,2.6666666666666665,1.5555555555555554,1,0,1,1,0.3333333333333333,0.4444444444444444,0,0,3,3,1,1.3333333333333333,0,0,0,0,0,0,0,0,0,0,0,0,0,0,3,3,1.3333333333333333,1.111111111111111,0,16.59333333,54.23,37.636666666699995,31.131190476166665,15.39920634922222,16.59333333,0,1.625,1.625,0.5416666666666666,0.7222222222222223,0,0,0,0,0,0,0,2,229,227,152,100,2
SrZnSi,49.22276146,38.70934216,Sr1 Zn1 Si1,14,38,24,27.333333333333332,8.888888889,14,8,78,70,51.666666666666664,29.111111111111114,8,28.0855,87.62,59.53450000000001,60.36183333333333,21.517555555555557,28.0855,692.68,1687,994.32,1143.2266666666667,362.5155555555555,692.68,2,14,12,9.333333333333334,4.888888888888888,2,3,5,2,4,0.6666666666666666,3,111,195,84,142.66666666666666,34.888888888888886,111,0.95,1.9,0.95,1.5,0.36666666666666664,0.95,2,2,0,2,0,2,0,2,2,0.6666666666666666,0.888888889,0,0,10,10,3.3333333333333335,4.444444444444445,0,0,0,0,0,0,0,2,12,10,6,4,2,0,0,0,0,0,0,0,4,4,1.3333333333333333,1.777777777777778,0,0,0,0,0,0,0,0,0,0,0,0,0,0,4,4,1.3333333333333333,1.777777777777778,0,13.96,54.23,40.269999999999996,29.543333333333333,16.457777777777775,13.96,0,0.773,0.773,0.25766666666666665,0.3435555555555556,0,0,0,0,0,0,0,194,227,33,215.33333333333334,14.22222222222222,194
Ni2P,193.6178548,41.6936902,Ni2 P1,15,28,13,23.666666666666668,5.777777777777778,28,61,83,22,68.33333333333333,9.777777777777777,61,30.973762,58.6934,27.719637999999996,49.45352066666666,12.31983911111111,58.6934,317.3,1728,1410.7,1257.7666666666667,626.9777777777778,1728,10,15,5,11.666666666666666,2.222222222222222,10,3,4,1,3.6666666666666665,0.4444444444444445,4,107,124,17,118.33333333333333,7.555555555555557,124,1.91,2.19,0.28,2.0033333333333334,0.12444444444444451,1.91,2,2,0,2,0,2,0,3,3,1,1.3333333333333333,0,0,8,8,5.333333333333333,3.555555555555556,8,0,0,0,0,0,0,5,10,5,8.333333333333334,2.222222222222222,10,0,0,0,0,0,0,0,3,3,1,1.3333333333333333,0,0,2,2,1.3333333333333333,0.888888889,2,0,0,0,0,0,0,2,3,1,2.3333333333333335,0.4444444444444445,2,10.32,22.5702381,12.2502381,14.403412698399999,5.4445502645333335,10.32,0,1.625,1.625,0.5416666666666666,0.7222222222222223,0,0,0.5953947,0.5953947,0.39692980000000005,0.26461986666666665,0.5953947,2,225,223,150.66666666666666,99.11111111111113,225
YSi,89.41816126,65.16045766,Y1 Si1,14,39,25,26.5,12.5,14,12,78,66,45,33,12,28.0855,88.90585,60.820350000000005,58.495675,30.410175000000002,28.0855,1687,1799,112,1743,56,1687,3,14,11,8.5,5.5,3,3,5,2,4,1,3,111,190,79,150.5,39.5,111,1.22,1.9,0.6799999999999999,1.56,0.33999999999999997,1.22,2,2,0,2,0,2,0,2,2,1,1,0,0,1,1,0.5,0.5,0,0,0,0,0,0,0,3,4,1,3.5,0.5,3,0,0,0,0,0,0,0,4,4,2,2,0,0,9,9,4.5,4.5,0,0,0,0,0,0,0,4,9,5,6.5,2.5,4,20.44,32.365,11.925,26.402500000000003,5.9625,20.44,0,0.773,0.773,0.3865,0.3865,0,0,0,0,0,0,0,194,227,33,210.5,16.5,194
YSiRh,124.012555,61.62565617,Y1 Si1 Rh1,14,45,31,32.666666666666664,12.444444444444445,14,12,78,66,49.666666666666664,25.111111111111114,12,28.0855,102.9055,74.82000000000001,73.29895,30.142300000000002,28.0855,1687,2237,550,1907.6666666666667,219.55555555555557,1687,3,14,11,8.666666666666666,3.777777777777778,3,3,5,2,4.333333333333333,0.888888889,3,111,190,79,147.66666666666666,28.222222222222218,111,1.22,2.28,1.0599999999999998,1.8,0.38666666666666655,1.22,1,2,1,1.6666666666666667,0.4444444444444444,1,0,2,2,0.6666666666666666,0.8888888888888888,0,0,8,8,3,3.3333333333333335,0,0,0,0,0,0,0,3,9,6,5.333333333333333,2.444444444444444,3,0,1,1,0.3333333333333333,0.4444444444444445,0,0,4,4,1.3333333333333333,1.7777777777777777,0,0,9,9,3.6666666666666665,3.5555555555555554,0,0,0,0,0,0,0,3,9,6,5.333333333333333,2.444444444444444,3,13.64,32.365,18.725,22.148333333333337,6.811111111111113,13.64,0,0.773,0.773,0.25766666666666665,0.3435555555555556,0,0,0,0,0,0,0,194,227,33,215.33333333333334,14.22222222222222,194
NaCrS2,59.89112043,36.57881781,Na1 Cr1 S2,11,24,13,16.75,3.625,16,2,88,86,56.75,31.25,88,22.98976928,51.9961,29.006330719999998,34.77896732,8.60856634,32.065,370.87,2180,1809.13,831.8975,674.05125,388.36,1,16,15,9.75,6.25,16,3,4,1,3.25,0.375,3,105,166,61,128.75,23.75,105,0.93,2.58,1.65,1.9375,0.6425000000000001,2.58,1,2,1,1.5,0.5,2,0,4,4,2,2,4,0,5,5,1.25,1.875,0,0,0,0,0,0,0,1,6,5,4.75,1.875,6,0,1,1,0.5,0.5,0,0,2,2,1,1,2,0,5,5,1.25,1.875,0,0,0,0,0,0,0,1,6,5,2.75,1.625,2,11.19,29.24333333,18.053333333300003,23.001770833324997,5.905885416662501,25.786875,0,2.202,2.202,1.101,1.101,2.202,0,0,0,0,0,0,70,229,159,149.5,79.5,70
BaZrN2,99.95668307,39.9410279,Ba1 Zr1 N2,7,56,49,27.5,20.5,7,9,82,73,54.25,27.75,82,14.0067,137.327,123.3203,64.1411,50.1344,14.0067,63.05,2128,2064.95,813.525,750.4749999999999,63.05,2,15,13,9,6,15,2,6,4,3.75,1.75,2,71,215,144,133,62,71,0.89,3.04,2.15,2.075,0.965,3.04,2,2,0,2,0,2,0,3,3,1.5,1.5,3,0,2,2,0.5,0.75,0,0,0,0,0,0,0,2,5,3,4,1,5,0,0,0,0,0,0,0,3,3,1.5,1.5,3,0,8,8,2,3,0,0,0,0,0,0,0,0,8,8,3.5,2.25,3,14.76875,63.59,48.821250000000006,29.080624999999998,17.2546875,14.76875,0,6.437,6.437,3.2185,3.2185,6.437,0,0,0,0,0,0,194,229,35,202.75,13.125,194
NaMgF3,69.62351228,41.65188405,Na1 Mg1 F3,9,12,3,10,1.2,9,2,93,91,69.8,27.839999999999996,93,18.9984032,24.305,5.306596800000001,20.85799578,2.2315110912000007,18.9984032,53.5,923,869.5,290.87399999999997,284.8488,53.5,1,17,16,10.8,7.44,17,2,3,1,2.4,0.48,2,57,166,109,95.6,46.32,57,0.93,3.98,3.05,2.836,1.3728,3.98,1,2,1,1.8,0.31999999999999995,2,0,5,5,3,2.4,5,0,0,0,0,0,0,0,0,0,0,0,0,1,7,6,4.8,2.6399999999999997,7,0,1,1,0.2,0.32,0,0,1,1,0.6,0.4800000000000001,1,0,0,0,0,0,0,0,0,0,0,0,0,0,1,1,0.8,0.31999999999999995,1,9.7075,29.24333333,19.53583333,16.25116667,7.8523999999920004,9.7075,0,1.97,1.97,1.182,0.9456,1.97,0,0,0,0,0,0,15,229,214,93.6,94.32000000000001,15
LiCuO2,80.90753913,40.10869478,Li1 Cu1 O2,3,29,26,12,8.5,8,1,87,86,59.75,29.375,87,6.941,63.546,56.605,25.62145,18.962274999999998,15.9994,54.8,1357.77,1302.97,480.265,438.75249999999994,54.8,1,16,15,11,5,16,2,4,2,2.5,0.75,2,66,132,66,98,32,66,0.98,3.44,2.46,2.44,1,3.44,1,2,1,1.5,0.5,2,0,4,4,2,2,4,0,10,10,2.5,3.75,0,0,0,0,0,0,0,1,11,10,6,2.5,6,0,1,1,0.5,0.5,0,0,2,2,1,1,2,0,0,0,0,0,0,0,0,0,0,0,0,1,2,1,1.5,0.5,2,9.105,16.59333333,7.488333333299998,11.468333333324999,2.562499999987499,9.105,0,0,0,0,0,0,0,0,0,0,0,0,12,229,217,119.5,107.5,12
GaP,76.18684983,51.77542735,Ga1 P1,15,31,16,23,8,15,74,83,9,78.5,4.5,74,30.973762,69.723,38.749238,50.348381,19.374619,30.973762,302.91,317.3,14.389999999999986,310.105,7.194999999999993,302.91,13,15,2,14,1,13,3,4,1,3.5,0.5,3,107,122,15,114.5,7.5,107,1.81,2.19,0.3799999999999999,2,0.18999999999999995,1.81,2,2,0,2,0,2,1,3,2,2,1,1,0,10,10,5,5,0,0,0,0,0,0,0,5,13,8,9,4,5,0,0,0,0,0,0,3,5,2,4,1,3,0,0,0,0,0,0,0,0,0,0,0,0,3,5,2,4,1,3,18.8575,22.5702381,3.712738095199999,20.71386905,1.8563690475999994,18.8575,0,1.625,1.625,0.8125,0.8125,0,0,0,0,0,0,0,2,64,62,33,31,2
SbO2,91.8659915,54.45954811,Sb1 O2,8,51,43,22.333333333333332,19.11111111111111,8,85,87,2,86.33333333333333,0.8888888888888905,87,15.9994,121.76,105.76060000000001,51.25293333333334,47.004711111111114,15.9994,54.8,903.78,848.98,337.79333333333335,377.32444444444445,54.8,15,16,1,15.666666666666666,0.44444444444444464,16,2,5,3,3,1.3333333333333333,2,66,139,73,90.33333333333333,32.44444444444444,66,2.05,3.44,1.3900000000000001,2.9766666666666666,0.6177777777777779,3.44,2,2,0,2,0,2,3,4,1,3.6666666666666665,0.4444444444444445,4,0,10,10,3.3333333333333335,4.444444444444444,0,0,0,0,0,0,0,6,15,9,9,4,6,0,0,0,0,0,0,2,3,1,2.3333333333333335,0.4444444444444445,2,0,0,0,0,0,0,0,0,0,0,0,0,2,3,1,2.3333333333333335,0.4444444444444445,2,9.105,31.56,22.455,16.59,9.979999999999999,9.105,0,0,0,0,0,0,0,0,0,0,0,0,12,166,154,63.333333333333336,68.44444444444444,12
LiAlSi,62.99251754,55.44851874,Li1 Al1 Si1,3,14,11,10,4.666666666666667,3,1,78,77,50.666666666666664,33.111111111111114,1,6.941,28.0855,21.1445,20.669346200000003,9.1522308,6.941,453.69,1687,1233.31,1024.72,441.52,453.69,1,14,13,9.333333333333334,5.5555555555555545,1,2,3,1,2.6666666666666665,0.4444444444444445,2,111,128,17,120,6,111,0.98,1.9,0.9199999999999999,1.4966666666666668,0.3444444444444444,0.98,1,2,1,1.6666666666666667,0.4444444444444444,1,0,2,2,1,0.6666666666666666,0,0,0,0,0,0,0,0,0,0,0,0,0,1,4,3,2.6666666666666665,1.1111111111111112,1,0,1,1,0.3333333333333333,0.4444444444444444,0,0,5,5,3,2,0,0,0,0,0,0,0,0,0,0,0,0,0,1,5,4,3.3333333333333335,1.5555555555555554,1,16.48,20.44,3.960000000000001,17.837777777766664,1.7348148148222222,16.48,0,0.773,0.773,0.25766666666666665,0.3435555555555556,0,0,0,0,0,0,0,225,229,4,227,1.3333333333333333,225
Ba2HfO4,109.9038111,59.76644803,Ba2 Hf1 O4,8,72,64,30.857142857142858,26.122448979591834,8,9,87,78,58.714285714285715,32.326530612244895,87,15.9994,178.49,162.4906,73.87737142857144,66.14625306122448,15.9994,54.8,2506,2451.2,675.0285714285714,708.8326530612246,54.8,2,16,14,10.285714285714286,6.530612244897959,16,2,6,4,3.7142857142857144,1.959183673469388,2,66,215,149,124.14285714285714,66.44897959183673,66,0.89,3.44,2.55,2.4057142857142857,1.1820408163265306,3.44,2,2,0,2,0,2,0,4,4,2.2857142857142856,1.959183673469388,4,0,2,2,0.2857142857142857,0.4897959183673469,0,0,14,14,2,3.4285714285714284,0,2,18,16,6.571428571428571,3.265306122448979,6,0,0,0,0,0,0,0,2,2,1.1428571428571428,0.979591837,2,0,8,8,1.1428571428571428,1.9591836734693877,0,0,0,0,0,0,0,0,8,8,2.2857142857142856,1.6326530612244896,2,9.105,63.59,54.485,26.542857142857144,21.16979591836735,9.105,0,0,0,0,0,0,0,0,0,0,0,0,12,229,217,100,100.57142857142857,12
BPd2,178.9958646,47.54836249,B1 Pd2,5,46,41,32.333333333333336,18.22222222222222,46,62,72,10,65.33333333333333,4.444444444444443,62,10.811,106.42,95.60900000000001,74.55033333333334,42.49288888888889,106.42,1828.05,2348,519.95,2001.3666666666668,231.08888888888896,1828.05,10,13,3,11,1.3333333333333333,10,2,5,3,4,1.3333333333333333,5,84,139,55,120.66666666666667,24.444444444444443,139,2.04,2.2,0.16000000000000014,2.146666666666667,0.071111111,2.2,0,2,2,0.6666666666666666,0.888888889,0,0,1,1,0.3333333333333333,0.4444444444444445,0,0,10,10,6.666666666666667,4.444444444444444,10,0,0,0,0,0,0,3,10,7,7.666666666666667,3.1111111111111107,10,0,0,0,0,0,0,0,5,5,1.6666666666666667,2.222222222222222,0,0,0,0,0,0,0,0,0,0,0,0,0,0,5,5,1.6666666666666667,2.222222222222222,0,7.1725,14.41,7.2375,11.9975,3.2166666666666663,14.41,0,1.524,1.524,0.508,0.6773333333333333,0,0,0,0,0,0,0,166,225,59,205.33333333333334,26.222222222222218,225
NiMoO4,147.0470959,56.74801827,Ni1 Mo1 O4,8,42,34,17,12,8,50,87,37,76.5,14,87,15.9994,95.96,79.9606,36.44183333333333,27.256577777777775,15.9994,54.8,2896,2841.2,807.1999999999999,1003.2000000000002,54.8,6,16,10,13.333333333333334,3.5555555555555554,16,2,5,3,2.8333333333333335,1.1111111111111112,2,66,154,88,90.33333333333333,32.44444444444444,66,1.91,3.44,1.53,2.9716666666666662,0.6244444444444445,3.44,1,2,1,1.8333333333333333,0.27777777777777785,2,0,4,4,2.6666666666666665,1.777777777777778,4,0,8,8,2.1666666666666665,2.8888888888888893,0,0,0,0,0,0,0,6,10,4,6.666666666666667,1.1111111111111114,6,0,1,1,0.16666666666666666,0.27777777777777773,0,0,2,2,1.3333333333333333,0.888888889,2,0,5,5,1.1666666666666667,1.5555555555555554,0,0,0,0,0,0,0,2,6,4,2.6666666666666665,1.111111111111111,2,9.105,15.69,6.584999999999999,10.405,1.7616666666666658,9.105,0,0,0,0,0,0,0,0.5953947,0.5953947,0.09923245,0.16538741666666668,0,12,229,217,83.66666666666667,95.55555555555554,12
FeCuO2,143.330517,50.20353755,Fe1 Cu1 O2,8,29,21,17.75,9.75,8,55,87,32,73.25,13.75,87,15.9994,63.546,47.5466,37.847449999999995,21.84805,15.9994,54.8,1811,1756.2,819.5925,764.7925,54.8,8,16,8,12.75,3.25,16,2,4,2,3,1,2,66,132,66,99,33,66,1.83,3.44,1.6099999999999999,2.6525,0.7875,3.44,1,2,1,1.75,0.375,2,0,4,4,2,2,4,0,10,10,4,4,0,0,0,0,0,0,0,6,11,5,7.75,1.75,6,0,1,1,0.25,0.375,0,0,2,2,1,1,2,0,4,4,1,1.5,0,0,0,0,0,0,0,1,4,3,2.25,0.875,2,9.105,11.07,1.9649999999999999,10.002500000000001,0.8975,9.105,0,0,0,0,0,0,0,2.1106628,2.1106628,0.5276657,0.79149855,0,12,229,217,119.5,107.5,12
V2NiS4,101.4439474,58.77286432,V2 Ni1 S4,16,28,12,19.714285714285715,4.244897959183674,16,46,88,42,72.14285714285714,18.122448979591837,88,32.065,58.6934,26.6284,41.262342857142855,10.511248979591837,32.065,388.36,2183,1794.6399999999999,1092.4914285714287,804.7216326530613,388.36,5,16,11,12,4.571428571428571,16,3,4,1,3.4285714285714284,0.4897959183673469,3,105,153,48,121.42857142857143,18.775510204081634,105,1.63,2.58,0.9500000000000002,2.212857142857143,0.41959183673469397,2.58,2,2,0,2,0,2,0,4,4,2.2857142857142856,1.959183673469388,4,0,8,8,2,2.2857142857142856,0,0,0,0,0,0,0,5,10,5,6.285714285714286,1.0612244897959182,6,0,0,0,0,0,0,0,2,2,1.1428571428571428,0.979591837,2,0,7,7,2.2857142857142856,2.693877551020408,0,0,0,0,0,0,0,2,7,5,3.4285714285714284,2.0408163265306123,2,10.32,25.786875,15.466874999999998,19.926785714285717,6.697244897959182,25.786875,0,2.202,2.202,1.2582857142857142,1.0785306122448979,2.202,0,0.5953947,0.5953947,0.085056386,0.14581094693877553,0,70,229,159,137.57142857142858,77.22448979591836,70
CoF2,99.51695075,36.15109403,Co1 F2,9,27,18,15,8,9,58,93,35,81.33333333333333,15.555555555555557,93,18.9984032,58.933195,39.9347918,32.310000466666665,17.748796355555555,18.9984032,53.5,1768,1714.5,625,762,53.5,9,17,8,14.333333333333334,3.5555555555555554,17,2,4,2,2.6666666666666665,0.8888888888888888,2,57,126,69,80,30.666666666666668,57,1.88,3.98,2.1,3.28,0.9333333333333335,3.98,2,2,0,2,0,2,0,5,5,3.3333333333333335,2.222222222222222,5,0,7,7,2.3333333333333335,3.1111111111111107,0,0,0,0,0,0,0,7,9,2,7.666666666666667,0.888888889,7,0,0,0,0,0,0,0,1,1,0.6666666666666666,0.4444444444444445,1,0,3,3,1,1.3333333333333333,0,0,0,0,0,0,0,1,3,2,1.6666666666666667,0.888888889,1,9.7075,10.245,0.5374999999999996,9.886666666666665,0.23888888888888835,9.7075,0,1.97,1.97,1.3133333333333332,0.8755555555555556,1.97,0,1.5484712,1.5484712,0.5161570666666667,0.6882094222222221,0,15,194,179,74.66666666666667,79.55555555555556,15
CuP2,89.26408661,50.01547529,Cu1 P2,15,29,14,19.666666666666668,6.222222222222222,15,64,83,19,76.66666666666667,8.444444444444443,83,30.973762,63.546,32.572238,41.83117466666667,14.476550222222222,30.973762,317.3,1357.77,1040.47,664.1233333333333,462.4311111111111,317.3,11,15,4,13.666666666666666,1.777777777777778,15,3,4,1,3.3333333333333335,0.4444444444444445,3,107,132,25,115.33333333333333,11.111111111111109,107,1.9,2.19,0.29000000000000004,2.0933333333333333,0.12888888888888891,2.19,1,2,1,1.6666666666666667,0.4444444444444444,2,0,3,3,2,1.3333333333333333,3,0,10,10,3.3333333333333335,4.444444444444444,0,0,0,0,0,0,0,5,11,6,7,2.6666666666666665,5,0,1,1,0.3333333333333333,0.4444444444444445,0,0,3,3,2,1.3333333333333333,3,0,0,0,0,0,0,0,0,0,0,0,0,1,3,2,2.3333333333333335,0.8888888888888888,3,11.07,22.5702381,11.5002381,18.7368254,5.111216931,22.5702381,0,1.625,1.625,1.0833333333333333,0.7222222222222223,1.625,0,0,0,0,0,0,2,225,223,76.33333333333333,99.11111111111113,2
ScSiPt,149.0799835,59.78345237,Sc1 Si1 Pt1,14,78,64,37.666666666666664,26.888888888888886,14,11,78,67,50.666666666666664,26.444444444444446,11,28.0855,195.084,166.9985,89.37513733333333,70.47257511111111,28.0855,1687,2041.4,354.4000000000001,1847.4666666666665,129.28888888888886,1687,3,14,11,9,4,3,3,6,3,4.333333333333333,1.111111111111111,3,111,170,59,139,20.666666666666668,111,1.36,2.28,0.9199999999999997,1.8466666666666665,0.32444444444444437,1.36,1,2,1,1.6666666666666667,0.4444444444444444,1,0,2,2,0.6666666666666666,0.8888888888888888,0,0,9,9,3.3333333333333335,3.7777777777777772,0,0,14,14,4.666666666666667,6.222222222222221,0,3,24,21,10.333333333333334,9.111111111111112,3,0,1,1,0.3333333333333333,0.4444444444444445,0,0,4,4,1.3333333333333333,1.7777777777777777,0,0,9,9,3.3333333333333335,3.777777777777778,0,0,0,0,0,0,0,2,9,7,5,2.6666666666666665,2,15.02,22.235,7.215,19.231666666666666,2.8077777777777784,15.02,0,0.773,0.773,0.25766666666666665,0.3435555555555556,0,0,6.35e-06,6.35e-06,2.1166666666666666e-06,2.8222222222222223e-06,0,194,227,33,215.33333333333334,14.22222222222222,194
RbVF3,64.80412016,35.30620237,Rb1 V1 F3,9,37,28,17.4,10.08,9,4,93,89,65.8,32.64,93,18.9984032,85.4678,66.4693968,38.68090192,23.618998463999997,18.9984032,53.5,2183,2129.5,531.192,660.7232,53.5,1,17,16,11.4,6.719999999999999,17,2,5,3,3,1.2,2,57,220,163,108.8,62.15999999999999,57,0.82,3.98,3.16,2.8779999999999997,1.3224,3.98,1,2,1,1.8,0.31999999999999995,2,0,5,5,3,2.4,5,0,3,3,0.6,0.96,0,0,0,0,0,0,0,1,7,6,5.4,1.92,7,0,1,1,0.2,0.32,0,0,1,1,0.6,0.4800000000000001,1,0,7,7,1.4,2.2399999999999998,0,0,0,0,0,0,0,1,7,6,2.2,1.9200000000000004,1,9.7075,90.7225,81.015,26.570999999999998,25.6606,9.7075,0,1.97,1.97,1.182,0.9456,1.97,0,0,0,0,0,0,15,229,214,100.6,102.71999999999998,15
Sr(MnP)2,78.00412133,46.10981307,Sr1 Mn2 P2,15,38,23,23.6,6.88,15,8,83,75,55.6,21.919999999999998,52,30.973762,87.62,56.646238000000004,51.888722800000004,16.73196864,30.973762,317.3,1519,1201.7,944.5200000000001,501.77599999999995,317.3,2,15,13,9.2,4.64,7,3,5,2,3.8,0.64,3,107,195,88,137.4,24.32,107,0.95,2.19,1.24,1.686,0.4032,1.55,2,2,0,2,0,2,0,3,3,1.2,1.44,0,0,5,5,2,2.4,0,0,0,0,0,0,0,2,7,5,5.2,1.44,5,0,0,0,0,0,0,0,3,3,1.2,1.44,0,0,5,5,2,2.4,0,0,0,0,0,0,0,0,5,5,3.2,1.44,3,10.48758621,54.23,43.74241379,24.06912972,12.06434811,10.48758621,0,1.625,1.625,0.65,0.78,0,0,0.000310121,0.000310121,0.000124048,0.000148858,0,2,225,223,132.6,104.48000000000002,2
Y(AlSi)2,76.96392289,40.46186547,Y1 Al2 Si2,13,39,26,18.6,8.16,13,12,78,66,62.8,20.32,73,26.9815386,88.90585,61.9243114,39.807985439999996,19.639145823999996,26.9815386,933.47,1799,865.53,1407.988,379.6144,933.47,3,14,11,11.4,3.3599999999999994,13,3,5,2,3.4,0.6399999999999999,3,111,190,79,130.8,23.680000000000007,111,1.22,1.9,0.6799999999999999,1.6480000000000001,0.20159999999999995,1.61,2,2,0,2,0,2,0,2,2,1.2,0.64,1,0,1,1,0.2,0.32,0,0,0,0,0,0,0,3,4,1,3.4,0.48,3,0,0,0,0,0,0,0,5,5,3.6,1.44,4,0,9,9,1.8,2.88,0,0,0,0,0,0,0,4,9,5,5.4,1.4400000000000002,4,16.48,32.365,15.885000000000002,21.241000000000003,4.449600000000002,16.48,0,0.773,0.773,0.30920000000000003,0.37104,0,0,0,0,0,0,0,194,227,33,219.6,10.240000000000004,225
CaSi,53.26869169,37.79330817,Ca1 Si1,14,20,6,17,3,14,7,78,71,42.5,35.5,7,28.0855,40.078,11.992500000000003,34.08175,5.996250000000002,28.0855,1115,1687,572,1401,286,1115,2,14,12,8,6,2,3,4,1,3.5,0.5,3,111,176,65,143.5,32.5,111,1,1.9,0.8999999999999999,1.45,0.44999999999999996,1,2,2,0,2,0,2,0,2,2,1,1,0,0,0,0,0,0,0,0,0,0,0,0,0,2,4,2,3,1,2,0,0,0,0,0,0,0,4,4,2,2,0,0,0,0,0,0,0,0,0,0,0,0,0,0,4,4,2,2,0,20.44,37.77,17.330000000000002,29.105000000000004,8.665000000000001,20.44,0,0.773,0.773,0.3865,0.3865,0,0,0,0,0,0,0,225,227,2,226,1,225
VPbO3,54.40584727,38.08070669,V1 Pb1 O3,8,82,74,25.8,22.48,8,46,87,41,77.6,12.640000000000004,87,15.9994,207.2,191.20059999999998,61.227940000000004,58.388824,15.9994,54.8,2183,2128.2,589.6020000000001,641.7624000000001,54.8,5,16,11,13.4,3.3599999999999994,16,2,6,4,3.2,1.44,2,66,153,87,99.4,40.08,66,1.63,3.44,1.81,2.8560000000000003,0.7007999999999999,3.44,2,2,0,2,0,2,0,4,4,2.8,1.44,4,0,10,10,2.6,3.12,0,0,14,14,2.8,4.4799999999999995,0,5,28,23,10.2,7.119999999999999,6,0,0,0,0,0,0,0,4,4,2,0.8,2,0,7,7,1.4,2.2399999999999998,0,0,0,0,0,0,0,2,7,5,3.4,1.6799999999999997,2,9.105,28.11,19.005,13.687000000000001,5.7692000000000005,9.105,0,0,0,0,0,0,0,0,0,0,0,0,12,229,217,98,103.2,12
ZrVSi,155.8828181,60.1101641,Zr1 V1 Si1,14,40,26,25.666666666666668,9.555555555555555,14,44,78,34,56,14.666666666666666,44,28.0855,91.224,63.13850000000001,56.75033333333334,22.98244444444445,28.0855,1687,2183,496,1999.3333333333333,208.22222222222226,1687,4,14,10,7.666666666666667,4.222222222222222,4,3,5,2,4,0.6666666666666666,3,111,175,64,146.33333333333334,23.555555555555554,111,1.33,1.9,0.5699999999999998,1.6199999999999999,0.19333333333333327,1.33,2,2,0,2,0,2,0,2,2,0.6666666666666666,0.888888889,0,0,3,3,1.6666666666666667,1.111111111111111,0,0,0,0,0,0,0,4,5,1,4.333333333333333,0.44444444444444436,4,0,0,0,0,0,0,0,4,4,1.3333333333333333,1.777777777777778,0,0,8,8,5,3.3333333333333335,0,0,0,0,0,0,0,4,8,4,6.333333333333333,1.5555555555555556,4,13.01,23.195,10.185,18.881666666666664,3.9144444444444457,13.01,0,0.773,0.773,0.25766666666666665,0.3435555555555556,0,0,0,0,0,0,0,194,229,35,216.66666666666666,15.111111111111114,194
ZrSO,130.1485504,50.27068404,Zr1 S1 O1,8,40,32,21.333333333333332,12.444444444444443,8,44,88,44,73,19.333333333333332,44,15.9994,91.224,75.22460000000001,46.42946666666666,29.863022222222224,15.9994,54.8,2128,2073.2,857.0533333333334,847.2977777777778,54.8,4,16,12,12,5.333333333333333,4,2,5,3,3.3333333333333335,1.1111111111111112,2,66,175,109,115.33333333333333,39.77777777777778,66,1.33,3.44,2.11,2.4499999999999997,0.7466666666666667,1.33,2,2,0,2,0,2,0,4,4,2.6666666666666665,1.777777777777778,0,0,2,2,0.6666666666666666,0.8888888888888888,0,0,0,0,0,0,0,4,6,2,5.333333333333333,0.888888889,4,0,0,0,0,0,0,0,2,2,1.3333333333333333,0.888888889,0,0,8,8,2.6666666666666665,3.5555555555555554,0,0,0,0,0,0,0,2,8,6,4,2.6666666666666665,2,9.105,25.786875,16.681874999999998,19.362291666666668,6.838194444444444,9.105,0,2.202,2.202,0.734,0.9786666666666667,0,0,0,0,0,0,0,12,194,182,92,68,12
B2O3,33.17801805,35.86279114,B2 O3,5,8,3,6.8,1.44,8,72,87,15,81,7.2,87,10.811,15.9994,5.1884,13.92404,2.4904319999999998,15.9994,54.8,2348,2293.2,972.0799999999999,1100.736,54.8,13,16,3,14.8,1.44,16,2,2,0,2,0,2,66,84,18,73.2,8.64,66,2.04,3.44,1.4,2.88,0.6719999999999999,3.44,2,2,0,2,0,2,1,4,3,2.8,1.44,4,0,0,0,0,0,0,0,0,0,0,0,0,3,6,3,4.8,1.44,6,0,0,0,0,0,0,2,5,3,3.2,1.44,2,0,0,0,0,0,0,0,0,0,0,0,0,2,5,3,3.2,1.44,2,7.1725,9.105,1.9325,8.332,0.9276,9.105,0,1.524,1.524,0.6096,0.7315200000000001,0,0,0,0,0,0,0,12,166,154,73.6,73.92,12
LiRhO2,121.2643612,48.48982335,Li1 Rh1 O2,3,45,42,16,14.5,8,1,87,86,58.5,28.75,87,6.941,102.9055,95.9645,35.461325,33.7220875,15.9994,54.8,2237,2182.2,700.0725,768.46375,54.8,1,16,15,10.5,5.5,16,2,5,3,2.75,1.125,2,66,142,76,100.5,34.5,66,0.98,3.44,2.46,2.535,0.905,3.44,1,2,1,1.5,0.5,2,0,4,4,2,2,4,0,8,8,2,3,0,0,0,0,0,0,0,1,9,8,5.5,2.25,6,0,1,1,0.5,0.5,0,0,2,2,1,1,2,0,2,2,0.5,0.75,0,0,0,0,0,0,0,1,3,2,2,0.5,2,9.105,16.59333333,7.488333333299998,12.110833333325001,3.0058333333249996,9.105,0,0,0,0,0,0,0,0,0,0,0,0,12,229,217,119.5,107.5,12
BaCuP,57.26440236,36.94807629,Ba1 Cu1 P1,15,56,41,33.333333333333336,15.111111111111112,15,9,83,74,52,28.666666666666668,9,30.973762,137.327,106.353238,77.282254,40.02983066666667,30.973762,317.3,1357.77,1040.47,891.69,382.9266666666667,317.3,2,15,13,9.333333333333334,4.888888888888888,2,3,6,3,4.333333333333333,1.111111111111111,3,107,215,108,151.33333333333334,42.44444444444445,107,0.89,2.19,1.2999999999999998,1.6600000000000001,0.5133333333333332,0.89,1,2,1,1.6666666666666667,0.4444444444444444,1,0,3,3,1,1.3333333333333333,0,0,10,10,3.3333333333333335,4.444444444444445,0,0,0,0,0,0,0,2,11,9,6,3.3333333333333335,2,0,1,1,0.3333333333333333,0.4444444444444444,0,0,3,3,1,1.3333333333333333,0,0,0,0,0,0,0,0,0,0,0,0,0,0,3,3,1.3333333333333333,1.111111111111111,0,11.07,63.59,52.52,32.410079365066665,20.78661375662222,11.07,0,1.625,1.625,0.5416666666666666,0.7222222222222223,0,0,0,0,0,0,0,2,229,227,152,100,2
CaPd3O4,165.7992002,54.96009426,Ca1 Pd3 O4,8,46,38,23.75,16.6875,8,7,87,80,67.625,19.375,87,15.9994,106.42,90.42060000000001,52.91694999999999,40.127287499999994,15.9994,54.8,1828.05,1773.25,852.2937499999999,797.4937500000001,54.8,2,16,14,12,4,16,2,5,3,3.375,1.375,2,66,176,110,107.125,41.125,66,1,3.44,2.44,2.67,0.7699999999999999,3.44,0,2,2,1.25,0.9375,2,0,4,4,2,2,4,0,10,10,3.75,4.6875,0,0,0,0,0,0,0,2,10,8,7,2.25,6,0,0,0,0,0,0,0,2,2,1,1,2,0,0,0,0,0,0,0,0,0,0,0,0,0,2,2,1,1,2,9.105,37.77,28.665000000000003,14.6775,5.773125,9.105,0,0,0,0,0,0,0,0,0,0,0,0,12,225,213,118.5,106.5,12
CoMoO4,140.2077845,51.87003878,Co1 Mo1 O4,8,42,34,16.833333333333332,11.777777777777777,8,50,87,37,76,14.666666666666666,87,15.9994,95.96,79.9606,36.48179916666667,27.309865555555557,15.9994,54.8,2896,2841.2,813.8666666666667,1012.0888888888888,54.8,6,16,10,13.166666666666666,3.777777777777778,16,2,5,3,2.8333333333333335,1.1111111111111112,2,66,154,88,90.66666666666667,32.88888888888889,66,1.88,3.44,1.56,2.966666666666667,0.6311111111111111,3.44,1,2,1,1.8333333333333333,0.27777777777777785,2,0,4,4,2.6666666666666665,1.777777777777778,4,0,7,7,2,2.6666666666666665,0,0,0,0,0,0,0,6,9,3,6.5,0.8333333333333334,6,0,1,1,0.16666666666666666,0.27777777777777773,0,0,2,2,1.3333333333333333,0.888888889,2,0,5,5,1.3333333333333333,1.777777777777778,0,0,0,0,0,0,0,2,6,4,2.8333333333333335,1.1111111111111112,2,9.105,15.69,6.584999999999999,10.3925,1.7658333333333331,9.105,0,0,0,0,0,0,0,1.5484712,1.5484712,0.25807853333333336,0.4301308888888889,0,12,229,217,78.5,88.66666666666667,12
Sr(ZnP)2,63.21216135,42.90924759,Sr1 Zn2 P2,15,38,23,25.6,8.48,15,8,83,75,62.4,21.759999999999998,69,30.973762,87.62,56.646238000000004,56.0655048,20.07339424,30.973762,317.3,1050,732.7,613.992,237.3536,317.3,2,15,13,11.2,3.6800000000000006,12,3,5,2,3.8,0.64,3,107,195,88,130.6,25.759999999999998,107,0.95,2.19,1.24,1.7259999999999998,0.3712,1.65,2,2,0,2,0,2,0,3,3,1.2,1.44,0,0,10,10,4,4.8,0,0,0,0,0,0,0,2,12,10,7.2,3.8400000000000007,5,0,0,0,0,0,0,0,3,3,1.2,1.44,0,0,0,0,0,0,0,0,0,0,0,0,0,0,3,3,1.2,1.44,0,13.96,54.23,40.269999999999996,25.45809524,11.508761904767997,13.96,0,1.625,1.625,0.65,0.78,0,0,0,0,0,0,0,2,225,223,123.4,97.12,2
MgNi3C,175.6175448,58.90333642,Mg1 Ni3 C1,6,28,22,20.4,9.120000000000001,28,61,77,16,65.6,5.519999999999999,61,12.0107,58.6934,46.6827,42.47918,19.457063999999995,58.6934,923,3823,2900,1986,734.8,1728,2,14,12,9.2,2.8800000000000003,10,2,4,2,3.4,0.72,4,76,141,65,117.8,16.720000000000002,124,1.31,2.55,1.2399999999999998,1.918,0.25279999999999997,1.91,2,2,0,2,0,2,0,2,2,0.4,0.64,0,0,8,8,4.8,3.8400000000000007,8,0,0,0,0,0,0,2,10,8,7.2,3.3599999999999994,10,0,0,0,0,0,0,0,4,4,0.8,1.28,0,0,2,2,1.2,0.9600000000000002,2,0,0,0,0,0,0,0,4,4,2,0.8,2,5.64,22.89,17.25,11.898,4.3968,10.32,0,4.496,4.496,0.8992000000000001,1.4387200000000002,0,0,0.5953947,0.5953947,0.35723682000000007,0.285789456,0.5953947,194,225,31,212.6,14.88,225
Ca2SiIr2,97.14113099,39.93493366,Ca2 Si1 Ir2,14,77,63,41.6,28.320000000000004,20,7,78,71,42.4,28.320000000000004,7,28.0855,192.217,164.13150000000002,98.53510000000001,74.94552000000002,40.078,1115,2739,1624,1879,688,1115,2,14,12,7.2,4.159999999999999,2,3,6,3,4.6,1.1199999999999999,4,111,176,65,149,21.6,141,1,2.2,1.2000000000000002,1.6600000000000001,0.528,1,2,2,0,2,0,2,0,2,2,0.4,0.64,0,0,7,7,2.8,3.3599999999999994,0,0,14,14,5.6,6.719999999999999,0,2,23,21,10.8,9.76,2,0,0,0,0,0,0,0,4,4,0.8,1.28,0,0,3,3,1.2,1.44,0,0,0,0,0,0,0,0,4,4,2,1.6,0,14.21,37.77,23.560000000000002,24.880000000000003,10.312000000000001,14.21,0,0.773,0.773,0.15460000000000002,0.24736000000000002,0,0,0,0,0,0,0,225,227,2,225.4,0.6400000000000035,225
AlAgO2,153.9719698,60.13982995,Al1 Ag1 O2,8,47,39,19,14,8,65,87,22,78,9,87,15.9994,107.8682,91.86880000000001,41.712134649999996,33.07803268,15.9994,54.8,1234.93,1180.13,569.5,514.7,54.8,11,16,5,14,2,16,2,5,3,3,1,2,66,145,79,99.5,33.5,66,1.61,3.44,1.8299999999999998,2.605,0.835,3.44,1,2,1,1.75,0.375,2,0,4,4,2.25,1.75,4,0,10,10,2.5,3.75,0,0,0,0,0,0,0,3,11,8,6.5,2.25,6,0,1,1,0.25,0.375,0,0,5,5,2.25,1.375,2,0,0,0,0,0,0,0,0,0,0,0,0,1,5,4,2.5,1.25,2,9.105,16.48,7.375,12.755,3.6499999999999995,9.105,0,0,0,0,0,0,0,0,0,0,0,0,12,225,213,118.5,106.5,12
Si2Pd9,163.277986,37.34563431,Si2 Pd9,14,46,32,40.18181818181818,9.520661157024795,46,62,78,16,64.90909091,4.760330578512395,62,28.0855,106.42,78.3345,92.17736363636364,23.30613223140496,106.42,1687,1828.05,141.04999999999995,1802.4045454545455,41.965289256198254,1828.05,10,14,4,10.727272727272727,1.1900826446280988,10,3,5,2,4.636363636363637,0.5950413223140494,5,111,139,28,133.9090909090909,8.330578512396697,139,1.9,2.2,0.30000000000000027,2.1454545454545455,0.089256198,2.2,0,2,2,0.36363636363636365,0.5950413223140495,0,0,2,2,0.36363636363636365,0.5950413223140495,0,0,10,10,8.181818181818182,2.9752066115702487,10,0,0,0,0,0,0,4,10,6,8.909090909090908,1.785123966942149,10,0,0,0,0,0,0,0,4,4,0.7272727272727273,1.190082644628099,0,0,0,0,0,0,0,0,0,0,0,0,0,0,4,4,0.7272727272727273,1.190082644628099,0,14.41,20.44,6.030000000000001,15.506363636363636,1.7940495867768596,14.41,0,0.773,0.773,0.14054545454545456,0.2299834710743802,0,0,0,0,0,0,0,225,227,2,225.36363636363637,0.5950413223140562,225
MgWO4,121.7621106,46.72874123,Mg1 W1 O4,8,74,66,19.666666666666668,18.11111111111111,8,51,87,36,77.83333333333333,12.222222222222223,87,15.9994,183.84,167.8406,45.3571,46.16096666666667,15.9994,54.8,3695,3640.2,806.1999999999999,1001.8666666666668,54.8,2,16,14,12,5.333333333333333,16,2,6,4,2.8333333333333335,1.1111111111111112,2,66,162,96,94.5,38,66,1.31,3.44,2.13,2.905,0.7133333333333334,3.44,2,2,0,2,0,2,0,4,4,2.6666666666666665,1.777777777777778,4,0,4,4,0.6666666666666666,1.111111111111111,0,0,14,14,2.3333333333333335,3.8888888888888893,0,2,20,18,7.666666666666667,4.111111111111112,6,0,0,0,0,0,0,0,2,2,1.3333333333333333,0.888888889,2,0,6,6,1,1.6666666666666667,0,0,0,0,0,0,0,0,6,6,2.3333333333333335,1.2222222222222223,2,9.105,22.89,13.785,12.56,4.6066666666666665,9.105,0,0,0,0,0,0,0,0,0,0,0,0,12,229,217,78.5,88.66666666666667,12
TiO2,180.828052,60.85727427,Ti1 O2,8,22,14,12.666666666666666,6.222222222222221,8,43,87,44,72.33333333333333,19.555555555555557,87,15.9994,47.867,31.867599999999996,26.62193333333333,14.163377777777777,15.9994,54.8,1941,1886.2,683.5333333333333,838.3111111111111,54.8,4,16,12,12,5.333333333333333,16,2,4,2,2.6666666666666665,0.8888888888888888,2,66,160,94,97.33333333333333,41.77777777777778,66,1.54,3.44,1.9,2.8066666666666666,0.8444444444444444,3.44,2,2,0,2,0,2,0,4,4,2.6666666666666665,1.777777777777778,4,0,2,2,0.6666666666666666,0.888888889,0,0,0,0,0,0,0,4,6,2,5.333333333333333,0.888888889,6,0,0,0,0,0,0,0,2,2,1.3333333333333333,0.888888889,2,0,8,8,2.6666666666666665,3.555555555555556,0,0,0,0,0,0,0,2,8,6,4,2.6666666666666665,2,9.105,16.69,7.585000000000001,11.633333333333335,3.371111111111112,9.105,0,0,0,0,0,0,0,2.25333333333e-05,2.25333333333e-05,7.5111111111e-06,1.00148148148e-05,0,12,194,182,72.66666666666667,80.88888889,12
Ti3AlN,163.2710393,44.85695115,Ti3 Al1 N1,7,22,15,17.2,5.76,22,43,82,39,56.8,16.56,43,14.0067,47.867,33.860299999999995,36.91784772,13.138982735999997,47.867,63.05,1941,1877.95,1363.904,692.5152,1941,4,15,11,8,4.8,4,2,4,2,3.4,0.72,4,71,160,89,134.4,30.72,160,1.54,3.04,1.5,1.8539999999999999,0.4743999999999999,1.54,2,2,0,2,0,2,0,3,3,0.8,0.9600000000000002,0,0,2,2,1.2,0.9600000000000002,2,0,0,0,0,0,0,3,5,2,4,0.4,4,0,0,0,0,0,0,0,5,5,1.6,1.9200000000000004,0,0,8,8,4.8,3.8400000000000007,8,0,0,0,0,0,0,3,8,5,6.4,1.92,8,14.76875,16.69,1.9212500000000006,16.26375,0.5979999999999996,16.69,0,6.437,6.437,1.2874,2.0598400000000003,0,0,2.25333333333e-05,2.25333333333e-05,1.351999999998e-05,1.0815999999984002e-05,2.25333333333e-05,194,225,31,200.2,9.919999999999993,194
YSiNi,112.2134696,62.083654,Y1 Si1 Ni1,14,39,25,27,8.666666666666666,14,12,78,66,50.333333333333336,25.555555555555554,12,28.0855,88.90585,60.820350000000005,58.56158333333334,20.31738888888889,28.0855,1687,1799,112,1738,40.666666666666664,1687,3,14,11,9,4,3,3,5,2,4,0.6666666666666666,3,111,190,79,141.66666666666666,32.22222222222222,111,1.22,1.91,0.69,1.6766666666666667,0.30444444444444435,1.22,2,2,0,2,0,2,0,2,2,0.6666666666666666,0.8888888888888888,0,0,8,8,3,3.3333333333333335,0,0,0,0,0,0,0,3,10,7,5.666666666666667,2.8888888888888893,3,0,0,0,0,0,0,0,4,4,1.3333333333333333,1.7777777777777777,0,0,9,9,3.6666666666666665,3.5555555555555554,0,0,0,0,0,0,0,2,9,7,5,2.6666666666666665,2,10.32,32.365,22.045,21.041666666666668,7.548888888888889,10.32,0,0.773,0.773,0.25766666666666665,0.3435555555555556,0,0,0.5953947,0.5953947,0.19846490000000003,0.26461986666666665,0,194,227,33,215.33333333333334,14.22222222222222,194
ZrO2,168.6405803,48.01833587,Zr1 O2,8,40,32,18.666666666666668,14.222222222222223,8,44,87,43,72.66666666666667,19.11111111111111,87,15.9994,91.224,75.22460000000001,41.07426666666667,33.43315555555555,15.9994,54.8,2128,2073.2,745.8666666666667,921.4222222222221,54.8,4,16,12,12,5.333333333333333,16,2,5,3,3,1.3333333333333333,2,66,175,109,102.33333333333333,48.444444444444436,66,1.33,3.44,2.11,2.736666666666667,0.9377777777777777,3.44,2,2,0,2,0,2,0,4,4,2.6666666666666665,1.777777777777778,4,0,2,2,0.6666666666666666,0.888888889,0,0,0,0,0,0,0,4,6,2,5.333333333333333,0.888888889,6,0,0,0,0,0,0,0,2,2,1.3333333333333333,0.888888889,2,0,8,8,2.6666666666666665,3.555555555555556,0,0,0,0,0,0,0,2,8,6,4,2.6666666666666665,2,9.105,23.195,14.09,13.801666666666668,6.262222222222223,9.105,0,0,0,0,0,0,0,0,0,0,0,0,12,194,182,72.66666666666667,80.88888889,12
Ca3AsN,59.65888628,44.92505751,Ca3 As1 N1,7,33,26,20,5.2,20,7,84,77,37.4,36.48,7,14.0067,74.9216,60.914899999999996,41.83246,13.235655999999995,40.078,63.05,1115,1051.95,899.61,334.62399999999997,1115,2,15,13,7.2,6.24,2,2,4,2,3.6,0.6399999999999999,4,71,176,105,143.6,38.88,176,1,3.04,2.04,1.6439999999999997,0.7727999999999999,1,2,2,0,2,0,2,0,3,3,1.2,1.44,0,0,10,10,2,3.2,0,0,0,0,0,0,0,2,15,13,5.2,3.9200000000000004,2,0,0,0,0,0,0,0,3,3,1.2,1.44,0,0,0,0,0,0,0,0,0,0,0,0,0,0,3,3,1.2,1.44,0,14.76875,37.77,23.001250000000002,30.050750000000004,9.2631,37.77,0,6.437,6.437,1.2874,2.0598400000000003,0,0,0,0,0,0,0,166,225,59,207,21.6,225
YCo4B,164.155356,58.47377897,Y1 Co4 B1,5,39,34,25.333333333333332,6.777777777777779,27,12,72,60,52.666666666666664,13.555555555555557,58,10.811,88.90585,78.09485000000001,55.90827166666666,15.032423888888895,58.933195,1768,2348,580,1869.8333333333333,159.38888888888883,1768,3,13,10,8.666666666666666,1.8888888888888893,9,2,5,3,3.8333333333333335,0.611111111,4,84,190,106,129.66666666666666,20.111111111111104,126,1.22,2.04,0.8200000000000001,1.7966666666666669,0.19222222222222204,1.88,2,2,0,2,0,2,0,1,1,0.16666666666666666,0.27777777777777773,0,0,7,7,4.833333333333333,2.888888888888889,7,0,0,0,0,0,0,3,9,6,7,2.6666666666666665,9,0,0,0,0,0,0,0,5,5,0.8333333333333334,1.388888888888889,0,0,9,9,3.5,1.8333333333333333,3,0,0,0,0,0,0,3,9,6,4.333333333333333,1.777777777777778,3,7.1725,32.365,25.192500000000003,13.419583333333334,6.315138889,10.245,0,1.524,1.524,0.254,0.42333333333333334,0,0,1.5484712,1.5484712,1.0323141333333334,0.6882094222222221,1.5484712,166,194,28,189.33333333333334,7.7777777777777715,194
CaMgSi,50.30273921,40.31459868,Ca1 Mg1 Si1,12,20,8,15.333333333333334,3.111111111111111,12,7,78,71,51,29.333333333333332,7,24.305,40.078,15.773000000000003,30.822833333333335,6.170111111111113,24.305,923,1687,764,1241.6666666666667,296.8888888888889,923,2,14,12,6,5.333333333333333,2,3,4,1,3.3333333333333335,0.4444444444444445,3,111,176,65,142.66666666666666,22.222222222222218,111,1,1.9,0.8999999999999999,1.4033333333333333,0.3311111111111111,1,2,2,0,2,0,2,0,2,2,0.6666666666666666,0.888888889,0,0,0,0,0,0,0,0,0,0,0,0,0,2,4,2,2.6666666666666665,0.8888888888888888,2,0,0,0,0,0,0,0,4,4,1.3333333333333333,1.777777777777778,0,0,0,0,0,0,0,0,0,0,0,0,0,0,4,4,1.3333333333333333,1.777777777777778,0,20.44,37.77,17.330000000000002,27.033333333333335,7.1577777777777785,20.44,0,0.773,0.773,0.25766666666666665,0.3435555555555556,0,0,0,0,0,0,0,194,227,33,215.33333333333334,14.22222222222222,194
Y2Si2Rh,105.5907531,62.55669672,Y2 Si2 Rh1,14,45,31,30.2,12.959999999999999,14,12,78,66,47.8,28.639999999999997,12,28.0855,102.9055,74.82000000000001,67.37764,31.433712000000003,28.0855,1687,2237,550,1841.8,158.07999999999998,1687,3,14,11,8.6,4.4799999999999995,3,3,5,2,4.2,0.96,3,111,190,79,148.8,32.96,111,1.22,2.28,1.0599999999999998,1.704,0.38719999999999993,1.22,1,2,1,1.8,0.31999999999999995,2,0,2,2,0.8,0.96,0,0,8,8,2,2.4,0,0,0,0,0,0,0,3,9,6,4.6,1.7599999999999998,3,0,1,1,0.2,0.32,0,0,4,4,1.6,1.92,0,0,9,9,4,4,0,0,0,0,0,0,0,3,9,6,5.8,2.56,4,13.64,32.365,18.725,23.85,6.812,20.44,0,0.773,0.773,0.30920000000000003,0.37104,0,0,0,0,0,0,0,194,227,33,213.4,15.52,194
MnCuO2,112.0474188,41.26115022,Mn1 Cu1 O2,8,29,21,17.5,9.5,8,52,87,35,72.5,14.5,87,15.9994,63.546,47.5466,37.62071125,21.621311249999998,15.9994,54.8,1519,1464.2,746.5925,691.7925,54.8,7,16,9,12.5,3.5,16,2,4,2,3,1,2,66,139,73,100.75,34.75,66,1.55,3.44,1.89,2.5825,0.8574999999999999,3.44,1,2,1,1.75,0.375,2,0,4,4,2,2,4,0,10,10,3.75,3.75,0,0,0,0,0,0,0,6,11,5,7.5,1.75,6,0,1,1,0.25,0.375,0,0,2,2,1,1,2,0,5,5,1.25,1.875,0,0,0,0,0,0,0,1,5,4,2.5,1.25,2,9.105,11.07,1.9649999999999999,9.941896552,0.8368965517249998,9.105,0,0,0,0,0,0,0,0.000310121,0.000310121,7.753017241375e-05,0.000116295,0,12,225,213,116.5,104.5,12
SrNbO3,173.1421997,80.5839977,Sr1 Nb1 O3,8,41,33,20.6,15.12,8,8,87,79,63.2,28.560000000000002,87,15.9994,92.90638,76.90698,45.704916000000004,35.646619199999996,15.9994,54.8,2750,2695.2,792.88,885.6959999999999,54.8,2,16,14,11,6,16,2,5,3,3.2,1.44,2,66,195,129,111.4,54.48,66,0.95,3.44,2.49,2.5740000000000003,1.0392,3.44,1,2,1,1.8,0.31999999999999995,2,0,4,4,2.4,1.9200000000000004,4,0,4,4,0.8,1.28,0,0,0,0,0,0,0,2,6,4,5,1.2,6,0,1,1,0.2,0.32,0,0,2,2,1.2,0.9600000000000002,2,0,6,6,1.2,1.92,0,0,0,0,0,0,0,0,7,7,2.6,1.7600000000000002,2,9.105,54.23,45.125,19.945,13.713999999999999,9.105,0,0,0,0,0,0,0,0,0,0,0,0,12,229,217,98,103.2,12
V2FeS4,90.43445418,72.33982832,V2 Fe1 S4,16,26,10,19.428571428571427,3.9183673469387754,16,46,88,42,71.28571428571429,19.102040816326532,88,32.065,55.845,23.78,40.85542857142857,10.046204081632652,32.065,388.36,2183,1794.6399999999999,1104.3485714285714,818.2726530612246,388.36,5,16,11,11.714285714285714,4.8979591836734695,16,3,4,1,3.4285714285714284,0.4897959183673469,3,105,153,48,122.57142857142857,20.081632653061224,105,1.63,2.58,0.9500000000000002,2.2014285714285715,0.4326530612244898,2.58,2,2,0,2,0,2,0,4,4,2.2857142857142856,1.959183673469388,4,0,6,6,1.7142857142857142,1.959183673469388,0,0,0,0,0,0,0,5,8,3,6,0.5714285714285714,6,0,0,0,0,0,0,0,2,2,1.1428571428571428,0.979591837,2,0,7,7,2.5714285714285716,2.938775510204082,0,0,0,0,0,0,0,2,7,5,3.7142857142857144,1.959183673469388,2,10.73,25.786875,15.056874999999998,19.98535714285714,6.630306122448979,25.786875,0,2.202,2.202,1.2582857142857142,1.0785306122448979,2.202,0,2.1106628,2.1106628,0.30152325714285716,0.5168970122448979,0,70,229,159,138.14285714285714,77.87755102040816,70
NaNbO2,145.5485416,97.25948548,Na1 Nb1 O2,8,41,33,17,12,8,2,87,85,55.75,31.25,87,15.9994,92.90638,76.90698,36.97373732,27.966321339999997,15.9994,54.8,2750,2695.2,807.6175,971.1912500000001,54.8,1,16,15,9.5,6.5,16,2,5,3,3,1,2,66,166,100,115.5,49.5,66,0.93,3.44,2.51,2.3525,1.0875,3.44,1,2,1,1.5,0.5,2,0,4,4,2,2,4,0,4,4,1,1.5,0,0,0,0,0,0,0,1,6,5,4.5,1.75,6,0,1,1,0.5,0.5,0,0,2,2,1,1,2,0,6,6,1.5,2.25,0,0,0,0,0,0,0,1,7,6,3,2,2,9.105,29.24333333,20.13833333,16.40833333,7.303333333,9.105,0,0,0,0,0,0,0,0,0,0,0,0,12,229,217,120.5,108.5,12
Sc5Si3,89.09768298,72.06727441,Sc5 Si3,14,21,7,18.375,3.28125,21,11,78,67,36.125,31.40625,11,28.0855,44.955912,16.870411999999998,38.6295075,7.908005624999998,44.955912,1687,1814,127,1766.375,59.53125,1814,3,14,11,7.125,5.15625,3,3,4,1,3.625,0.46875,4,111,170,59,147.875,27.65625,170,1.36,1.9,0.5399999999999998,1.5625,0.25312499999999993,1.36,2,2,0,2,0,2,0,2,2,0.75,0.9375,0,0,1,1,0.625,0.46875,1,0,0,0,0,0,0,3,4,1,3.375,0.46875,3,0,0,0,0,0,0,0,4,4,1.5,1.875,0,0,9,9,5.625,4.21875,9,0,0,0,0,0,0,4,9,5,7.125,2.34375,9,20.44,22.235,1.7949999999999982,21.561875,0.84140625,22.235,0,0.773,0.773,0.289875,0.36234374999999996,0,0,6.35e-06,6.35e-06,3.96875e-06,2.9765625000000004e-06,6.35e-06,194,227,33,206.375,15.46875,194
ReSi,246.269738,93.23009526,Re1 Si1,14,75,61,44.5,30.5,14,54,78,24,66,12,54,28.0855,186.207,158.1215,107.14625,79.06075,28.0855,1687,3459,1772,2573,886,1687,7,14,7,10.5,3.5,7,3,6,3,4.5,1.5,3,111,151,40,131,20,111,1.9,1.9,0,1.9,0,1.9,2,2,0,2,0,2,0,2,2,1,1,0,0,5,5,2.5,2.5,0,0,14,14,7,7,0,4,21,17,12.5,8.5,4,0,0,0,0,0,0,0,4,4,2,2,0,0,5,5,2.5,2.5,0,0,0,0,0,0,0,4,5,1,4.5,0.5,4,14.655,20.44,5.785000000000002,17.5475,2.892500000000001,14.655,0,0.773,0.773,0.3865,0.3865,0,0,0,0,0,0,0,194,227,33,210.5,16.5,194
CaMg2N2,101.1454001,73.15848834,Ca1 Mg2 N2,7,20,13,11.6,3.6799999999999997,7,7,82,75,61.4,21.759999999999998,68,14.0067,40.078,26.0713,23.34028,7.466864000000001,14.0067,63.05,1115,1051.95,617.42,443.4960000000001,63.05,2,15,13,7.2,6.24,2,2,4,2,2.8,0.64,2,71,176,105,120,39.2,71,1,3.04,2.04,1.94,0.8800000000000001,1.31,2,2,0,2,0,2,0,3,3,1.2,1.44,0,0,0,0,0,0,0,0,0,0,0,0,0,2,5,3,3.2,1.44,2,0,0,0,0,0,0,0,3,3,1.2,1.44,0,0,0,0,0,0,0,0,0,0,0,0,0,0,3,3,1.2,1.44,0,14.76875,37.77,23.001250000000002,22.6175,6.279000000000001,14.76875,0,6.437,6.437,2.5748,3.0897600000000005,0,0,0,0,0,0,0,194,225,31,200.2,9.919999999999993,194
Zr2InC,118.5347245,82.38612718,Zr2 In1 C1,6,49,43,33.75,13.875,40,44,77,33,60,16,44,12.0107,114.818,102.8073,77.319175,32.6542375,91.224,429.75,3823,3393.25,2127.1875,848.71875,2128,4,14,10,8.75,4.75,4,2,5,3,4.25,1.125,5,76,175,99,142,33,175,1.33,2.55,1.2199999999999998,1.7475,0.4174999999999999,1.33,2,2,0,2,0,2,0,2,2,0.75,0.75,0,0,10,10,3.5,3.25,2,0,0,0,0,0,0,4,13,9,6.25,3.375,4,0,0,0,0,0,0,0,5,5,2.25,2.25,0,0,8,8,4,4,8,0,0,0,0,0,0,4,8,4,6.25,1.75,8,5.64,24.26,18.62,19.0725,6.71625,23.195,0,4.496,4.496,1.124,1.6860000000000002,0,0,0,0,0,0,0,139,194,55,180.25,20.625,194
SiNi,164.2185819,81.76885881,Si1 Ni1,14,28,14,21,7,14,61,78,17,69.5,8.5,61,28.0855,58.6934,30.607899999999997,43.38945,15.303949999999999,28.0855,1687,1728,41,1707.5,20.5,1687,10,14,4,12,2,10,3,4,1,3.5,0.5,3,111,124,13,117.5,6.5,111,1.9,1.91,0.010000000000000009,1.9049999999999998,0.005,1.9,2,2,0,2,0,2,0,2,2,1,1,0,0,8,8,4,4,0,0,0,0,0,0,0,4,10,6,7,3,4,0,0,0,0,0,0,0,4,4,2,2,0,0,2,2,1,1,0,0,0,0,0,0,0,2,4,2,3,1,2,10.32,20.44,10.120000000000001,15.38,5.0600000000000005,10.32,0,0.773,0.773,0.3865,0.3865,0,0,0.5953947,0.5953947,0.29769735,0.29769735,0,225,227,2,226,1,225
ScBRh3,194.0064118,95.62551931,Sc1 B1 Rh3,5,45,40,32.2,15.36,45,11,72,61,52,16.4,59,10.811,102.9055,92.09450000000001,72.8966824,36.010581120000005,102.9055,1814,2348,534,2174.6,144.24000000000007,2237,3,13,10,8.6,2.24,9,2,5,3,4.2,0.96,5,84,170,86,136,20.8,142,1.36,2.28,0.9199999999999997,2.048,0.27839999999999987,2.28,1,2,1,1.4,0.48,1,0,1,1,0.2,0.32,0,0,8,8,5,3.6,8,0,0,0,0,0,0,3,9,6,6.6,2.88,9,0,1,1,0.6,0.4800000000000001,1,0,5,5,1,1.6,0,0,9,9,3,2.4,2,0,0,0,0,0,0,3,9,6,4.6,1.92,3,7.1725,22.235,15.0625,14.0655,3.2678,13.64,0,1.524,1.524,0.3048,0.48768,0,0,6.35e-06,6.35e-06,1.2700000000000001e-06,2.032e-06,0,166,225,59,207,21.6,225
KCrO2,111.2685573,70.20970283,K1 Cr1 O2,8,24,16,14.75,6.75,8,3,87,84,56.5,30.5,87,15.9994,51.9961,35.9967,30.773300000000003,14.773900000000001,15.9994,54.8,2180,2125.2,656.5324999999999,761.7337500000001,54.8,1,16,15,9.75,6.25,16,2,4,2,3,1,2,66,203,137,118.5,52.5,66,0.82,3.44,2.62,2.34,1.1,3.44,1,2,1,1.5,0.5,2,0,4,4,2,2,4,0,5,5,1.25,1.875,0,0,0,0,0,0,0,1,6,5,4.75,1.875,6,0,1,1,0.5,0.5,0,0,2,2,1,1,2,0,5,5,1.25,1.875,0,0,0,0,0,0,0,1,6,5,2.75,1.625,2,9.105,73.10666667,64.00166666669999,25.62666667,23.74,9.105,0,0,0,0,0,0,0,0,0,0,0,0,12,229,217,120.5,108.5,12
Hf3(Cu2Si)2,148.1047722,80.16566411,Hf3 Cu4 Si2,14,72,58,40,21.333333333333332,29,45,78,33,60.77777777777778,10.518518518518517,64,28.0855,178.49,150.4045,93.98055555555555,56.33962962962963,63.546,1357.77,2506,1148.23,1813.6755555555555,461.54962962962964,1357.77,4,14,10,9.333333333333334,3.5555555555555554,11,3,6,3,4.444444444444445,1.0370370370370372,4,111,175,64,141.66666666666666,22.222222222222218,132,1.3,1.9,0.5999999999999999,1.7000000000000002,0.2666666666666665,1.9,1,2,1,1.5555555555555556,0.4938271604938272,1,0,2,2,0.4444444444444444,0.691358025,0,0,10,10,5.111111111111111,4.345679012,10,0,14,14,4.666666666666667,6.222222222222222,0,4,18,14,11.777777777777779,4.148148148148149,11,0,1,1,0.4444444444444444,0.4938271604938272,1,0,4,4,0.8888888888888888,1.382716049382716,0,0,8,8,2.6666666666666665,3.5555555555555554,0,0,0,0,0,0,0,1,8,7,4,2.6666666666666665,1,11.07,22.2,11.129999999999999,16.862222222222222,5.148641975308642,11.07,0,0.773,0.773,0.17177777777777778,0.2672098765432099,0,0,0,0,0,0,0,194,227,33,215.11111111111111,14.074074074074073,225
SrMg2N2,94.17109274,70.18994937,Sr1 Mg2 N2,7,38,31,15.2,9.12,7,8,82,74,61.6,21.44,68,14.0067,87.62,73.61330000000001,32.84868,21.908528,14.0067,63.05,1050,986.95,604.42,433.0960000000001,63.05,2,15,13,7.2,6.24,2,2,5,3,3,0.8,2,71,195,124,123.8,42.239999999999995,71,0.95,3.04,2.09,1.9300000000000002,0.8880000000000001,1.31,2,2,0,2,0,2,0,3,3,1.2,1.44,0,0,0,0,0,0,0,0,0,0,0,0,0,2,5,3,3.2,1.44,2,0,0,0,0,0,0,0,3,3,1.2,1.44,0,0,0,0,0,0,0,0,0,0,0,0,0,0,3,3,1.2,1.44,0,14.76875,54.23,39.46124999999999,25.909499999999998,11.328199999999999,14.76875,0,6.437,6.437,2.5748,3.0897600000000005,0,0,0,0,0,0,0,194,225,31,200.2,9.919999999999993,194
Al2SiO5,141.2639498,88.57434358,Al2 Si1 O5,8,14,6,10,2.5,8,73,87,14,82.375,5.78125,87,15.9994,28.0855,12.0861,20.25569715,5.320371438,15.9994,54.8,1687,1632.2,478.4925,529.615625,54.8,13,16,3,15,1.25,16,2,3,1,2.375,0.46875,2,66,121,55,85.375,24.21875,66,1.61,3.44,1.8299999999999998,2.79,0.8125,3.44,2,2,0,2,0,2,1,4,3,3,1.25,4,0,0,0,0,0,0,0,0,0,0,0,0,3,6,3,5,1.25,6,0,0,0,0,0,0,2,5,3,3,1.25,2,0,0,0,0,0,0,0,0,0,0,0,0,2,5,3,3,1.25,2,9.105,20.44,11.335,12.365625000000001,4.07578125,9.105,0,0.773,0.773,0.096625,0.16909375000000001,0,0,0,0,0,0,0,12,227,215,92.125,100.15625,12
Sc4C3,111.8905692,66.47396374,Sc4 C3,6,21,15,14.571428571428571,7.346938775510204,21,11,77,66,39.285714285714285,32.326530612244895,11,12.0107,44.955912,32.945212,30.83653542857143,16.13643036734694,44.955912,1814,3823,2009,2675,984,1814,3,14,11,7.714285714285714,5.387755102040816,3,2,4,2,3.142857142857143,0.979591837,4,76,170,94,129.71428571428572,46.04081632653061,170,1.36,2.55,1.1899999999999997,1.8699999999999999,0.5828571428571427,1.36,2,2,0,2,0,2,0,2,2,0.8571428571428571,0.9795918367346939,0,0,1,1,0.5714285714285714,0.489795918,1,0,0,0,0,0,0,3,4,1,3.4285714285714284,0.4897959183673469,3,0,0,0,0,0,0,0,4,4,1.7142857142857142,1.9591836734693877,0,0,9,9,5.142857142857143,4.408163265306123,9,0,0,0,0,0,0,4,9,5,6.857142857142857,2.4489795918367347,9,5.64,22.235,16.595,15.122857142857143,8.128163265306123,22.235,0,4.496,4.496,1.926857142857143,2.202122448979592,0,0,6.35e-06,6.35e-06,3.6285714285714287e-06,3.110204081632653e-06,6.35e-06,194,194,0,194,0,194
Fe3PtN,214.1019895,100.2560151,Fe3 Pt1 N1,7,78,71,32.6,18.160000000000004,26,55,82,27,62,8.4,55,14.0067,195.084,181.0773,75.32514,47.903544000000004,55.845,63.05,2041.4,1978.3500000000001,1507.49,577.7760000000001,1811,8,15,7,9.8,2.16,8,2,6,4,4,0.8,4,71,136,65,120.6,19.840000000000003,132,1.83,3.04,1.21,2.162,0.3983999999999999,1.83,1,2,1,1.8,0.31999999999999995,2,0,3,3,0.6,0.96,0,0,9,9,5.4,2.1599999999999997,6,0,14,14,2.8,4.4799999999999995,0,5,24,19,10.6,5.359999999999999,8,0,1,1,0.2,0.32,0,0,3,3,0.6,0.96,0,0,4,4,2.6,1.6799999999999997,4,0,0,0,0,0,0,2,4,2,3.4,0.72,4,10.73,15.02,4.289999999999999,12.395749999999998,1.9988999999999995,10.73,0,6.437,6.437,1.2874,2.0598400000000003,0,0,2.1106628,2.1106628,1.26639768,1.0131181439999999,2.1106628,194,229,35,221.2,10.880000000000006,229
ScSiNi,132.3642028,71.96917012,Sc1 Si1 Ni1,14,28,14,21,4.666666666666667,14,11,78,67,50,26,11,28.0855,58.6934,30.607899999999997,43.91160399999999,10.550736000000002,28.0855,1687,1814,127,1743,47.333333333333336,1687,3,14,11,9,4,3,3,4,1,3.6666666666666665,0.4444444444444445,3,111,170,59,135,23.333333333333332,111,1.36,1.91,0.5499999999999998,1.7233333333333334,0.24222222222222212,1.36,2,2,0,2,0,2,0,2,2,0.6666666666666666,0.8888888888888888,0,0,8,8,3,3.3333333333333335,0,0,0,0,0,0,0,3,10,7,5.666666666666667,2.8888888888888893,3,0,0,0,0,0,0,0,4,4,1.3333333333333333,1.7777777777777777,0,0,9,9,3.6666666666666665,3.5555555555555554,0,0,0,0,0,0,0,2,9,7,5,2.6666666666666665,2,10.32,22.235,11.915,17.665,4.896666666666667,10.32,0,0.773,0.773,0.25766666666666665,0.3435555555555556,0,0,0.5953947,0.5953947,0.1984670166666667,0.2646184555555556,0,194,227,33,215.33333333333334,14.22222222222222,194
Fe3PdN,187.4804506,85.45882316,Fe3 Pd1 N1,7,46,39,26.2,7.919999999999999,26,55,82,27,61.8,8.16,55,14.0067,106.42,92.4133,57.59234,19.531064,55.845,63.05,1828.05,1765,1464.8200000000002,560.7079999999999,1811,8,15,7,9.8,2.16,8,2,5,3,3.8,0.7200000000000001,4,71,139,68,121.2,20.08,132,1.83,3.04,1.21,2.146,0.3792,1.83,0,2,2,1.6,0.6399999999999999,2,0,3,3,0.6,0.96,0,0,10,10,5.6,2.24,6,0,0,0,0,0,0,5,10,5,7.8,1.12,8,0,0,0,0,0,0,0,3,3,0.6,0.96,0,0,4,4,2.4,1.9200000000000004,4,0,0,0,0,0,0,0,4,4,3,1.2,4,10.73,14.76875,4.03875,12.273749999999998,1.8524999999999996,10.73,0,6.437,6.437,1.2874,2.0598400000000003,0,0,2.1106628,2.1106628,1.26639768,1.0131181439999999,2.1106628,194,229,35,221.2,10.880000000000006,229
As2PdO6,141.8141468,72.20957103,As2 Pd1 O6,8,46,38,17.77777777777778,13.037037037037038,8,62,87,25,83.55555555555556,4.7901234567901225,87,15.9994,106.42,90.42060000000001,39.13995555555555,30.854074074074074,15.9994,54.8,1828.05,1773.25,481.87222222222226,569.4296296296296,54.8,10,16,6,15.11111111111111,1.1851851851851853,16,2,5,3,2.7777777777777777,1.037037037037037,2,66,139,73,85.88888888888889,26.51851851851852,66,2.18,3.44,1.2599999999999998,3.0222222222222226,0.5570370370370369,3.44,0,2,2,1.7777777777777777,0.3950617283950618,2,0,4,4,3.3333333333333335,0.8888888888888888,4,0,10,10,3.3333333333333335,4.444444444444445,0,0,0,0,0,0,0,6,15,9,8.444444444444445,3.2592592592592595,6,0,0,0,0,0,0,0,3,3,2,0.4444444444444444,2,0,0,0,0,0,0,0,0,0,0,0,0,0,3,3,2,0.4444444444444444,2,9.105,22.175,13.07,12.59888888888889,4.658518518518519,9.105,0,0,0,0,0,0,0,0,0,0,0,0,12,225,213,69.88888888888889,77.18518518518519,12
KNbO3,104.6154996,68.23878369,K1 Nb1 O3,8,41,33,16.8,10.559999999999999,8,3,87,84,62.2,29.76,87,15.9994,92.90638,76.90698,36.000576,24.0014112,15.9994,54.8,2750,2695.2,650.1859999999999,839.9256000000001,54.8,1,16,15,10.8,6.24,16,2,5,3,3,1.2,2,66,203,137,113,56.4,66,0.82,3.44,2.62,2.548,1.0704,3.44,1,2,1,1.6,0.48,2,0,4,4,2.4,1.9200000000000004,4,0,4,4,0.8,1.28,0,0,0,0,0,0,0,1,6,5,4.8,1.52,6,0,1,1,0.4,0.4800000000000001,0,0,2,2,1.2,0.9600000000000002,2,0,6,6,1.2,1.92,0,0,0,0,0,0,0,1,7,6,2.8,1.6799999999999997,2,9.105,73.10666667,64.00166666669999,23.72033333,19.75453333,9.105,0,0,0,0,0,0,0,0,0,0,0,0,12,229,217,98.8,104.16,12
NaWO3,191.2302956,77.30605157,Na1 W1 O3,8,74,66,21.8,20.880000000000003,8,2,87,85,62.8,29.04,87,15.9994,183.84,167.8406,50.96559386,53.149762457600005,15.9994,54.8,3695,3640.2,846.0539999999999,1139.5783999999999,54.8,1,16,15,11,6,16,2,6,4,3,1.2,2,66,166,100,105.2,47.04,66,0.93,3.44,2.51,2.722,0.8615999999999999,3.44,1,2,1,1.8,0.31999999999999995,2,0,4,4,2.4,1.9200000000000004,4,0,4,4,0.8,1.28,0,0,14,14,2.8,4.4799999999999995,0,1,20,19,7.8,4.88,6,0,1,1,0.2,0.32,0,0,2,2,1.2,0.9600000000000002,2,0,6,6,1.2,1.92,0,0,0,0,0,0,0,1,6,5,2.6,1.36,2,9.105,29.24333333,20.13833333,14.52166667,6.499999999991999,9.105,0,0,0,0,0,0,0,0,0,0,0,0,12,229,217,98.8,104.16,12
TiSi,145.859655,98.90324756,Ti1 Si1,14,22,8,18,4,14,43,78,35,60.5,17.5,43,28.0855,47.867,19.781499999999998,37.97625,9.890749999999999,28.0855,1687,1941,254,1814,127,1687,4,14,10,9,5,4,3,4,1,3.5,0.5,3,111,160,49,135.5,24.5,111,1.54,1.9,0.3599999999999999,1.72,0.17999999999999994,1.54,2,2,0,2,0,2,0,2,2,1,1,0,0,2,2,1,1,0,0,0,0,0,0,0,4,4,0,4,0,4,0,0,0,0,0,0,0,4,4,2,2,0,0,8,8,4,4,0,0,0,0,0,0,0,4,8,4,6,2,4,16.69,20.44,3.75,18.565,1.875,16.69,0,0.773,0.773,0.3865,0.3865,0,0,2.25333333333e-05,2.25333333333e-05,1.126666666665e-05,1.126666666665e-05,0,194,227,33,210.5,16.5,194
Nb3Si,184.1604687,73.69362288,Nb3 Si1,14,41,27,34.25,10.125,41,47,78,31,54.75,11.625,47,28.0855,92.90638,64.82088,76.70116,24.30783,92.90638,1687,2750,1063,2484.25,398.625,2750,5,14,9,7.25,3.375,5,3,5,2,4.5,0.75,5,111,164,53,150.75,19.875,164,1.6,1.9,0.2999999999999998,1.6750000000000003,0.11250000000000004,1.6,1,2,1,1.25,0.375,1,0,2,2,0.5,0.75,0,0,4,4,3,1.5,4,0,0,0,0,0,0,4,5,1,4.75,0.375,5,0,1,1,0.75,0.375,1,0,4,4,1,1.5,0,0,6,6,4.5,2.25,6,0,0,0,0,0,0,4,7,3,6.25,1.125,7,18.18,20.44,2.2600000000000016,18.745,0.8475,18.18,0,0.773,0.773,0.19325,0.289875,0,0,0,0,0,0,0,227,229,2,228.5,0.75,229
NiP2,144.5631542,97.73334375,Ni1 P2,15,28,13,19.333333333333332,5.777777777777778,15,61,83,22,75.66666666666667,9.777777777777777,83,30.973762,58.6934,27.719637999999996,40.213641333333335,12.31983911111111,30.973762,317.3,1728,1410.7,787.5333333333333,626.9777777777778,317.3,10,15,5,13.333333333333334,2.222222222222222,15,3,4,1,3.3333333333333335,0.4444444444444445,3,107,124,17,112.66666666666667,7.555555555555557,107,1.91,2.19,0.28,2.0966666666666667,0.12444444444444443,2.19,2,2,0,2,0,2,0,3,3,2,1.3333333333333333,3,0,8,8,2.6666666666666665,3.555555555555556,0,0,0,0,0,0,0,5,10,5,6.666666666666667,2.2222222222222223,5,0,0,0,0,0,0,0,3,3,2,1.3333333333333333,3,0,2,2,0.6666666666666666,0.888888889,0,0,0,0,0,0,0,2,3,1,2.6666666666666665,0.4444444444444445,3,10.32,22.5702381,12.2502381,18.4868254,5.4445502645333335,22.5702381,0,1.625,1.625,1.0833333333333333,0.7222222222222223,1.625,0,0.5953947,0.5953947,0.19846490000000003,0.26461986666666665,0,2,225,223,76.33333333333333,99.11111111111113,2
Nb4SiNi,190.5667352,99.10146827,Nb4 Si1 Ni1,14,41,27,34.333333333333336,8.888888888888888,41,47,78,31,54.5,10,47,28.0855,92.90638,64.82088,76.40073666666667,22.007524444444442,92.90638,1687,2750,1063,2402.5,463.3333333333333,2750,5,14,9,7.333333333333333,3.111111111111111,5,3,5,2,4.5,0.6666666666666666,5,111,164,53,148.5,20.666666666666668,164,1.6,1.91,0.30999999999999983,1.7016666666666669,0.13555555555555554,1.6,1,2,1,1.3333333333333333,0.4444444444444444,1,0,2,2,0.3333333333333333,0.5555555555555556,0,0,8,8,4,1.3333333333333333,4,0,0,0,0,0,0,4,10,6,5.666666666666667,1.4444444444444446,5,0,1,1,0.6666666666666666,0.4444444444444444,1,0,4,4,0.6666666666666666,1.1111111111111112,0,0,6,6,4.333333333333333,2.222222222222222,6,0,0,0,0,0,0,2,7,5,5.666666666666667,1.7777777777777777,7,10.32,20.44,10.120000000000001,17.246666666666666,2.308888888888889,18.18,0,0.773,0.773,0.12883333333333333,0.21472222222222223,0,0,0.5953947,0.5953947,0.09923245,0.16538741666666668,0,225,229,4,228,1.3333333333333333,229
Y(SiOs)2,166.3304752,84.67248177,Y1 Si2 Os2,14,76,62,43.8,25.76,14,12,78,66,56.4,17.759999999999998,57,28.0855,190.23,162.1445,105.10736999999999,68.09810399999999,28.0855,1687,3306,1619,2357,759.2,1687,3,14,11,9.4,3.6799999999999997,8,3,6,3,4.6,1.28,3,111,190,79,140,23.2,111,1.22,2.2,0.9800000000000002,1.884,0.2656000000000001,1.9,2,2,0,2,0,2,0,2,2,0.8,0.9600000000000002,0,0,6,6,2.6,2.72,0,0,14,14,5.6,6.719999999999999,0,3,22,19,11,8.8,4,0,0,0,0,0,0,0,4,4,1.6,1.9200000000000004,0,0,9,9,3.4,2.7199999999999998,0,0,0,0,0,0,0,4,9,5,5,1.6,4,14.09,32.365,18.275000000000002,20.285000000000004,4.956,14.09,0,0.773,0.773,0.30920000000000003,0.37104000000000004,0,0,0,0,0,0,0,194,227,33,207.2,15.839999999999998,194
SiRh,183.6093723,90.32704616,Si1 Rh1,14,45,31,29.5,15.5,14,59,78,19,68.5,9.5,59,28.0855,102.9055,74.82000000000001,65.4955,37.410000000000004,28.0855,1687,2237,550,1962,275,1687,9,14,5,11.5,2.5,9,3,5,2,4,1,3,111,142,31,126.5,15.5,111,1.9,2.28,0.3799999999999999,2.09,0.18999999999999995,1.9,1,2,1,1.5,0.5,1,0,2,2,1,1,0,0,8,8,4,4,0,0,0,0,0,0,0,4,9,5,6.5,2.5,4,0,1,1,0.5,0.5,0,0,4,4,2,2,0,0,2,2,1,1,0,0,0,0,0,0,0,3,4,1,3.5,0.5,3,13.64,20.44,6.800000000000001,17.04,3.4000000000000004,13.64,0,0.773,0.773,0.3865,0.3865,0,0,0,0,0,0,0,225,227,2,226,1,225
Ni3N,197.0205878,73.33594377,Ni3 N1,7,28,21,22.75,7.875,28,61,82,21,66.25,7.875,61,14.0067,58.6934,44.686699999999995,47.521724999999996,16.757512499999997,58.6934,63.05,1728,1664.95,1311.7625,624.35625,1728,10,15,5,11.25,1.875,10,2,4,2,3.5,0.75,4,71,124,53,110.75,19.875,124,1.91,3.04,1.1300000000000001,2.1925,0.42375,1.91,2,2,0,2,0,2,0,3,3,0.75,1.125,0,0,8,8,6,3,8,0,0,0,0,0,0,5,10,5,8.75,1.875,10,0,0,0,0,0,0,0,3,3,0.75,1.125,0,0,2,2,1.5,0.75,2,0,0,0,0,0,0,2,3,1,2.25,0.375,2,10.32,14.76875,4.44875,11.432187500000001,1.6682812500000006,10.32,0,6.437,6.437,1.60925,2.413875,0,0,0.5953947,0.5953947,0.44654602500000007,0.223273013,0.5953947,194,225,31,217.25,11.625,225
NbPSe,128.9919226,75.99038067,Nb1 P1 Se1,15,41,26,30,10,15,47,89,42,73,17.333333333333332,47,30.973762,92.90638,61.932618,67.61338066666667,24.42641244444444,30.973762,317.3,2750,2432.7,1187.1000000000001,1041.9333333333334,317.3,5,16,11,12,4.666666666666667,5,3,5,2,4,0.6666666666666666,3,107,164,57,130.33333333333334,22.444444444444446,107,1.6,2.55,0.9499999999999997,2.1133333333333333,0.34222222222222215,1.6,1,2,1,1.6666666666666667,0.4444444444444444,1,0,4,4,2.3333333333333335,1.5555555555555554,0,0,10,10,4.666666666666667,3.555555555555556,0,0,0,0,0,0,0,5,16,11,8.666666666666666,4.888888888888888,5,0,1,1,0.3333333333333333,0.4444444444444444,0,0,3,3,1.6666666666666667,1.111111111111111,0,0,6,6,2,2.6666666666666665,0,0,0,0,0,0,0,2,7,5,4,2,2,18.18,25.92,7.740000000000002,22.2234127,2.695608465600001,18.18,0,1.625,1.625,0.8079999999999999,0.5446666666666666,0,0,0,0,0,0,0,2,229,227,81.66666666666667,98.22222222222223,2
Zr2SnC,127.3390829,79.85333383,Zr2 Sn1 C1,6,50,44,34,14,40,44,80,36,61.25,17.25,44,12.0107,118.71,106.6993,78.292175,33.1407375,91.224,505.08,3823,3317.92,2146.02,838.49,2128,4,14,10,9,5,4,2,5,3,4.25,1.125,5,76,175,99,141.25,33.75,175,1.33,2.55,1.2199999999999998,1.7925,0.4624999999999999,1.33,2,2,0,2,0,2,0,2,2,1,1,0,0,10,10,3.5,3.25,2,0,0,0,0,0,0,4,14,10,6.5,3.75,4,0,0,0,0,0,0,0,4,4,2,2,0,0,8,8,4,4,8,0,0,0,0,0,0,4,8,4,6,2,8,5.64,33.285,27.644999999999996,21.32875,7.844374999999999,23.195,0,4.496,4.496,1.124,1.6860000000000002,0,0,0,0,0,0,0,141,194,53,180.75,19.875,194
MnCoSi,160.5532784,86.15638421,Mn1 Co1 Si1,14,27,13,22,5.333333333333333,14,52,78,26,62.666666666666664,10.222222222222221,52,28.0855,58.933195,30.847694999999998,47.318913333333334,12.822275555555555,28.0855,1519,1768,249,1658,92.66666666666667,1519,7,14,7,10,2.6666666666666665,7,3,4,1,3.6666666666666665,0.4444444444444445,3,111,139,28,125.33333333333333,9.555555555555557,111,1.55,1.9,0.34999999999999987,1.7766666666666666,0.15111111111111106,1.55,2,2,0,2,0,2,0,2,2,0.6666666666666666,0.888888889,0,0,7,7,4,2.6666666666666665,0,0,0,0,0,0,0,4,9,5,6.666666666666667,1.7777777777777777,4,0,0,0,0,0,0,0,4,4,1.3333333333333333,1.777777777777778,0,0,5,5,2.6666666666666665,1.777777777777778,0,0,0,0,0,0,0,3,5,2,4,0.6666666666666666,3,10.245,20.44,10.195000000000002,13.7241954,4.477203065133334,10.245,0,0.773,0.773,0.25766666666666665,0.3435555555555556,0,0,1.5484712,1.5484712,0.51626044,0.688140507,0,194,227,33,212.66666666666666,12.444444444444448,194
NiP2,106.1321936,67.2549583,Ni1 P2,15,28,13,19.333333333333332,5.777777777777778,15,61,83,22,75.66666666666667,9.777777777777777,83,30.973762,58.6934,27.719637999999996,40.213641333333335,12.31983911111111,30.973762,317.3,1728,1410.7,787.5333333333333,626.9777777777778,317.3,10,15,5,13.333333333333334,2.222222222222222,15,3,4,1,3.3333333333333335,0.4444444444444445,3,107,124,17,112.66666666666667,7.555555555555557,107,1.91,2.19,0.28,2.0966666666666667,0.12444444444444443,2.19,2,2,0,2,0,2,0,3,3,2,1.3333333333333333,3,0,8,8,2.6666666666666665,3.555555555555556,0,0,0,0,0,0,0,5,10,5,6.666666666666667,2.2222222222222223,5,0,0,0,0,0,0,0,3,3,2,1.3333333333333333,3,0,2,2,0.6666666666666666,0.888888889,0,0,0,0,0,0,0,2,3,1,2.6666666666666665,0.4444444444444445,3,10.32,22.5702381,12.2502381,18.4868254,5.4445502645333335,22.5702381,0,1.625,1.625,1.0833333333333333,0.7222222222222223,1.625,0,0.5953947,0.5953947,0.19846490000000003,0.26461986666666665,0,2,225,223,76.33333333333333,99.11111111111113,2
TiP,138.5425035,91.30219913,Ti1 P1,15,22,7,18.5,3.5,15,43,83,40,63,20,43,30.973762,47.867,16.893237999999997,39.420381,8.446618999999998,30.973762,317.3,1941,1623.7,1129.15,811.85,317.3,4,15,11,9.5,5.5,4,3,4,1,3.5,0.5,3,107,160,53,133.5,26.5,107,1.54,2.19,0.6499999999999999,1.865,0.32499999999999996,1.54,2,2,0,2,0,2,0,3,3,1.5,1.5,0,0,2,2,1,1,0,0,0,0,0,0,0,4,5,1,4.5,0.5,4,0,0,0,0,0,0,0,3,3,1.5,1.5,0,0,8,8,4,4,0,0,0,0,0,0,0,3,8,5,5.5,2.5,3,16.69,22.5702381,5.880238095199999,19.63011905,2.9401190475999996,16.69,0,1.625,1.625,0.8125,0.8125,0,0,2.25333333333e-05,2.25333333333e-05,1.126666666665e-05,1.126666666665e-05,0,2,194,192,98,96,2
ScSiRh,147.880502,73.89948864,Sc1 Si1 Rh1,14,45,31,26.666666666666668,12.222222222222223,14,11,78,67,49.333333333333336,25.555555555555554,11,28.0855,102.9055,74.82000000000001,58.64897066666666,29.50435288888889,28.0855,1687,2237,550,1912.6666666666667,216.22222222222226,1687,3,14,11,8.666666666666666,3.777777777777778,3,3,5,2,4,0.6666666666666666,3,111,170,59,141,20,111,1.36,2.28,0.9199999999999997,1.8466666666666665,0.32444444444444437,1.36,1,2,1,1.6666666666666667,0.4444444444444444,1,0,2,2,0.6666666666666666,0.8888888888888888,0,0,8,8,3,3.3333333333333335,0,0,0,0,0,0,0,3,9,6,5.333333333333333,2.444444444444444,3,0,1,1,0.3333333333333333,0.4444444444444445,0,0,4,4,1.3333333333333333,1.7777777777777777,0,0,9,9,3.6666666666666665,3.5555555555555554,0,0,0,0,0,0,0,3,9,6,5.333333333333333,2.444444444444444,3,13.64,22.235,8.594999999999999,18.771666666666665,3.4211111111111117,13.64,0,0.773,0.773,0.25766666666666665,0.3435555555555556,0,0,6.35e-06,6.35e-06,2.1166666666666666e-06,2.8222222222222223e-06,0,194,227,33,215.33333333333334,14.22222222222222,194
Ti3InC,144.9694784,91.59920346,Ti3 In1 C1,6,49,43,24.2,9.919999999999998,22,43,77,34,56.2,15.84,43,12.0107,114.818,102.8073,54.085939999999994,24.292824,47.867,429.75,3823,3393.25,2015.15,723.1400000000001,1941,4,14,10,7.8,4.56,4,2,5,3,3.8,0.7200000000000001,4,76,160,84,139.6,25.440000000000005,160,1.54,2.55,1.0099999999999998,1.7899999999999998,0.3039999999999998,1.54,2,2,0,2,0,2,0,2,2,0.6,0.72,0,0,10,10,3.2,2.72,2,0,0,0,0,0,0,4,13,9,5.8,2.88,4,0,0,0,0,0,0,0,5,5,1.8,2.16,0,0,8,8,4.8,3.8400000000000007,8,0,0,0,0,0,0,4,8,4,6.6,1.6800000000000002,8,5.64,24.26,18.62,15.994000000000003,4.141599999999999,16.69,0,4.496,4.496,0.8992000000000001,1.4387200000000002,0,0,2.25333333333e-05,2.25333333333e-05,1.351999999998e-05,1.0815999999984002e-05,2.25333333333e-05,139,194,55,183,17.6,194
Mg(AlC)2,133.9128472,90.80081583,Mg1 Al2 C2,6,13,7,10,3.2,6,68,77,9,73.6,2.719999999999999,73,12.0107,26.9815386,14.9708386,20.457895439999998,6.757756352000001,12.0107,923,3823,2900,2087.188,1388.6496,933.47,2,14,12,11.2,3.6800000000000006,13,2,3,1,2.6,0.48,2,76,141,65,107,24.8,76,1.31,2.55,1.2399999999999998,1.9259999999999997,0.4991999999999998,1.61,2,2,0,2,0,2,0,2,2,1.2,0.64,1,0,0,0,0,0,0,0,0,0,0,0,0,2,4,2,3.2,0.64,3,0,0,0,0,0,0,0,5,5,3.6,1.44,4,0,0,0,0,0,0,0,0,0,0,0,0,0,5,5,3.6,1.44,4,5.64,22.89,17.25,13.425999999999998,6.2288000000000014,5.64,0,4.496,4.496,1.7984000000000002,2.1580800000000004,0,0,0,0,0,0,0,194,225,31,206.4,14.88,194
VS,147.4424273,80.00096571,V1 S1,16,23,7,19.5,3.5,16,46,88,42,67,21,46,32.065,50.9415,18.8765,41.503249999999994,9.43825,32.065,388.36,2183,1794.6399999999999,1285.68,897.3199999999999,388.36,5,16,11,10.5,5.5,5,3,4,1,3.5,0.5,3,105,153,48,129,24,105,1.63,2.58,0.9500000000000002,2.105,0.4750000000000001,1.63,2,2,0,2,0,2,0,4,4,2,2,0,0,3,3,1.5,1.5,0,0,0,0,0,0,0,5,6,1,5.5,0.5,5,0,0,0,0,0,0,0,2,2,1,1,0,0,7,7,3.5,3.5,0,0,0,0,0,0,0,2,7,5,4.5,2.5,2,13.01,25.786875,12.776874999999999,19.3984375,6.388437499999999,13.01,0,2.202,2.202,1.101,1.101,0,0,0,0,0,0,0,70,229,159,149.5,79.5,70
Sc2FeSi2,119.7569278,75.33614097,Sc2 Fe1 Si2,14,26,12,19.2,4.16,14,11,78,67,46.6,28.479999999999997,11,28.0855,55.845,27.7595,40.3855648,9.84005184,28.0855,1687,1814,127,1762.6,60.48000000000002,1687,3,14,11,8.4,4.4799999999999995,3,3,4,1,3.6,0.48,3,111,170,59,138.8,24.96,111,1.36,1.9,0.5399999999999998,1.6700000000000004,0.24799999999999986,1.36,2,2,0,2,0,2,0,2,2,0.8,0.9600000000000002,0,0,6,6,1.6,1.7600000000000002,0,0,0,0,0,0,0,3,8,5,4.4,1.4400000000000002,3,0,0,0,0,0,0,0,4,4,1.6,1.9200000000000004,0,0,9,9,4.4,3.6799999999999997,0,0,0,0,0,0,0,4,9,5,6,2.4,4,10.73,22.235,11.504999999999999,19.216,3.3943999999999996,20.44,0,0.773,0.773,0.30920000000000003,0.37104,0,0,2.1106628,2.1106628,0.42213510000000004,0.67541108,0,194,229,35,214.2,16.160000000000004,194
HfP,148.4785157,85.72173992,Hf1 P1,15,72,57,43.5,28.5,15,45,83,38,64,19,45,30.973762,178.49,147.51623800000002,104.731881,73.758119,30.973762,317.3,2506,2188.7,1411.65,1094.35,317.3,4,15,11,9.5,5.5,4,3,6,3,4.5,1.5,3,107,175,68,141,34,107,1.3,2.19,0.8899999999999999,1.745,0.44499999999999995,1.3,2,2,0,2,0,2,0,3,3,1.5,1.5,0,0,2,2,1,1,0,0,14,14,7,7,0,5,18,13,11.5,6.5,5,0,0,0,0,0,0,0,3,3,1.5,1.5,0,0,8,8,4,4,0,0,0,0,0,0,0,3,8,5,5.5,2.5,3,22.2,22.5702381,0.3702380952000013,22.38511905,0.18511904760000064,22.2,0,1.625,1.625,0.8125,0.8125,0,0,0,0,0,0,0,2,194,192,98,96,2
Sb2O5,126.8529922,75.07546081,Sb2 O5,8,51,43,20.285714285714285,17.551020408163264,8,85,87,2,86.42857142857143,0.816326531,87,15.9994,121.76,105.76060000000001,46.21671428571428,43.167591836734694,15.9994,54.8,903.78,848.98,297.36571428571426,346.5224489795918,54.8,15,16,1,15.714285714285714,0.4081632653061228,16,2,5,3,2.857142857142857,1.2244897959183676,2,66,139,73,86.85714285714286,29.79591836734694,66,2.05,3.44,1.3900000000000001,3.0428571428571423,0.5673469387755105,3.44,2,2,0,2,0,2,3,4,1,3.7142857142857144,0.4081632653061224,4,0,10,10,2.857142857142857,4.081632653061225,0,0,0,0,0,0,0,6,15,9,8.571428571428571,3.673469387755102,6,0,0,0,0,0,0,2,3,1,2.2857142857142856,0.4081632653061224,2,0,0,0,0,0,0,0,0,0,0,0,0,2,3,1,2.2857142857142856,0.4081632653061224,2,9.105,31.56,22.455,15.520714285714288,9.165306122,9.105,0,0,0,0,0,0,0,0,0,0,0,0,12,166,154,56,62.857142857142854,12
Co3SnC,205.7439237,76.08267633,Co3 Sn1 C1,6,50,44,27.4,9.04,27,58,80,22,66.2,9.84,58,12.0107,118.71,106.6993,61.50405699999999,22.882377199999993,58.933195,505.08,3823,3317.92,1926.416,758.6335999999999,1768,9,14,5,11,2.4,9,2,5,3,3.8,0.7200000000000001,4,76,139,63,118.6,17.040000000000003,126,1.88,2.55,0.6699999999999999,2.03,0.2079999999999999,1.88,2,2,0,2,0,2,0,2,2,0.8,0.9600000000000002,0,0,10,10,6.2,2.4799999999999995,7,0,0,0,0,0,0,4,14,10,9,2,9,0,0,0,0,0,0,0,4,4,1.6,1.9200000000000004,0,0,3,3,1.8,1.44,3,0,0,0,0,0,0,3,4,1,3.4,0.48,3,5.64,33.285,27.644999999999996,13.931999999999999,7.741199999999997,10.245,0,4.496,4.496,0.8992000000000001,1.4387200000000002,0,0,1.5484712,1.5484712,0.92908272,0.743266176,1.5484712,141,194,53,183.4,16.959999999999997,194
NbNiP,217.7946689,98.36753409,Nb1 Ni1 P1,15,41,26,28,8.666666666666666,15,47,83,36,63.666666666666664,12.888888888888888,47,30.973762,92.90638,61.932618,60.85784733333333,21.365688444444444,30.973762,317.3,2750,2432.7,1598.4333333333334,854.0888888888888,317.3,5,15,10,10,3.3333333333333335,5,3,5,2,4,0.6666666666666666,3,107,164,57,131.66666666666666,21.555555555555554,107,1.6,2.19,0.5899999999999999,1.8999999999999997,0.20000000000000004,1.6,1,2,1,1.6666666666666667,0.4444444444444444,1,0,3,3,1,1.3333333333333333,0,0,8,8,4,2.6666666666666665,0,0,0,0,0,0,0,5,10,5,6.666666666666667,2.2222222222222223,5,0,1,1,0.3333333333333333,0.4444444444444444,0,0,3,3,1,1.3333333333333333,0,0,6,6,2.6666666666666665,2.222222222222222,0,0,0,0,0,0,0,2,7,5,4,2,2,10.32,22.5702381,12.2502381,17.023412698399998,4.468941798933334,10.32,0,1.625,1.625,0.5416666666666666,0.7222222222222223,0,0,0.5953947,0.5953947,0.19846490000000003,0.2646198666666667,0,2,229,227,152,100,2
Fe2N,244.2959879,88.92314134,Fe2 N1,7,26,19,19.666666666666668,8.444444444444445,26,55,82,27,64,12,55,14.0067,55.845,41.8383,41.8989,18.5948,55.845,63.05,1811,1747.95,1228.3500000000001,776.8666666666667,1811,8,15,7,10.333333333333334,3.111111111111111,8,2,4,2,3.3333333333333335,0.8888888888888888,4,71,132,61,111.66666666666667,27.11111111111111,132,1.83,3.04,1.21,2.2333333333333334,0.5377777777777778,1.83,2,2,0,2,0,2,0,3,3,1,1.3333333333333333,0,0,6,6,4,2.6666666666666665,6,0,0,0,0,0,0,5,8,3,7,1.3333333333333333,8,0,0,0,0,0,0,0,3,3,1,1.3333333333333333,0,0,4,4,2.6666666666666665,1.777777777777778,4,0,0,0,0,0,0,3,4,1,3.6666666666666665,0.4444444444444445,4,10.73,14.76875,4.03875,12.076250000000002,1.7950000000000006,10.73,0,6.437,6.437,2.1456666666666666,2.8608888888888893,0,0,2.1106628,2.1106628,1.4071085333333333,0.9380723555555557,2.1106628,194,229,35,217.33333333333334,15.555555555555552,229
BIrPd,235.5837396,72.74447501,B1 Ir1 Pd1,5,77,72,42.666666666666664,25.111111111111114,5,60,72,12,64.66666666666667,4.888888889,60,10.811,192.217,181.406,103.14933333333335,61.558888888888895,10.811,1828.05,2739,910.95,2305.016666666667,317.9777777777777,1828.05,9,13,4,10.666666666666666,1.5555555555555554,9,2,6,4,4.333333333333333,1.5555555555555556,2,84,141,57,121.33333333333333,24.88888888888889,84,2.04,2.2,0.16000000000000014,2.146666666666667,0.071111111,2.04,0,2,2,1.3333333333333333,0.888888889,0,0,1,1,0.3333333333333333,0.4444444444444444,0,0,10,10,5.666666666666667,3.7777777777777772,0,0,14,14,4.666666666666667,6.222222222222222,0,3,23,20,12,7.333333333333333,3,0,0,0,0,0,0,0,5,5,1.6666666666666667,2.2222222222222223,0,0,3,3,1,1.3333333333333333,0,0,0,0,0,0,0,0,5,5,2.6666666666666665,1.777777777777778,0,7.1725,14.41,7.2375,11.930833333333334,3.172222222222222,7.1725,0,1.524,1.524,0.508,0.6773333333333333,0,0,0,0,0,0,0,166,225,59,205.33333333333334,26.222222222222218,166
Fe7C3,242.4065117,91.77179998,Fe7 C3,6,26,20,20,8.4,26,55,77,22,61.6,9.24,55,12.0107,55.845,43.8343,42.69471,18.410406000000002,55.845,1811,3823,2012,2414.6,845.04,1811,8,14,6,9.8,2.5200000000000005,8,2,4,2,3.4,0.8400000000000001,4,76,132,56,115.2,23.52,132,1.83,2.55,0.7199999999999998,2.0460000000000003,0.3024,1.83,2,2,0,2,0,2,0,2,2,0.6,0.8399999999999999,0,0,6,6,4.2,2.52,6,0,0,0,0,0,0,4,8,4,6.8,1.6800000000000002,8,0,0,0,0,0,0,0,4,4,1.2,1.6799999999999997,0,0,4,4,2.8,1.6800000000000002,4,0,0,0,0,0,0,4,4,0,4,0,4,5.64,10.73,5.090000000000001,9.203,2.137800000000001,10.73,0,4.496,4.496,1.3488000000000002,1.8883200000000002,0,0,2.1106628,2.1106628,1.4774639600000001,0.886478376,2.1106628,194,229,35,218.5,14.7,229
TiCo2Si,201.3340067,85.73308568,Ti1 Co2 Si1,14,27,13,22.5,4.5,27,43,78,35,59.25,9.375,58,28.0855,58.933195,30.847694999999998,48.454722499999995,10.478472499999999,58.933195,1687,1941,254,1791,75,1768,4,14,10,9,2.5,9,3,4,1,3.75,0.375,4,111,160,49,130.75,14.625,126,1.54,1.9,0.3599999999999999,1.7999999999999998,0.13,1.88,2,2,0,2,0,2,0,2,2,0.5,0.75,0,0,7,7,4,3,7,0,0,0,0,0,0,4,9,5,6.5,2.5,9,0,0,0,0,0,0,0,4,4,1,1.5,0,0,8,8,3.5,2.25,3,0,0,0,0,0,0,3,8,5,4.5,1.75,3,10.245,20.44,10.195000000000002,14.405000000000001,4.160000000000001,10.245,0,0.773,0.773,0.19325,0.289875,0,0,1.5484712,1.5484712,0.7742412333333334,0.7742299666666667,1.5484712,194,227,33,202.25,12.375,194
Hf2S,131.3982171,73.90379226,Hf2 S1,16,72,56,53.333333333333336,24.888888888888886,72,45,88,43,59.333333333333336,19.11111111111111,45,32.065,178.49,146.425,129.68166666666667,65.07777777777778,178.49,388.36,2506,2117.64,1800.12,941.1733333333333,2506,4,16,12,8,5.333333333333333,4,3,6,3,5,1.3333333333333333,6,105,175,70,151.66666666666666,31.111111111111114,175,1.3,2.58,1.28,1.7266666666666666,0.5688888888888889,1.3,2,2,0,2,0,2,0,4,4,1.3333333333333333,1.777777777777778,0,0,2,2,1.3333333333333333,0.888888889,2,0,14,14,9.333333333333334,6.222222222222221,14,6,18,12,14,5.333333333333333,18,0,0,0,0,0,0,0,2,2,0.6666666666666666,0.888888889,0,0,8,8,5.333333333333333,3.555555555555556,8,0,0,0,0,0,0,2,8,6,6,2.6666666666666665,8,22.2,25.786875,3.586874999999999,23.395625,1.5941666666666663,22.2,0,2.202,2.202,0.734,0.9786666666666667,0,0,0,0,0,0,0,70,194,124,152.66666666666666,55.111111111111114,194
HfSi2,131.919118,93.55095234,Hf1 Si2,14,72,58,33.333333333333336,25.777777777777782,14,45,78,33,67,14.666666666666666,78,28.0855,178.49,150.4045,78.22033333333333,66.84644444444444,28.0855,1687,2506,819,1960,364,1687,4,14,10,10.666666666666666,4.444444444444445,14,3,6,3,4,1.3333333333333333,3,111,175,64,132.33333333333334,28.444444444444446,111,1.3,1.9,0.5999999999999999,1.7,0.2666666666666666,1.9,2,2,0,2,0,2,0,2,2,1.3333333333333333,0.888888889,2,0,2,2,0.6666666666666666,0.888888889,0,0,14,14,4.666666666666667,6.222222222222221,0,4,18,14,8.666666666666666,6.222222222222221,4,0,0,0,0,0,0,0,4,4,2.6666666666666665,1.777777777777778,4,0,8,8,2.6666666666666665,3.555555555555556,0,0,0,0,0,0,0,4,8,4,5.333333333333333,1.7777777777777777,4,20.44,22.2,1.759999999999998,21.026666666666667,0.7822222222222214,20.44,0,0.773,0.773,0.5153333333333333,0.3435555555555556,0.773,0,0,0,0,0,0,194,227,33,216,14.666666666666666,227
Zr3(Cu2Si)2,137.7190692,75.13236496,Zr3 Cu4 Si2,14,40,26,29.333333333333332,7.111111111111111,29,44,78,34,60.44444444444444,10.962962962962964,64,28.0855,91.224,63.13850000000001,64.89188889,17.554740740740744,63.546,1357.77,2128,770.23,1687.6755555555555,293.54962962962964,1357.77,4,14,10,9.333333333333334,3.5555555555555554,11,3,5,2,4.111111111111111,0.5925925925925924,4,111,175,64,141.66666666666666,22.222222222222218,132,1.33,1.9,0.5699999999999998,1.71,0.25333333333333324,1.9,1,2,1,1.5555555555555556,0.4938271604938272,1,0,2,2,0.4444444444444444,0.691358025,0,0,10,10,5.111111111111111,4.345679012,10,0,0,0,0,0,0,4,11,7,7.111111111111111,3.456790123,11,0,1,1,0.4444444444444444,0.4938271604938272,1,0,4,4,0.8888888888888888,1.382716049382716,0,0,8,8,2.6666666666666665,3.5555555555555554,0,0,0,0,0,0,0,1,8,7,4,2.6666666666666665,1,11.07,23.195,12.125,17.19388888888889,5.443456790123457,11.07,0,0.773,0.773,0.17177777777777778,0.2672098765432099,0,0,0,0,0,0,0,194,227,33,215.11111111111111,14.074074074074073,225
V3S4,98.16436801,70.52128234,V3 S4,16,23,7,19,3.4285714285714284,16,46,88,42,70,20.571428571428573,88,32.065,50.9415,18.8765,40.15492857142857,9.245632653061225,32.065,388.36,2183,1794.6399999999999,1157.4914285714287,879.0073469387755,388.36,5,16,11,11.285714285714286,5.387755102040816,16,3,4,1,3.4285714285714284,0.4897959183673469,3,105,153,48,125.57142857142857,23.51020408163265,105,1.63,2.58,0.9500000000000002,2.172857142857143,0.4653061224489797,2.58,2,2,0,2,0,2,0,4,4,2.2857142857142856,1.959183673469388,4,0,3,3,1.2857142857142858,1.4693877551020407,0,0,0,0,0,0,0,5,6,1,5.571428571428571,0.489795918,6,0,0,0,0,0,0,0,2,2,1.1428571428571428,0.979591837,2,0,7,7,3,3.4285714285714284,0,0,0,0,0,0,0,2,7,5,4.142857142857143,2.4489795918367347,2,13.01,25.786875,12.776874999999999,20.31107142857143,6.258061224489794,25.786875,0,2.202,2.202,1.2582857142857142,1.0785306122448979,2.202,0,0,0,0,0,0,70,229,159,138.14285714285714,77.87755102040816,70
SrFeO3,131.3827468,83.39260167,Sr1 Fe1 O3,8,38,30,17.6,11.52,8,8,87,79,64.8,26.639999999999997,87,15.9994,87.62,71.62060000000001,38.29264,26.751887999999997,15.9994,54.8,1811,1756.2,605.08,660.336,54.8,2,16,14,11.6,5.279999999999999,16,2,5,3,3,1.2,2,66,195,129,105,46.8,66,0.95,3.44,2.49,2.62,0.984,3.44,2,2,0,2,0,2,0,4,4,2.4,1.9200000000000004,4,0,6,6,1.2,1.92,0,0,0,0,0,0,0,2,8,6,5.6,1.4400000000000002,6,0,0,0,0,0,0,0,2,2,1.2,0.9600000000000002,2,0,4,4,0.8,1.28,0,0,0,0,0,0,0,0,4,4,2,0.8,2,9.105,54.23,45.125,18.455,14.309999999999999,9.105,0,0,0,0,0,0,0,2.1106628,2.1106628,0.42213256,0.675412096,0,12,229,217,98,103.2,12
Hf2NiP,166.7151398,93.70006588,Hf2 Ni1 P1,15,72,57,46.75,25.25,72,45,83,38,58.5,13.5,45,30.973762,178.49,147.51623800000002,111.66179050000001,66.82820950000001,178.49,317.3,2506,2188.7,1764.325,741.675,2506,4,15,11,8.25,4.25,4,3,6,3,4.75,1.25,6,107,175,68,145.25,29.75,175,1.3,2.19,0.8899999999999999,1.6749999999999998,0.37499999999999994,1.3,2,2,0,2,0,2,0,3,3,0.75,1.125,0,0,8,8,3,2.5,2,0,14,14,7,7,14,5,18,13,12.75,5.25,18,0,0,0,0,0,0,0,3,3,0.75,1.125,0,0,8,8,4.5,3.5,8,0,0,0,0,0,0,2,8,6,5.25,2.75,8,10.32,22.5702381,12.2502381,19.32255952,4.501279762,22.2,0,1.625,1.625,0.40625,0.609375,0,0,0.5953947,0.5953947,0.148848675,0.22327301250000003,0,2,225,223,153.75,75.875,194
Co2N,244.7678063,88.2470772,Co2 N1,7,27,20,20.333333333333332,8.888888889,27,58,82,24,66,10.666666666666666,58,14.0067,58.933195,44.926494999999996,43.95769666666666,19.96733111111111,58.933195,63.05,1768,1704.95,1199.6833333333334,757.7555555555555,1768,9,15,6,11,2.6666666666666665,9,2,4,2,3.3333333333333335,0.8888888888888888,4,71,126,55,107.66666666666667,24.444444444444443,126,1.88,3.04,1.1600000000000001,2.2666666666666666,0.5155555555555557,1.88,2,2,0,2,0,2,0,3,3,1,1.3333333333333333,0,0,7,7,4.666666666666667,3.1111111111111107,7,0,0,0,0,0,0,5,9,4,7.666666666666667,1.7777777777777777,9,0,0,0,0,0,0,0,3,3,1,1.3333333333333333,0,0,3,3,2,1.3333333333333333,3,0,0,0,0,0,0,3,3,0,3,0,3,10.245,14.76875,4.5237500000000015,11.752916666666666,2.010555555555556,10.245,0,6.437,6.437,2.1456666666666666,2.8608888888888893,0,0,1.5484712,1.5484712,1.0323141333333334,0.6882094222222221,1.5484712,194,194,0,194,0,194
TiO2,151.6493247,84.72781946,Ti1 O2,8,22,14,12.666666666666666,6.222222222222221,8,43,87,44,72.33333333333333,19.555555555555557,87,15.9994,47.867,31.867599999999996,26.62193333333333,14.163377777777777,15.9994,54.8,1941,1886.2,683.5333333333333,838.3111111111111,54.8,4,16,12,12,5.333333333333333,16,2,4,2,2.6666666666666665,0.8888888888888888,2,66,160,94,97.33333333333333,41.77777777777778,66,1.54,3.44,1.9,2.8066666666666666,0.8444444444444444,3.44,2,2,0,2,0,2,0,4,4,2.6666666666666665,1.777777777777778,4,0,2,2,0.6666666666666666,0.888888889,0,0,0,0,0,0,0,4,6,2,5.333333333333333,0.888888889,6,0,0,0,0,0,0,0,2,2,1.3333333333333333,0.888888889,2,0,8,8,2.6666666666666665,3.555555555555556,0,0,0,0,0,0,0,2,8,6,4,2.6666666666666665,2,9.105,16.69,7.585000000000001,11.633333333333335,3.371111111111112,9.105,0,0,0,0,0,0,0,2.25333333333e-05,2.25333333333e-05,7.5111111111e-06,1.00148148148e-05,0,12,194,182,72.66666666666667,80.88888889,12
NbSiPt,214.9527933,80.55743064,Nb1 Si1 Pt1,14,78,64,44.333333333333336,22.444444444444446,14,47,78,31,62.666666666666664,10.444444444444445,47,28.0855,195.084,166.9985,105.35862666666667,59.81691555555556,28.0855,1687,2750,1063,2159.4666666666667,393.68888888888887,1687,5,14,9,9.666666666666666,3.111111111111111,5,3,6,3,4.666666666666667,1.111111111111111,3,111,164,53,137,18,111,1.6,2.28,0.6799999999999997,1.9266666666666665,0.23555555555555543,1.6,1,2,1,1.3333333333333333,0.4444444444444444,1,0,2,2,0.6666666666666666,0.8888888888888888,0,0,9,9,4.333333333333333,3.1111111111111107,0,0,14,14,4.666666666666667,6.222222222222221,0,4,24,20,11,8.666666666666666,4,0,1,1,0.6666666666666666,0.4444444444444445,0,0,4,4,1.3333333333333333,1.7777777777777777,0,0,6,6,2.3333333333333335,2.4444444444444446,0,0,0,0,0,0,0,2,7,5,4.333333333333333,1.7777777777777777,2,15.02,20.44,5.420000000000002,17.88,1.9066666666666674,15.02,0,0.773,0.773,0.25766666666666665,0.3435555555555556,0,0,0,0,0,0,0,225,229,4,227,1.3333333333333333,225
Sc(CoSi)2,158.5027687,90.45385904,Sc1 Co2 Si2,14,27,13,20.6,5.279999999999999,14,11,78,67,56.6,18.24,58,28.0855,58.933195,30.847694999999998,43.798660399999996,12.57052832,28.0855,1687,1814,127,1744.8,46.24000000000001,1687,3,14,11,9.8,3.3600000000000003,9,3,4,1,3.6,0.48,3,111,170,59,128.8,16.480000000000008,111,1.36,1.9,0.5399999999999998,1.784,0.1695999999999999,1.88,2,2,0,2,0,2,0,2,2,0.8,0.9600000000000002,0,0,7,7,3,3.2,0,0,0,0,0,0,0,3,9,6,5.8,2.5599999999999996,4,0,0,0,0,0,0,0,4,4,1.6,1.9200000000000004,0,0,9,9,3,2.4,0,0,0,0,0,0,0,3,9,6,4.6,1.7599999999999998,3,10.245,22.235,11.99,16.720999999999997,5.180800000000001,10.245,0,0.773,0.773,0.30920000000000003,0.37104,0,0,1.5484712,1.5484712,0.6193897500000001,0.7432651600000001,0,194,227,33,207.2,15.839999999999998,194
HfSi,152.6547424,95.61136196,Hf1 Si1,14,72,58,43,29,14,45,78,33,61.5,16.5,45,28.0855,178.49,150.4045,103.28775,75.20225,28.0855,1687,2506,819,2096.5,409.5,1687,4,14,10,9,5,4,3,6,3,4.5,1.5,3,111,175,64,143,32,111,1.3,1.9,0.5999999999999999,1.6,0.29999999999999993,1.3,2,2,0,2,0,2,0,2,2,1,1,0,0,2,2,1,1,0,0,14,14,7,7,0,4,18,14,11,7,4,0,0,0,0,0,0,0,4,4,2,2,0,0,8,8,4,4,0,0,0,0,0,0,0,4,8,4,6,2,4,20.44,22.2,1.759999999999998,21.32,0.88,20.44,0,0.773,0.773,0.3865,0.3865,0,0,0,0,0,0,0,194,227,33,210.5,16.5,194
NaNiO2,99.7832474,68.05601121,Na1 Ni1 O2,8,28,20,13.75,7.125,8,2,87,85,59.25,28.625,87,15.9994,58.6934,42.693999999999996,28.42049232,15.136453839999998,15.9994,54.8,1728,1673.2,552.1175,587.94125,54.8,1,16,15,10.75,5.25,16,2,4,2,2.75,0.75,2,66,166,100,105.5,39.5,66,0.93,3.44,2.51,2.4299999999999997,1.01,3.44,1,2,1,1.75,0.375,2,0,4,4,2,2,4,0,8,8,2,3,0,0,0,0,0,0,0,1,10,9,5.75,2.375,6,0,1,1,0.25,0.375,0,0,2,2,1,1,2,0,2,2,0.5,0.75,0,0,0,0,0,0,0,1,2,1,1.75,0.375,2,9.105,29.24333333,20.13833333,14.44333333,7.4,9.105,0,0,0,0,0,0,0,0.5953947,0.5953947,0.148848675,0.22327301250000003,0,12,229,217,119.5,107.5,12
Zr(SiNi)2,170.8086925,81.62695156,Zr1 Si2 Ni2,14,40,26,24.8,8.639999999999999,14,44,78,34,64.4,10.88,61,28.0855,91.224,63.13850000000001,52.95636,19.896688,28.0855,1687,2128,441,1791.6,134.55999999999995,1687,4,14,10,10.4,2.88,10,3,5,2,3.8,0.64,3,111,175,64,129,18.4,111,1.33,1.91,0.5799999999999998,1.7899999999999998,0.18400000000000002,1.9,2,2,0,2,0,2,0,2,2,0.8,0.9600000000000002,0,0,8,8,3.6,3.5200000000000005,0,0,0,0,0,0,0,4,10,6,6.4,2.88,4,0,0,0,0,0,0,0,4,4,1.6,1.9200000000000004,0,0,8,8,2.4,2.2399999999999998,0,0,0,0,0,0,0,2,8,6,4,1.6,2,10.32,23.195,12.875,16.943,5.2984,10.32,0,0.773,0.773,0.30920000000000003,0.37104000000000004,0,0,0.5953947,0.5953947,0.23815788000000002,0.285789456,0,194,227,33,219.6,10.240000000000004,225
Si4Rh3,179.5806292,88.28061685,Si4 Rh3,14,45,31,27.285714285714285,15.183673469387754,14,59,78,19,69.85714285714286,9.306122448979592,78,28.0855,102.9055,74.82000000000001,60.15121428571428,36.646530612244895,28.0855,1687,2237,550,1922.7142857142858,269.38775510204084,1687,9,14,5,11.857142857142858,2.4489795918367347,14,3,5,2,3.857142857142857,0.979591837,3,111,142,31,124.28571428571429,15.183673469387756,111,1.9,2.28,0.3799999999999999,2.0628571428571427,0.1861224489795918,1.9,1,2,1,1.5714285714285714,0.489795918,2,0,2,2,1.1428571428571428,0.979591837,2,0,8,8,3.4285714285714284,3.9183673469387754,0,0,0,0,0,0,0,4,9,5,6.142857142857143,2.4489795918367347,4,0,1,1,0.42857142857142855,0.4897959183673469,0,0,4,4,2.2857142857142856,1.959183673469388,4,0,2,2,0.8571428571428571,0.9795918367346939,0,0,0,0,0,0,0,3,4,1,3.5714285714285716,0.4897959183673469,4,13.64,20.44,6.800000000000001,17.525714285714287,3.3306122448979596,20.44,0,0.773,0.773,0.4417142857142857,0.3786122448979592,0.773,0,0,0,0,0,0,225,227,2,226.14285714285714,0.9795918367346944,227
Hf2CoP,166.0651556,86.49154001,Hf2 Co1 P1,15,72,57,46.5,25.5,72,45,83,38,57.75,12.75,45,30.973762,178.49,147.51623800000002,111.72173925000001,66.76826075000001,178.49,317.3,2506,2188.7,1774.325,731.675,2506,4,15,11,8,4,4,3,6,3,4.75,1.25,6,107,175,68,145.75,29.25,175,1.3,2.19,0.8899999999999999,1.6675,0.36749999999999994,1.3,2,2,0,2,0,2,0,3,3,0.75,1.125,0,0,7,7,2.75,2.125,2,0,14,14,7,7,14,5,18,13,12.5,5.5,18,0,0,0,0,0,0,0,3,3,0.75,1.125,0,0,8,8,4.75,3.25,8,0,0,0,0,0,0,3,8,5,5.5,2.5,8,10.245,22.5702381,12.325238095200001,19.30380952,4.529404762,22.2,0,1.625,1.625,0.40625,0.609375,0,0,1.5484712,1.5484712,0.3871178,0.5806767,0,2,194,192,146,72,194
Sc2Co3Si,154.8496103,78.67044151,Sc2 Co3 Si1,14,27,13,22.833333333333332,4.166666666666667,27,11,78,67,45.666666666666664,23.111111111111114,58,28.0855,58.933195,30.847694999999998,49.132818166666674,9.800376833333333,58.933195,1687,1814,127,1769.8333333333333,29.444444444444418,1768,3,14,11,7.833333333333333,3.2222222222222228,9,3,4,1,3.8333333333333335,0.2777777777777777,4,111,170,59,138.16666666666666,21.222222222222218,126,1.36,1.9,0.5399999999999998,1.71,0.23333333333333325,1.88,2,2,0,2,0,2,0,2,2,0.3333333333333333,0.5555555555555555,0,0,7,7,3.8333333333333335,3.1666666666666665,7,0,0,0,0,0,0,3,9,6,6.166666666666667,2.8333333333333335,9,0,0,0,0,0,0,0,4,4,0.6666666666666666,1.111111111111111,0,0,9,9,4.5,3,3,0,0,0,0,0,0,3,9,6,5.166666666666667,2.555555555555556,3,10.245,22.235,11.99,15.940833333333332,5.695833333333334,10.245,0,0.773,0.773,0.12883333333333333,0.21472222222222218,0,0,1.5484712,1.5484712,0.7742377166666667,0.7742334833333334,1.5484712,194,227,33,199.5,9.166666666666666,194
Mg(Co3P2)2,202.8745705,99.01851774,Mg1 Co6 P4,12,27,15,21.272727272727273,6.247933884,27,58,83,25,68,10.909090909090908,58,24.305,58.933195,34.628195,45.61811072727273,14.525546479338841,58.933195,317.3,1768,1450.7,1163.6545454545455,659.2859504132231,1768,2,15,13,10.545454545454545,3.239669421487603,9,3,4,1,3.5454545454545454,0.4958677685950414,4,107,141,34,120.45454545454545,9.785123967,126,1.31,2.19,0.8799999999999999,1.9409090909090911,0.18115702479338852,1.88,2,2,0,2,0,2,0,3,3,1.0909090909090908,1.3884297520661157,0,0,7,7,3.8181818181818183,3.4710743801652892,7,0,0,0,0,0,0,2,9,7,6.909090909090909,2.280991736,9,0,0,0,0,0,0,0,3,3,1.0909090909090908,1.3884297520661157,0,0,3,3,1.6363636363636365,1.487603305785124,3,0,0,0,0,0,0,0,3,3,2.727272727272727,0.4958677685950415,3,10.245,22.89,12.645000000000001,15.876450216436364,6.143400236112398,10.245,0,1.625,1.625,0.5909090909090909,0.7520661157024794,0,0,1.5484712,1.5484712,0.8446206545454547,0.767836959,1.5484712,2,194,192,124.18181818181819,88.85950413223141,194
Nb2SnC,160.0869625,78.52468387,Nb2 Sn1 C1,6,50,44,34.5,14.25,41,47,80,33,62.75,15.75,47,12.0107,118.71,106.6993,79.133365,33.5613325,92.90638,505.08,3823,3317.92,2457.02,975.97,2750,5,14,9,9.5,4.5,5,2,5,3,4.25,1.125,5,76,164,88,135.75,29.875,164,1.6,2.55,0.9499999999999997,1.9275,0.3274999999999999,1.6,1,2,1,1.5,0.5,1,0,2,2,1,1,0,0,10,10,4.5,2.75,4,0,0,0,0,0,0,4,14,10,7,3.5,5,0,1,1,0.5,0.5,1,0,4,4,2,2,0,0,6,6,3,3,6,0,0,0,0,0,0,4,7,3,5.5,1.5,7,5.64,33.285,27.644999999999996,18.82125,7.231874999999999,18.18,0,4.496,4.496,1.124,1.6860000000000002,0,0,0,0,0,0,0,141,229,88,198.25,30.75,229
Nb4CoSi,191.2483518,96.80574839,Nb4 Co1 Si1,14,41,27,34.166666666666664,9.111111111111112,41,47,78,31,54,9.333333333333334,47,28.0855,92.90638,64.82088,76.4407025,21.954236666666663,92.90638,1687,2750,1063,2409.1666666666665,454.4444444444445,2750,5,14,9,7.166666666666667,2.888888888888889,5,3,5,2,4.5,0.6666666666666666,5,111,164,53,148.83333333333334,20.222222222222218,164,1.6,1.9,0.2999999999999998,1.696666666666667,0.12888888888888891,1.6,1,2,1,1.3333333333333333,0.4444444444444444,1,0,2,2,0.3333333333333333,0.5555555555555555,0,0,7,7,3.8333333333333335,1.2777777777777777,4,0,0,0,0,0,0,4,9,5,5.5,1.1666666666666667,5,0,1,1,0.6666666666666666,0.4444444444444444,1,0,4,4,0.6666666666666666,1.111111111111111,0,0,6,6,4.5,2,6,0,0,0,0,0,0,3,7,4,5.833333333333333,1.5555555555555556,7,10.245,20.44,10.195000000000002,17.234166666666667,2.3297222222222222,18.18,0,0.773,0.773,0.12883333333333333,0.21472222222222223,0,0,1.5484712,1.5484712,0.25807853333333336,0.4301308888888889,0,194,229,35,222.83333333333334,9.611111111111105,229
Si5Rh4,180.9155858,89.94598813,Si5 Rh4,14,45,31,27.77777777777778,15.30864197530864,14,59,78,19,69.55555555555556,9.382716049382715,78,28.0855,102.9055,74.82000000000001,61.33883333333334,36.94814814814815,28.0855,1687,2237,550,1931.4444444444443,271.6049382716049,1687,9,14,5,11.777777777777779,2.4691358024691357,14,3,5,2,3.888888888888889,0.9876543209876544,3,111,142,31,124.77777777777777,15.30864197530864,111,1.9,2.28,0.3799999999999999,2.0688888888888886,0.18765432098765425,1.9,1,2,1,1.5555555555555556,0.4938271604938272,2,0,2,2,1.1111111111111112,0.9876543209876544,2,0,8,8,3.5555555555555554,3.9506172839506175,0,0,0,0,0,0,0,4,9,5,6.222222222222222,2.4691358024691357,4,0,1,1,0.4444444444444444,0.4938271604938272,0,0,4,4,2.2222222222222223,1.9753086419753088,4,0,2,2,0.8888888888888888,0.9876543209876544,0,0,0,0,0,0,0,3,4,1,3.5555555555555554,0.4938271604938272,4,13.64,20.44,6.800000000000001,17.417777777777776,3.3580246913580254,20.44,0,0.773,0.773,0.42944444444444446,0.3817283950617284,0.773,0,0,0,0,0,0,225,227,2,226.11111111111111,0.9876543209876539,227
BaNbO3,167.4571518,89.57204379,Ba1 Nb1 O3,8,56,48,24.2,19.439999999999998,8,9,87,78,63.4,28.320000000000004,87,15.9994,137.327,121.3276,55.646316,47.576299199999994,15.9994,54.8,2750,2695.2,782.88,873.6959999999999,54.8,2,16,14,11,6,16,2,6,4,3.4,1.6799999999999997,2,66,215,149,115.4,59.279999999999994,66,0.89,3.44,2.55,2.5620000000000003,1.0535999999999999,3.44,1,2,1,1.8,0.31999999999999995,2,0,4,4,2.4,1.9200000000000004,4,0,4,4,0.8,1.28,0,0,0,0,0,0,0,2,6,4,5,1.2,6,0,1,1,0.2,0.32,0,0,2,2,1.2,0.9600000000000002,2,0,6,6,1.2,1.92,0,0,0,0,0,0,0,0,7,7,2.6,1.7600000000000002,2,9.105,63.59,54.485,21.817,16.7092,9.105,0,0,0,0,0,0,0,0,0,0,0,0,12,229,217,98.8,104.16,12
Ti2C,138.9378898,78.18815131,Ti2 C1,6,22,16,16.666666666666668,7.111111111111111,22,43,77,34,54.333333333333336,15.111111111111112,43,12.0107,47.867,35.8563,35.914899999999996,15.936133333333332,47.867,1941,3823,1882,2568.3333333333335,836.4444444444445,1941,4,14,10,7.333333333333333,4.444444444444444,4,2,4,2,3.3333333333333335,0.8888888888888888,4,76,160,84,132,37.333333333333336,160,1.54,2.55,1.0099999999999998,1.8766666666666667,0.44888888888888884,1.54,2,2,0,2,0,2,0,2,2,0.6666666666666666,0.888888889,0,0,2,2,1.3333333333333333,0.888888889,2,0,0,0,0,0,0,4,4,0,4,0,4,0,0,0,0,0,0,0,4,4,1.3333333333333333,1.777777777777778,0,0,8,8,5.333333333333333,3.555555555555556,8,0,0,0,0,0,0,4,8,4,6.666666666666667,1.7777777777777777,8,5.64,16.69,11.05,13.006666666666668,4.911111111111111,16.69,0,4.496,4.496,1.4986666666666668,1.9982222222222223,0,0,2.25333333333e-05,2.25333333333e-05,1.50222222222e-05,1.00148148148e-05,2.25333333333e-05,194,194,0,194,0,194
Ni2B,249.7870478,99.91201742,Ni2 B1,5,28,23,20.333333333333332,10.222222222222223,28,61,72,11,64.66666666666667,4.888888889,61,10.811,58.6934,47.8824,42.7326,21.281066666666664,58.6934,1728,2348,620,1934.6666666666667,275.5555555555556,1728,10,13,3,11,1.3333333333333333,10,2,4,2,3.3333333333333335,0.8888888888888888,4,84,124,40,110.66666666666667,17.777777777777775,124,1.91,2.04,0.13000000000000012,1.9533333333333331,0.057777778,1.91,2,2,0,2,0,2,0,1,1,0.3333333333333333,0.4444444444444445,0,0,8,8,5.333333333333333,3.555555555555556,8,0,0,0,0,0,0,3,10,7,7.666666666666667,3.1111111111111107,10,0,0,0,0,0,0,0,5,5,1.6666666666666667,2.222222222222222,0,0,2,2,1.3333333333333333,0.888888889,2,0,0,0,0,0,0,2,5,3,3,1.3333333333333333,2,7.1725,10.32,3.1475,9.270833333333334,1.3988888888888888,10.32,0,1.524,1.524,0.508,0.6773333333333333,0,0,0.5953947,0.5953947,0.39692980000000005,0.26461986666666665,0.5953947,166,225,59,205.33333333333334,26.222222222222218,225
Ti3TlC,145.7318275,82.79905517,Ti3 Tl1 C1,6,81,75,30.6,20.160000000000004,22,43,77,34,56.4,16.080000000000002,43,12.0107,204.3833,192.37259999999998,71.999,52.95372,47.867,577,3823,3246,2044.6,711.3599999999999,1941,4,14,10,7.8,4.56,4,2,6,4,4,0.8,4,76,160,84,140.2,25.680000000000007,160,1.54,2.55,1.0099999999999998,1.7579999999999998,0.3167999999999998,1.54,2,2,0,2,0,2,0,2,2,0.6,0.72,0,0,10,10,3.2,2.72,2,0,14,14,2.8,4.4799999999999995,0,4,27,23,8.6,7.359999999999999,4,0,0,0,0,0,0,0,5,5,1.8,2.16,0,0,8,8,4.8,3.8400000000000007,8,0,0,0,0,0,0,4,8,4,6.6,1.6800000000000002,8,5.64,26.91,21.27,16.524,4.3536,16.69,0,4.496,4.496,0.8992000000000001,1.4387200000000002,0,0,2.25333333333e-05,2.25333333333e-05,1.351999999998e-05,1.0815999999984002e-05,2.25333333333e-05,194,194,0,194,0,194
PtO2,201.9413496,86.77715102,Pt1 O2,8,78,70,31.333333333333332,31.111111111111114,8,63,87,24,79,10.666666666666666,87,15.9994,195.084,179.0846,75.69426666666666,79.59315555555555,15.9994,54.8,2041.4,1986.6000000000001,717,882.9333333333334,54.8,10,16,6,14,2.6666666666666665,16,2,6,4,3.3333333333333335,1.777777777777778,2,66,136,70,89.33333333333333,31.11111111111111,66,2.28,3.44,1.1600000000000001,3.0533333333333332,0.5155555555555557,3.44,1,2,1,1.6666666666666667,0.4444444444444444,2,0,4,4,2.6666666666666665,1.777777777777778,4,0,9,9,3,4,0,0,14,14,4.666666666666667,6.222222222222221,0,6,24,18,12,8,6,0,1,1,0.3333333333333333,0.4444444444444445,0,0,2,2,1.3333333333333333,0.888888889,2,0,1,1,0.3333333333333333,0.4444444444444445,0,0,0,0,0,0,0,2,2,0,2,0,2,9.105,15.02,5.914999999999999,11.076666666666668,2.628888888888889,9.105,0,0,0,0,0,0,0,0,0,0,0,0,12,225,213,83,94.66666666666667,12
Zr2CoP,154.2731244,78.08190158,Zr2 Co1 P1,15,40,25,30.5,9.5,40,44,83,39,57.25,13.25,44,30.973762,91.224,60.250238,68.08873925,23.13526075,91.224,317.3,2128,1810.7,1585.325,634.0125,2128,4,15,11,8,4,4,3,5,2,4.25,0.75,5,107,175,68,145.75,29.25,175,1.33,2.19,0.8599999999999999,1.6825,0.3524999999999999,1.33,2,2,0,2,0,2,0,3,3,0.75,1.125,0,0,7,7,2.75,2.125,2,0,0,0,0,0,0,4,9,5,5.5,1.75,4,0,0,0,0,0,0,0,3,3,0.75,1.125,0,0,8,8,4.75,3.25,8,0,0,0,0,0,0,3,8,5,5.5,2.5,8,10.245,23.195,12.950000000000001,19.80130952,4.778154761900001,23.195,0,1.625,1.625,0.40625,0.609375,0,0,1.5484712,1.5484712,0.3871178,0.5806767,0,2,194,192,146,72,194
ScRh3C,214.9677674,90.47157785,Sc1 Rh3 C1,6,45,39,32.4,15.12,45,11,77,66,53,16.8,59,12.0107,102.9055,90.8948,73.1366224,35.722653120000004,102.9055,1814,3823,2009,2469.6,541.3599999999999,2237,3,14,11,8.8,2.3199999999999994,9,2,5,3,4.2,0.96,5,76,170,94,134.4,23.359999999999996,142,1.36,2.55,1.1899999999999997,2.15,0.3159999999999999,2.28,1,2,1,1.4,0.48,1,0,2,2,0.4,0.64,0,0,8,8,5,3.6,8,0,0,0,0,0,0,3,9,6,6.8,2.6399999999999997,9,0,1,1,0.6,0.4800000000000001,1,0,4,4,0.8,1.28,0,0,9,9,3,2.4,2,0,0,0,0,0,0,3,9,6,4.4,1.8400000000000003,3,5.64,22.235,16.595,13.759,3.3903999999999996,13.64,0,4.496,4.496,0.8992000000000001,1.4387200000000002,0,0,6.35e-06,6.35e-06,1.2700000000000001e-06,2.032e-06,0,194,225,31,212.6,14.88,225
Cr2GeC,202.3030601,81.7002521,Cr2 Ge1 C1,6,32,26,21.5,7.75,24,49,79,30,63.5,14.5,49,12.0107,72.64,60.6293,47.160725,17.5750125,51.9961,1211.4,3823,2611.6,2348.6,737.1999999999999,2180,6,14,8,10,4,6,2,4,2,3.5,0.75,4,76,139,63,118.5,21.25,139,1.66,2.55,0.8899999999999999,1.97,0.30999999999999994,1.66,1,2,1,1.5,0.5,1,0,2,2,1,1,0,0,10,10,5,2.5,5,0,0,0,0,0,0,4,14,10,7.5,3.25,6,0,1,1,0.5,0.5,1,0,4,4,2,2,0,0,5,5,2.5,2.5,5,0,0,0,0,0,0,4,6,2,5,1,6,5.64,23.005,17.365,12.75625,5.124375,11.19,0,4.496,4.496,1.2197500000000001,1.638125,0,0,0,0,0,0,0,194,229,35,219.25,12.625,229
Al(CoSi)2,175.4499068,96.25200573,Al1 Co2 Si2,13,27,14,19,6.4,14,58,78,20,69,8.8,58,26.9815386,58.933195,31.951656399999997,40.20378572,14.983527423999998,28.0855,933.47,1768,834.53,1568.694,254.08960000000002,1687,9,14,5,11.8,2.2399999999999998,9,3,4,1,3.4,0.48,3,111,126,15,119,6.4,111,1.61,1.9,0.2899999999999998,1.834,0.0896,1.88,2,2,0,2,0,2,0,2,2,1,0.8,0,0,7,7,2.8,3.3599999999999994,0,0,0,0,0,0,0,3,9,6,5.8,2.5599999999999996,4,0,0,0,0,0,0,0,5,5,2.6,2.0799999999999996,0,0,3,3,1.2,1.44,0,0,0,0,0,0,0,3,5,2,3.8,0.64,3,10.245,20.44,10.195000000000002,15.569999999999999,4.260000000000001,10.245,0,0.773,0.773,0.30920000000000003,0.37104,0,0,1.5484712,1.5484712,0.61938848,0.743266176,0,194,227,33,213.4,15.52,194
MnSiRh,153.520846,69.47314774,Mn1 Si1 Rh1,14,45,31,28,11.333333333333334,14,52,78,26,63,10,52,28.0855,102.9055,74.82000000000001,61.976348333333334,27.286101111111112,28.0855,1519,2237,718,1814.3333333333333,281.77777777777777,1519,7,14,7,10,2.6666666666666665,7,3,5,2,4,0.6666666666666666,3,111,142,31,130.66666666666666,13.111111111111114,111,1.55,2.28,0.7299999999999998,1.9100000000000001,0.24666666666666667,1.55,1,2,1,1.6666666666666667,0.4444444444444444,1,0,2,2,0.6666666666666666,0.8888888888888888,0,0,8,8,4.333333333333333,2.8888888888888893,0,0,0,0,0,0,0,4,9,5,6.666666666666667,1.7777777777777777,4,0,1,1,0.3333333333333333,0.4444444444444445,0,0,4,4,1.3333333333333333,1.7777777777777777,0,0,5,5,2.3333333333333335,1.777777777777778,0,0,0,0,0,0,0,3,5,2,4,0.6666666666666666,3,10.48758621,20.44,9.952413793100002,14.855862068966667,3.7227586206888894,10.48758621,0,0.773,0.773,0.25766666666666665,0.3435555555555556,0,0,0.000310121,0.000310121,0.000103374,0.000137831,0,217,227,10,223,4,217
Ti2GeC,153.4480085,104.2363049,Ti2 Ge1 C1,6,32,26,20.5,7.25,22,43,79,36,60.5,17.5,43,12.0107,72.64,60.6293,45.096175,16.542737499999998,47.867,1211.4,3823,2611.6,2229.1,796.9499999999999,1941,4,14,10,9,5,4,2,4,2,3.5,0.75,4,76,160,84,129,31,160,1.54,2.55,1.0099999999999998,1.91,0.3699999999999999,1.54,2,2,0,2,0,2,0,2,2,1,1,0,0,10,10,3.5,3.25,2,0,0,0,0,0,0,4,14,10,6.5,3.75,4,0,0,0,0,0,0,0,4,4,2,2,0,0,8,8,4,4,8,0,0,0,0,0,0,4,8,4,6,2,8,5.64,23.005,17.365,15.506250000000001,4.9331249999999995,16.69,0,4.496,4.496,1.2197500000000001,1.638125,0,0,2.25333333333e-05,2.25333333333e-05,1.126666666665e-05,1.126666666665e-05,2.25333333333e-05,194,225,31,201.75,11.625,194
Si3Ru4,232.2833713,103.4922943,Si3 Ru4,14,44,30,31.142857142857142,14.693877551020408,44,56,78,22,65.42857142857143,10.775510204081632,56,28.0855,101.07,72.9845,69.79092857142857,35.74751020408163,101.07,1687,2607,920,2212.714285714286,450.61224489795916,2607,8,14,6,10.571428571428571,2.9387755102040813,8,3,5,2,4.142857142857143,0.9795918367346939,5,111,146,35,131,17.142857142857142,146,1.9,2.2,0.30000000000000027,2.0714285714285716,0.1469387755102042,2.2,1,2,1,1.4285714285714286,0.489795918,1,0,2,2,0.8571428571428571,0.9795918367346939,0,0,7,7,4,3.4285714285714284,7,0,0,0,0,0,0,4,8,4,6.285714285714286,1.959183673469388,8,0,1,1,0.5714285714285714,0.489795918,1,0,4,4,1.7142857142857142,1.9591836734693877,0,0,3,3,1.7142857142857142,1.4693877551020407,3,0,0,0,0,0,0,4,4,0,4,0,4,13.51,20.44,6.9300000000000015,16.48,3.394285714285715,13.51,0,0.773,0.773,0.3312857142857143,0.3786122448979592,0,0,0,0,0,0,0,194,227,33,208.14285714285714,16.163265306122447,194
ZrN,246.8520163,142.4364484,Zr1 N1,7,40,33,23.5,16.5,7,44,82,38,63,19,44,14.0067,91.224,77.21730000000001,52.61535,38.60865,14.0067,63.05,2128,2064.95,1095.525,1032.475,63.05,4,15,11,9.5,5.5,4,2,5,3,3.5,1.5,2,71,175,104,123,52,71,1.33,3.04,1.71,2.185,0.855,1.33,2,2,0,2,0,2,0,3,3,1.5,1.5,0,0,2,2,1,1,0,0,0,0,0,0,0,4,5,1,4.5,0.5,4,0,0,0,0,0,0,0,3,3,1.5,1.5,0,0,8,8,4,4,0,0,0,0,0,0,0,3,8,5,5.5,2.5,3,14.76875,23.195,8.42625,18.981875000000002,4.213125,14.76875,0,6.437,6.437,3.2185,3.2185,0,0,0,0,0,0,0,194,194,0,194,0,194
Cr5Si3,223.7513243,132.8411869,Cr5 Si3,14,24,10,20.25,4.6875,24,49,78,29,59.875,13.59375,49,28.0855,51.9961,23.9106,43.029625,11.20809375,51.9961,1687,2180,493,1995.125,231.09375,2180,6,14,8,9,3.75,6,3,4,1,3.625,0.46875,4,111,139,28,128.5,13.125,139,1.66,1.9,0.24,1.7499999999999998,0.11249999999999996,1.66,1,2,1,1.375,0.46875,1,0,2,2,0.75,0.9375,0,0,5,5,3.125,2.34375,5,0,0,0,0,0,0,4,6,2,5.25,0.9375,6,0,1,1,0.625,0.46875,1,0,4,4,1.5,1.875,0,0,5,5,3.125,2.34375,5,0,0,0,0,0,0,4,6,2,5.25,0.9375,6,11.19,20.44,9.250000000000002,14.658750000000001,4.335937500000001,11.19,0,0.773,0.773,0.289875,0.36234374999999996,0,0,0,0,0,0,0,227,229,2,228.25,0.9375,229
BN,373.2413619,383.4030104,B1 N1,5,7,2,6,1,5,72,82,10,77,5,72,10.811,14.0067,3.1957000000000004,12.408850000000001,1.5978500000000002,10.811,63.05,2348,2284.95,1205.525,1142.475,63.05,13,15,2,14,1,13,2,2,0,2,0,2,71,84,13,77.5,6.5,71,2.04,3.04,1,2.54,0.5,2.04,2,2,0,2,0,2,1,3,2,2,1,1,0,0,0,0,0,0,0,0,0,0,0,0,3,5,2,4,1,3,0,0,0,0,0,0,3,5,2,4,1,3,0,0,0,0,0,0,0,0,0,0,0,0,3,5,2,4,1,3,7.1725,14.76875,7.59625,10.970625,3.798125,7.1725,1.524,6.437,4.913,3.9805,2.4565,1.524,0,0,0,0,0,0,166,194,28,180,14,166
CaTiO3,171.9946665,101.1157726,Ca1 Ti1 O3,8,22,14,13.2,6.24,8,7,87,80,62.2,29.76,87,15.9994,47.867,31.867599999999996,27.18864,13.427088000000001,15.9994,54.8,1941,1886.2,644.08,707.1360000000001,54.8,2,16,14,10.8,6.24,16,2,4,2,2.8,0.96,2,66,176,110,106.8,48.96,66,1,3.44,2.44,2.572,1.0416,3.44,2,2,0,2,0,2,0,4,4,2.4,1.9200000000000004,4,0,2,2,0.4,0.64,0,0,0,0,0,0,0,2,6,4,4.8,1.44,6,0,0,0,0,0,0,0,2,2,1.2,0.9600000000000002,2,0,8,8,1.6,2.56,0,0,0,0,0,0,0,0,8,8,2.8,2.0799999999999996,2,9.105,37.77,28.665000000000003,16.355,8.7,9.105,0,0,0,0,0,0,0,2.25333333333e-05,2.25333333333e-05,4.50666666666e-06,7.210666666656e-06,0,12,225,213,91,94.8,12
TiSiRu2,242.9094508,130.4220354,Ti1 Si1 Ru2,14,44,30,31,13,44,43,78,35,58.25,9.875,56,28.0855,101.07,72.9845,69.523125,31.546875,101.07,1687,2607,920,2210.5,396.5,2607,4,14,10,8.5,2.75,8,3,5,2,4.25,0.75,5,111,160,49,140.75,14.875,146,1.54,2.2,0.6600000000000001,1.96,0.2400000000000001,2.2,1,2,1,1.5,0.5,1,0,2,2,0.5,0.75,0,0,7,7,4,3,7,0,0,0,0,0,0,4,8,4,6,2,8,0,1,1,0.5,0.5,1,0,4,4,1,1.5,0,0,8,8,3.5,2.25,3,0,0,0,0,0,0,4,8,4,5,1.5,4,13.51,20.44,6.9300000000000015,16.0375,2.5275000000000007,13.51,0,0.773,0.773,0.19325,0.289875,0,0,2.25333333333e-05,2.25333333333e-05,5.633333333325e-06,8.4499999999875e-06,0,194,227,33,202.25,12.375,194
HfO2,248.0066411,115.4250929,Hf1 O2,8,72,64,29.333333333333332,28.444444444444446,8,45,87,42,73,18.666666666666668,87,15.9994,178.49,162.4906,70.16293333333333,72.21804444444444,15.9994,54.8,2506,2451.2,871.8666666666667,1089.4222222222222,54.8,4,16,12,12,5.333333333333333,16,2,6,4,3.3333333333333335,1.777777777777778,2,66,175,109,102.33333333333333,48.444444444444436,66,1.3,3.44,2.1399999999999997,2.7266666666666666,0.9511111111111111,3.44,2,2,0,2,0,2,0,4,4,2.6666666666666665,1.777777777777778,4,0,2,2,0.6666666666666666,0.888888889,0,0,14,14,4.666666666666667,6.222222222222221,0,6,18,12,10,5.333333333333333,6,0,0,0,0,0,0,0,2,2,1.3333333333333333,0.888888889,2,0,8,8,2.6666666666666665,3.555555555555556,0,0,0,0,0,0,0,2,8,6,4,2.6666666666666665,2,9.105,22.2,13.094999999999999,13.469999999999999,5.819999999999999,9.105,0,0,0,0,0,0,0,0,0,0,0,0,12,194,182,72.66666666666667,80.88888889,12
YCo3B2,203.8577573,122.6851685,Y1 Co3 B2,5,39,34,21.666666666666668,11.111111111111109,27,12,72,60,55,14.333333333333334,58,10.811,88.90585,78.09485000000001,47.88790583333333,24.717937222222222,58.933195,1768,2348,580,1966.5,254.33333333333334,1768,3,13,10,9.333333333333334,2.4444444444444446,9,2,5,3,3.5,1,4,84,190,106,122.66666666666667,25.777777777777775,126,1.22,2.04,0.8200000000000001,1.8233333333333333,0.20111111111111113,1.88,2,2,0,2,0,2,0,1,1,0.3333333333333333,0.4444444444444445,0,0,7,7,3.6666666666666665,3.3333333333333335,7,0,0,0,0,0,0,3,9,6,6,3,9,0,0,0,0,0,0,0,5,5,1.6666666666666667,2.222222222222222,0,0,9,9,3,2,3,0,0,0,0,0,0,3,9,6,4.666666666666667,1.6666666666666667,3,7.1725,32.365,25.192500000000003,12.9075,6.485833333333335,10.245,0,1.524,1.524,0.508,0.6773333333333333,0,0,1.5484712,1.5484712,0.7742356,0.7742356,1.5484712,166,194,28,184.66666666666666,12.444444444444448,194
TiO,236.7461675,171.0790582,Ti1 O1,8,22,14,15,7,8,43,87,44,65,22,43,15.9994,47.867,31.867599999999996,31.9332,15.933799999999998,15.9994,54.8,1941,1886.2,997.9,943.1,54.8,4,16,12,10,6,4,2,4,2,3,1,2,66,160,94,113,47,66,1.54,3.44,1.9,2.49,0.95,1.54,2,2,0,2,0,2,0,4,4,2,2,0,0,2,2,1,1,0,0,0,0,0,0,0,4,6,2,5,1,4,0,0,0,0,0,0,0,2,2,1,1,0,0,8,8,4,4,0,0,0,0,0,0,0,2,8,6,5,3,2,9.105,16.69,7.585000000000001,12.8975,3.7925000000000004,9.105,0,0,0,0,0,0,0,2.25333333333e-05,2.25333333333e-05,1.126666666665e-05,1.126666666665e-05,0,12,194,182,103,91,12
CoReB,349.5395793,131.0669885,Co1 Re1 B1,5,75,70,35.666666666666664,26.222222222222218,5,54,72,18,61.333333333333336,7.111111111111112,54,10.811,186.207,175.396,85.317065,67.25995666666667,10.811,1768,3459,1691,2525,622.6666666666666,1768,7,13,6,9.666666666666666,2.222222222222222,7,2,6,4,4,1.3333333333333333,2,84,151,67,120.33333333333333,24.222222222222225,84,1.88,2.04,0.16000000000000014,1.9400000000000002,0.066666667,1.88,2,2,0,2,0,2,0,1,1,0.3333333333333333,0.4444444444444445,0,0,7,7,4,2.6666666666666665,0,0,14,14,4.666666666666667,6.222222222222222,0,3,21,18,11,6.666666666666667,3,0,0,0,0,0,0,0,5,5,1.6666666666666667,2.222222222222222,0,0,5,5,2.6666666666666665,1.777777777777778,0,0,0,0,0,0,0,3,5,2,4.333333333333333,0.888888889,3,7.1725,14.655,7.482499999999999,10.690833333333332,2.6427777777777774,7.1725,0,1.524,1.524,0.508,0.6773333333333333,0,0,1.5484712,1.5484712,0.5161570666666667,0.6882094222222221,0,166,194,28,184.66666666666666,12.444444444444448,166
Si(NiO2)2,198.5465548,100.7956685,Si1 Ni2 O4,8,28,20,14.571428571428571,7.673469387755103,8,61,87,26,78.28571428571429,9.959183673469386,87,15.9994,58.6934,42.693999999999996,29.924271428571426,16.439502040816325,15.9994,54.8,1728,1673.2,766.0285714285714,812.8326530612246,54.8,10,16,6,14,2.2857142857142856,16,2,4,2,2.7142857142857144,0.8163265306122449,2,66,124,58,89,26.285714285714285,66,1.9,3.44,1.54,2.782857142857143,0.7510204081632653,3.44,2,2,0,2,0,2,0,4,4,2.5714285714285716,1.6326530612244898,4,0,8,8,2.2857142857142856,3.2653061224489797,0,0,0,0,0,0,0,4,10,6,6.857142857142857,1.7959183673469385,6,0,0,0,0,0,0,0,4,4,1.7142857142857142,0.9795918367346939,2,0,2,2,0.5714285714285714,0.8163265306122449,0,0,0,0,0,0,0,2,4,2,2.2857142857142856,0.48979591836734687,2,9.105,20.44,11.335,11.071428571428571,2.676734693877551,9.105,0,0.773,0.773,0.11042857142857143,0.1893061224489796,0,0,0.5953947,0.5953947,0.17011277142857145,0.2430182448979592,0,12,227,215,103.57142857142857,104.65306122448979,12
VP2,152.165102,124.4515456,V1 P2,15,23,8,17.666666666666668,3.555555555555556,15,46,83,37,70.66666666666667,16.444444444444443,83,30.973762,50.9415,19.967737999999997,37.629674666666666,8.874550222,30.973762,317.3,2183,1865.7,939.1999999999999,829.1999999999999,317.3,5,15,10,11.666666666666666,4.444444444444445,15,3,4,1,3.3333333333333335,0.4444444444444445,3,107,153,46,122.33333333333333,20.444444444444443,107,1.63,2.19,0.56,2.0033333333333334,0.24888888888888885,2.19,2,2,0,2,0,2,0,3,3,2,1.3333333333333333,3,0,3,3,1,1.3333333333333333,0,0,0,0,0,0,0,5,5,0,5,0,5,0,0,0,0,0,0,0,3,3,2,1.3333333333333333,3,0,7,7,2.3333333333333335,3.1111111111111107,0,0,0,0,0,0,0,3,7,4,4.333333333333333,1.7777777777777777,3,13.01,22.5702381,9.560238095,19.383492063466665,4.248994708977778,22.5702381,0,1.625,1.625,1.0833333333333333,0.7222222222222223,1.625,0,0,0,0,0,0,2,229,227,77.66666666666667,100.88888888888887,2
TiB2,253.2916341,252.7375158,Ti1 B2,5,22,17,10.666666666666666,7.5555555555555545,5,43,72,29,62.333333333333336,12.888888888888888,72,10.811,47.867,37.056,23.163,16.469333333333335,10.811,1941,2348,407,2212.3333333333335,180.88888888888883,2348,4,13,9,10,4,13,2,4,2,2.6666666666666665,0.8888888888888888,2,84,160,76,109.33333333333333,33.77777777777778,84,1.54,2.04,0.5,1.8733333333333333,0.22222222222222224,2.04,2,2,0,2,0,2,0,1,1,0.6666666666666666,0.4444444444444445,1,0,2,2,0.6666666666666666,0.888888889,0,0,0,0,0,0,0,3,4,1,3.3333333333333335,0.4444444444444445,3,0,0,0,0,0,0,0,5,5,3.3333333333333335,2.222222222222222,5,0,8,8,2.6666666666666665,3.555555555555556,0,0,0,0,0,0,0,5,8,3,6,1.3333333333333333,5,7.1725,16.69,9.517500000000002,10.345,4.23,7.1725,0,1.524,1.524,1.016,0.6773333333333333,1.524,0,2.25333333333e-05,2.25333333333e-05,7.5111111111e-06,1.00148148148e-05,0,166,194,28,175.33333333333334,12.444444444444448,166
AlCr2C,188.8118155,133.77164,Al1 Cr2 C1,6,24,18,16.75,7.25,24,49,77,28,62,13,49,12.0107,51.9961,39.9854,35.746109649999994,16.249990349999997,51.9961,933.47,3823,2889.5299999999997,2279.1175000000003,771.9412500000001,2180,6,14,8,9.75,3.75,6,2,4,2,3.25,0.75,4,76,139,63,118.75,21.375,139,1.61,2.55,0.9399999999999997,1.8699999999999999,0.3399999999999999,1.66,1,2,1,1.5,0.5,1,0,2,2,0.75,0.75,0,0,5,5,2.5,2.5,5,0,0,0,0,0,0,3,6,3,4.75,1.25,6,0,1,1,0.5,0.5,1,0,5,5,2.25,2.25,0,0,5,5,2.5,2.5,5,0,0,0,0,0,0,4,6,2,5.25,0.75,6,5.64,16.48,10.84,11.125,2.7424999999999997,11.19,0,4.496,4.496,1.124,1.6860000000000002,0,0,0,0,0,0,0,194,229,35,219.25,12.625,229
BaNb4O6,185.079161,109.4757305,Ba1 Nb4 O6,8,56,48,24.363636363636363,17.85123966942149,8,9,87,78,65.36363636363636,23.603305785123965,87,15.9994,137.327,121.3276,54.99535636363637,42.541043305785124,15.9994,54.8,2750,2695.2,1120.8,1184.8727272727274,54.8,2,16,14,10.727272727272727,5.752066116,16,2,6,4,3.4545454545454546,1.586776859504132,2,66,215,149,115.18181818181819,53.65289256198348,66,0.89,3.44,2.55,2.539090909090909,0.9828099173553717,3.44,1,2,1,1.6363636363636365,0.4628099173553718,2,0,4,4,2.1818181818181817,1.9834710743801656,4,0,4,4,1.4545454545454546,1.8512396694214877,0,0,0,0,0,0,0,2,6,4,5.2727272727272725,0.79338843,6,0,1,1,0.36363636363636365,0.4628099173553719,0,0,2,2,1.0909090909090908,0.9917355371900828,2,0,6,6,2.1818181818181817,2.776859504132231,0,0,0,0,0,0,0,0,7,7,3.6363636363636362,2.446280991735537,2,9.105,63.59,54.485,17.35818181818182,9.003471074380165,9.105,0,0,0,0,0,0,0,0,0,0,0,0,12,229,217,110.63636363636364,107.60330578512395,12
ZrCo3B2,243.9966199,129.6947527,Zr1 Co3 B2,5,40,35,21.833333333333332,11.222222222222223,27,44,72,28,60.333333333333336,7.777777777777779,58,10.811,91.224,80.41300000000001,48.27426416666666,24.975509444444445,58.933195,1768,2348,580,2021.3333333333333,253.33333333333334,1768,4,13,9,9.5,2.3333333333333335,9,2,5,3,3.5,1,4,84,175,91,120.16666666666667,24.11111111111111,126,1.33,2.04,0.71,1.8416666666666668,0.17055555555555543,1.88,2,2,0,2,0,2,0,1,1,0.3333333333333333,0.4444444444444445,0,0,7,7,3.8333333333333335,3.1666666666666665,7,0,0,0,0,0,0,3,9,6,6.166666666666667,2.8333333333333335,9,0,0,0,0,0,0,0,5,5,1.6666666666666667,2.222222222222222,0,0,8,8,2.8333333333333335,1.8888888888888886,3,0,0,0,0,0,0,3,8,5,4.5,1.5,3,7.1725,23.195,16.0225,11.379166666666668,3.9386111111111126,10.245,0,1.524,1.524,0.508,0.6773333333333333,0,0,1.5484712,1.5484712,0.7742356,0.7742356,1.5484712,166,194,28,184.66666666666666,12.444444444444448,194
AlCo3C,234.4545096,116.5016442,Al1 Co3 C1,6,27,21,20,8.4,27,58,77,19,64.8,8.16,58,12.0107,58.933195,46.922495,43.158364719999994,18.92979634,58.933195,933.47,3823,2889.5299999999997,2012.0940000000003,724.3624000000002,1768,9,14,5,10.8,2.16,9,2,4,2,3.4,0.72,4,76,126,50,115,15.6,126,1.61,2.55,0.9399999999999997,1.9600000000000002,0.23600000000000013,1.88,2,2,0,2,0,2,0,2,2,0.6,0.72,0,0,7,7,4.2,3.3599999999999994,7,0,0,0,0,0,0,3,9,6,6.8,2.6399999999999997,9,0,0,0,0,0,0,0,5,5,1.8,2.16,0,0,3,3,1.8,1.44,3,0,0,0,0,0,0,3,5,2,3.6,0.72,3,5.64,16.48,10.84,10.571000000000002,2.3636000000000017,10.245,0,4.496,4.496,0.8992000000000001,1.4387200000000002,0,0,1.5484712,1.5484712,0.92908272,0.743266176,1.5484712,194,225,31,200.2,9.919999999999993,194
TiB,207.1578602,189.7634077,Ti1 B1,5,22,17,13.5,8.5,5,43,72,29,57.5,14.5,43,10.811,47.867,37.056,29.339,18.528,10.811,1941,2348,407,2144.5,203.5,1941,4,13,9,8.5,4.5,4,2,4,2,3,1,2,84,160,76,122,38,84,1.54,2.04,0.5,1.79,0.25,1.54,2,2,0,2,0,2,0,1,1,0.5,0.5,0,0,2,2,1,1,0,0,0,0,0,0,0,3,4,1,3.5,0.5,3,0,0,0,0,0,0,0,5,5,2.5,2.5,0,0,8,8,4,4,0,0,0,0,0,0,0,5,8,3,6.5,1.5,5,7.1725,16.69,9.517500000000002,11.93125,4.758750000000001,7.1725,0,1.524,1.524,0.762,0.762,0,0,2.25333333333e-05,2.25333333333e-05,1.126666666665e-05,1.126666666665e-05,0,166,194,28,180,14,166
TaSi2,185.5648539,142.2552612,Ta1 Si2,14,73,59,33.666666666666664,26.222222222222218,14,48,78,30,68,13.333333333333334,78,28.0855,180.94788,152.86238,79.03962666666666,67.93883555555556,28.0855,1687,3290,1603,2221.3333333333335,712.4444444444445,1687,5,14,9,11,4,14,3,6,3,4,1.3333333333333333,3,111,170,59,130.66666666666666,26.222222222222218,111,1.5,1.9,0.3999999999999999,1.7666666666666666,0.17777777777777773,1.9,2,2,0,2,0,2,0,2,2,1.3333333333333333,0.888888889,2,0,3,3,1,1.3333333333333333,0,0,14,14,4.666666666666667,6.222222222222221,0,4,19,15,9,6.666666666666667,4,0,0,0,0,0,0,0,4,4,2.6666666666666665,1.777777777777778,4,0,7,7,2.3333333333333335,3.1111111111111107,0,0,0,0,0,0,0,4,7,3,5,1.3333333333333333,4,18.12,20.44,2.3200000000000003,19.666666666666668,1.0311111111111113,20.44,0,0.773,0.773,0.5153333333333333,0.3435555555555556,0.773,0,0,0,0,0,0,227,229,2,227.66666666666666,0.8888888888888857,227
HfC,236.170534,179.8151318,Hf1 C1,6,72,66,39,33,6,45,77,32,61,16,45,12.0107,178.49,166.47930000000002,95.25035,83.23965000000001,12.0107,2506,3823,1317,3164.5,658.5,2506,4,14,10,9,5,4,2,6,4,4,2,2,76,175,99,125.5,49.5,76,1.3,2.55,1.2499999999999998,1.9249999999999998,0.6249999999999999,1.3,2,2,0,2,0,2,0,2,2,1,1,0,0,2,2,1,1,0,0,14,14,7,7,0,4,18,14,11,7,4,0,0,0,0,0,0,0,4,4,2,2,0,0,8,8,4,4,0,0,0,0,0,0,0,4,8,4,6,2,4,5.64,22.2,16.56,13.92,8.280000000000001,5.64,0,4.496,4.496,2.248,2.248,0,0,0,0,0,0,0,194,194,0,194,0,194
MgO,151.4974341,118.7136192,Mg1 O1,8,12,4,10,2,8,68,87,19,77.5,9.5,68,15.9994,24.305,8.3056,20.1522,4.1528,15.9994,54.8,923,868.2,488.9,434.1,54.8,2,16,14,9,7,2,2,3,1,2.5,0.5,2,66,141,75,103.5,37.5,66,1.31,3.44,2.13,2.375,1.065,1.31,2,2,0,2,0,2,0,4,4,2,2,0,0,0,0,0,0,0,0,0,0,0,0,0,2,6,4,4,2,2,0,0,0,0,0,0,0,2,2,1,1,0,0,0,0,0,0,0,0,0,0,0,0,0,0,2,2,1,1,0,9.105,22.89,13.785,15.9975,6.8925,9.105,0,0,0,0,0,0,0,0,0,0,0,0,12,194,182,103,91,12
BW2,329.8216324,152.2328355,B1 W2,5,74,69,51,30.666666666666668,74,51,72,21,58,9.333333333333334,51,10.811,183.84,173.029,126.16366666666666,76.90177777777778,183.84,2348,3695,1347,3246,598.6666666666666,3695,6,13,7,8.333333333333334,3.111111111111111,6,2,6,4,4.666666666666667,1.7777777777777777,6,84,162,78,136,34.666666666666664,162,2.04,2.36,0.31999999999999984,2.2533333333333334,0.1422222222222221,2.36,2,2,0,2,0,2,0,1,1,0.3333333333333333,0.4444444444444445,0,0,4,4,2.6666666666666665,1.777777777777778,4,0,14,14,9.333333333333334,6.222222222222221,14,3,20,17,14.333333333333334,7.5555555555555545,20,0,0,0,0,0,0,0,5,5,1.6666666666666667,2.222222222222222,0,0,6,6,4,2.6666666666666665,6,0,0,0,0,0,0,5,6,1,5.666666666666667,0.44444444444444436,6,7.1725,16.05,8.877500000000001,13.090833333333334,3.9455555555555555,16.05,0,1.524,1.524,0.508,0.6773333333333333,0,0,0,0,0,0,0,166,229,63,208,28,229
Mg(BeN)2,184.9498999,166.0903225,Mg1 Be2 N2,4,12,8,6.8,2.24,4,67,82,15,73.2,7.040000000000001,67,9.012182,24.305,15.292818,14.0685528,4.09457888,9.012182,63.05,1560,1496.95,833.82,616.616,63.05,2,15,13,7.2,6.24,2,2,3,1,2.2,0.3200000000000001,2,71,141,70,95,19.2,71,1.31,3.04,1.73,2.1060000000000003,0.7472000000000001,1.57,2,2,0,2,0,2,0,3,3,1.2,1.44,0,0,0,0,0,0,0,0,0,0,0,0,0,2,5,3,3.2,1.44,2,0,0,0,0,0,0,0,3,3,1.2,1.44,0,0,0,0,0,0,0,0,0,0,0,0,0,0,3,3,1.2,1.44,0,7.89,22.89,15,13.641500000000002,4.6012,7.89,0,6.437,6.437,2.5748,3.0897600000000005,0,0,0,0,0,0,0,194,194,0,194,0,194
SrTiO3,168.4525158,102.2844331,Sr1 Ti1 O3,8,38,30,16.8,10.559999999999999,8,8,87,79,62.4,29.520000000000003,87,15.9994,87.62,71.62060000000001,36.69704,24.837168,15.9994,54.8,1941,1886.2,631.08,691.5360000000001,54.8,2,16,14,10.8,6.24,16,2,5,3,3,1.2,2,66,195,129,110.6,53.52,66,0.95,3.44,2.49,2.5620000000000003,1.0535999999999999,3.44,2,2,0,2,0,2,0,4,4,2.4,1.9200000000000004,4,0,2,2,0.4,0.64,0,0,0,0,0,0,0,2,6,4,4.8,1.44,6,0,0,0,0,0,0,0,2,2,1.2,0.9600000000000002,2,0,8,8,1.6,2.56,0,0,0,0,0,0,0,0,8,8,2.8,2.0799999999999996,2,9.105,54.23,45.125,19.647,13.833199999999996,9.105,0,0,0,0,0,0,0,2.25333333333e-05,2.25333333333e-05,4.50666666666e-06,7.210666666656e-06,0,12,225,213,91,94.8,12
Si2Mo,206.5945044,176.9015183,Si2 Mo1,14,42,28,23.333333333333332,12.444444444444443,14,50,78,28,68.66666666666667,12.444444444444443,78,28.0855,95.96,67.8745,50.71033333333333,30.16644444444444,28.0855,1687,2896,1209,2090,537.3333333333334,1687,6,14,8,11.333333333333334,3.5555555555555554,14,3,5,2,3.6666666666666665,0.8888888888888888,3,111,154,43,125.33333333333333,19.11111111111111,111,1.9,2.16,0.26000000000000023,1.9866666666666666,0.11555555555555563,1.9,1,2,1,1.6666666666666667,0.4444444444444444,2,0,2,2,1.3333333333333333,0.888888889,2,0,5,5,1.6666666666666667,2.222222222222222,0,0,0,0,0,0,0,4,6,2,4.666666666666667,0.888888889,4,0,1,1,0.3333333333333333,0.4444444444444445,0,0,4,4,2.6666666666666665,1.777777777777778,4,0,5,5,1.6666666666666667,2.222222222222222,0,0,0,0,0,0,0,4,6,2,4.666666666666667,0.888888889,4,15.69,20.44,4.750000000000002,18.856666666666666,2.1111111111111125,20.44,0,0.773,0.773,0.5153333333333333,0.3435555555555556,0.773,0,0,0,0,0,0,227,229,2,227.66666666666666,0.8888888888888857,227
Mo2C,294.3365694,149.6168549,Mo2 C1,6,42,36,30,16,42,50,77,27,59,12,50,12.0107,95.96,83.9493,67.9769,37.31079999999999,95.96,2896,3823,927,3205,412,2896,6,14,8,8.666666666666666,3.5555555555555554,6,2,5,3,4,1.3333333333333333,5,76,154,78,128,34.666666666666664,154,2.16,2.55,0.3899999999999997,2.29,0.1733333333333332,2.16,1,2,1,1.3333333333333333,0.4444444444444444,1,0,2,2,0.6666666666666666,0.888888889,0,0,5,5,3.3333333333333335,2.222222222222222,5,0,0,0,0,0,0,4,6,2,5.333333333333333,0.888888889,6,0,1,1,0.6666666666666666,0.4444444444444445,1,0,4,4,1.3333333333333333,1.777777777777778,0,0,5,5,3.3333333333333335,2.222222222222222,5,0,0,0,0,0,0,4,6,2,5.333333333333333,0.888888889,6,5.64,15.69,10.05,12.339999999999998,4.466666666666668,15.69,0,4.496,4.496,1.4986666666666668,1.9982222222222223,0,0,0,0,0,0,0,194,229,35,217.33333333333334,15.555555555555552,229
Mg(BC)2,157.9789447,103.7923254,Mg1 B2 C2,5,12,7,6.8,2.08,5,68,77,9,73.2,3.0400000000000005,72,10.811,24.305,13.494,13.989679999999998,4.126128,10.811,923,3823,2900,2653,936,2348,2,14,12,11.2,3.6800000000000006,13,2,3,1,2.2,0.3200000000000001,2,76,141,65,92.2,19.520000000000003,76,1.31,2.55,1.2399999999999998,2.098,0.36159999999999987,2.04,2,2,0,2,0,2,0,2,2,1.2,0.64,1,0,0,0,0,0,0,0,0,0,0,0,0,2,4,2,3.2,0.64,3,0,0,0,0,0,0,0,5,5,3.6,1.44,4,0,0,0,0,0,0,0,0,0,0,0,0,0,5,5,3.6,1.44,4,5.64,22.89,17.25,9.703,5.274799999999999,5.64,0,4.496,4.496,2.4080000000000004,1.6704,1.524,0,0,0,0,0,0,166,194,28,182.8,13.439999999999998,166
Nb3B4,273.9447543,198.1389102,Nb3 B4,5,41,36,20.428571428571427,17.63265306122449,5,47,72,25,61.285714285714285,12.244897959183675,72,10.811,92.90638,82.09538,45.99473428571428,40.20998204081632,10.811,2348,2750,402,2520.285714285714,196.89795918367346,2348,5,13,8,9.571428571428571,3.918367346938776,13,2,5,3,3.2857142857142856,1.4693877551020407,2,84,164,80,118.28571428571429,39.183673469387756,84,1.6,2.04,0.43999999999999995,1.8514285714285716,0.2155102040816326,2.04,1,2,1,1.5714285714285714,0.489795918,2,0,1,1,0.5714285714285714,0.489795918,1,0,4,4,1.7142857142857142,1.9591836734693877,0,0,0,0,0,0,0,3,5,2,3.857142857142857,0.979591837,3,0,1,1,0.42857142857142855,0.4897959183673469,0,0,5,5,2.857142857142857,2.4489795918367347,5,0,6,6,2.5714285714285716,2.9387755102040813,0,0,0,0,0,0,0,5,7,2,5.857142857142857,0.9795918367346939,5,7.1725,18.18,11.0075,11.89,5.391428571428571,7.1725,0,1.524,1.524,0.8708571428571429,0.7464489795918368,1.524,0,0,0,0,0,0,166,229,63,193,30.857142857142858,166
CoAsS,138.9545949,104.4225842,Co1 As1 S1,16,33,17,25.333333333333332,6.222222222222222,16,58,88,30,76.66666666666667,12.444444444444443,58,32.065,74.9216,42.8566,55.30659833333333,15.494398888888888,32.065,388.36,1768,1379.6399999999999,1082.1200000000001,462.50666666666666,388.36,9,16,7,13.333333333333334,2.888888888888889,9,3,4,1,3.6666666666666665,0.4444444444444445,3,105,126,21,116.66666666666667,7.777777777777776,105,1.88,2.58,0.7000000000000002,2.2133333333333334,0.24444444444444446,1.88,2,2,0,2,0,2,0,4,4,2.3333333333333335,1.5555555555555554,0,0,10,10,5.666666666666667,3.7777777777777772,0,0,0,0,0,0,0,6,15,9,10,3.3333333333333335,6,0,0,0,0,0,0,0,3,3,1.6666666666666667,1.111111111111111,0,0,3,3,1,1.3333333333333333,0,0,0,0,0,0,0,2,3,1,2.6666666666666665,0.4444444444444445,2,10.245,25.786875,15.541875,19.402291666666667,6.104861111,10.245,0,2.202,2.202,0.734,0.9786666666666667,0,0,1.5484712,1.5484712,0.5161570666666667,0.6882094222222221,0,70,194,124,143.33333333333334,48.888888888888886,70
P2Pt,176.8863975,117.3039156,P2 Pt1,15,78,63,36,28,15,63,83,20,76.33333333333333,8.888888888888891,83,30.973762,195.084,164.110238,85.67717466666666,72.93788355555556,30.973762,317.3,2041.4,1724.1000000000001,892,766.2666666666668,317.3,10,15,5,13.333333333333334,2.222222222222222,15,3,6,3,4,1.3333333333333333,3,107,136,29,116.66666666666667,12.888888888888891,107,2.19,2.28,0.09,2.22,0.040000000000000036,2.19,1,2,1,1.6666666666666667,0.4444444444444444,2,0,3,3,2,1.3333333333333333,3,0,9,9,3,4,0,0,14,14,4.666666666666667,6.222222222222221,0,5,24,19,11.333333333333334,8.444444444444445,5,0,1,1,0.3333333333333333,0.4444444444444445,0,0,3,3,2,1.3333333333333333,3,0,1,1,0.3333333333333333,0.4444444444444445,0,0,0,0,0,0,0,2,3,1,2.6666666666666665,0.4444444444444445,3,15.02,22.5702381,7.550238095200001,20.053492063466667,3.355661375644445,22.5702381,0,1.625,1.625,1.0833333333333333,0.7222222222222223,1.625,0,0,0,0,0,0,2,225,223,76.33333333333333,99.11111111111113,2
VB2,285.538486,241.223926,V1 B2,5,23,18,11,8,5,46,72,26,63.333333333333336,11.555555555555555,72,10.811,50.9415,40.1305,24.187833333333334,17.83577777777778,10.811,2183,2348,165,2293,73.33333333333333,2348,5,13,8,10.333333333333334,3.5555555555555554,13,2,4,2,2.6666666666666665,0.8888888888888888,2,84,153,69,107,30.666666666666668,84,1.63,2.04,0.41000000000000014,1.9033333333333333,0.18222222222222229,2.04,2,2,0,2,0,2,0,1,1,0.6666666666666666,0.4444444444444445,1,0,3,3,1,1.3333333333333333,0,0,0,0,0,0,0,3,5,2,3.6666666666666665,0.8888888888888888,3,0,0,0,0,0,0,0,5,5,3.3333333333333335,2.222222222222222,5,0,7,7,2.3333333333333335,3.1111111111111107,0,0,0,0,0,0,0,5,7,2,5.666666666666667,0.888888889,5,7.1725,13.01,5.8374999999999995,9.118333333333334,2.5944444444444446,7.1725,0,1.524,1.524,1.016,0.6773333333333333,1.524,0,0,0,0,0,0,166,229,63,187,28,166
Ti8C5,169.9106494,115.094099,Ti8 C5,6,22,16,15.846153846153847,7.573964497,22,43,77,34,56.07692307692308,16.09467455621302,43,12.0107,47.867,35.8563,34.076115384615385,16.97339644970414,47.867,1941,3823,1882,2664.846153846154,890.887574,1941,4,14,10,7.846153846153846,4.733727810650887,4,2,4,2,3.230769230769231,0.9467455621301775,4,76,160,84,127.6923076923077,39.76331360946745,160,1.54,2.55,1.0099999999999998,1.9284615384615384,0.4781065088757396,1.54,2,2,0,2,0,2,0,2,2,0.7692307692307693,0.9467455621301776,0,0,2,2,1.2307692307692308,0.9467455621301775,2,0,0,0,0,0,0,4,4,0,4,0,4,0,0,0,0,0,0,0,4,4,1.5384615384615385,1.8934911242603552,0,0,8,8,4.923076923076923,3.786982249,8,0,0,0,0,0,0,4,8,4,6.461538461538462,1.893491124260355,8,5.64,16.69,11.05,12.44,5.230769230769232,16.69,0,4.496,4.496,1.7292307692307696,2.1282840236686393,0,0,2.25333333333e-05,2.25333333333e-05,1.3866666666646154e-05,1.0666666666650887e-05,2.25333333333e-05,194,194,0,194,0,194
V2P,207.4162633,102.1402191,V2 P1,15,23,8,20.333333333333332,3.555555555555556,23,46,83,37,58.333333333333336,16.444444444444446,46,30.973762,50.9415,19.967737999999997,44.28558733333333,8.874550222,50.9415,317.3,2183,1865.7,1561.1000000000001,829.1999999999999,2183,5,15,10,8.333333333333334,4.444444444444445,5,3,4,1,3.6666666666666665,0.4444444444444445,4,107,153,46,137.66666666666666,20.444444444444446,153,1.63,2.19,0.56,1.8166666666666664,0.24888888888888885,1.63,2,2,0,2,0,2,0,3,3,1,1.3333333333333333,0,0,3,3,2,1.3333333333333333,3,0,0,0,0,0,0,5,5,0,5,0,5,0,0,0,0,0,0,0,3,3,1,1.3333333333333333,0,0,7,7,4.666666666666667,3.1111111111111107,7,0,0,0,0,0,0,3,7,4,5.666666666666667,1.7777777777777777,7,13.01,22.5702381,9.560238095,16.196746031733333,4.248994708977778,13.01,0,1.625,1.625,0.5416666666666666,0.7222222222222223,0,0,0,0,0,0,0,2,229,227,153.33333333333334,100.88888888888887,229
Ti2BRh6,227.7893788,112.5926999,Ti2 B1 Rh6,5,45,40,35.44444444444444,12.74074074074074,45,43,72,29,56.888888888888886,6.172839506172841,59,10.811,102.9055,92.09450000000001,80.442,29.95133333333334,102.9055,1941,2348,407,2183.5555555555557,107.80246913580241,2237,4,13,9,8.333333333333334,1.9259259259259254,9,2,5,3,4.444444444444445,0.7407407407407407,5,84,160,76,139.55555555555554,12.34567901234569,142,1.54,2.28,0.7399999999999998,2.088888888888889,0.2548148148148146,2.28,1,2,1,1.3333333333333333,0.4444444444444444,1,0,1,1,0.1111111111111111,0.19753086419753085,0,0,8,8,5.777777777777778,2.962962962962963,8,0,0,0,0,0,0,3,9,6,7.222222222222222,2.3703703703703707,9,0,1,1,0.6666666666666666,0.4444444444444444,1,0,5,5,0.5555555555555556,0.9876543209876544,0,0,8,8,3.111111111111111,2.172839506,2,0,0,0,0,0,0,3,8,5,4.333333333333333,1.7777777777777777,3,7.1725,16.69,9.517500000000002,13.599166666666669,1.4281481481481473,13.64,0,1.524,1.524,0.16933333333333334,0.30103703703703705,0,0,2.25333333333e-05,2.25333333333e-05,5.0074074074e-06,7.789300411511112e-06,0,166,225,59,211.55555555555554,17.92592592592593,225
Mn5C2,219.9983425,111.5745934,Mn5 C2,6,25,19,19.571428571428573,7.755102040816325,25,52,77,25,59.142857142857146,10.204081632653063,52,12.0107,54.938045,42.927345,42.67308928571429,17.521365306122448,54.938045,1519,3823,2304,2177.285714285714,940.4081632653061,1519,7,14,7,9,2.857142857142857,7,2,4,2,3.4285714285714284,0.816326531,4,76,139,63,121,25.714285714285715,139,1.55,2.55,0.9999999999999998,1.8357142857142856,0.40816326530612235,1.55,2,2,0,2,0,2,0,2,2,0.5714285714285714,0.8163265306122448,0,0,5,5,3.5714285714285716,2.0408163265306123,5,0,0,0,0,0,0,4,7,3,6.142857142857143,1.2244897959183672,7,0,0,0,0,0,0,0,4,4,1.1428571428571428,1.6326530612244896,0,0,5,5,3.5714285714285716,2.0408163265306123,5,0,0,0,0,0,0,4,5,1,4.714285714285714,0.4081632653061224,5,5.64,10.48758621,4.847586207,9.102561576357143,1.9786066150612243,10.48758621,0,4.496,4.496,1.2845714285714287,1.8351020408163268,0,0,0.000310121,0.000310121,0.000221515,0.00012658,0.000310121,194,217,23,210.42857142857142,9.387755102040822,217
NbCrN,279.985604,156.9576336,Nb1 Cr1 N1,7,41,34,24,11.333333333333334,7,47,82,35,59.333333333333336,15.111111111111112,47,14.0067,92.90638,78.89968,52.969726666666666,26.624435555555554,14.0067,63.05,2750,2686.95,1664.3500000000001,1067.5333333333333,63.05,5,15,10,8.666666666666666,4.222222222222222,5,2,5,3,3.6666666666666665,1.1111111111111112,2,71,164,93,124.66666666666667,35.77777777777778,71,1.6,3.04,1.44,2.1,0.6266666666666667,1.6,1,2,1,1.3333333333333333,0.4444444444444444,1,0,3,3,1,1.3333333333333333,0,0,5,5,3,2,0,0,0,0,0,0,0,5,6,1,5.333333333333333,0.44444444444444436,5,0,1,1,0.6666666666666666,0.4444444444444445,0,0,3,3,1,1.3333333333333333,0,0,6,6,3.6666666666666665,2.4444444444444446,0,0,0,0,0,0,0,3,7,4,5.333333333333333,1.5555555555555556,3,11.19,18.18,6.99,14.712916666666667,2.3486111111111114,11.19,0,6.437,6.437,2.1456666666666666,2.8608888888888893,0,0,0,0,0,0,0,194,229,35,217.33333333333334,15.555555555555552,194
FeSi2,180.6598962,127.3039695,Fe1 Si2,14,26,12,18,5.333333333333333,14,55,78,23,70.33333333333333,10.222222222222223,78,28.0855,55.845,27.7595,37.33866666666666,12.337555555555554,28.0855,1687,1811,124,1728.3333333333333,55.111111111111086,1687,8,14,6,12,2.6666666666666665,14,3,4,1,3.3333333333333335,0.4444444444444445,3,111,132,21,118,9.333333333333334,111,1.83,1.9,0.07,1.8766666666666667,0.031111111111111017,1.9,2,2,0,2,0,2,0,2,2,1.3333333333333333,0.888888889,2,0,6,6,2,2.6666666666666665,0,0,0,0,0,0,0,4,8,4,5.333333333333333,1.7777777777777777,4,0,0,0,0,0,0,0,4,4,2.6666666666666665,1.777777777777778,4,0,4,4,1.3333333333333333,1.777777777777778,0,0,0,0,0,0,0,4,4,0,4,0,4,10.73,20.44,9.71,17.203333333333333,4.315555555555556,20.44,0,0.773,0.773,0.5153333333333333,0.3435555555555556,0.773,0,2.1106628,2.1106628,0.7035542666666667,0.9380723555555557,0,227,229,2,227.66666666666666,0.8888888888888857,227
Si3W5,267.135744,121.1935267,Si3 W5,14,74,60,51.5,28.125,74,51,78,27,61.125,12.65625,51,28.0855,183.84,155.7545,125.4320625,73.00992188,183.84,1687,3695,2008,2942,941.25,3695,6,14,8,9,3.75,6,3,6,3,4.875,1.40625,6,111,162,51,142.875,23.90625,162,1.9,2.36,0.45999999999999996,2.1875,0.21562499999999996,2.36,2,2,0,2,0,2,0,2,2,0.75,0.9375,0,0,4,4,2.5,1.875,4,0,14,14,8.75,6.5625,14,4,20,16,14,7.5,20,0,0,0,0,0,0,0,4,4,1.5,1.875,0,0,6,6,3.75,2.8125,6,0,0,0,0,0,0,4,6,2,5.25,0.9375,6,16.05,20.44,4.390000000000001,17.69625,2.0578125,16.05,0,0.773,0.773,0.289875,0.36234374999999996,0,0,0,0,0,0,0,227,229,2,228.25,0.9375,229
ZnCo3C,216.753843,113.088107,Zn1 Co3 C1,6,30,24,23.4,6.960000000000001,27,58,77,19,64,7.2,58,12.0107,65.38,53.369299999999996,50.83805699999999,15.530942800000002,58.933195,692.68,3823,3130.32,1963.9360000000001,743.6256000000001,1768,9,14,5,10.6,1.92,9,2,4,2,3.6,0.6399999999999999,4,76,126,50,115.2,15.679999999999998,126,1.65,2.55,0.8999999999999999,1.968,0.23280000000000003,1.88,2,2,0,2,0,2,0,2,2,0.4,0.64,0,0,10,10,6.2,2.4799999999999995,7,0,0,0,0,0,0,4,12,8,8.6,1.8400000000000003,9,0,0,0,0,0,0,0,4,4,0.8,1.28,0,0,3,3,1.8,1.44,3,0,0,0,0,0,0,0,4,4,2.6,1.0399999999999998,3,5.64,13.96,8.32,10.067,1.7708,10.245,0,4.496,4.496,0.8992000000000001,1.4387200000000002,0,0,1.5484712,1.5484712,0.92908272,0.743266176,1.5484712,194,194,0,194,0,194
FeWN2,224.3134043,119.2376122,Fe1 W1 N2,7,74,67,28.5,22.75,7,51,82,31,67.5,14.5,82,14.0067,183.84,169.8333,66.9246,58.4577,14.0067,63.05,3695,3631.95,1408.025,1344.975,63.05,6,15,9,11,4,15,2,6,4,3.5,1.5,2,71,162,91,109,38,71,1.83,3.04,1.21,2.5675,0.47250000000000003,3.04,2,2,0,2,0,2,0,3,3,1.5,1.5,3,0,6,6,2.5,2.5,0,0,14,14,3.5,5.25,0,5,20,15,9.5,5.25,5,0,0,0,0,0,0,0,3,3,1.5,1.5,3,0,6,6,2.5,2.5,0,0,0,0,0,0,0,3,6,3,4,1,3,10.73,16.05,5.32,14.079375,1.6746875,14.76875,0,6.437,6.437,3.2185,3.2185,6.437,0,2.1106628,2.1106628,0.5276657,0.79149855,0,194,229,35,211.5,17.5,194
PW,221.6230626,117.5603822,P1 W1,15,74,59,44.5,29.5,15,51,83,32,67,16,51,30.973762,183.84,152.866238,107.406881,76.433119,30.973762,317.3,3695,3377.7,2006.15,1688.85,317.3,6,15,9,10.5,4.5,6,3,6,3,4.5,1.5,3,107,162,55,134.5,27.5,107,2.19,2.36,0.16999999999999993,2.275,0.085,2.19,2,2,0,2,0,2,0,3,3,1.5,1.5,0,0,4,4,2,2,0,0,14,14,7,7,0,5,20,15,12.5,7.5,5,0,0,0,0,0,0,0,3,3,1.5,1.5,0,0,6,6,3,3,0,0,0,0,0,0,0,3,6,3,4.5,1.5,3,16.05,22.5702381,6.520238095,19.31011905,3.260119048,16.05,0,1.625,1.625,0.8125,0.8125,0,0,0,0,0,0,0,2,229,227,115.5,113.5,2
Mn3GaC,208.4227509,115.3341501,Mn3 Ga1 C1,6,31,25,22.4,6.5600000000000005,25,52,77,25,61.4,11.28,52,12.0107,69.723,57.7123,49.309567,14.9195468,54.938045,302.91,3823,3520.09,1736.5819999999999,834.5671999999998,1519,7,14,7,9.6,3.12,7,2,4,2,3.6,0.6399999999999999,4,76,139,63,123,19.2,139,1.55,2.55,0.9999999999999998,1.8020000000000003,0.3024,1.55,2,2,0,2,0,2,0,2,2,0.6,0.72,0,0,10,10,5,2,5,0,0,0,0,0,0,4,13,9,7.6,2.1599999999999997,7,0,0,0,0,0,0,0,5,5,1.8,2.16,0,0,5,5,3,2.4,5,0,0,0,0,0,0,4,5,1,4.8,0.3200000000000001,5,5.64,18.8575,13.217500000000001,11.19205172,3.066179310344001,10.48758621,0,4.496,4.496,0.8992000000000001,1.4387200000000002,0,0,0.000310121,0.000310121,0.000186072,0.000148858,0.000310121,64,217,153,181.8,47.11999999999999,217
SiMo3,251.6333509,127.4650293,Si1 Mo3,14,42,28,35,10.5,42,50,78,28,57,10.5,50,28.0855,95.96,67.8745,78.991375,25.452937499999994,95.96,1687,2896,1209,2593.75,453.375,2896,6,14,8,8,3,6,3,5,2,4.5,0.75,5,111,154,43,143.25,16.125,154,1.9,2.16,0.26000000000000023,2.095,0.0975,2.16,1,2,1,1.25,0.375,1,0,2,2,0.5,0.75,0,0,5,5,3.75,1.875,5,0,0,0,0,0,0,4,6,2,5.5,0.75,6,0,1,1,0.75,0.375,1,0,4,4,1,1.5,0,0,5,5,3.75,1.875,5,0,0,0,0,0,0,4,6,2,5.5,0.75,6,15.69,20.44,4.750000000000002,16.8775,1.7812500000000013,15.69,0,0.773,0.773,0.19325,0.289875,0,0,0,0,0,0,0,227,229,2,228.5,0.75,229
Sc3IrC4,189.9223595,121.3972205,Sc3 Ir1 C4,6,77,71,20.5,14.5,6,11,77,66,50.125,29.34375,77,12.0107,192.217,180.2063,46.890942,36.331514500000004,12.0107,1814,3823,2009,2934.125,888.875,3823,3,14,11,9.25,4.75,14,2,6,4,3.25,1.25,2,76,170,94,119.375,43.375,76,1.36,2.55,1.1899999999999997,2.06,0.5249999999999999,2.55,2,2,0,2,0,2,0,2,2,1,1,2,0,7,7,1.25,1.4375,0,0,14,14,1.75,3.0625,0,3,23,20,6,4.25,4,0,0,0,0,0,0,0,4,4,2,2,4,0,9,9,3.75,3.9375,0,0,0,0,0,0,0,3,9,6,5.75,2.4375,4,5.64,22.235,16.595,12.934375,7.2943750000000005,5.64,0,4.496,4.496,2.248,2.248,4.496,0,6.35e-06,6.35e-06,2.3812500000000003e-06,2.9765625000000004e-06,0,194,225,31,197.875,6.78125,194
CrSi,187.0040521,116.0479412,Cr1 Si1,14,24,10,19,5,14,49,78,29,63.5,14.5,49,28.0855,51.9961,23.9106,40.0408,11.9553,28.0855,1687,2180,493,1933.5,246.5,1687,6,14,8,10,4,6,3,4,1,3.5,0.5,3,111,139,28,125,14,111,1.66,1.9,0.24,1.7799999999999998,0.12,1.66,1,2,1,1.5,0.5,1,0,2,2,1,1,0,0,5,5,2.5,2.5,0,0,0,0,0,0,0,4,6,2,5,1,4,0,1,1,0.5,0.5,0,0,4,4,2,2,0,0,5,5,2.5,2.5,0,0,0,0,0,0,0,4,6,2,5,1,4,11.19,20.44,9.250000000000002,15.815000000000001,4.625000000000001,11.19,0,0.773,0.773,0.3865,0.3865,0,0,0,0,0,0,0,227,229,2,228,1,227
NbSi2,174.6348736,140.3619486,Nb1 Si2,14,41,27,23,12,14,47,78,31,67.66666666666667,13.777777777777777,78,28.0855,92.90638,64.82088,49.692460000000004,28.80928,28.0855,1687,2750,1063,2041.3333333333333,472.4444444444444,1687,5,14,9,11,4,14,3,5,2,3.6666666666666665,0.8888888888888888,3,111,164,53,128.66666666666666,23.555555555555554,111,1.6,1.9,0.2999999999999998,1.8,0.13333333333333322,1.9,1,2,1,1.6666666666666667,0.4444444444444444,2,0,2,2,1.3333333333333333,0.888888889,2,0,4,4,1.3333333333333333,1.777777777777778,0,0,0,0,0,0,0,4,5,1,4.333333333333333,0.44444444444444436,4,0,1,1,0.3333333333333333,0.4444444444444445,0,0,4,4,2.6666666666666665,1.777777777777778,4,0,6,6,2,2.6666666666666665,0,0,0,0,0,0,0,4,7,3,5,1.3333333333333333,4,18.18,20.44,2.2600000000000016,19.686666666666667,1.0044444444444451,20.44,0,0.773,0.773,0.5153333333333333,0.3435555555555556,0.773,0,0,0,0,0,0,227,229,2,227.66666666666666,0.8888888888888857,227
SrTiO3,172.7384426,109.6203698,Sr1 Ti1 O3,8,38,30,16.8,10.559999999999999,8,8,87,79,62.4,29.520000000000003,87,15.9994,87.62,71.62060000000001,36.69704,24.837168,15.9994,54.8,1941,1886.2,631.08,691.5360000000001,54.8,2,16,14,10.8,6.24,16,2,5,3,3,1.2,2,66,195,129,110.6,53.52,66,0.95,3.44,2.49,2.5620000000000003,1.0535999999999999,3.44,2,2,0,2,0,2,0,4,4,2.4,1.9200000000000004,4,0,2,2,0.4,0.64,0,0,0,0,0,0,0,2,6,4,4.8,1.44,6,0,0,0,0,0,0,0,2,2,1.2,0.9600000000000002,2,0,8,8,1.6,2.56,0,0,0,0,0,0,0,0,8,8,2.8,2.0799999999999996,2,9.105,54.23,45.125,19.647,13.833199999999996,9.105,0,0,0,0,0,0,0,2.25333333333e-05,2.25333333333e-05,4.50666666666e-06,7.210666666656e-06,0,12,225,213,91,94.8,12
Ti2N,203.9169832,117.1453278,Ti2 N1,7,22,15,17,6.666666666666667,22,43,82,39,56,17.333333333333332,43,14.0067,47.867,33.860299999999995,36.58023333333333,15.04902222222222,47.867,63.05,1941,1877.95,1315.0166666666667,834.6444444444445,1941,4,15,11,7.666666666666667,4.888888888888889,4,2,4,2,3.3333333333333335,0.8888888888888888,4,71,160,89,130.33333333333334,39.55555555555555,160,1.54,3.04,1.5,2.04,0.6666666666666666,1.54,2,2,0,2,0,2,0,3,3,1,1.3333333333333333,0,0,2,2,1.3333333333333333,0.888888889,2,0,0,0,0,0,0,4,5,1,4.333333333333333,0.44444444444444436,4,0,0,0,0,0,0,0,3,3,1,1.3333333333333333,0,0,8,8,5.333333333333333,3.555555555555556,8,0,0,0,0,0,0,3,8,5,6.333333333333333,2.2222222222222223,8,14.76875,16.69,1.9212500000000006,16.049583333333334,0.8538888888888891,16.69,0,6.437,6.437,2.1456666666666666,2.8608888888888893,0,0,2.25333333333e-05,2.25333333333e-05,1.50222222222e-05,1.00148148148e-05,2.25333333333e-05,194,194,0,194,0,194
Ta2C,255.9634837,138.2526795,Ta2 C1,6,73,67,50.666666666666664,29.777777777777782,73,48,77,29,57.666666666666664,12.888888888888888,48,12.0107,180.94788,168.93718,124.63548666666667,75.08319111,180.94788,3290,3823,533,3467.6666666666665,236.88888888888883,3290,5,14,9,8,4,5,2,6,4,4.666666666666667,1.7777777777777777,6,76,170,94,138.66666666666666,41.77777777777778,170,1.5,2.55,1.0499999999999998,1.8499999999999999,0.46666666666666656,1.5,2,2,0,2,0,2,0,2,2,0.6666666666666666,0.888888889,0,0,3,3,2,1.3333333333333333,3,0,14,14,9.333333333333334,6.222222222222221,14,4,19,15,14,6.666666666666667,19,0,0,0,0,0,0,0,4,4,1.3333333333333333,1.777777777777778,0,0,7,7,4.666666666666667,3.1111111111111107,7,0,0,0,0,0,0,4,7,3,6,1.3333333333333333,7,5.64,18.12,12.48,13.96,5.546666666666667,18.12,0,4.496,4.496,1.4986666666666668,1.9982222222222223,0,0,0,0,0,0,0,194,229,35,217.33333333333334,15.555555555555552,229
Y(SiIr)2,175.1906079,103.4925384,Y1 Si2 Ir2,14,77,63,44.2,26.24,14,12,78,66,57.6,18.240000000000002,60,28.0855,192.217,164.13150000000002,105.90217,69.051864,28.0855,1687,2739,1052,2130.2,487.03999999999996,1687,3,14,11,9.8,3.3600000000000003,9,3,6,3,4.6,1.28,3,111,190,79,138.8,22.24,111,1.22,2.2,0.9800000000000002,1.884,0.2656000000000001,1.9,2,2,0,2,0,2,0,2,2,0.8,0.9600000000000002,0,0,7,7,3,3.2,0,0,14,14,5.6,6.719999999999999,0,3,23,20,11.4,9.280000000000001,4,0,0,0,0,0,0,0,4,4,1.6,1.9200000000000004,0,0,9,9,3,2.4,0,0,0,0,0,0,0,3,9,6,4.6,1.7599999999999998,3,14.21,32.365,18.155,20.333000000000002,4.8984000000000005,14.21,0,0.773,0.773,0.30920000000000003,0.37104000000000004,0,0,0,0,0,0,0,194,227,33,219.6,10.240000000000004,225
Al2O3,185.6524182,100.7338568,Al2 O3,8,13,5,10,2.4,8,73,87,14,81.4,6.719999999999999,87,15.9994,26.9815386,10.9821386,20.39225544,5.271426528000001,15.9994,54.8,933.47,878.6700000000001,406.26800000000003,421.7616,54.8,13,16,3,14.8,1.44,16,2,3,1,2.4,0.48,2,66,121,55,88,26.4,66,1.61,3.44,1.8299999999999998,2.708,0.8783999999999998,3.44,2,2,0,2,0,2,1,4,3,2.8,1.44,4,0,0,0,0,0,0,0,0,0,0,0,0,3,6,3,4.8,1.44,6,0,0,0,0,0,0,2,5,3,3.2,1.44,2,0,0,0,0,0,0,0,0,0,0,0,0,2,5,3,3.2,1.44,2,9.105,16.48,7.375,12.055000000000001,3.5400000000000005,9.105,0,0,0,0,0,0,0,0,0,0,0,0,12,225,213,97.2,102.24000000000001,12
Si3Mo5,241.2528883,119.7491823,Si3 Mo5,14,42,28,31.5,13.125,42,50,78,28,60.5,13.125,50,28.0855,95.96,67.8745,70.50706249999999,31.816171875000002,95.96,1687,2896,1209,2442.625,566.71875,2896,6,14,8,9,3.75,6,3,5,2,4.25,0.9375,5,111,154,43,137.875,20.15625,154,1.9,2.16,0.26000000000000023,2.0625,0.12187500000000012,2.16,1,2,1,1.375,0.46875,1,0,2,2,0.75,0.9375,0,0,5,5,3.125,2.34375,5,0,0,0,0,0,0,4,6,2,5.25,0.9375,6,0,1,1,0.625,0.46875,1,0,4,4,1.5,1.875,0,0,5,5,3.125,2.34375,5,0,0,0,0,0,0,4,6,2,5.25,0.9375,6,15.69,20.44,4.750000000000002,17.47125,2.226562500000001,15.69,0,0.773,0.773,0.289875,0.36234374999999996,0,0,0,0,0,0,0,227,229,2,228.25,0.9375,229
ScCoC2,200.6636131,102.8258727,Sc1 Co1 C2,6,27,21,15,9,6,11,77,66,55.75,22.375,77,12.0107,58.933195,46.922495,31.97762675,19.96692675,12.0107,1768,3823,2055,2807,1016,3823,3,14,11,10,4,14,2,4,2,3,1,2,76,170,94,112,36,76,1.36,2.55,1.1899999999999997,2.085,0.4649999999999999,2.55,2,2,0,2,0,2,0,2,2,1,1,2,0,7,7,2,2.5,0,0,0,0,0,0,0,3,9,6,5,2,4,0,0,0,0,0,0,0,4,4,2,2,4,0,9,9,3,3,0,0,0,0,0,0,0,3,9,6,5,2,4,5.64,22.235,16.595,10.94,5.6475,5.64,0,4.496,4.496,2.248,2.248,4.496,0,1.5484712,1.5484712,0.387119388,0.580675906,0,194,194,0,194,0,194
V2AsC,203.0771058,114.8094177,V2 As1 C1,6,33,27,21.25,7.625,23,46,84,38,63.25,17.25,46,12.0107,74.9216,62.9109,47.203824999999995,17.5965625,50.9415,1090,3823,2733,2319.75,751.625,2183,5,15,10,9.75,4.75,5,2,4,2,3.5,0.75,4,76,153,77,125.25,27.75,153,1.63,2.55,0.9199999999999999,1.9974999999999998,0.36750000000000005,1.63,2,2,0,2,0,2,0,3,3,1.25,1.25,0,0,10,10,4,3,3,0,0,0,0,0,0,4,15,11,7.25,3.875,5,0,0,0,0,0,0,0,4,4,1.75,1.75,0,0,7,7,3.5,3.5,7,0,0,0,0,0,0,3,7,4,5.25,1.75,7,5.64,22.175,16.535,13.45875,4.358125,13.01,0,4.496,4.496,1.124,1.6860000000000002,0,0,0,0,0,0,0,166,229,63,204.5,24.5,229
FeP4,140.5891702,113.8789253,Fe1 P4,15,26,11,17.2,3.5199999999999996,15,55,83,28,77.4,8.959999999999997,83,30.973762,55.845,24.871237999999998,35.9480096,7.958796159999999,30.973762,317.3,1811,1493.7,616.04,477.98400000000004,317.3,8,15,7,13.6,2.24,15,3,4,1,3.2,0.3200000000000001,3,107,132,25,112,8,107,1.83,2.19,0.3599999999999999,2.118,0.11520000000000001,2.19,2,2,0,2,0,2,0,3,3,2.4,0.9600000000000002,3,0,6,6,1.2,1.92,0,0,0,0,0,0,0,5,8,3,5.6,0.9599999999999997,5,0,0,0,0,0,0,0,3,3,2.4,0.9600000000000002,3,0,4,4,0.8,1.28,0,0,0,0,0,0,0,3,4,1,3.2,0.3200000000000001,3,10.73,22.5702381,11.8402381,20.202190476160002,3.7888761904639994,22.5702381,0,1.625,1.625,1.3,0.5199999999999999,1.625,0,2.1106628,2.1106628,0.42213256,0.675412096,0,2,229,227,47.4,72.64,2
ScN,199.8819802,155.552371,Sc1 N1,7,21,14,14,7,7,11,82,71,46.5,35.5,11,14.0067,44.955912,30.949211999999996,29.481306,15.474605999999998,14.0067,63.05,1814,1750.95,938.525,875.475,63.05,3,15,12,9,6,3,2,4,2,3,1,2,71,170,99,120.5,49.5,71,1.36,3.04,1.68,2.2,0.84,1.36,2,2,0,2,0,2,0,3,3,1.5,1.5,0,0,1,1,0.5,0.5,0,0,0,0,0,0,0,3,5,2,4,1,3,0,0,0,0,0,0,0,3,3,1.5,1.5,0,0,9,9,4.5,4.5,0,0,0,0,0,0,0,3,9,6,6,3,3,14.76875,22.235,7.466249999999999,18.501875,3.7331249999999994,14.76875,0,6.437,6.437,3.2185,3.2185,0,0,6.35e-06,6.35e-06,3.175e-06,3.175e-06,0,194,194,0,194,0,194
V(CrC)2,291.102393,118.8393252,V1 Cr2 C2,6,24,18,16.6,8.48,6,46,77,31,59.6,13.919999999999998,49,12.0107,51.9961,39.9854,35.791019999999996,19.024256,12.0107,2180,3823,1643,2837.8,788.1600000000001,2180,5,14,9,9,4,6,2,4,2,3.2,0.96,2,76,153,77,116.6,32.480000000000004,76,1.63,2.55,0.9199999999999999,2.01,0.43199999999999994,1.66,1,2,1,1.6,0.48,1,0,2,2,0.8,0.9600000000000002,0,0,5,5,2.6,2.0799999999999996,0,0,0,0,0,0,0,4,6,2,5,0.8,4,0,1,1,0.4,0.4800000000000001,0,0,4,4,1.6,1.9200000000000004,0,0,7,7,3.4,2.72,0,0,0,0,0,0,0,4,7,3,5.4,1.1199999999999999,4,5.64,13.01,7.37,9.334,2.9552,5.64,0,4.496,4.496,1.7984000000000002,2.1580800000000004,0,0,0,0,0,0,0,194,229,35,215,16.8,194
WO3,169.8353275,110.2437493,W1 O3,8,74,66,24.5,24.75,8,51,87,36,78,13.5,87,15.9994,183.84,167.8406,57.95955,62.940225,15.9994,54.8,3695,3640.2,964.85,1365.075,54.8,6,16,10,13.5,3.75,16,2,6,4,3,1.5,2,66,162,96,90,36,66,2.36,3.44,1.08,3.17,0.405,3.44,2,2,0,2,0,2,0,4,4,3,1.5,4,0,4,4,1,1.5,0,0,14,14,3.5,5.25,0,6,20,14,9.5,5.25,6,0,0,0,0,0,0,0,2,2,1.5,0.75,2,0,6,6,1.5,2.25,0,0,0,0,0,0,0,2,6,4,3,1.5,2,9.105,16.05,6.945,10.84125,2.604375,9.105,0,0,0,0,0,0,0,0,0,0,0,0,12,229,217,66.25,81.375,12
Li2ZrN2,132.1688648,113.3275528,Li2 Zr1 N2,3,40,37,12,11.2,3,1,82,81,42,32.8,1,6.941,91.224,84.283,26.623880000000003,25.840048000000003,6.941,63.05,2128,2064.95,632.296,598.2816,63.05,1,15,14,7.2,6.24,1,2,5,3,2.6,0.9600000000000002,2,71,175,104,114.6,34.88,71,0.98,3.04,2.06,1.874,0.9328,0.98,1,2,1,1.6,0.48,1,0,3,3,1.2,1.44,0,0,2,2,0.4,0.64,0,0,0,0,0,0,0,1,5,4,3.2,1.7600000000000002,1,0,1,1,0.4,0.4800000000000001,0,0,3,3,1.2,1.44,0,0,8,8,1.6,2.56,0,0,0,0,0,0,0,1,8,7,3.2,1.92,1,14.76875,23.195,8.42625,17.183833333320003,2.404466666672002,14.76875,0,6.437,6.437,2.5748,3.0897600000000005,0,0,0,0,0,0,0,194,229,35,208,16.8,194
VC,306.7586452,204.1433204,V1 C1,6,23,17,14.5,8.5,6,46,77,31,61.5,15.5,46,12.0107,50.9415,38.9308,31.4761,19.4654,12.0107,2183,3823,1640,3003,820,2183,5,14,9,9.5,4.5,5,2,4,2,3,1,2,76,153,77,114.5,38.5,76,1.63,2.55,0.9199999999999999,2.09,0.45999999999999996,1.63,2,2,0,2,0,2,0,2,2,1,1,0,0,3,3,1.5,1.5,0,0,0,0,0,0,0,4,5,1,4.5,0.5,4,0,0,0,0,0,0,0,4,4,2,2,0,0,7,7,3.5,3.5,0,0,0,0,0,0,0,4,7,3,5.5,1.5,4,5.64,13.01,7.37,9.325,3.685,5.64,0,4.496,4.496,2.248,2.248,0,0,0,0,0,0,0,194,229,35,211.5,17.5,194
ZrFeP,202.2937396,118.8301682,Zr1 Fe1 P1,15,40,25,27,8.666666666666666,15,44,83,39,60.666666666666664,14.888888888888888,44,30.973762,91.224,60.250238,59.34758733333334,21.25094177777778,30.973762,317.3,2128,1810.7,1418.7666666666667,734.3111111111111,317.3,4,15,11,9,4,4,3,5,2,4,0.6666666666666666,3,107,175,68,138,24.666666666666668,107,1.33,2.19,0.8599999999999999,1.7833333333333332,0.3022222222222222,1.33,2,2,0,2,0,2,0,3,3,1,1.3333333333333333,0,0,6,6,2.6666666666666665,2.222222222222222,0,0,0,0,0,0,0,4,8,4,5.666666666666667,1.5555555555555556,4,0,0,0,0,0,0,0,3,3,1,1.3333333333333333,0,0,8,8,4,2.6666666666666665,0,0,0,0,0,0,0,3,8,5,5,2,3,10.73,23.195,12.465,18.83174603173333,5.401164021155556,10.73,0,1.625,1.625,0.5416666666666666,0.7222222222222223,0,0,2.1106628,2.1106628,0.7035542666666667,0.9380723555555556,0,2,229,227,141.66666666666666,93.11111111111113,2
CrWN2,262.2773605,141.6074476,Cr1 W1 N2,7,74,67,28,23,7,49,82,33,66,16,82,14.0067,183.84,169.8333,65.962375,58.9388125,14.0067,63.05,3695,3631.95,1500.275,1437.225,63.05,6,15,9,10.5,4.5,15,2,6,4,3.5,1.5,2,71,162,91,110.75,39.75,71,1.66,3.04,1.3800000000000001,2.525,0.5150000000000001,3.04,1,2,1,1.75,0.375,2,0,3,3,1.5,1.5,3,0,5,5,2.25,2.25,0,0,14,14,3.5,5.25,0,5,20,15,9,5.5,5,0,1,1,0.25,0.375,0,0,3,3,1.5,1.5,3,0,6,6,2.75,2.75,0,0,0,0,0,0,0,3,6,3,4.5,1.5,3,11.19,16.05,4.860000000000001,14.194375,1.5021875000000002,14.76875,0,6.437,6.437,3.2185,3.2185,6.437,0,0,0,0,0,0,194,229,35,211.5,17.5,194
Sc(AlC)3,166.4403025,138.3279153,Sc1 Al3 C3,6,21,15,11.142857142857142,4.408163265306123,6,11,77,66,65.85714285714286,15.67346939,73,12.0107,44.955912,32.945212,23.133232542857144,9.533599322,12.0107,933.47,3823,2889.5299999999997,2297.63,1307.4600000000003,933.47,3,14,11,12,2.5714285714285716,13,2,4,2,2.7142857142857144,0.6122448979591837,2,76,170,94,108.71428571428571,28.04081632653061,76,1.36,2.55,1.1899999999999997,1.977142857142857,0.49102040816326514,1.61,2,2,0,2,0,2,0,2,2,1.2857142857142858,0.6122448979591837,1,0,1,1,0.14285714285714285,0.2448979591836735,0,0,0,0,0,0,0,3,4,1,3.4285714285714284,0.4897959183673469,3,0,0,0,0,0,0,0,5,5,3.857142857142857,1.1020408163265305,4,0,9,9,1.2857142857142858,2.2040816326530615,0,0,0,0,0,0,0,4,9,5,5.142857142857143,1.102040816326531,4,5.64,22.235,16.595,12.656428571428572,6.0140816326530615,5.64,0,4.496,4.496,1.926857142857143,2.202122448979592,0,0,6.35e-06,6.35e-06,9.071428571428572e-07,1.5551020408163265e-06,0,194,225,31,207.28571428571428,15.183673469387754,194
TaB2,302.2990712,199.5352903,Ta1 B2,5,73,68,27.666666666666668,30.222222222222218,5,48,72,24,64,10.666666666666666,72,10.811,180.94788,170.13688,67.52329333333334,75.61639111111111,10.811,2348,3290,942,2662,418.6666666666667,2348,5,13,8,10.333333333333334,3.5555555555555554,13,2,6,4,3.3333333333333335,1.777777777777778,2,84,170,86,112.66666666666667,38.22222222222222,84,1.5,2.04,0.54,1.86,0.24,2.04,2,2,0,2,0,2,0,1,1,0.6666666666666666,0.4444444444444445,1,0,3,3,1,1.3333333333333333,0,0,14,14,4.666666666666667,6.222222222222221,0,3,19,16,8.333333333333334,7.111111111111112,3,0,0,0,0,0,0,0,5,5,3.3333333333333335,2.222222222222222,5,0,7,7,2.3333333333333335,3.1111111111111107,0,0,0,0,0,0,0,5,7,2,5.666666666666667,0.888888889,5,7.1725,18.12,10.947500000000002,10.821666666666667,4.865555555555556,7.1725,0,1.524,1.524,1.016,0.6773333333333333,1.524,0,0,0,0,0,0,166,229,63,187,28,166
AlBMo,211.0628514,137.7254207,Al1 B1 Mo1,5,42,37,20,14.666666666666666,5,50,73,23,65,10,50,10.811,95.96,85.149,44.58417953333333,34.25054697777777,10.811,933.47,2896,1962.53,2059.1566666666668,750.4577777777777,933.47,6,13,7,10.666666666666666,3.111111111111111,6,2,5,3,3.3333333333333335,1.1111111111111112,2,84,154,70,119.66666666666667,23.777777777777775,84,1.61,2.16,0.55,1.9366666666666668,0.21777777777777776,1.61,1,2,1,1.6666666666666667,0.4444444444444444,1,0,1,1,0.6666666666666666,0.4444444444444445,0,0,5,5,1.6666666666666667,2.222222222222222,0,0,0,0,0,0,0,3,6,3,4,1.3333333333333333,3,0,1,1,0.3333333333333333,0.4444444444444445,0,0,5,5,3.3333333333333335,2.222222222222222,0,0,5,5,1.6666666666666667,2.222222222222222,0,0,0,0,0,0,0,5,6,1,5.333333333333333,0.44444444444444436,5,7.1725,16.48,9.307500000000001,13.114166666666668,3.961111111111111,7.1725,0,1.524,1.524,0.508,0.6773333333333333,0,0,0,0,0,0,0,166,229,63,206.66666666666666,27.111111111111114,166
HfN,266.0075929,156.1541404,Hf1 N1,7,72,65,39.5,32.5,7,45,82,37,63.5,18.5,45,14.0067,178.49,164.4833,96.24835,82.24165,14.0067,63.05,2506,2442.95,1284.525,1221.475,63.05,4,15,11,9.5,5.5,4,2,6,4,4,2,2,71,175,104,123,52,71,1.3,3.04,1.74,2.17,0.87,1.3,2,2,0,2,0,2,0,3,3,1.5,1.5,0,0,2,2,1,1,0,0,14,14,7,7,0,5,18,13,11.5,6.5,5,0,0,0,0,0,0,0,3,3,1.5,1.5,0,0,8,8,4,4,0,0,0,0,0,0,0,3,8,5,5.5,2.5,3,14.76875,22.2,7.431249999999999,18.484375,3.7156249999999993,14.76875,0,6.437,6.437,3.2185,3.2185,0,0,0,0,0,0,0,194,194,0,194,0,194
Fe2C,220.9482937,100.932328,Fe2 C1,6,26,20,19.333333333333332,8.888888889,26,55,77,22,62.333333333333336,9.777777777777779,55,12.0107,55.845,43.8343,41.23356666666667,19.48191111111111,55.845,1811,3823,2012,2481.6666666666665,894.2222222222222,1811,8,14,6,10,2.6666666666666665,8,2,4,2,3.3333333333333335,0.8888888888888888,4,76,132,56,113.33333333333333,24.88888888888889,132,1.83,2.55,0.7199999999999998,2.07,0.31999999999999984,1.83,2,2,0,2,0,2,0,2,2,0.6666666666666666,0.888888889,0,0,6,6,4,2.6666666666666665,6,0,0,0,0,0,0,4,8,4,6.666666666666667,1.7777777777777777,8,0,0,0,0,0,0,0,4,4,1.3333333333333333,1.777777777777778,0,0,4,4,2.6666666666666665,1.777777777777778,4,0,0,0,0,0,0,4,4,0,4,0,4,5.64,10.73,5.090000000000001,9.033333333333333,2.262222222222223,10.73,0,4.496,4.496,1.4986666666666668,1.9982222222222223,0,0,2.1106628,2.1106628,1.4071085333333333,0.9380723555555557,2.1106628,194,229,35,217.33333333333334,15.555555555555552,229
HfMoP,207.5650392,121.2260474,Hf1 Mo1 P1,15,72,57,43,19.333333333333332,15,45,83,38,59.333333333333336,15.777777777777779,45,30.973762,178.49,147.51623800000002,101.80792066666667,51.121386222222235,30.973762,317.3,2896,2578.7,1906.4333333333334,1059.4222222222222,317.3,4,15,11,8.333333333333334,4.444444444444445,4,3,6,3,4.666666666666667,1.111111111111111,3,107,175,68,145.33333333333334,25.555555555555554,107,1.3,2.19,0.8899999999999999,1.8833333333333335,0.38888888888888884,1.3,1,2,1,1.6666666666666667,0.4444444444444444,1,0,3,3,1,1.3333333333333333,0,0,5,5,2.3333333333333335,1.777777777777778,0,0,14,14,4.666666666666667,6.222222222222222,0,5,18,13,9.666666666666666,5.5555555555555545,5,0,1,1,0.3333333333333333,0.4444444444444444,0,0,3,3,1,1.3333333333333333,0,0,8,8,4.333333333333333,2.8888888888888893,0,0,0,0,0,0,0,3,8,5,5.666666666666667,1.7777777777777777,3,15.69,22.5702381,6.880238095200001,20.1534127,2.975608466,15.69,0,1.625,1.625,0.5416666666666666,0.7222222222222223,0,0,0,0,0,0,0,2,229,227,141.66666666666666,93.11111111111113,2
CrSi2,195.5355642,156.3084902,Cr1 Si2,14,24,10,17.333333333333332,4.444444444444444,14,49,78,29,68.33333333333333,12.888888888888891,78,28.0855,51.9961,23.9106,36.0557,10.626933333333334,28.0855,1687,2180,493,1851.3333333333333,219.1111111111111,1687,6,14,8,11.333333333333334,3.5555555555555554,14,3,4,1,3.3333333333333335,0.4444444444444445,3,111,139,28,120.33333333333333,12.444444444444443,111,1.66,1.9,0.24,1.82,0.10666666666666662,1.9,1,2,1,1.6666666666666667,0.4444444444444444,2,0,2,2,1.3333333333333333,0.888888889,2,0,5,5,1.6666666666666667,2.222222222222222,0,0,0,0,0,0,0,4,6,2,4.666666666666667,0.888888889,4,0,1,1,0.3333333333333333,0.4444444444444445,0,0,4,4,2.6666666666666665,1.777777777777778,4,0,5,5,1.6666666666666667,2.222222222222222,0,0,0,0,0,0,0,4,6,2,4.666666666666667,0.888888889,4,11.19,20.44,9.250000000000002,17.356666666666666,4.1111111111111125,20.44,0,0.773,0.773,0.5153333333333333,0.3435555555555556,0.773,0,0,0,0,0,0,227,229,2,227.66666666666666,0.8888888888888857,227
Hf2Al3C4,196.7119488,156.4493967,Hf2 Al3 C4,6,72,66,23,21.77777777777778,6,45,77,32,68.55555555555556,10.469135802469134,77,12.0107,178.49,166.47930000000002,53.99637953333334,55.33049798518519,12.0107,933.47,3823,2889.5299999999997,2567.1566666666668,1116.305185185185,3823,4,14,10,11.444444444444445,3.308641975308642,14,2,6,4,3.2222222222222223,1.2345679012345678,2,76,175,99,113,32.888888888888886,76,1.3,2.55,1.2499999999999998,1.9588888888888887,0.525432099,2.55,2,2,0,2,0,2,0,2,2,1.2222222222222223,0.691358025,2,0,2,2,0.4444444444444444,0.691358025,0,0,14,14,3.111111111111111,4.839506172839506,0,3,18,15,6.777777777777778,4.987654320987654,4,0,0,0,0,0,0,0,5,5,3.4444444444444446,1.5308641975308641,4,0,8,8,1.7777777777777777,2.765432098765432,0,0,0,0,0,0,0,4,8,4,5.222222222222222,1.2345679012345678,4,5.64,22.2,16.56,12.933333333333334,6.482962962962962,5.64,0,4.496,4.496,1.9982222222222223,2.2202469135802474,4.496,0,0,0,0,0,0,194,225,31,204.33333333333334,13.77777777777778,194
BeAlB,141.0682656,130.8681996,Be1 Al1 B1,4,13,9,7.333333333333333,3.7777777777777772,4,67,73,6,70.66666666666667,2.444444444444443,67,9.012182,26.9815386,17.9693566,15.601573533333335,7.586643377777778,9.012182,933.47,2348,1414.53,1613.8233333333335,489.4511111111112,933.47,2,13,11,9.333333333333334,4.888888888888888,2,2,3,1,2.3333333333333335,0.4444444444444445,2,84,121,37,100.33333333333333,13.777777777777777,84,1.57,2.04,0.47,1.7400000000000002,0.20000000000000004,1.57,2,2,0,2,0,2,0,1,1,0.6666666666666666,0.4444444444444445,0,0,0,0,0,0,0,0,0,0,0,0,0,2,3,1,2.6666666666666665,0.4444444444444445,2,0,0,0,0,0,0,0,5,5,3.3333333333333335,2.222222222222222,0,0,0,0,0,0,0,0,0,0,0,0,0,0,5,5,3.3333333333333335,2.222222222222222,0,7.1725,16.48,9.307500000000001,10.514166666666666,3.9772222222222218,7.1725,0,1.524,1.524,0.508,0.6773333333333333,0,0,0,0,0,0,0,166,225,59,195,20,166
Al2Fe3Si4,172.3710985,108.6181341,Al2 Fe3 Si4,13,26,13,17.77777777777778,5.481481481481482,14,55,78,23,69.22222222222223,9.481481481,78,26.9815386,55.845,28.8634614,37.09334191111111,12.501105392592592,28.0855,933.47,1811,877.53,1560.8822222222223,278.84987654320986,1687,8,14,6,11.777777777777779,2.518518518518518,14,3,4,1,3.3333333333333335,0.4444444444444444,3,111,132,21,120.22222222222223,8.197530864,111,1.61,1.9,0.2899999999999998,1.8122222222222224,0.089876543,1.9,2,2,0,2,0,2,0,2,2,1.1111111111111112,0.7901234567901234,2,0,6,6,2,2.6666666666666665,0,0,0,0,0,0,0,3,8,5,5.111111111111111,1.9259259259259258,4,0,0,0,0,0,0,0,5,5,2.888888888888889,1.9259259259259263,4,0,4,4,1.3333333333333333,1.7777777777777777,0,0,0,0,0,0,0,4,5,1,4.222222222222222,0.34567901234567905,4,10.73,20.44,9.71,16.323333333333338,3.7288888888888874,20.44,0,0.773,0.773,0.34355555555555556,0.38172839506172834,0.773,0,2.1106628,2.1106628,0.7035542666666667,0.9380723555555556,0,225,229,4,227.22222222222223,1.1851851851851873,227
TaSiRh,235.4254568,117.9585761,Ta1 Si1 Rh1,14,73,59,44,20,14,48,78,30,61.666666666666664,10.888888888888888,48,28.0855,180.94788,152.86238,103.97962666666666,51.31216888888889,28.0855,1687,3290,1603,2404.6666666666665,590.2222222222222,1687,5,14,9,9.333333333333334,3.111111111111111,5,3,6,3,4.666666666666667,1.111111111111111,3,111,170,59,141,20,111,1.5,2.28,0.7799999999999998,1.8933333333333333,0.26222222222222213,1.5,1,2,1,1.6666666666666667,0.4444444444444444,1,0,2,2,0.6666666666666666,0.8888888888888888,0,0,8,8,3.6666666666666665,2.8888888888888893,0,0,14,14,4.666666666666667,6.222222222222222,0,4,19,15,10.666666666666666,5.5555555555555545,4,0,1,1,0.3333333333333333,0.4444444444444445,0,0,4,4,1.3333333333333333,1.7777777777777777,0,0,7,7,3,2.6666666666666665,0,0,0,0,0,0,0,3,7,4,4.666666666666667,1.5555555555555556,3,13.64,20.44,6.800000000000001,17.400000000000002,2.5066666666666664,13.64,0,0.773,0.773,0.25766666666666665,0.3435555555555556,0,0,0,0,0,0,0,225,229,4,227,1.3333333333333333,225
FeB,294.5437011,140.3288711,Fe1 B1,5,26,21,15.5,10.5,5,55,72,17,63.5,8.5,55,10.811,55.845,45.034,33.328,22.517,10.811,1811,2348,537,2079.5,268.5,1811,8,13,5,10.5,2.5,8,2,4,2,3,1,2,84,132,48,108,24,84,1.83,2.04,0.20999999999999996,1.935,0.10499999999999998,1.83,2,2,0,2,0,2,0,1,1,0.5,0.5,0,0,6,6,3,3,0,0,0,0,0,0,0,3,8,5,5.5,2.5,3,0,0,0,0,0,0,0,5,5,2.5,2.5,0,0,4,4,2,2,0,0,0,0,0,0,0,4,5,1,4.5,0.5,4,7.1725,10.73,3.5575,8.95125,1.77875,7.1725,0,1.524,1.524,0.762,0.762,0,0,2.1106628,2.1106628,1.0553314,1.0553314,0,166,229,63,197.5,31.5,166