mp_id,formula,band_gap,Ef_eV_atom,density_g_cm3,volume_A3,nsites,n_elements,crystal_system
mp-550070,NbBr2O,0.9038,-1.975614217499999,4.633206536333692,192.61378741680204,8,3,Monoclinic
mp-19205,ErVO3,1.5838,-3.3105158775,8.018613803040648,220.50361904722976,20,3,Orthorhombic
mp-540577,KZr2(PO4)3,4.2822,-3.18968664089881,3.055032499583022,550.5651784412129,36,4,Trigonal
mp-753467,TaCrO4,2.459699999999999,-2.945962722055546,7.540295819655173,130.78614045953398,12,3,Tetragonal
mp-554148,KFe(MoO4)2,2.3116,-2.007513676854168,3.237975307417978,425.46484108162747,24,4,Trigonal
mp-19024,HoVO3,0.0,-3.301341118499998,7.872520870621884,222.6308365086166,20,3,Orthorhombic
mp-504476,Cu2PO4F,0.0,-1.858791852142857,4.475984924990749,357.7245994223125,32,4,Monoclinic
mp-768221,YBiO3,3.0748,-2.764777345,7.174372126701876,160.11286607696232,10,3,Trigonal
mp-769470,Li11Fe(WO4)7,2.8156,-2.251534366312056,5.358167035413997,578.6166651326496,47,4,Monoclinic
mp-1205339,Ge(SeO3)2,3.727999999999999,-1.505156669409721,4.278777380996575,253.46476872417128,18,3,Monoclinic
mp-19379,CoSO4,2.1606,-1.7370555291666672,3.812099405037916,270.0628139714055,24,3,Orthorhombic
mp-22802,PrMn2O5,0.0,-2.595781837503592,5.853677363826245,375.3362593184159,32,3,Orthorhombic
mp-19121,TbVO4,2.9881,-3.20938931361111,5.626085387787339,161.66218136862443,12,3,Tetragonal
mp-1192830,Cu3(MoO5)2,0.0,-1.396173429,4.205990794984624,428.37106118896895,30,3,Monoclinic
mp-1041565,TiO2,1.82,-3.464407361944444,4.127531458338895,128.5226119523117,12,2,Orthorhombic
mp-1223316,KTi3AlO8,,-3.32467413901923,3.689392597165542,151.98280995652738,13,4,Triclinic
mp-504811,Rb2Pb4O7,0.9863000000000001,-1.510042240769228,7.385055761770363,499.94840413320475,26,3,Triclinic
mp-754526,TmBrO,4.4383,-3.322529855000001,6.273660463302988,140.19668430651433,6,3,Orthorhombic
mp-1226968,CaZrV2O8,2.525,-2.969095396666667,3.799461707847689,157.85231653832048,12,4,Tetragonal
mp-546292,YbClO,0.0,-3.484970913749999,6.684935055887468,111.52790483027516,6,3,Trigonal
mp-761281,FeSbO4,0.0,-1.834288585833332,6.2543795020464135,128.29108171669625,12,3,Tetragonal
mp-555022,LuSeO3F,4.2951000000000015,-2.82308066733507,6.712883611273939,317.5423328434585,24,4,Monoclinic
mp-18578,TlZnAsO4,3.1473,-1.683771338333335,6.012820638296494,451.4895444551059,28,4,Monoclinic
mp-556538,Na8(CuO2)5,0.0,-1.371228103088456,3.682597067078329,298.3445175272915,23,3,Monoclinic
mp-17189,K3Ce(PO4)2,0.0495,-2.949903627216836,3.556694253635383,417.7183172142527,28,4,Monoclinic
mp-978099,K3Gd(PO4)2,1.2922,-2.966707809002542,3.938668857991031,391.65508623013466,28,4,Monoclinic
mp-9228,HgSeO3,2.5571,-1.048512630968753,7.133045455889164,305.0066542589892,20,3,Orthorhombic
mp-1078191,Ba2TeO,1.783,-2.438919834166666,5.276313596616395,263.2618769603321,8,3,Tetragonal
mp-1078906,CoTe(PbO3)2,1.7931,-1.475581488166665,8.667267905762568,534.0916338343625,40,4,Trigonal
mp-551918,AlBiO3,2.977899999999999,-2.5005107850000012,8.296037245622959,113.6752137295987,10,3,Trigonal
mp-755290,V3(O2F)2,0.8214,-2.697904585555556,4.207843547671418,201.11809965921793,18,3,Triclinic
mp-20209,Eu2ReO5,0.0,-2.8000572118750022,8.215065464889022,460.9708653765818,32,3,Tetragonal
mp-542121,Rb4Nb2Si8O23,3.7154,-3.096012737702703,3.260495884367627,570.5855541874574,37,4,Triclinic
mp-756822,V4OF11,1.061499999999999,-3.122940785625,3.626734501689549,196.30676845468244,16,3,Monoclinic
mp-14142,TiZnO3,3.106999999999999,-2.792557587666666,5.007411138147304,106.96230133551445,10,3,Trigonal
mp-773102,Ce4YO9,0.0,-3.908052950357143,6.381610267652961,206.43890930699882,14,3,Orthorhombic
mp-1044413,ZnFeBiO5,0.1409,-1.4679498778125,6.014336159523208,453.05433416280107,32,4,Monoclinic
mp-698573,FeBi25O39,,-1.617114149153846,8.891818760260144,1102.6285564635195,65,3,Trigonal
mp-1067937,Ho2BiO2,0.0,-2.974778947999999,9.599302159050296,98.74695466253284,5,3,Tetragonal
mp-758096,SbOF3,1.923099999999999,-2.302541044,3.951103804576067,327.3997886531662,20,3,Tetragonal
mp-19198,CoSO4,2.6388,-1.735997209583334,3.8977471941982893,132.06427215131575,12,3,Orthorhombic
mp-2723,IrO2,0.0,-1.260892841666664,11.548302349446649,64.48031649722306,6,2,Tetragonal
mp-753260,LaAgO2,2.826699999999999,-2.568305550416656,5.9787951496226635,77.42572969016877,4,3,Trigonal
mp-504699,Ba2UFeO6,0.5156000000000001,-3.109767488999999,7.310790037689211,150.93698106110466,10,4,Cubic
mp-19363,HgMoO4,2.2557,-1.5400649545833351,7.253532617816265,165.06995857909925,12,3,Monoclinic
mp-18925,Li6CoO4,1.9349,-1.938767046590909,2.830290317086024,386.23062221360556,44,3,Tetragonal
mp-554057,KPr(SO4)2,5.5778,-2.5359143349097213,3.696656471634656,334.3228223749626,24,4,Triclinic
mp-1078295,NaNbO3,3.837399999999999,-2.841680835275861,4.205102830362381,129.43938864437823,10,3,Trigonal
mp-1205693,Ba2DyUO6,0.8682999999999991,-3.656206646166667,7.6482115229747265,167.43435632644434,10,4,Cubic
mp-3638,Cu2P2O7,0.0,-2.028611891298699,4.098617069242906,243.92662572935916,22,3,Monoclinic
mp-558917,LiMoIO6,2.2334,-1.6296289764814822,4.157636337427093,260.23128451863494,18,4,Monoclinic
mp-624234,TePb2O5,2.0297,-1.566924390833333,8.378154829136005,246.5579447675384,16,3,Monoclinic
mp-755358,LuAlO3,3.6479,-3.7433915153333333,7.273827011470189,114.12048248056117,10,3,Hexagonal
mp-541404,VO2,0.7584000000000001,-2.522468176666668,4.067600255193656,135.43671915122044,12,2,Monoclinic
mp-18784,DyVO4,2.9764,-3.209243283611112,5.77227133580865,159.62467366853392,12,3,Tetragonal
mp-9392,Sr4Al6TeO12,2.838,-3.351497833333332,3.253716548304334,424.5930568597537,23,4,Cubic
mp-5632,DyAsO4,3.6275,-2.8459666998611173,6.369751344581069,157.15475532624174,12,3,Tetragonal
mp-504506,RbIn(MoO4)2,3.9692,-2.078594995347222,3.843919721197201,224.70491687394173,12,4,Trigonal
mp-778408,HgBiO3,0.0,-1.092814734500002,9.817158334809003,154.79235641038505,10,3,Trigonal
mp-9749,Sr(BO2)2,4.9456,-3.123118884404775,3.3424140086181042,344.267494021296,28,3,Orthorhombic
mp-19220,CaSi2NiO6,4.5227,-2.948969151249999,3.692304879138714,451.41849805525715,40,4,Monoclinic
mp-8059,SiO2,5.5887,-3.26345831625,2.247387477681125,355.1584355418974,24,2,Cubic
mp-755763,Fe3OF5,0.0,-2.364327564999999,4.220888656255473,219.1500570206416,18,3,Triclinic
mp-558725,Ba5Ru2Br2O9,0.4718,-2.457761265555556,5.004769074426473,791.3738537392977,36,4,Hexagonal
mp-761614,CoCu(PO4)2,0.005099999999999,-1.926310803690476,3.519731339084586,294.788864139027,24,4,Monoclinic
mp-8002,LiGaO2,3.744799999999999,-2.312702965208333,4.89998639426124,36.824352144624044,4,3,Trigonal
mp-996,OsO2,0.0,-1.343400869999998,11.467906499374536,64.3569258510722,6,2,Tetragonal
mp-31049,NdO2,3.4112,-3.1596579241666642,6.708597366830175,87.24766669582291,6,2,Monoclinic
mp-29365,Li5BiO5,1.3597000000000001,-1.948860575606061,4.413627443517979,121.77903034390049,11,3,Monoclinic
mp-1095110,Ba2SmMoO6,0.9085000000000001,-3.0179772245,6.411945982386548,159.77524517029462,10,4,Tetragonal
mp-3031,BaSi2O5,4.7582,-3.360721377187507,3.730498523320041,486.9581147729143,32,3,Orthorhombic
mp-31114,Ho3GaO6,3.5644,-3.603410627749996,8.441455361685065,259.8611755153766,20,3,Orthorhombic
mp-754454,Cd(AgO2)2,0.3377,-0.6266469290476181,6.11193893586025,213.0820019981777,14,3,Tetragonal
mp-1206840,SrRhO3,0.0,-1.991144156999999,6.259477489298199,126.55303029275241,10,3,Tetragonal
mp-1193284,NdMoBrO4,2.0897,-2.585778148214286,4.653382853210901,548.2341279529892,28,4,Triclinic
mp-774316,Mn6OF11,0.078999999999999,-2.8315292323659,3.878511044143456,474.89963851275917,36,3,Monoclinic
mp-18296,Ba5Dy8Zn4O21,3.3654,-3.24790919127193,7.710648014330136,556.5371449214068,38,4,Tetragonal
mp-715262,FeO,0.0,-1.4722393325,5.577375605140057,42.7801322207853,4,2,Tetragonal
mp-8974,Ba3Dy4O9,3.2313,-3.560952405729166,7.314387368794287,273.78500702738705,16,3,Trigonal
mp-19002,TmNiO3,0.0,-2.526711635000001,8.98413381710249,203.77587181393056,20,3,Orthorhombic
mp-30037,AgIO4,0.11079999999999901,-0.544691771111111,5.508180935239086,180.13921877535253,12,3,Tetragonal
mp-557691,La2O3,3.411,-3.844539306333335,6.378686656469288,254.44993665426975,15,2,Monoclinic
mp-638002,BaV13O18,0.23650000000000002,-2.390831605625001,4.935720978264796,365.889549856281,32,3,Triclinic
mp-504590,Ca2Si3PbO9,4.3821,-3.162365873666667,4.199321455539344,407.7733708320587,30,4,Triclinic
mp-754234,V2SiO4,0.6219,-2.552792156428572,4.405771188403584,146.2119900796527,14,3,Cubic
mp-769213,Dy2(SeO4)3,3.0307,-2.052460007521446,5.842896776688383,428.4981520267894,34,3,Monoclinic
mp-1396391,WO3,,-2.181651673125,7.24237404721964,212.62441609351407,16,2,Orthorhombic
mp-1043588,ZnFe(GeO3)2,1.2894,-1.938722734250001,4.913642515026448,490.06079721034337,40,4,Monoclinic
mp-31256,U(SbO3)2,1.2887,-2.576791013333332,7.107622208395796,134.9307154865036,9,3,Monoclinic
mp-560624,Na5Bi(P2O7)2,4.2843,-2.561572092727832,3.511830502367059,635.3248184740658,48,4,Triclinic
mp-1215204,ZrTi2O,0.0,-1.596375502916664,5.688051602738821,59.25028728524313,4,3,Orthorhombic
mp-768500,Sb2(SO4)3,3.101199999999999,-1.7690563383823532,3.0988907847208482,569.8307137955326,34,3,Trigonal
mp-1192039,Nd3TaO7,3.4123,-3.743658881348486,7.634629623151453,315.66766498614106,22,3,Orthorhombic
mp-3488,Na2Ti3O7,2.9953000000000003,-3.160181039813217,3.456687956033042,289.7451538065769,24,3,Monoclinic
mp-1186755,SrTaO3,0.0,-3.278887796466667,7.815019078429382,67.26411512562386,5,3,Cubic
mp-2460,Er2O3,4.1023,-4.022894670833329,9.648473202345551,197.4974942832298,15,2,Monoclinic
mp-6397,Na2Ca(SO4)2,5.4849,-2.420641493289125,2.840272203559808,325.2739685295526,26,4,Monoclinic
mp-23095,Ca3Cu2(ClO2)2,0.0,-2.313304971818181,3.895167479983869,162.94734089675643,11,4,Tetragonal
mp-1217888,TaO2F,1.5127000000000002,-3.3457540580833323,6.19730913780293,62.14856535233808,4,3,Tetragonal
mp-556765,NaFe2(MoO4)3,0.8429000000000001,-1.937614801743294,3.7081717702646753,550.3460900097492,36,4,Triclinic
mp-754892,Rb3ClO,0.47940000000000005,-1.552755477499999,3.016855778920252,169.45012298942564,5,3,Cubic
mp-1190916,Ag2Te3Mo3O16,2.020299999999999,-1.5645405863888882,5.23355103629832,362.45208575383987,24,4,Monoclinic
mp-8763,Tm2S2O,2.6958,-2.975967371000002,7.443300466195845,373.00749204788144,20,3,Monoclinic
mp-19071,Co2SiO4,0.0,-2.065518774285714,5.038448836382073,138.38756390273642,14,3,Cubic
mp-714885,VO,0.783199999999999,-2.0896383025,5.2461728092815765,42.37678919257186,4,2,Trigonal
mp-499,AgO,0.0,-0.439935543333332,7.128585428207505,57.707659102207735,4,2,Orthorhombic
mp-771314,Ti2Ni(PO4)3,0.158399999999999,-2.799099418921958,3.3286856163292162,438.3374011064571,36,4,Trigonal
mp-1197728,Fe2B(PO4)3,2.025,-2.476507414616402,3.148582089984038,429.7354474430287,36,4,Hexagonal
mp-4609,HfSiO4,5.0221,-3.655536861666667,7.015947117653362,128.07884534664103,12,3,Tetragonal
mp-22212,NaSbO3,1.274,-1.9649369122758622,5.416017515922947,236.38441497374964,20,3,Orthorhombic
mp-8615,NbBO4,2.458899999999999,-2.954805746527777,5.127383801765492,108.63133602292216,12,3,Tetragonal
mp-8128,NaNdO2,3.3353,-2.9878878134698272,5.365910506195975,123.30811077389038,8,3,Tetragonal
mp-1410863,CaLa2FeO6,1.7183000000000002,-2.975604868,5.877218995934202,132.7167799731302,10,4,Trigonal
mp-1020622,SrZrO3,3.168099999999999,-3.644416241500001,5.382536375487199,139.96387922066543,10,3,Tetragonal
mp-546621,ErBi2BrO4,1.357,-2.423718180625001,8.576980871338387,141.16092680583967,8,4,Tetragonal
mp-550433,BeZnO2,2.6575,-2.3983149150000003,4.750973583385163,74.39087356573184,8,3,Tetragonal
mp-624769,P2WO8,2.5303999999999993,-2.40897969538961,4.408604538408192,563.153995977397,44,3,Orthorhombic
mp-1078185,Ba2LuSbO6,3.2383,-3.1285257716666672,7.407222979015074,149.6115680607324,10,4,Cubic
mp-1216586,TmSc(BO3)2,4.434699999999999,-3.498891860333334,5.017664522457944,109.70897899371062,10,4,Trigonal
mp-1938,Al2O3,5.313199999999999,-3.333195094499999,3.953068690720562,171.3207612152271,20,2,Orthorhombic
mp-1019788,K4Al3(SiO4)3,0.0,-3.029408297909091,2.079891173492618,820.0731660937978,44,4,Cubic
mp-850957,Na6Ti2O7,,-2.512837670996168,2.456137543151133,467.39720251167415,30,3,Monoclinic
mp-19431,LiYMo3O8,0.0,-2.378474222564103,5.010176600827968,169.58181130406342,13,4,Trigonal
mp-771408,LiVOF3,0.20540000000000003,-2.9341404378472222,2.947523058420109,589.8554117665922,48,4,Orthorhombic
mp-850291,Li2Mn5(Si2O5)6,,-2.92462493176167,2.6676814934898543,1376.3705744880745,98,4,Hexagonal
mp-753119,Cs(WO3)3,0.0,-2.245138814973477,7.529487327612155,182.6982103668676,13,3,Hexagonal
mp-18977,Ba2CaWO6,3.183,-3.02969635,6.377210092501664,154.81755213407968,10,4,Cubic
mp-2898,Ca(AuO2)2,1.6618,-1.466215879285709,9.047812470496794,182.79843169909492,14,3,Tetragonal
mp-18733,AlTl(MoO4)2,3.8702,-2.203208559444446,4.340171856188125,210.903081605927,12,4,Trigonal
mp-19801,EuRhO3,0.0,-2.205840328500002,8.432787516285554,238.55630034079877,20,3,Orthorhombic
mp-8208,Mg(PtO2)3,0.2984,-1.376596223500001,10.401985589608127,112.63224450559863,10,3,Orthorhombic
mp-672979,LiBiP2O7,,-2.5240584456926403,4.185538404704188,618.6880083705556,44,4,Monoclinic
mp-555245,Ba4NdMn3O12,0.0,-2.635162862064654,5.80381928719641,300.51913027158866,20,4,Trigonal
mp-18894,CaCo(SiO3)2,1.1736,-2.949598319,3.631223030347736,229.72528330283112,20,4,Monoclinic
mp-1075921,LaNiO3,0.0,-2.436526663999999,7.10761180460951,57.378419163664574,5,3,Cubic
mp-545735,Ba2NdRuO6,0.125799999999999,-2.75854759475,6.427632560615222,159.1300714704817,10,4,Cubic
mp-1194001,Pr4PClO8,4.4953,-3.548600195450681,5.476638577814574,459.68923304028823,28,4,Orthorhombic
mp-1226758,CdBiBrO2,0.9774,-1.439710593,7.18584809040806,100.1276310574408,5,4,Tetragonal
mp-29510,Hg2TeO3,2.2142,-0.9766123002777801,7.0965077669754955,269.9250857781906,12,3,Orthorhombic
mp-1336,PdO,0.0,-0.789826404999999,8.117605863761803,50.08427352138736,4,2,Tetragonal
mp-9656,BaY2PdO5,1.787999999999999,-3.026492026666667,6.447925296464205,258.3320356960755,18,4,Tetragonal
mp-1224660,HfTi4(PbO3)5,,-2.769540981533332,8.060317221067471,339.0887158866975,25,4,Orthorhombic
mp-558830,ZnTeMoO6,3.0952,-1.7651720629629621,5.086003785571592,251.3631142081916,18,4,Orthorhombic
mp-754782,Na2CdO3,0.0,-1.250077629626436,4.282136082311186,160.06803926707548,12,3,Monoclinic
mp-1217978,SrPrScO4,3.1811,-3.591704796666666,5.433712366753841,103.13402990768772,7,4,Tetragonal
mp-1218151,SrNdCoO4,0.621599999999999,-2.706037485357143,6.437602416955302,91.51657068693989,7,4,Tetragonal
mp-20725,PbO2,0.0,-1.299647031666666,9.340001787646925,85.05329251846074,6,2,Tetragonal
mp-25303,FePO4,0.995499999999999,-2.3072070407738092,3.714562401677146,134.8403574377505,12,3,Orthorhombic
mp-754672,TiO2,2.9809,-3.427717181944443,2.8720384801002483,184.7054374851317,12,2,Orthorhombic
mp-768374,MnTlO3,0.0,-1.526403397252875,7.8273436090862,391.17953872103993,30,3,Hexagonal
mp-3635,LiBO2,5.226,-2.73799054125,2.248286826303503,146.9797287927551,16,3,Monoclinic
mp-1048685,CaV4O10,0.141299999999999,-2.565518629333334,3.121241171314679,214.84683136329255,15,3,Orthorhombic
mp-13192,In6ReO12,0.0,-1.959200251710525,7.251181504819551,244.3704090148376,19,3,Trigonal
mp-554678,CaGe2O5,2.4608,-2.499478427499999,4.830824451734098,182.42531825368704,16,3,Triclinic
mp-22474,Na(CoO2)2,0.0,-1.442184006268473,4.577988990404091,297.22017325715433,28,3,Orthorhombic
mp-998602,RbOsO3,0.0,-1.610804351499998,6.7127204624474945,160.14665193019954,10,3,Trigonal
mp-667342,Bi12PbO20,1.691799999999999,-1.5947809093939371,9.333871348820342,539.9321997644622,33,3,Cubic
mp-997160,MnAgO2,0.0,-1.385979792399425,6.144772210826155,105.2866978611008,8,3,Trigonal
mp-1205383,Nd2GeO5,3.8858,-3.263154346249999,6.3162214607895795,463.8840852208435,32,3,Monoclinic
mp-1078392,YSb(PbO3)2,2.2943,-2.281386283,8.101840134912177,147.78766497945406,10,4,Monoclinic
mp-504539,CaLu2O4,3.9013,-3.85212620797619,8.083441694781806,373.0592516789542,28,3,Orthorhombic
mp-3349,Sr3Ti2O7,1.8404999999999991,-3.4925284151388603,5.022340116866562,155.59136359944824,12,3,Tetragonal
mp-28460,Br2O,1.3935,-0.066103085,4.086549121259138,285.75215638902927,12,2,Orthorhombic
mp-697672,Ce2(GeO3)3,0.0,-2.745754115357143,6.027553555441258,353.8117101661496,28,3,Triclinic
mp-1218688,Sr2TiMnO6,0.0,-3.009421787126437,5.201335791050051,238.82727703093545,20,4,Tetragonal
mp-12362,AgHg3SbO6,0.709299999999999,-1.005880865833335,8.503908280692226,362.1805204438364,22,4,Trigonal
mp-18525,TbMn2O5,1.1663000000000001,-2.650917842503562,6.601105118070377,350.9675580857557,32,3,Orthorhombic
mp-1218381,Sr2TiMnO6,0.0,-3.018384279876437,5.244470462793416,473.7259453410568,40,4,Tetragonal
mp-555983,Er2SiO5,4.7585999999999995,-3.836669838750007,7.079422042797362,415.26295039547216,32,3,Monoclinic
mp-554229,CsAs3O8,2.2357,-1.767822698096265,4.551395247943797,354.382079447938,24,3,Monoclinic
mp-30518,V6O11,0.739899999999999,-2.486746045,4.703070247886312,340.11230076371044,34,2,Triclinic
mp-555284,Ba2NdAlO5,3.691299999999999,-3.3474437825,5.601398767265856,311.79184048765427,18,4,Monoclinic
mp-17612,Ba2SiO4,4.6319,-3.361976853214285,5.376656001946446,453.05578895218787,28,3,Orthorhombic
mp-32465,LiV(PO4)2,1.960999999999999,-2.551501418968254,2.599515872799063,633.2309341858835,48,4,Monoclinic
mp-555913,YMoO4F,3.7464,-2.975229910357143,4.356706499932605,408.3468656114635,28,4,Monoclinic
mp-4100,Ca4IrO6,0.0,-2.736608389999999,5.159069556706867,288.7318889097544,22,3,Trigonal
mp-1216522,V3NiO6,0.0,-2.213714311000001,4.920368678383114,103.78074125452605,10,3,Trigonal
mp-1105138,SrFe4(CuO4)3,0.0,-1.5113539930000002,5.519469891499486,208.67964928496042,20,4,Cubic
mp-1227338,Be3ZnO4,4.2643,-2.688549454374999,3.9705787771043273,65.42621874996784,8,3,Tetragonal
mp-572313,Cu3Te2(BrO3)2,0.0,-1.121687574871795,4.762207043018697,244.65643880204752,13,4,Monoclinic
mp-770995,Co2HgO4,0.0,-1.062120947857144,8.146486637412316,311.83002923271226,28,3,Orthorhombic
mp-1225946,Cu2NiSnO4,0.0,-1.343353608749999,6.06870461842855,201.6565513538144,16,4,Monoclinic
mp-769349,BaTa6O16,2.1822,-3.377683681043479,8.095845455903856,303.35868739110447,23,3,Orthorhombic
mp-1013917,LiMn3P3O13,0.0,-2.39552577405275,3.220228369143178,487.47145901039755,40,4,Monoclinic
mp-996973,CuHgO2,0.0,-0.745885760625001,8.313315928944172,59.1512951730479,4,3,Monoclinic
mp-17439,KSm(PO3)4,5.2969,-2.916498931156746,3.277322968116189,512.0929667741402,36,4,Monoclinic
mp-1189224,DyFe4(CuO4)3,0.0,-1.646393583083332,6.157098091373918,207.26358222096408,20,4,Cubic
mp-766418,MnFe7(PO4)8,1.440899999999999,-2.325978583022374,3.458599090600081,578.8429364651804,48,4,Monoclinic
mp-1238787,NaO2,0.0,-0.842041427126436,2.12868814827235,85.79055387475346,6,2,Tetragonal
mp-656144,BaEuFe2O5,0.0,-2.370123225555556,6.4945707928001255,122.97698872734651,9,4,Tetragonal
mp-769922,V2SiO4,0.0,-2.550871035000001,4.420382813586584,145.72868469946303,14,3,Orthorhombic
mp-1190319,In2Ge2O7,1.049399999999999,-2.039348652121211,6.999145761206551,231.0384991179683,22,3,Cubic
mp-608014,K2Ge2Pb2O7,3.1648,-1.9754023907307672,5.118890118122561,243.25437476313655,13,4,Trigonal
mp-774598,Li2Mn(SiO3)2,,-2.7863211675391852,2.661123344200354,827.3760473005511,66,4,Orthorhombic
mp-556075,SrDy2O4,3.694199999999999,-3.73484630333333,7.753270820688615,408.3139428161181,28,3,Orthorhombic
mp-752704,Li5V(SiO4)2,0.21829999999999902,-2.740710475416666,2.5445734918230043,176.07450932527055,16,4,Monoclinic
mp-754106,Mn2PO5,0.0,-2.384871443188116,3.827246484231002,191.63899006379953,16,3,Tetragonal
mp-18637,Na2Cu3(GeO3)4,0.3064,-1.76514963679803,4.340399923575051,275.1383429514013,21,4,Triclinic
mp-1227068,CaLaFeO4,0.47079999999999905,-2.9057299021428573,5.293152069360676,93.74610002721504,7,4,Tetragonal
mp-776759,Mn2Fe(PO4)3,,-2.31491930248837,3.363303673239651,444.9775501903345,36,4,Trigonal
mp-22773,CuWO4,0.0,-1.7008661766666662,7.478433074150184,138.2815430376248,12,3,Triclinic
mp-1223293,La2Mn3Sb3O14,,-2.443096662217867,5.951238886801929,575.8480794082005,44,4,Monoclinic
mp-753483,Co3NiO8,0.9766999999999991,-0.9278796570833341,4.773459062084095,252.8926397355556,24,3,Trigonal
mp-13001,Ba2HoTaO6,3.378199999999999,-3.589574164233332,7.697247852078008,154.57781216113375,10,4,Cubic
mp-18762,Na4CoO3,1.1481,-1.464403423189655,2.887031060845253,228.79241128294916,16,3,Monoclinic
mp-2574,ZrO2,3.8514,-3.786492631666667,6.042619614291532,67.72436008114629,6,2,Tetragonal
mp-752467,NbO2F,2.2079,-3.16759997625,4.073915140637288,117.31099616863546,8,3,Monoclinic
mp-583506,Tl2V8O21,1.299399999999999,-2.203579532311826,4.71506778989249,405.80878243107423,31,3,Monoclinic
mp-542168,Cs2CoSiO4,2.8661000000000003,-2.298495789288794,4.448204563854539,622.4154826450367,32,4,Orthorhombic
mp-31132,Hg4OF6,0.2036,-1.518836074090911,9.726718205711238,318.3403211187897,22,3,Hexagonal
mp-1205628,Ba2ErMoO6,0.0,-3.0564830020000002,6.948792880279637,151.46971699617177,10,4,Cubic
mp-17335,ErAg(WO4)2,3.1912,-2.378641556805554,8.119179211172975,315.2898746384799,24,4,Monoclinic
mp-772957,SrV4O10,1.7003,-2.600137436333333,3.896869219987415,384.6852853246784,30,3,Triclinic
mp-542803,V6Zn3(FeO6)4,1.390399999999999,-2.089877243513514,3.787289417318605,486.347571610194,37,4,Triclinic
mp-1519447,Sr2VSnO6,,-2.6894611535,5.666728029657369,129.19476249956895,10,4,Cubic
mp-1180346,NaO2,0.0,-0.8873243708764371,2.478501489497432,294.72862702041544,24,2,Orthorhombic
mp-13019,NaLa2TaO6,3.979199999999999,-3.504750970871265,6.719340996291562,285.5542309167873,20,4,Monoclinic
mp-29205,YBO3,5.1696,-3.5222596525,4.500537512836404,327.0097545684276,30,3,Orthorhombic
mp-1194584,Hg3Te2SeO10,2.099199999999999,-1.111376695823569,7.014086909134827,518.9056364997364,32,4,Monoclinic
mp-554124,NaV(SO4)2,1.6873,-2.140325395739943,2.816131767562633,627.5234223766155,48,4,Monoclinic
mp-1018721,HfO2,4.6678000000000015,-3.968927069166663,10.676886282074282,65.47318501810419,6,2,Tetragonal
mp-3324,Nb2SnO6,1.7399,-2.7461501200000322,5.558556458731841,239.29871614672794,18,3,Monoclinic
mp-17981,Eu3IrO7,0.0,-2.609165982727275,8.477520285365,297.7719126875168,22,3,Orthorhombic
mp-559752,CsZnPO4,3.965,-2.505753668471146,4.193612384457743,464.52796015719576,28,4,Orthorhombic
mp-31245,Tb2Te4O11,3.2498,-2.30415422764707,6.760708318532501,493.3171146820097,34,3,Monoclinic
mp-1104298,NaCaSiO4,0.10699999999999901,-2.818903529482758,2.734384534817627,188.4402697395836,14,4,Monoclinic
mp-17458,V2Zn2O7,2.5529,-2.170509448636363,3.9251424493702802,291.64928912265873,22,3,Monoclinic
mp-775830,Na3Bi(BO3)2,3.138099999999999,-2.294231230622605,3.985734685790216,659.2072461934406,48,4,Monoclinic
mp-22329,NaNd2OsO6,0.543,-2.74630087513793,7.615296731828379,260.6607506322553,20,4,Monoclinic
mp-1206732,BaLaCo2O5,0.0,-2.35019775,6.334025602206402,124.28978761454499,9,4,Orthorhombic
mp-3982,KCuO2,0.8706,-1.3747728230624991,3.24332273163737,137.87103294852034,8,3,Orthorhombic
mp-18718,Ca(NiO2)4,0.0,-1.262754084999999,4.332894575790776,308.7741174190518,26,3,Trigonal
mp-777687,Fe5(OF4)2,0.1335,-2.324797602000001,4.149097949264425,370.76974971150884,30,3,Triclinic
mp-19116,Sr2CaMoO6,2.561199999999999,-2.9194941195,4.7233918857239985,286.3458538296092,20,4,Monoclinic
mp-562523,Cs3Mo2(O2F)3,3.9977,-2.430609173140396,4.251336716867444,580.8793553967532,28,4,Hexagonal
mp-554475,LaNb2ClO6,2.5637,-3.20632168175,4.8679489004837855,622.4257370146626,40,4,Orthorhombic
mp-13938,Sr2DyReO6,0.0,-2.999338294416667,7.072592079412918,145.55345808467467,10,4,Cubic
mp-540685,V2CdO6,2.2611,-2.180888695555554,4.803170970816857,107.27274426030148,9,3,Monoclinic
mp-773509,VCr2O6,0.0,-2.209259339166667,4.578879770091996,364.0010264147844,36,3,Orthorhombic
mp-756869,K2TbO3,0.0,-2.31851609936111,3.945242056060823,240.01221776621603,12,3,Orthorhombic
mp-1176398,Na2Cu3O4,0.0,-1.147848624750957,4.873619525914362,102.42555434127738,9,3,Orthorhombic
mp-555447,NaScB2O5,4.923599999999999,-3.094573522745849,2.7459461606218243,410.1592108670565,36,4,Monoclinic
mp-17552,CaSiO3,4.7336,-3.427720254333334,2.8221436760360623,410.09472876363435,30,3,Monoclinic
mp-600622,EuIO,0.0,-2.501281970000001,6.314891006491929,155.074606075311,6,3,Tetragonal
mp-1205686,Ba2PrTaO6,3.4861,-3.473158075900001,7.122673637321838,161.4468399326444,10,4,Monoclinic
mp-30201,Ba8(CoO3)7,,-2.089558520833334,5.927118709307827,1034.985546781725,72,3,Orthorhombic
mp-1041019,CuReO4,,-1.7613775522916661,5.320207473964774,783.4207684850741,48,3,Monoclinic
mp-14152,SmNbO4,3.5797,-3.537960958333332,6.50673525246343,156.8294460285077,12,3,Monoclinic
mp-1019526,Ba3Si2(B3O8)2,5.4031,-3.1519017657407398,4.080547308891205,321.079299637276,27,4,Triclinic
mp-755882,MnAl2O4,2.6578,-3.047750007561575,4.186127644323647,137.169769855266,14,3,Cubic
mp-8294,Cs2Li2TiO4,3.955399999999999,-2.526923392701148,4.234139844420553,307.12095290714615,18,4,Triclinic
mp-554453,Cr2P2O7,0.657,-2.52345086948052,3.551491354532655,779.7109712947744,66,3,Monoclinic
mp-558208,RbInAs2O7,2.5506,-1.9163219383333332,4.206276818832377,729.7439679756769,44,4,Triclinic
mp-760083,Sr5Nb5O16,0.0,-3.183638306538462,5.072704672811704,758.5450826245491,52,3,Orthorhombic
mp-1197854,Bi14Mo5O36,,-1.824825892909091,7.653343143671144,863.8416908543603,55,3,Monoclinic
mp-996965,AgBiO2,0.7818,-1.104952774166666,7.638430183940319,151.67376595252594,8,3,Hexagonal
mp-14836,Pr4Si2Se3O7,2.3921,-3.170509341324869,5.837913677272693,1102.124323553871,64,4,Tetragonal
mp-31318,Nd2TeO6,,-2.947875512407409,6.560396503637659,518.4622660954453,36,3,Orthorhombic
mp-555930,Pr3W(ClO2)3,3.5317,-3.107063265,6.4056208477860075,419.3943268836713,26,4,Hexagonal
mp-997043,PbAuO2,0.0,-0.9572818112499981,9.623437573884733,150.52202067335395,8,3,Monoclinic
mp-6224,LiScSiO4,4.612299999999999,-3.373994456904761,3.094944278671294,308.9999860523231,28,4,Orthorhombic
mp-1048853,Ca(FeO2)2,0.7962,-2.106441121428571,4.055564800719659,176.68917925553106,14,3,Trigonal
mp-560522,MnSO3,3.339,-1.87204651541954,3.332019111680299,403.6738695338799,30,3,Trigonal
mp-30093,Ba3FeO5,0.0,-2.484196669444442,5.696233823329795,638.7950504112189,36,3,Orthorhombic
mp-754184,ErAlO3,3.560399999999999,-3.695549607999999,6.833301217588388,117.7313500695251,10,3,Hexagonal
mp-1019742,HeSiO2,6.5469,-2.428324435625,2.110330412717624,201.71022279174286,16,3,Trigonal
mp-505187,K6Pb2O5,2.1249000000000002,-1.5069978645000002,4.087910677391129,592.2394866065221,26,3,Triclinic
mp-554082,Ho2Hf2O7,3.1157,-4.009504141363635,9.456116792021362,280.55895366328514,22,3,Cubic
mp-1184950,KZrO3,0.0,-2.795012398449999,3.889375724926838,76.13256665533781,5,3,Cubic
mp-1219180,Sm2SbO2,0.0,-2.9598467880000032,7.212042994830204,104.64161166017227,5,3,Tetragonal
mp-766435,MnFe3(PO4)4,0.23720000000000002,-2.341830317562603,3.433085321122633,582.706059514839,48,4,Monoclinic
mp-754363,Ba2HfO4,3.437,-3.536360435714286,7.319037352570924,117.32879453913253,7,3,Tetragonal
mp-758208,LiFeP2O7,0.7104,-2.459900935465367,3.024470724113331,519.8903564550808,44,4,Monoclinic
mp-1101163,YbPrO2,0.0,-3.191404323541665,9.72778710976292,59.05326552634475,4,3,Trigonal
mp-642350,KLa(PO3)4,4.348199999999999,-2.869416556990079,2.5232110795910243,650.0655715955514,36,4,Orthorhombic
mp-559379,SbTeClO3,3.155599999999999,-1.554748624861111,4.720875309350302,468.2572304398206,24,4,Orthorhombic
mp-14093,TbOF,4.9318,-4.262664965555556,8.094797499182762,79.56146446884362,6,3,Trigonal
mp-13976,Yb2SeO2,0.0,-3.505927125312499,9.400812757239137,80.73033704107829,5,3,Trigonal
mp-1215294,ZrTi(PbO3)2,2.753,-2.774889303333333,7.548187176321513,142.88188352664167,10,4,Triclinic
mp-15326,Sm3IrO7,0.0,-3.04480209,8.452001910488548,296.7801508812496,22,3,Orthorhombic
mp-6384,RbSO2F,4.1099,-2.187014182999999,2.696207601648129,207.5883578376953,10,4,Monoclinic
mp-996995,MnAgO2,0.28949999999999904,-1.431450102399425,6.466486922597943,50.02428543740265,4,3,Monoclinic
mp-22363,Ba3NiRu2O9,0.0,-2.186366352333339,6.6573209970535085,407.4741942143961,30,4,Hexagonal
mp-19258,Ba2SmMoO6,0.0,-2.9772344895,6.426223022831533,159.4202749756252,10,4,Cubic
mp-555219,CuWO3F2,0.0,-2.036153685714285,5.861185219735638,188.90110598299557,14,4,Monoclinic
mp-557692,Ba3Tl2Cl2O5,0.0,-2.1979132751388892,6.391505734197422,252.43875973584358,12,4,Tetragonal
mp-557563,MoPb3Cl2O5,2.198199999999999,-1.769634967727272,6.769069769417998,426.08026737455043,22,4,Orthorhombic
mp-19362,KFe(MoO4)2,2.4118,-2.008169349354169,3.514100936720712,392.03331788255747,24,4,Trigonal
mp-23119,Cu5Se2(ClO4)2,0.0,-1.027197614981617,4.856027567628637,461.33124428241314,34,4,Monoclinic
mp-16035,Gd2TeO2,0.772899999999999,-3.287839963333331,7.9379650736019105,99.17649819929923,5,3,Tetragonal
mp-758094,Ce6Y2O15,1.8196999999999992,-3.91562585695652,6.463280396544033,646.6642721342364,46,3,Monoclinic
mp-1105431,Mn7PbO12,0.0,-1.913850097775863,6.00197998506943,216.8388819187785,20,3,Cubic
mp-1095039,Sr2HfCrO6,0.0,-3.195316816999998,6.493508975863162,256.6038839521195,20,4,Cubic
mp-1225475,ErSc(BO3)2,4.449,-3.492578397333333,4.945654294955525,110.74391119506906,10,4,Trigonal
mp-29871,Na4SeO5,1.3349,-1.6840520935361,3.477252293861028,479.29331930429146,40,3,Triclinic
mp-4344,HoTaO4,4.050800000000001,-3.731865572888878,9.36333340167339,145.37873408038433,12,3,Monoclinic
mp-541367,SrCd(PO3)4,4.4041,-2.712450513670635,3.439199876938846,996.3985030864789,72,4,Monoclinic
mp-551905,OsO4,3.2472,-1.527730192,4.389479957096201,96.17423151129474,5,2,Monoclinic
mp-638553,Ba2InIrO6,0.0,-2.187871523333334,7.457680817083031,452.68352554860434,30,4,Trigonal
mp-1239022,Li2CuO2,0.0,-1.629481453333333,3.779132873555142,48.08179082681664,5,3,Monoclinic
mp-636383,Ba4Sm2Cu2O9,0.0,-2.737019890000001,6.587852147756057,565.178012402645,34,4,Tetragonal
mp-4673,SrHfO3,3.9535,-3.808616651999998,7.688237171096568,271.36984791729213,20,3,Orthorhombic
mp-17192,YCu(WO4)2,1.1679,-2.36937824375,6.93863664617458,310.2166438528139,24,4,Monoclinic
mp-755141,NaHoO2,4.0614,-3.159362935344825,6.906390525129014,105.75246383881488,8,3,Tetragonal
mp-36383,Ag3(PO4)2,0.0,-1.605811363406592,4.522791078845507,188.54848238260112,13,3,Trigonal
mp-5050,Rb(OsO3)2,0.0,-1.662312743611107,7.134498045428545,261.5732965729346,18,3,Cubic
mp-5433,Pr3RuO7,0.0,-3.044785704090908,6.796440331555865,310.6779449171135,22,3,Orthorhombic
mp-22618,Y(CuO2)2,0.0,-2.061175068571454,6.124373592523852,151.83377570656785,14,3,Tetragonal
mp-1044537,CaV3(P2O7)2,2.622499999999999,-2.752795243344154,3.361481978594082,534.289050344939,44,4,Monoclinic
mp-557467,Li4Ca(BO3)2,4.7254000000000005,-2.778116286666666,2.311961564363227,266.40948037739867,26,4,Orthorhombic
mp-777514,Y2O3,2.8013999999999992,-3.8636456055,5.312041951899708,282.35180668401375,20,2,Monoclinic
mp-754883,KHoO2,3.9742,-3.118591663062497,6.209443454331496,63.118821289113626,4,3,Trigonal
mp-542899,Sr2Co2O5,0.0,-2.133351335,5.294902651859857,234.01856302618717,18,3,Orthorhombic
mp-754031,YBrO,3.6348000000000003,-3.303779935,4.806096827555354,127.7056998662857,6,3,Trigonal
mp-18369,Ta2MnZn2O8,1.8718,-2.678555380969054,7.179960147114633,312.5193522096782,26,4,Monoclinic
mp-20212,BaPr2CuO5,0.4272,-2.9366641414814803,6.80615936619933,274.5633396396074,18,4,Tetragonal
mp-30206,CsClO4,5.444000000000001,-1.104034977859196,3.3614157362010753,459.1354736465206,24,3,Orthorhombic
mp-21867,NaFe(SiO3)2,1.835799999999999,-2.729421948637932,3.433214502583936,446.9142563275168,40,4,Monoclinic
mp-510351,Fe7(PO4)6,0.046400000000000004,-2.319908275347489,3.882979322189529,410.8576012646954,37,3,Triclinic
mp-558030,KMo2Cl7O2,2.645699999999999,-1.601497468520833,2.462491621340367,689.3679405953554,24,4,Monoclinic
mp-4790,ThGeO4,3.8957,-3.256892782499999,7.0880706072232424,172.74103779684808,12,3,Tetragonal
mp-17464,SrGeO3,3.4179,-2.743115335333333,4.31734751498995,480.6018637681073,30,3,Monoclinic
mp-18492,Na2Zr(MoO4)3,2.7872,-2.328343660708812,4.218180809788398,485.7922318226891,36,4,Monoclinic
mp-754171,CsRbO,1.253599999999999,-1.092224502385057,4.337845361616444,358.87396822976444,12,3,Orthorhombic
mp-780324,Co2O3F,0.0,-1.294292936666667,5.437228365870216,282.28740961488006,30,3,Orthorhombic
mp-542734,Rh2O3,0.6193000000000001,-1.067203993999999,7.948458054063597,106.04826475671567,10,2,Trigonal
mp-756934,Co(CuO2)4,0.0,-0.849835449230769,4.620249677189568,158.53783146727045,13,3,Triclinic
mp-768608,LiMn2(SO4)3,0.0,-2.005404923983079,2.795092758681813,481.21940849376614,36,4,Trigonal
mp-776388,NaNiPO4,3.3393,-2.305945144074595,3.404342188581211,344.6677616207605,28,4,Orthorhombic
mp-558285,GaBiO3,1.8794,-1.9634968209999992,7.803341920061429,278.0863765695177,20,3,Orthorhombic
mp-779637,Ho2P4O13,5.6319,-3.168548099135339,4.2677260005788185,514.9619352859143,38,3,Orthorhombic
mp-20772,CaCrO3,0.40690000000000004,-2.618279980499998,4.222917142537827,220.31739524847345,20,3,Orthorhombic
mp-752903,VCrO4,1.8334000000000001,-2.298113725833333,3.928312958846183,141.13051790665054,12,3,Orthorhombic
mp-505262,GdCuSeO,0.0,-2.243116855585937,7.701629870005248,136.15927694264857,8,4,Tetragonal
mp-1079069,La2Mn2Se2O3,0.619799999999999,-2.58885284172773,5.920923796391335,166.47818962876065,9,4,Tetragonal
mp-546125,ScAsO4,3.5491,-2.6847117654166652,4.375879641113693,139.55219608085073,12,3,Tetragonal
mp-557871,CuAsPbO4,1.8171,-1.502168412499999,6.039480892226779,225.27269510929304,14,4,Triclinic
mp-18168,TlZnPO4,3.8996,-2.22510710185374,5.76646223386107,420.15661337056173,28,4,Monoclinic
mp-20687,Sr2LuRuO6,0.11470000000000001,-2.9030109491666662,6.649663342780214,273.3277803597959,20,4,Monoclinic
mp-29218,Ge3Bi2O9,2.979399999999999,-1.972623079642858,6.215407243999518,416.71076984715177,28,3,Hexagonal
mp-1188660,Ba2LuIrO6,0.0,-2.814826239666667,8.421029526303426,290.98647429139163,20,4,Tetragonal
mp-542201,Ba3Nb2O8,4.499700000000001,-3.259985623076924,5.215068783594956,231.09971741469363,13,3,Trigonal
mp-21600,NbNi2BO6,2.7318,-2.2966882569166662,5.200736346364042,404.9871910923904,40,4,Orthorhombic
mp-1221818,Mn2V2O7,1.2371,-2.319887990078371,3.668053698987734,146.5648234637754,11,3,Monoclinic
mp-554886,Ba3Nb2(P2O9)2,3.1376,-3.1223917955026472,3.942542852466723,425.2610154692082,27,4,Triclinic
mp-18889,VAg3O4,0.8996000000000001,-1.242050435624999,6.3073706362951825,230.91046594625075,16,3,Monoclinic
mp-18915,LiCoPO4,1.6973,-2.347951432568027,3.6508597829370393,292.63280100302137,28,4,Orthorhombic
mp-557183,KNaZnO2,1.7792000000000001,-1.6271173957258611,3.365593308167173,157.3862898158647,10,4,Monoclinic
mp-2352,Na2O,1.8736000000000002,-1.425738685919539,2.494753648201913,41.253952671138684,3,2,Cubic
mp-1778,BeO,6.8477000000000015,-3.095882134999999,3.033562473352565,13.691067645153574,2,2,Cubic
mp-763464,Zr4MnO9,2.9462,-3.51104348520936,5.429641652255753,689.7394353836759,56,3,Triclinic
mp-559112,K2Zn6O7,0.7918000000000001,-1.728494229299999,4.70485645539612,411.2801818232697,30,3,Tetragonal
mp-1147595,CuPb2(ClO)2,0.0,-1.329378934285713,7.354409701592714,131.1492675009634,7,4,Tetragonal
mp-557135,VAgSeO5,0.9513,-1.546204202688799,4.884291457419805,432.1314761943449,32,4,Orthorhombic
mp-1077975,Sm4Bi2O,0.0,-1.393839969285715,8.997207760049832,191.0951183432415,7,3,Tetragonal
mp-1079680,CaFeO2,1.8059999999999992,-2.355881203124999,3.974999369100508,213.75514977036048,16,3,Tetragonal
mp-21372,CePRuO,0.0,-2.227316696160712,7.381424785279234,129.64964348183543,8,4,Tetragonal
mp-29789,Lu(ClO4)3,5.7567,-0.976230328541671,3.517247470868336,446.9201356265065,32,3,Trigonal
mp-1189034,Cs(TeO3)2,0.0,-1.636584451443166,5.671699331903104,283.46708464308654,18,3,Cubic
mp-841,Li2O2,1.974299999999999,-1.650170236666666,2.414495373744071,63.107895451231315,8,2,Hexagonal
mp-20072,LaCuO2,2.521599999999999,-2.689203321249986,5.396420033751985,72.1429818425825,4,3,Trigonal
mp-6616,Ba2HoCu3O7,0.0,-2.190162129230768,6.951037787400714,177.30908993652352,13,4,Orthorhombic
mp-555373,VP2Cl7O4,2.0934,-1.756109260306122,1.9556608018570651,721.8274145883923,28,4,Triclinic
mp-779000,Rb4SbO4,0.0,-1.6659917963888882,4.233020491918218,827.9177828087917,36,3,Monoclinic
mp-6779,Ba2Pr(CuO2)4,0.0,-2.024219551444444,6.178482380811956,214.40214033168536,15,4,Orthorhombic
mp-769366,Nd3SbO7,2.5869,-3.304870114772725,6.899767391007467,320.7989496922129,22,3,Orthorhombic
mp-1192462,DyMoBrO4,1.8414000000000001,-2.592985715595237,5.252105999204226,508.8274646548096,28,4,Triclinic
mp-22366,Nb2FeO6,2.0862,-2.7408470850000013,5.392161980224028,415.9281013711032,36,3,Orthorhombic
mp-778729,Mn3(OF2)2,,-2.5370763770881233,4.057290468115193,223.30465802544492,18,3,Orthorhombic
mp-982040,KBiO3,0.0,-1.479716392449999,6.252348761231978,78.63401066432932,5,3,Cubic
mp-1658,Tl2O3,0.0,-1.100437307333334,10.139632486625052,598.4246830628017,40,2,Cubic
mp-1119334,W(BrO)2,0.7579,-1.5401844690000002,4.669856282119087,267.1500576594705,10,3,Orthorhombic
mp-4533,Na2SiO3,3.8657,-2.692845917126435,2.667359062327591,151.97862116675321,12,3,Orthorhombic
mp-1218686,Sr2TiMnO6,0.9951999999999991,-3.027896759626438,5.262546270601034,236.04939510739095,20,4,Cubic
mp-1218154,SrLaFeO4,0.516199999999999,-2.902433839285714,5.887594614670473,97.68976115045156,7,4,Tetragonal
mp-555325,RbNaMo3O10,2.9354999999999993,-2.073149221591954,3.859868695942001,957.2456942895014,60,4,Orthorhombic
mp-863407,Li2Fe(SiO3)2,,-2.668994915606061,3.023356146353781,731.2356904511058,66,4,Orthorhombic
mp-548469,BaZnSO,2.2367,-2.078282849375,5.165024817928211,161.26306331513743,8,4,Orthorhombic
mp-760075,Ti19O30,0.0,-3.330664134761904,4.479745392435078,515.0391610824431,49,2,Triclinic
mp-638687,Ce2(SeO3)3,,-2.251483732823661,5.068215265074293,866.4141352101842,56,3,Orthorhombic
mp-553927,Pu(IO3)4,0.09099999999999901,-1.238536308455883,6.061009525306732,517.0433708307675,34,3,Tetragonal
mp-26134,Cr2P5O16,,-2.5431893314441,2.651332077638925,644.9066769187435,46,3,Monoclinic
mp-1190367,SrCdAs2O7,2.473799999999999,-2.101297096363635,4.830538061392911,317.5435816644355,22,4,Triclinic
mp-636284,WO3,1.2719,-2.182813755,6.861703088602919,224.42031271779055,16,2,Orthorhombic
mp-21858,UO3,1.9038,-3.529201394374998,8.629546292556658,220.1548837724493,16,2,Orthorhombic
mp-6419,CaSi2(BO4)2,5.6644,-3.194144759102563,2.895241198499273,564.0572266906298,52,4,Orthorhombic
mp-554334,KVSO6,1.8687,-2.198026088583333,2.677425242270219,541.065434589323,36,4,Orthorhombic
mp-31906,MnReO4,0.0,-2.062499820071838,7.082247382708394,286.1810696673983,24,3,Monoclinic
mp-752949,BiOF,3.308799999999999,-2.180859405000001,7.461909927678154,108.58757120873874,6,3,Trigonal
mp-558981,SrBe2(BO3)2,5.3456,-3.114337854166667,3.231157907379778,458.9519328564602,44,4,Monoclinic
mp-558576,ReSb(OF4)2,3.7699,-2.5082371270833352,4.276395980389347,764.1081150455052,48,4,Monoclinic
mp-560376,RbV2I3O13,1.7589000000000001,-1.501278554868421,4.247657366100454,606.7683316337764,38,4,Orthorhombic
mp-1192087,Sb4IO6,0.0,-1.567448479999999,5.548296242960493,424.95371479369874,22,3,Monoclinic
mp-12523,YbPO4,0.0,-3.289700713829364,7.223794728048571,123.21594221542841,12,3,Tetragonal
mp-1191317,Sr2CoGe2O7,2.15,-2.5111542958333333,4.431889668818522,368.27191849131054,24,4,Tetragonal
mp-553310,CsCuO2,0.9672000000000001,-1.348183712413794,4.322830688737202,175.51025953569226,8,3,Orthorhombic
mp-1196090,KB3O5,5.7643,-2.790968497194444,2.630496337885745,382.61777174375027,36,3,Monoclinic
mp-23261,I2O5,2.7278000000000002,-0.7564620653571411,5.159777653138838,429.70673644895584,28,2,Monoclinic
mp-546684,PdSeO3,0.8236000000000001,-1.02822530146875,5.109730520104486,151.68456217720995,10,3,Monoclinic
mp-19426,CaWO4,4.3443,-2.726062027499999,6.099854180600897,156.75623958488845,12,3,Tetragonal
mp-1043203,CaCo(GeO3)2,1.2006000000000001,-2.2812540775,4.562281542812934,247.70976542077378,20,4,Monoclinic
mp-1020026,LiBeBO3,6.0842,-2.85832689125,2.356492760873887,105.36493732069354,12,4,Triclinic
mp-9338,Ba2MgSi2O7,4.4529,-3.363647231666667,4.233832091529407,366.4201239669737,24,4,Tetragonal
mp-756214,YAlO3,4.9586000000000015,-3.685266473999999,5.229987875920269,104.06847158327305,10,3,Trigonal
mp-1102399,Fe2P2O7,0.7385,-2.372593638571427,3.686274528952315,257.3358492426871,22,3,Triclinic
mp-1078470,TiZnO3,2.8280000000000003,-2.765818800666667,5.029886833472973,106.48434781971152,10,3,Trigonal
mp-1178162,HoBiO3,3.1343,-2.802988328999999,8.887519482142379,157.65844353190255,10,3,Trigonal
mp-6964,NaTbO2,3.892299999999999,-3.126936168261493,6.489346356657806,109.47556204625305,8,3,Tetragonal
mp-997159,CrAuO2,0.0,-1.622478742499999,9.684816937473991,96.34616709761174,8,3,Hexagonal
mp-1078409,Ba2LaBiO6,1.827799999999999,-2.788171481500001,6.755011726737,176.63293497795286,10,4,Monoclinic
mp-19230,K3NaCr2O8,3.0589,-2.045793317366379,2.8595332838914853,216.1794436615903,14,4,Trigonal
mp-1190352,HgP2PdO7,1.3365,-1.9575672706168832,5.057862671748778,315.8020830316429,22,4,Monoclinic
mp-1043564,MgCo3(P2O7)2,0.0,-2.378005520844156,3.9313896778761963,463.76546936953673,44,4,Monoclinic
mp-1173115,TaFeO4,1.6022,-2.638338972472221,7.246601490352003,275.7012889787618,24,3,Orthorhombic
mp-19350,LaVO3,0.0,-3.279302451000002,6.5421223689567825,241.48199884564238,20,3,Orthorhombic
mp-38972,Ba3Re2O9,0.0,-2.686587441428575,7.742379531768258,199.11542614251817,14,3,Trigonal
mp-761293,ZrCoO3,0.0,-2.6998381995000003,5.459938235577095,241.06116989455316,20,3,Trigonal
mp-555314,Sr7Zr(Si2O7)3,4.4323999999999995,-3.451624391285715,3.807962168337831,527.2370316409015,35,4,Trigonal
mp-29447,Bi3BrO4,2.3158,-1.6120705449999981,8.161368241154246,627.3529368042829,32,3,Orthorhombic
mp-556986,Er2B2Cl2O5,5.0806000000000004,-3.272382053939393,4.237267569824005,794.818543858003,44,4,Orthorhombic
mp-1394560,CaLa2MoO6,1.4188,-3.169544279,5.778062114135322,146.51709820522026,10,4,Trigonal
mp-1105343,SrMn7O12,0.0,-2.133550639775863,5.446313691696984,405.0061858753014,40,3,Cubic
mp-1218709,Sr2NiO3F,0.0,-2.5946052,5.169353010346594,96.6670346609118,7,4,Tetragonal
mp-29150,La3MoO7,0.023600000000000003,-3.375684960454546,6.182433022789479,671.1010981725259,44,3,Orthorhombic
mp-30002,Sc(IO3)3,3.8452,-1.433463826153846,4.846662539957106,390.3507576667168,26,3,Trigonal
mp-1188812,La2MnNiO6,0.0,-2.828505349293104,6.734831473996657,240.36567156689622,20,4,Monoclinic
mp-8697,ScBO3,4.118,-3.436941156833332,3.423054231058334,100.67384890531,10,3,Trigonal
mp-541600,RbLaTa2O7,2.2853,-3.382045553833332,6.701846481550058,173.01142785646587,11,4,Tetragonal
mp-555078,Ba3SrSb2O9,3.1456,-2.724019093666667,5.774584690226326,510.19776812124763,30,4,Triclinic
mp-3395,SrSeO3,3.7027,-2.31565746346875,4.651279266562305,153.21182131644215,10,3,Monoclinic
mp-18677,PrSc3(BO3)4,4.389200000000001,-3.453176868916666,3.742189884717724,453.50755814234816,40,4,Monoclinic
mp-754276,MnCrO4,0.0,-1.867917810488506,3.506653001435615,161.88590098786864,12,3,Orthorhombic
mp-30986,Zn3S2O9,3.3638999999999992,-1.860329990714285,3.897318021050869,344.56599375032255,28,3,Monoclinic
mp-557855,CaGaBO4,3.9612,-2.9093757377380953,3.150618159415835,389.19531007367505,28,4,Orthorhombic
mp-6580,Ba3NdRu2O9,0.0,-2.573878621833334,6.420839011339345,466.73029621119855,30,4,Monoclinic
mp-779690,Hg(TeO3)2,1.9151999999999991,-1.19354799925926,5.772728160036505,634.8907133662253,36,3,Monoclinic
mp-764715,V2OF5,1.5907,-3.002118150625,3.621353001069945,195.22332340604237,16,3,Triclinic
mp-8877,Sr4Al6SO12,3.3427,-3.374863685108694,2.994663573204843,408.34832553941277,23,4,Cubic
mp-769637,Li5Ti6FeO16,,-3.06833766970238,3.503329790976219,600.7735932092196,56,4,Monoclinic
mp-996969,AgBiO2,1.4247,-1.147583364166665,8.144979169187188,142.24093737974394,8,3,Monoclinic
mp-677237,Y3U2O10,0.146699999999999,-3.902526849999996,7.966987955499297,188.16192711576923,15,3,Monoclinic
mp-546266,DyBi2IO4,1.3667999999999991,-2.325755380833334,8.475085632881713,151.13454136559216,8,4,Tetragonal
mp-19115,CaFeO3,0.0,-2.2285190305,4.53142298319831,210.95958245175632,20,3,Orthorhombic
mp-29606,Rb2Zn3O4,1.4122,-1.678057365555555,5.140843528908052,278.53730697582364,18,3,Monoclinic
mp-867680,NaTlO,0.121199999999999,-1.10755619073755,5.6325767948866385,286.9943954186119,12,3,Monoclinic
mp-558689,Ba2PrIrO6,0.0,-2.670997083666667,7.461089842438264,313.2641448642462,20,4,Tetragonal
mp-662523,SrTeO3,3.174,-2.349467932333334,4.147340853419161,632.3339984652432,30,3,Triclinic
mp-650228,KIn(MoO4)2,3.6425,-2.060741107409723,3.925515300770247,801.677471509171,48,4,Orthorhombic
mp-13660,Ca4Sb2O,0.907899999999999,-1.781754134999996,3.872293519235127,180.03450348543683,7,3,Tetragonal
mp-23560,Ge3(BiO3)4,3.4941,-1.93059506552631,7.135210313933737,579.8726606739565,38,3,Cubic
mp-560595,Ca2AsClO4,3.808899999999999,-2.75325286625,3.284185718038109,514.7748098775132,32,4,Orthorhombic
mp-6101,Ba3Nb6(Si2O13)2,2.281,-3.243477344102567,4.458099829156638,557.8756216282112,39,4,Hexagonal
mp-542085,Sr2GeO4,3.5381,-2.911230669642857,4.950367660588433,418.4617986421549,28,3,Monoclinic
mp-555683,DyMoClO4,2.7283,-2.686860015238095,4.754684069009376,249.98141379884896,14,4,Monoclinic
mp-849511,VO2,0.5491,-2.458837664,4.114219939911215,167.37754708915259,15,2,Triclinic
mp-561454,KAu(SO4)2,1.46,-1.676990848937499,4.2731408980513255,332.7886229208581,24,4,Monoclinic
mp-1079670,TmSb(PbO3)2,2.3522,-2.320420396,9.167382663247711,145.10600273340856,10,4,Monoclinic
mp-1176440,MnCuO3,0.0,-1.426801526586206,5.502749489221097,100.47714229378938,10,3,Trigonal
mp-31760,Sr2TaFeO6,1.5015,-3.051403054733333,6.548138796591298,515.3235095479747,40,4,Monoclinic
mp-1223323,La8Ti2Ga2O19,,-3.59110047827957,5.429344162574162,504.7707637822946,31,4,Monoclinic
mp-4961,Na2HgO2,1.6474000000000002,-1.336780317051725,6.068127925222486,76.23003578649424,5,3,Tetragonal
mp-19944,Sr3PbO,0.0,-1.586021312999998,5.832228256708868,138.38975205740917,5,3,Cubic
mp-557354,Tm2Te4O11,3.2247,-2.313014958627451,7.128303358420769,477.20381162723817,34,3,Monoclinic
mp-982662,Eu2MgSi2O7,0.011800000000000001,-3.341890984583333,4.858216819715106,339.3390172325674,24,4,Tetragonal
mp-1193395,LuFeO3,0.0,-2.901636080666666,7.791219595066053,356.53614196145696,30,3,Hexagonal
mp-553281,Ba2LaNbO6,3.0639,-3.3879811675,6.0057287427805,166.57630491209474,10,4,Monoclinic
mp-17065,Ho2SiO5,4.702,-3.798526289375006,7.395128507986036,393.3517542712843,32,3,Monoclinic
mp-19326,MnO2,0.0,-1.806826337643681,4.824124797093917,119.70007702654249,12,2,Orthorhombic
mp-756341,Cd(NiO2)2,0.125,-1.078691433571428,6.3781245134536615,152.97874422435984,14,3,Tetragonal
mp-9157,K3AlO3,2.8977,-2.257201830250001,2.649608727128237,241.00128116481986,14,3,Monoclinic
mp-23438,BaBiO3,0.0,-2.208540844,7.543375453133814,173.5986381818341,10,3,Cubic
mp-754160,ScCrO4,0.0,-2.6210121699999993,3.303428049730581,323.6191186327299,24,3,Orthorhombic
mp-1205631,Sr2CoSbO6,0.20169999999999902,-2.3511290415,5.872349078542671,511.17311850027335,40,4,Cubic
mp-756374,SrPt3O4,0.0,-1.377228348124995,12.02090118101828,203.5788730585447,16,3,Cubic
mp-974307,NdCuTeO,1.476,-2.074643937291666,7.29752149486508,159.91525495925615,8,4,Tetragonal
mp-1095353,IrO2,0.0,-1.185264239999999,12.632525791058372,117.89220981049073,12,2,Cubic
mp-1227058,CaNdCoO4,0.6141999999999991,-2.724772339642857,5.8805171886336645,86.76140753870547,7,4,Tetragonal
mp-18005,NaYTiO4,2.3722,-3.360695499244663,4.130677085070821,359.80792302388556,28,4,Orthorhombic
mp-1225518,Er2SbO2,0.0,-3.051055223999999,8.331414991327328,97.31872707798713,5,3,Orthorhombic
mp-558159,BaTi2O5,2.8033,-3.532110458333396,4.68942476647537,443.41902471964363,32,3,Orthorhombic
mp-556615,CaBi6(PO5)4,3.528699999999999,-2.399999724792627,6.642044696476669,434.4681598679426,31,4,Triclinic
mp-754616,FeOF,0.0,-2.040716052916667,4.3511172503571345,277.3504182093444,24,3,Monoclinic
mp-619461,WO3,1.3708,-2.183760965624999,6.702580391540673,459.49633214826076,32,2,Monoclinic
mp-1192358,PrMoO4F,4.0857,-2.958582848809524,4.9277515940121654,431.11984945672225,28,4,Monoclinic
mp-375,UO3,1.634999999999999,-3.612179313749998,6.71581326426754,70.7225129067815,4,2,Cubic
mp-764896,Li7Fe8(BO3)8,1.156399999999999,-2.309780069503546,3.285850931254141,488.0875216743082,47,4,Triclinic
mp-542479,DyMnO3,0.0,-3.057447258586204,7.096767809612047,372.6490140346333,30,3,Hexagonal
mp-26997,LiCo(PO3)4,,-2.428703609133598,2.55450747957184,992.6465929201848,72,4,Orthorhombic
mp-2589,MgO2,3.734,-2.010695488333333,3.321847881193346,112.58150624819807,12,2,Cubic
mp-760470,Ce2UO6,0.0,-3.926667657777776,8.398997609359329,121.44285635502538,9,3,Orthorhombic
mp-23074,BiOF,3.1303,-2.225987449999998,9.391044002292672,86.28121382746494,6,3,Tetragonal
mp-510456,Zr(MoO4)2,3.118299999999999,-2.466072208181817,3.792487339358119,179.99962050329344,11,3,Trigonal
mp-5999,Sm2Ti2S2O5,0.779899999999999,-3.293637026969698,5.233540452031737,171.5198109939537,11,4,Tetragonal
mp-1194480,UPO5,0.0,-3.1996705128061222,5.968310844699766,388.4030873500786,28,3,Orthorhombic
mp-13840,Ho3ScO6,4.423,-4.018259092499997,7.613599732409773,277.31338042116346,20,3,Trigonal
mp-759871,LiBi(PO3)4,4.3278,-2.4941712464947092,3.5615996536723493,495.8951696733336,36,4,Monoclinic
mp-9478,BaSi4O9,4.3452,-3.288611039285715,3.68256487723958,355.0209208471021,28,3,Hexagonal
mp-6257,CsNb(BO3)2,3.2987,-2.89789627879885,3.679847493352871,309.94725610318204,20,4,Orthorhombic
mp-1205674,Ba2ScOsO6,0.0,-2.880641899500007,7.302270104785307,137.76741336664702,10,4,Cubic
mp-13195,NdSbO4,2.240399999999999,-2.799145137916666,6.868750950354209,319.11317310703487,24,3,Monoclinic
mp-28891,Li7TaO6,4.373399999999999,-2.494037494333333,4.045202262857569,133.6292656620953,14,3,Trigonal
mp-3917,Cd2GeO4,1.0923,-1.761721731071428,6.186916845450345,388.0561525497079,28,3,Orthorhombic
mp-4930,TiAl2O5,2.9434,-3.441487001041667,3.7223424786500523,162.2263221549634,16,3,Orthorhombic
mp-755944,Li3Fe2(CoO4)2,,-1.67992967,4.6139059940193885,136.1765474455216,15,4,Triclinic
mp-18245,NaCoPO4,2.2004,-2.310024922646024,3.7511683871091632,313.22501059377674,28,4,Orthorhombic
mp-27614,Ca2V2O7,2.9553000000000003,-2.908076423636363,3.354658337289996,291.0915051542013,22,3,Triclinic
mp-756580,SrLu2O4,3.3411,-3.802581794047618,8.333028971410306,199.8903468530203,14,3,Orthorhombic
mp-763020,Fe4OF7,1.9278,-2.418891556249999,4.139419478763288,298.7529935672685,24,3,Monoclinic
mp-1221267,Na2TiTeO6,2.4574,-2.357281466275862,4.065300903478737,129.66479318766145,10,4,Trigonal
mp-5163,LaRhO3,0.5939999999999991,-2.545009926000001,7.6807669369413905,250.62051880749198,20,3,Orthorhombic
mp-753781,EuHfO3,0.479599999999999,-3.719666126000001,9.133639660900897,68.80440725408809,5,3,Cubic
mp-557874,KAg(PO3)2,2.9041,-2.330342446070238,3.237636061093626,625.5374740229994,40,4,Monoclinic
mp-1087496,NpCuPO,0.0,-1.700199693348213,9.805950071397834,117.69775303594486,8,4,Tetragonal
mp-1207388,Zr3TiO8,3.2762000000000002,-3.703486623611111,5.402380711012256,138.17410153104706,12,3,Tetragonal
mp-996979,BaAgO2,0.0,-1.7076398941666642,6.275750496286458,146.68889921595454,8,3,Orthorhombic
mp-1197976,MnBePO5,2.0764,-2.516235321884236,3.2675555563726952,355.5723913998282,32,4,Monoclinic
mp-1072114,HoOF,5.089399999999999,-4.275245123333333,8.633468835431104,76.90731626276619,6,3,Trigonal
mp-28025,Sn2SO5,3.5104,-1.810662711093749,4.038349318590439,1149.635097492876,64,3,Tetragonal
mp-28186,Na2MnO4,0.0,-1.559046347955664,2.697268783822543,203.05585162246615,14,3,Hexagonal
mp-3443,Cd(GaO2)2,1.5793,-2.030379208571428,6.514222153939238,161.0288658479818,14,3,Cubic
mp-541201,TlCuPO4,0.0,-1.919917295068028,5.442912448122892,442.859026147904,28,4,Monoclinic
mp-556985,SiO2,5.6098,-3.219747076666666,1.956224705325687,204.00995306334,12,2,Triclinic
mp-1189894,Y2MnCoO6,0.0,-2.834619458793103,5.91518113293466,217.66254487098732,20,4,Monoclinic
mp-565814,Fe2O3,1.3902,-1.635792457249999,4.861809518610571,436.32889122454156,40,2,Cubic
mp-20088,Na4PbO4,1.2998,-1.601668832835247,4.357290939156237,276.79393369641576,18,3,Triclinic
mp-861269,Cd2PbO4,0.0,-1.370324338571426,8.712123678673995,189.08361588472494,14,3,Orthorhombic
mp-1019528,Ba2Mg(BO2)6,5.2119,-3.052026132380953,3.665929053038056,251.76623918752202,21,4,Trigonal
mp-566278,WO3,1.3108,-2.1846297275,6.652246439711197,231.48654621817502,16,2,Orthorhombic
mp-1019544,BaZrO3,3.1163,-3.639240691,6.148305055783227,149.38125101812372,10,3,Tetragonal
mp-633099,Sb2Pb2O7,1.6486,-1.808135013181815,8.251350049364635,309.8826873769672,22,3,Orthorhombic
mp-555540,Cr(PO3)3,3.1832,-2.596996690879121,2.869553049534859,668.7447575011827,52,3,Monoclinic
mp-1194158,ErMoBrO4,1.9042000000000001,-2.593221584999999,5.40638066058349,500.154534263476,28,4,Triclinic
mp-780240,Gd2P4O13,,-3.120912650977443,3.637842714114298,1180.2063605351782,76,3,Monoclinic
mp-20285,NaPt3O4,0.0,-1.072463333297405,11.982363553009755,186.3204583732722,16,3,Cubic
mp-18856,MoO3,1.3714,-1.9245719515625002,4.482983052723713,426.52849937653264,32,2,Monoclinic
mp-560818,Sr5B3O9F,4.1747,-3.32431697,4.070636482736278,1033.739743140519,72,4,Orthorhombic
mp-16033,Sm2TeO2,1.4893,-3.278480227333331,7.482034218998491,102.16170203412248,5,3,Tetragonal
mp-703350,La2(GeO3)3,3.091,-2.825423223928571,6.066519375355891,350.2137503713031,28,3,Triclinic
mp-769118,HoSO,1.190999999999999,-3.028261964166665,7.264256955679934,194.75415349286655,12,3,Orthorhombic
mp-13900,Sr(CuO)2,1.815999999999999,-1.662393840999998,5.6109754340936355,146.0255623515541,10,3,Tetragonal
mp-1095454,HoVO4,2.7483999999999993,-3.172563352499999,6.688927117692626,138.95624732625143,12,3,Tetragonal
mp-504997,NdCu(WO4)2,1.5763,-2.360119415624999,6.809879672711887,171.53432683932684,12,4,Triclinic
mp-17853,YGaO3,2.9043,-3.125843044833334,5.386016237384248,382.2256825292596,30,3,Hexagonal
mp-1079568,NaIrO3,0.0,-1.4718721862758621,7.82044400209861,111.77425064239515,10,3,Orthorhombic
mp-545467,Li3(CuO2)2,0.0,-1.582540591111112,4.092986697717398,85.97368547545555,9,3,Monoclinic
mp-1539317,Ta2O5,,-3.332957700666665,7.564873671204801,193.99668074320508,14,2,Orthorhombic
mp-558465,LaAg(PO3)4,3.7647999999999993,-2.728553837374338,3.694033809461164,1011.7085875267018,72,4,Monoclinic
mp-1221887,Mn2CdO3,0.0,-1.744773992643678,6.137757717776948,146.24861514894383,12,3,Orthorhombic
mp-754050,Mn2O3F,0.0,-2.039359687643678,4.556793413413328,64.45409967649887,6,3,Orthorhombic
mp-558193,K2Cu3(AsO3)4,0.0,-1.570008463071429,4.023876554410338,313.8423504081575,21,4,Monoclinic
mp-554326,ZrV2O7,2.5909,-2.817252799750002,2.837426622762128,714.2177558563346,40,3,Cubic
mp-755581,NaCeO2,0.0,-2.942198925344827,5.211081396293564,62.17111856898635,4,3,Trigonal
mp-572452,CsPr(MoO4)2,3.6994,-2.524512056360154,4.5704796001333925,431.3956980180339,24,4,Orthorhombic
mp-1221867,Mn2NiO3,0.6211000000000001,-1.683973828477011,5.566697754255245,64.60187451948892,6,3,Trigonal
mp-1078192,Eu4Sb2O,0.0,-1.72598407071429,7.119484808424605,202.3054723571371,7,3,Tetragonal
mp-7812,GeO2,3.2779,-2.063292658333335,3.941344226963124,176.34269454919115,12,2,Tetragonal
mp-754759,Y2O3,4.4468,-3.904430815499997,5.155299927103416,145.46822333408633,10,2,Trigonal
mp-560110,BaUTiO6,1.9643000000000002,-3.6218420828703692,5.9992017351777465,574.8657814472051,36,4,Monoclinic
mp-18954,ScMnO3,0.0,-2.983540803252874,4.434700161343278,332.2624241651375,30,3,Hexagonal
mp-752645,Al2CuO4,0.0,-2.621128179285714,4.474614228612302,134.71504489128992,14,3,Orthorhombic
mp-4135,RbPO3,5.1118999999999994,-2.68106058217857,3.306534152028769,330.3261195543584,20,3,Monoclinic
mp-542120,Ba2FeO4,1.9953999999999992,-2.392583402142856,5.489534289608774,477.32793448863526,28,3,Monoclinic
mp-6169,Ba3Ta6(Si2O13)2,3.0288,-3.43141231548718,6.126996325212343,549.0852509605792,39,4,Hexagonal
mp-555792,Na(OsO3)2,0.0,-1.542519566264368,6.263958072513666,264.800583322023,18,3,Cubic
mp-23553,GeBi2O5,2.380899999999999,-1.8393026121875,7.688239474325717,492.9606791672484,32,3,Orthorhombic
mp-553932,GaPO4,4.4398,-2.592627790357143,3.259807632192314,167.78991462501637,12,3,Orthorhombic
mp-715333,Fe7O8,1.0723,-1.493853144333332,5.192107005723737,331.91560120287204,30,2,Triclinic
mp-23528,MoCl3O,2.4544,-1.4063811715,2.61220738370171,555.075410379694,20,3,Monoclinic
mp-7974,RbSmO2,3.4884,-2.952667840624999,6.1129725002003354,72.75290905694024,4,3,Trigonal
mp-18829,Sr2ZnMoO6,2.3108,-2.5475482929999993,5.515215547027888,130.24422168375415,10,4,Cubic
mp-768988,Li4Bi2O5,2.7704,-1.829863366439394,5.280736728630087,661.2574206400462,44,3,Orthorhombic
mp-1188279,Ca3UO6,2.198899999999999,-3.581028673999999,5.224645675032384,288.75272220908437,20,3,Monoclinic
mp-558808,LiAl(SiO3)2,4.9005,-3.204650760333332,2.004305124506185,308.3458792459338,20,4,Triclinic
mp-18849,Fe2P2O7,0.873799999999999,-2.372485814935064,3.9007226468319693,243.1884223350407,22,3,Triclinic
mp-4826,CaCuO2,0.0,-2.126880714999999,4.832002015729212,46.607380747893124,4,3,Tetragonal
mp-856,SnO2,0.6519,-2.107482005,6.8731915563027774,72.82143907393863,6,2,Tetragonal
mp-22984,NaBiO2,1.135,-1.715463051594827,7.169515409564825,122.27626577796309,8,3,Monoclinic
mp-769167,EuYO2,0.0,-3.153478651250002,7.430728932354311,60.97773953272731,4,3,Trigonal
mp-28257,SOF2,5.2887,-1.9525433371875,2.29462525010743,498.2355888892456,32,3,Monoclinic
mp-753975,Dy2(BiO2)7,,-2.065205561449275,8.597057918445296,388.59373278658234,23,3,Monoclinic
mp-1183145,AcPdO3,0.0,-2.236955405499998,9.497547055496376,66.68667373916479,5,3,Cubic
mp-557755,Ba3Cr2MoO9,0.0,-2.6907468089999993,6.055739780370804,414.5536229004873,30,4,Hexagonal
mp-755628,TaFeO4,0.22149999999999903,-2.6656466278888873,7.378115666433314,270.7869409929264,24,3,Monoclinic
mp-30889,Ho2Ru2O7,0.0,-2.5927989159090883,8.029737031315982,266.3552350969241,22,3,Cubic
mp-17968,Na2CaV4O12,2.9046000000000003,-2.529112228566243,2.840783380997721,563.2776215580751,38,4,Tetragonal
mp-771828,Dy2Zr2O7,4.0207,-3.822854308939392,6.078154300537949,676.9230122191004,44,3,Tetragonal
mp-15155,Na2Sm2Ti3O10,1.7099000000000002,-3.3530525554563892,5.112248126907622,211.2259536840381,17,4,Tetragonal
mp-17750,Pr2SiTeO4,2.084399999999999,-3.2647732428125,6.395180877391521,520.8657587661916,32,4,Orthorhombic
mp-818654,Na2FePO5,0.0,-2.3065772812390533,3.191395092320816,885.7691374383993,72,4,Orthorhombic
mp-546633,KClO4,5.1439,-1.043852747875,2.297588204482569,100.13363606045714,6,3,Cubic
mp-7787,HfSO,2.869099999999999,-2.958540832500001,8.300631996244604,181.2885727642549,12,3,Cubic
mp-562403,CsAsOF4,3.7471,-2.587420986022167,4.267925485973536,466.60883093775425,28,4,Monoclinic
mp-18895,KCoO2,0.0,-1.4210918418125,3.6836750221668373,117.23096276935549,8,3,Tetragonal
mp-779913,Fe3OF5,1.728899999999999,-2.390052496666666,4.155439802602553,222.6017061098644,18,3,Monoclinic
mp-551816,YBi2IO4,1.3836,-2.308525149375,7.656378784706029,151.3342340540907,8,4,Tetragonal
mp-29787,Ba5Pt2O9,1.6295000000000002,-2.309565526354167,7.45475117677773,815.7946760958519,48,3,Trigonal
mp-1177664,Li3Mn2(P2O7)2,,-2.590679062910152,2.95990156927068,1073.9685710054323,92,4,Triclinic
mp-2882,Y2Cu2O5,0.3311,-2.5691865925,5.247669630215385,487.1820782555275,36,3,Orthorhombic
mp-724857,Na2LaSiO5,0.0,-2.835924037528736,3.9806957814985893,488.8431770841892,36,4,Orthorhombic
mp-557,TeO2,2.8043999999999993,-1.494561113055554,5.932513985040269,178.68987282677674,12,2,Tetragonal
mp-8261,Ba3Yb4O9,0.0,-3.565495527734377,8.002304220589865,258.99764206433247,16,3,Trigonal
mp-755652,Dy3TaO7,3.408299999999999,-3.860788213393936,8.883448825048811,291.7689391684987,22,3,Orthorhombic
mp-558997,SmMoClO4,2.8361,-2.681249134285715,4.374695371072554,262.47879219056506,14,4,Monoclinic
mp-759141,LiBi(PO3)4,,-2.502291692883599,3.632557725945307,486.2083957954775,36,4,Monoclinic
mp-542675,Na(RhO2)2,0.0,-1.386205801268472,6.634561108499332,293.1335609846767,28,3,Orthorhombic
mp-557685,NbIO2,1.0412,-2.356103289375,5.179170648974487,322.93955114583247,16,3,Orthorhombic
mp-759694,Mg2Ti7O15,0.0,-3.41487485513889,3.760325783181191,550.8184446669364,48,3,Monoclinic
mp-1005792,Sm2CuAs3O,0.0,-1.551877326428572,7.229195286392533,555.8993740085605,28,4,Orthorhombic
mp-11206,LiTi(SiO3)2,0.0,-3.134037300666667,3.169837479095123,216.85069962847,20,4,Monoclinic
mp-1020658,NaB(SO4)2,6.0379,-2.102164426712164,2.352622867080325,318.9282085100998,24,4,Monoclinic
mp-9146,CdHgO2,0.359299999999999,-1.024806805625,8.647376794087013,66.24964535614083,4,3,Monoclinic
mp-582378,Gd2Mo(SeO4)3,0.0,-2.239024236223958,5.533003301111026,503.78126223693926,36,4,Triclinic
mp-1205685,Ba2YZrO6,0.0,-3.376829246,5.518523068367149,165.7313217515151,10,4,Cubic
mp-8154,La2Ti2O7,2.9171,-3.775860681969699,5.779860877162221,278.98919518344115,22,3,Orthorhombic
mp-19251,RbLiCrO4,2.976,-2.090410020119047,3.061650967278456,226.06136135414832,14,4,Hexagonal
mp-510713,K3Mn2O8,0.0,-1.594790959047083,2.960359751840646,398.44301576102833,26,3,Trigonal
mp-665922,SrHgO2,2.1978,-2.040084700625002,6.50397465571767,81.75296645746761,4,3,Trigonal
mp-752798,CeTh2O6,1.835099999999999,-4.215373725555555,9.069686627429068,128.19521105928405,9,3,Orthorhombic
mp-1044073,MgCr2(PO5)2,,-2.453867055285713,3.6266815961318173,320.7257479997405,30,4,Orthorhombic
mp-779453,BaNa6O4,1.648199999999999,-1.64942123075235,2.947442642502151,764.5405075889552,44,3,Cubic
mp-558573,Y2O3,3.9557,-3.919644126499997,5.457599847821435,206.11596912407475,15,2,Monoclinic
mp-5532,Sr2TiO4,1.9141999999999992,-3.443433267619047,4.987146509547847,95.59542788402864,7,3,Tetragonal
mp-1227679,Ca3TbMn4O12,,-2.6512617804195413,5.17685794447841,221.61582248393933,20,4,Monoclinic
mp-754639,FeSeO4,0.9489000000000001,-1.340701675807292,4.147474486516418,318.38120756608186,24,3,Orthorhombic
mp-1216790,V2MoO8,1.4089,-2.141442864545455,3.7615121414660573,143.8341362094934,11,3,Monoclinic
mp-1040107,NaLiMg30O31,,-2.9317271315827402,3.339887477691361,623.9969990072138,63,4,Tetragonal
mp-1215946,YU2O6,0.0,-3.8651426755555542,9.430465034801275,116.38344595387166,9,3,Orthorhombic
mp-34842,Na3UO4,0.12410000000000002,-2.73135845926724,5.712746601323572,215.67665855363,16,3,Orthorhombic
mp-1191944,S4I2O15,2.374399999999999,-1.4138831778571421,3.350192195492908,308.32703673732817,21,3,Triclinic
mp-20926,BaNdCo2O5,0.0,-2.324937454722223,6.528622923673853,121.9424406487867,9,4,Tetragonal
mp-27197,Na4As2O7,3.2056,-2.007976421578251,3.213673894710003,365.6223674174223,26,3,Monoclinic
mp-20343,NaAuO2,1.082999999999999,-1.081343630344827,6.533399928762173,128.0746180262723,8,3,Orthorhombic
mp-559825,Zr(MoO4)2,2.942,-2.442058393636365,4.521797250141722,301.93582068572897,22,3,Monoclinic
mp-28512,Ba(ClO3)2,5.2826,-1.250104899999999,3.31092954613642,305.16191714063297,18,3,Orthorhombic
mp-1190315,U7(Se6O)2,0.0,-1.7543595427678542,9.553880315734453,459.84701680637727,21,3,Hexagonal
mp-18901,VAgHgO4,1.2204,-1.405343847738096,6.636389192642949,211.88261777123492,14,4,Monoclinic
mp-28402,Zn(Bi3O5)4,0.0,-1.5650850475757592,9.059702715040165,530.2832053108352,33,3,Cubic
mp-18875,MgWO4,3.6767000000000003,-2.562331308333333,6.865742059611087,131.64008058050916,12,3,Monoclinic
mp-772261,LaAsO4,3.8186,-2.840337132083333,5.129391992429118,179.8804688279546,12,3,Tetragonal
mp-21025,Nd2Cu2O5,0.0,-2.454337211666667,7.471306385360407,220.28766708446665,18,3,Orthorhombic
mp-28855,Cd4OF6,1.8997000000000002,-2.283292852727279,6.268525292357282,307.09123955443454,22,3,Tetragonal
mp-1190488,Al4CdO7,3.0642,-3.094281680416666,3.7766501879135452,292.24409274965086,24,3,Monoclinic
mp-866339,Cd(PO3)2,3.9676,-2.43016493533729,3.677372319157616,488.3214145175405,36,3,Monoclinic
mp-557955,Ca3Al4ZnO10,3.544699999999999,-3.261105067916666,3.171472645312294,949.917494214886,72,4,Orthorhombic
mp-765656,Na5V7O14,0.22079999999999902,-2.370742519111405,3.774030077806362,306.0273195272952,26,3,Triclinic
mp-759536,V4(OF3)3,0.0,-2.955454478750001,3.55177534290746,395.29110844393387,32,3,Triclinic
mp-556253,Tm2O3,4.1691,-4.051473884916673,9.923255578811622,193.7105998887204,15,2,Monoclinic
mp-973585,LuIO,3.2664,-3.093346765555553,7.667465582876992,137.6822607323852,6,3,Tetragonal
mp-18751,Mn2ZnO4,0.728699999999999,-1.9823252001231522,5.25115930992759,151.3335365601834,14,3,Tetragonal
mp-975288,RbNpO3,0.0,-3.077545228250001,7.709227977568612,79.7970001194663,5,3,Cubic
mp-541090,Ce(SeO3)2,1.2671000000000001,-2.138710006631945,4.933831242142414,530.4649969519743,36,3,Monoclinic
mp-3020,BaNbO3,0.0,-3.178754561000029,6.541520966089961,70.62797941745364,5,3,Cubic
mp-1178161,HoCuO2,2.534399999999999,-2.755550464999999,7.195961420398205,120.21440565571793,8,3,Hexagonal
mp-1101381,SbOF3,1.4495,-2.295443272,4.547611078717,71.11374126840906,5,3,Orthorhombic
mp-1048803,Al2NiO4,0.0,-2.780542017857144,4.303185422340991,272.67335025056,28,3,Orthorhombic
mp-1101383,ScBiO3,2.1479,-2.731644612,7.067566893334792,141.88024260616115,10,3,Trigonal
mp-1193567,TbMoBrO4,1.8562999999999992,-2.595382681309524,5.156931842820571,513.6140008255433,28,4,Triclinic
mp-614964,Ba2PrCu3O8,0.0,-2.020367621547618,6.575031878488884,185.42255816434488,14,4,Tetragonal
mp-17004,UOF4,1.9526000000000001,-3.5876725620833323,5.3145965025547355,412.4597571088738,24,3,Tetragonal
mp-559166,Sr2UFeO6,1.121399999999999,-3.175285625,6.497502943019786,288.84565499167303,20,4,Monoclinic
mp-752776,VO2F,1.762299999999999,-2.386521689375,3.158114481053404,214.39779979816373,16,3,Monoclinic
mp-759163,VOF2,1.1776,-2.829499852499999,3.281906639583788,106.19019988862304,8,3,Monoclinic
mp-755010,KYbO2,0.0,-3.134193986562499,6.684362270182213,60.64889600087156,4,3,Trigonal
mp-12641,Ba2HoNbO6,2.8516,-3.4687507135,6.7042411640069375,155.6667424207625,10,4,Cubic
mp-1086666,Sr2TaInO6,3.930799999999999,-3.089794027400001,6.808794669935541,138.28136732462005,10,4,Tetragonal
mp-19145,Ca4Al6WO16,3.891499999999999,-3.2719391688888892,2.989164122396891,423.32345847978365,27,4,Cubic
mp-13863,BaGeO3,3.5519,-2.696001211500001,4.956252732217032,345.7138411355125,20,3,Orthorhombic
mp-6138,Na2TiSiO5,2.9703,-2.9956953140102183,3.174143848531535,211.27653516080173,18,4,Tetragonal
mp-6062,YAl3(BO3)4,5.359,-3.244045756333333,3.634070170248299,185.0991309276557,20,4,Trigonal
mp-554959,K2Al2Sb2O7,3.5034,-2.53295952226923,3.475333790292436,233.01479241372542,13,4,Trigonal
mp-774537,Ti2(PO4)3,0.0,-2.909770673270307,2.7339295362341023,462.39744591236763,34,3,Trigonal
mp-1019602,Cs2Al2B2O7,4.249,-2.9746650486648982,3.470986088472002,433.810303836327,26,4,Monoclinic
mp-770532,Mn2PO5,0.6947999999999991,-2.374438929438115,3.698891972241782,198.28901640475215,16,3,Triclinic
mp-6929,Ca2As2O7,3.3366,-2.509705237272775,3.5575025936097413,159.63335040203918,11,3,Monoclinic
mp-726892,Al(SiO3)2,0.3647,-3.045894970277778,2.5535360700381533,465.99507996106735,36,3,Monoclinic
mp-1205650,Ba2TaTlO6,2.241,-2.814804107066668,8.09137618081153,155.14504815596007,10,4,Cubic
mp-1214701,Ba2LiUO6,,-3.137867112833333,6.669693892937814,306.5392779209317,20,4,Orthorhombic
mp-19014,Sr2CdWO6,3.332,-2.618560415,6.895925600314814,273.301961801978,20,4,Monoclinic
mp-3144,HoNbO4,3.4844,-3.571697374166666,7.265698054536229,147.10724946468375,12,3,Monoclinic
mp-15144,ZnAg2GeO4,0.26679999999999904,-1.353360922916665,6.00871390916307,230.9129718435793,16,4,Monoclinic
mp-997022,AgAsO2,2.3783,-1.157919233541666,5.066045767798683,140.80601625330362,8,3,Monoclinic
mp-752625,V2OF5,,-3.023139899583334,3.4255208914276443,309.5759406392106,24,3,Monoclinic
mp-17006,SmTl(MoO4)2,3.534399999999999,-2.360507114861112,5.725704402513538,391.2987103593122,24,4,Tetragonal
mp-753948,PrTiO3,0.0,-3.527339722,6.314912054071364,124.52131208438156,10,3,Trigonal
mp-849720,LiFe4(BO3)4,1.6524,-2.228043209285714,3.201323301723692,482.9733468307314,42,4,Triclinic
mp-776200,GdAsO4,3.4222,-2.805558613749999,6.019819744139079,163.39377184922776,12,3,Tetragonal
mp-3283,RbNbO3,3.3093,-2.8390510185,4.243448231713888,354.33464490495084,20,3,Triclinic
mp-997044,CuO2F,0.0,-0.8569704487499991,4.384774321428805,86.75632987429243,8,3,Orthorhombic
mp-557735,BaCuTe2O7,0.0,-1.812993904393939,5.846233609040018,322.7036406680563,22,4,Orthorhombic
mp-755788,TlCoO3,0.464,-1.098110242666668,8.84413697374225,116.90235340971311,10,3,Trigonal
mp-20407,NdFeO3,1.7349,-2.776405970499999,6.880891673755685,239.47778048389097,20,3,Orthorhombic
mp-584116,Bi3(PO5)2,0.0,-2.143624318619048,6.06029092445895,232.59657724924676,15,3,Triclinic
mp-1046462,SrMn(PO4)2,0.323999999999999,-2.639628334351396,3.3832254386051552,326.3929800827437,24,4,Triclinic
mp-561983,Eu3OsO7,0.0,-2.728843356363639,8.38425271459639,300.2972994345023,22,3,Orthorhombic
mp-505076,GaNi2BO5,3.072799999999999,-2.005459676296302,5.554874364498867,332.31596894642564,36,4,Orthorhombic
mp-8909,RuO2,0.0,-1.392823295833332,7.78471911265118,113.53829868388375,12,2,Cubic
mp-1221080,NaCeTi2O6,0.0,-3.396955705804598,5.082864226224918,115.9226953755852,10,4,Trigonal
mp-558344,VSnPO5,0.0,-2.456772835892857,4.40322112437236,423.3121306848586,32,4,Triclinic
mp-13516,TmAl3(BO3)4,5.6716,-3.253034671833333,4.396930112622729,183.20815383133336,20,4,Trigonal
mp-1188611,ErFe4(CuO4)3,0.0,-1.642056497500001,6.195998680986715,207.2377316448176,20,4,Cubic
mp-754692,Bi2BO5,0.0,-1.939267406770834,7.9509822914373744,212.50970944232205,16,3,Orthorhombic
mp-29081,P4SO7,4.06,-2.038897178005951,2.046072849569381,434.9318782286528,24,3,Triclinic
mp-1178232,FeO,0.0,-1.4694833325,5.602115229250103,85.18241987850475,8,2,Monoclinic
mp-5945,MnSiO3,2.6058,-2.789071418443349,3.6015471515372592,845.7293596037858,70,3,Triclinic
mp-757814,Fe4OF7,0.7312999999999991,-2.392622885000001,4.120925364579228,150.04687679383215,12,3,Orthorhombic
mp-5029,Ho2Cu2O5,0.140899999999999,-2.610879746944443,7.46105529317365,478.01594760064677,36,3,Orthorhombic
mp-1959,PuO2,0.0,-3.493067072916661,11.84744749340084,38.6840110487936,3,2,Cubic
mp-20443,Ca2Mn2O5,0.182099999999999,-2.576240548984673,4.113449723288562,218.0135327896857,18,3,Orthorhombic
mp-557159,V2Cd(PO5)2,1.786699999999999,-2.477895871619047,4.229628047726307,342.52947146505,30,4,Orthorhombic
mp-8176,RbTlO2,0.8461999999999991,-1.321913310208335,7.924808726782069,67.4393983447369,4,3,Trigonal
mp-31230,Tl2Cr2O7,2.2892,-1.5623784624242432,5.125296472147845,404.82708696978204,22,3,Triclinic
mp-540757,V2CuO6,0.43970000000000004,-1.979166852222221,4.459981818730849,97.33382496726473,9,3,Monoclinic
mp-8514,BaNd2PdO5,2.219099999999999,-2.973795253888888,7.322571944393226,277.6697912663871,18,4,Tetragonal
mp-1222911,LaCeAl2O6,0.0,-3.6588221085,6.50173312997502,109.56149805173698,10,4,Tetragonal
mp-22198,Nb2NiO6,2.998199999999999,-2.659272506666665,5.560650268190626,406.727829219363,36,3,Orthorhombic
mp-541037,CsCuO,1.1227,-1.185304593218391,4.526602670573323,155.8709544382072,6,3,Orthorhombic
mp-7064,Er2Si2O7,4.798599999999999,-3.700666997727278,5.974776007580203,139.70862631954532,11,3,Monoclinic
mp-755580,VGaO3,,-2.309716111000001,5.389298103486119,207.87196926224522,20,3,Orthorhombic
mp-21521,Cs2PbO3,1.3911,-1.536663919885058,6.347552521454678,272.5951358385564,12,3,Orthorhombic
mp-1218220,SrLaAl3O7,,-3.581151387083333,4.16187516416811,334.723874696564,24,4,Orthorhombic
mp-27401,NaIO4,1.8841,-1.090923314396552,4.310253454100542,164.80504403446315,12,3,Tetragonal
mp-4888,NbPO5,3.0819,-2.906992435663266,3.788115816890832,178.74108155205434,14,3,Tetragonal
mp-23501,FeBiO3,1.279099999999999,-1.672776781,8.287008783415024,125.36629858388716,10,3,Trigonal
mp-18739,BaYMn2O6,0.0,-2.670511871586207,5.890955199131954,243.60320990463646,20,4,Monoclinic
mp-557481,Sr4RhO6,0.0,-2.641628772727273,5.624213362782032,324.4080722363199,22,3,Trigonal
mp-1045606,Sb(PO3)4,,-2.3765327496218482,2.915532516565702,498.5239196532498,34,3,Triclinic
mp-4675,NaTaO3,2.2798,-3.053653402742529,7.044696123574571,118.77001155706728,10,3,Tetragonal
mp-729974,P3(PbO5)2,0.0,-2.3399907189285702,5.235993312593098,211.63187880268123,15,3,Monoclinic
mp-1047057,Sn3(P2O7)2,2.899199999999999,-2.415777515408163,3.401324795632675,687.4069474587345,42,3,Monoclinic
mp-4934,Al2SiO5,4.992799999999999,-3.372199139687501,3.250832001920898,331.09433074529426,32,3,Orthorhombic
mp-1173362,PrSO,2.0137,-2.851781238055556,5.489078426375397,114.33448282053314,6,3,Monoclinic
mp-554461,K(OsO3)2,0.0,-1.655942056361106,7.639695123386145,224.1185561708106,18,3,Triclinic
mp-4210,Sm2CuO4,0.0,-3.019895257142858,7.759069146805907,91.65383439010935,7,3,Tetragonal
mp-774547,Er2GeO5,3.8644,-3.39246240270834,6.974831908873103,695.8790573522683,48,3,Monoclinic
mp-775232,LiCr4(PO4)3,0.0,-2.411604022363095,3.6816277031167512,450.8891503774859,40,4,Tetragonal
mp-1193763,Cu3Mo2O9,0.0,-1.474512206785715,4.5248062453068485,386.44516205040253,28,3,Triclinic
mp-14629,Li2EuSiO4,0.043300000000000005,-2.984761698958333,4.657120680986643,275.9009544534109,24,4,Trigonal
mp-7288,Sc2SO2,2.0102,-3.4087673845,3.757785187618736,136.0815087560316,10,3,Hexagonal
mp-1178420,CoPbO3,0.0,-1.280296279499999,8.205797052471079,254.2726563221419,20,3,Trigonal
mp-1047813,V3ZnP3O13,1.5596,-2.5605598374464282,3.428520797106422,502.8780063333444,40,4,Monoclinic
mp-17363,BaHo2O4,3.2256,-3.6946238200000012,8.17557216351716,431.5557737022454,28,3,Orthorhombic
mp-1225793,La2TiCrO6,0.0,-3.393413903333332,6.356950722130471,123.73043377155629,10,4,Trigonal
mp-1226776,Ce2UO6,0.0,-3.932237947777777,8.376150284904279,121.77411167489373,9,3,Trigonal
mp-605771,TlIn(MoO4)2,3.6347,-1.900921587500001,5.165117969144004,821.8294343986614,48,4,Orthorhombic
mp-752456,Fe2OF3,1.0756000000000001,-2.283483357499999,4.201526489130829,145.9831373354076,12,3,Orthorhombic
mp-19347,CaV3O7,2.6227,-2.711808833181818,3.303731275838847,612.9984508033253,44,3,Orthorhombic
mp-760492,Na4PtO4,0.8409000000000001,-1.414084631724137,4.709155704969385,123.78370876723142,9,3,Monoclinic
mp-4867,CaAl4O7,3.9994,-3.463972205833334,2.895907407393032,298.1725731238635,24,3,Monoclinic
mp-504636,K2MnO4,0.43810000000000004,-1.71917643141872,2.86874140015858,456.4312336984675,28,3,Orthorhombic
mp-1208733,Sr2TaCoO6,1.5498999999999992,-2.889408100983334,6.647314878844631,510.720825072133,40,4,Cubic
mp-696217,Na2Cr2O7,2.6181,-1.847026863432602,2.874826826434905,302.6320249692241,22,3,Triclinic
mp-642398,RbVSO6,1.8148,-2.201899256388889,3.142675512042235,558.9682137252056,36,4,Orthorhombic
mp-1119338,Na2O,1.621199999999999,-1.352303978141761,2.725818592375247,113.2706878039785,9,2,Hexagonal
mp-1019806,KMg6P7O24,5.1735,-2.9457871322302642,2.9804206256050083,875.5379949774074,76,4,Monoclinic
mp-753267,Na2V6O13,0.0,-2.40606982275041,3.751273467758714,247.72176884604477,21,3,Monoclinic
mp-8179,LiTlO2,0.402,-1.4590466741666681,8.082191656981113,99.9846404303507,8,3,Tetragonal
mp-510546,Sr2CoMoO6,0.0,-2.475307321000001,5.502272037121712,257.1925286052345,20,4,Cubic
mp-1205760,Sr2LuNbO6,2.8966000000000003,-3.476122503666667,6.192091220495636,144.57358895376143,10,4,Cubic
mp-556046,SrGa2B2O7,3.9722,-2.769148537777777,4.129709637690046,290.05891122396315,24,4,Orthorhombic
mp-775280,Li5Fe8(BO3)8,1.4565000000000001,-2.282744801555555,3.2585042924603442,485.1094528130802,45,4,Triclinic
mp-555747,Lu2WO6,3.1387,-3.347299822037035,9.91872396761034,421.7310031424363,36,3,Monoclinic
mp-22869,ClO3,1.2103,-0.33921599625000004,2.434144412054772,227.7169375298868,16,2,Monoclinic
mp-1788,As2O5,1.426,-1.557510087142856,4.440831778137766,343.77220326522104,28,2,Orthorhombic
mp-19490,PrTl(MoO4)2,3.4692,-2.358237235000002,5.53006879924755,798.9299359206555,48,4,Orthorhombic
mp-18435,NaMoP2O7,3.2076000000000002,-2.56320403869682,3.584571682818102,542.6893430850153,44,4,Monoclinic
mp-557320,K4Re2Cl10O,0.13369999999999901,-1.749195616999999,3.2368394740353192,461.37090526192765,17,4,Tetragonal
mp-559550,SiO2,5.6097,-3.256951121666668,1.868431237049268,320.3938970843026,18,2,Trigonal
mp-770543,Mn2O3,0.0,-1.949647783172413,4.869381483504672,107.67545202396182,10,2,Trigonal
mp-1042162,BaYCu2O5,0.0,-2.237075460555556,6.276592646073106,114.63988519098237,9,4,Tetragonal
mp-1080028,Sr2ZrTiO6,2.516,-3.589645374333334,5.096695242665279,133.6875456261517,10,4,Tetragonal
mp-11737,Li4SiO4,4.7841000000000005,-2.6748830125925913,2.447366890408959,162.632576544714,18,3,Triclinic
mp-557002,Pr9O16,0.0,-3.308003488999999,6.077226977296171,416.4606633584705,25,2,Triclinic
mp-4426,Li4SeO5,2.4442,-1.950933552567708,3.251665605753137,190.70688849802826,20,3,Monoclinic
mp-1191380,FeB4O7,2.6797999999999993,-2.5940361665972222,3.68632959578157,380.33989924998235,48,3,Orthorhombic
mp-545544,Ba2TaBiO6,2.536299999999999,-2.950626889733333,7.770269533391349,162.5388419199191,10,4,Monoclinic
mp-25234,CoO2,0.0,-0.9836911083333351,4.95947693974611,60.89195773500494,6,2,Trigonal
mp-545399,NaNiIO6,1.7121,-1.035657982931034,4.405288871699229,114.81056317021485,9,4,Trigonal
mp-555084,GdWClO4,2.5471,-2.736214926428571,5.594359495933487,261.5258734284606,14,4,Monoclinic
mp-1217962,SrSmAlO4,3.2398,-3.5300901035714283,6.436298204742929,84.87013553191973,7,4,Tetragonal
mp-644514,MnO2,0.540999999999999,-1.8225279240325691,5.001461680242682,173.18380507009397,18,2,Monoclinic
mp-23100,Sr2LuBiO6,1.9188,-2.891695009166667,7.293044287994005,298.3550497545903,20,4,Monoclinic
mp-7941,Li6TeO6,2.798,-2.132090702051282,3.566080095580585,123.50966762204364,13,3,Trigonal
mp-557753,K3PO4,3.9991000000000003,-2.532319784549107,2.6360072462373703,534.8641147709664,32,3,Orthorhombic
mp-559041,TlMo2Cl7O2,2.543,-1.416968423194445,3.414888321451011,657.8508476751999,24,4,Triclinic
mp-1003483,CaMn4O8,0.5121,-2.16445706397878,3.725355223549337,172.869204643368,13,3,Triclinic
mp-769381,Ca3Ta2O8,4.5215,-3.434431756897436,4.986438291249453,406.3567109075366,26,3,Orthorhombic
mp-758782,FeOF,0.7532999999999991,-2.035061475277778,4.309236232538437,420.06893702607414,36,3,Monoclinic
mp-565434,Sr8Co8O23,0.0,-2.002559162435897,5.459531491244621,468.5226031266888,39,3,Tetragonal
mp-552016,YbBi2BrO4,0.0,-2.225699840937501,8.983801810699118,135.83716237871164,8,4,Tetragonal
mp-559700,RbMnO2,0.0,-1.925758571774426,4.171367734889109,411.785294148968,24,3,Triclinic
mp-755413,Na2O,1.0889,-1.346765707586206,2.079114376969278,99.00220023402109,6,2,Trigonal
mp-622576,Ba2Sm(CuO2)3,0.0,-2.22244960375,6.360943126831428,185.77747769803324,12,4,Tetragonal
mp-561781,Ba2Nd2Co4O11,0.0,-2.281170737368422,6.680821245919251,242.3055483646958,19,4,Orthorhombic
mp-558198,Na2Cd(SO4)2,3.8287,-2.032487770981431,3.403112137233894,342.0663526082477,26,4,Monoclinic
mp-18986,Ba2MgWO6,3.223099999999999,-2.9532242795,6.880619859427777,139.68398093544786,10,4,Cubic
mp-19269,NdCrO3,2.54,-3.141842748000002,7.009167420076486,231.44769889226694,20,3,Orthorhombic
mp-22092,VSO5,1.5119999999999991,-2.098150829285713,3.316980233623815,326.40975909201705,28,3,Orthorhombic
mp-771660,MnP2O7,0.0,-2.383533998471674,3.235431964650069,469.88032385653514,40,3,Triclinic
mp-22544,UV2O6,0.0,-3.011178127777776,7.006619447598267,103.3084190777198,9,3,Trigonal
mp-9625,LiMgPO4,5.4297,-2.946585101496598,2.888396650072459,290.24941637283297,28,4,Orthorhombic
mp-560590,Nd2Mo(SeO5)2,3.3219,-2.4355731113125,5.150311891569166,452.8889556637634,30,4,Triclinic
mp-1044380,MgFeBiO5,0.5377000000000001,-1.8178380096875,5.472947103946525,447.9856695932531,32,4,Monoclinic
mp-1193134,GdMoBrO4,0.0,-2.5783200571428573,5.029086396822714,524.4579740419979,28,4,Triclinic
mp-766625,LiFe2(BO3)2,0.0,-2.257638536060606,3.206561483879472,489.3732555986203,44,4,Triclinic
mp-756918,Li2Mn3SnO8,,-2.056230328961412,4.444469026411161,158.9381164664561,14,4,Trigonal
mp-560098,SbO2,1.9139,-1.833650828333323,6.492738502787738,314.5945201691523,24,2,Orthorhombic
mp-20376,Ce(BO2)3,0.038999999999999,-3.12434494675,4.191911826825626,212.75739866571064,20,3,Monoclinic
mp-4086,La2Sn2O7,2.664499999999999,-3.0172737977272712,6.747748559342507,308.7057842260936,22,3,Cubic
mp-28031,P2W5O19,0.0,-2.329886431318681,5.5972862442061295,762.5190660955996,52,3,Monoclinic
mp-1192530,CsPPbO4,4.0581,-2.4275710377568602,5.391094083977766,536.041133913765,28,4,Orthorhombic
mp-753806,BSbO3,3.762,-2.226882067833333,3.85086307904932,155.7272770647208,10,3,Triclinic
mp-754072,VOF,0.0,-2.8385788100000013,4.698958923283962,121.47845737732027,12,3,Monoclinic
mp-780773,Fe10O9F11,1.0282,-2.076785443666668,4.292850353101716,352.5536820102504,30,3,Triclinic
mp-561368,NaClO4,5.2431,-0.9838174077298851,2.761138602782103,294.5408341291833,24,3,Orthorhombic
mp-20016,SmCoO3,0.0,-2.567496454999943,8.066922550645563,211.84902183711753,20,3,Orthorhombic
mp-641100,UTl2Cr2O10,,-2.113641937861111,5.819879994837599,2078.9275544393136,120,4,Orthorhombic
mp-556966,KSrVO4,3.8457,-2.78674985925,3.54680002036107,452.5561645757875,28,4,Orthorhombic
mp-18921,NaCoO2,2.245199999999999,-1.557503675344833,5.112135088513984,37.00440947813951,4,3,Trigonal
mp-893071,Ag2TeO4,0.0,-0.8762305778571421,5.955075635479837,227.1655513910003,14,3,Monoclinic
mp-559957,SrTiGeO5,2.878599999999999,-3.044169573229167,4.508069262701845,424.51979341445315,32,4,Monoclinic
mp-705424,Fe17O18,1.5382999999999991,-1.474056338571428,5.436285627042804,377.95567217818876,35,2,Triclinic
mp-554947,NaSiBO4,5.4139,-2.904036032697045,2.810687284572309,446.2291140140458,42,4,Hexagonal
mp-546011,YZnAsO,1.2015,-1.9669977318749998,5.751668055450422,141.60195113136348,8,4,Tetragonal
mp-29492,S2I2O11,2.6242,-1.232312779499999,3.948058760956365,830.984538465656,60,3,Monoclinic
mp-997024,CsAuO2,1.5219,-1.135024628663794,6.049267644993321,198.66888702284396,8,3,Orthorhombic
mp-1302,PrO2,0.0,-3.020819083888888,6.120398502877863,46.91163736431774,3,2,Cubic
mp-550714,PbO,2.2295,-1.448550807499998,7.88572866132896,188.00105317304616,8,2,Orthorhombic
mp-27384,AgIO3,2.4375,-0.713068665333332,5.999922075919814,626.0775664617084,40,3,Orthorhombic
mp-556638,K2Th(MoO4)3,3.633099999999999,-2.48575743275,4.439164534685092,591.0592687194304,36,4,Monoclinic
mp-1404693,ReWO6,0.0,-2.1373404015625,6.8731496415777755,112.59514382600295,8,3,Cubic
mp-561034,Ag9Ge2IO8,0.0,-0.852792308999998,6.498901538499684,350.30354029860575,20,4,Monoclinic
mp-4657,Li5GaO4,3.763,-2.216491645416666,2.989385061757095,748.4543686082561,80,3,Orthorhombic
mp-30300,Cs3As5O9,3.1425,-1.8080240271450312,3.965517019480083,384.12241203097307,17,3,Trigonal
mp-3516,UTeO5,1.8368,-2.704336896309523,6.988992815194781,423.5112281331212,28,3,Orthorhombic
mp-1184760,K2Bi2O5,0.0,-1.575125495500001,5.805555112500639,164.79507489877054,9,3,Tetragonal
mp-1504268,LaCoO3,0.9398000000000001,-2.544780892,6.837232356035579,119.41139253008177,10,3,Orthorhombic
mp-636731,Zr(MoO4)2,3.1318,-2.464893349999998,3.441771331634961,396.6831123110819,22,3,Orthorhombic
mp-662535,PbSe2O5,3.133899999999999,-1.362965099648438,5.83179253757064,506.9687667700844,32,3,Monoclinic
mp-973267,KTcO3,0.0,-1.982492657449999,5.285921582802932,58.14690296217846,5,3,Cubic
mp-1280463,Al2NiO4,,-2.778876522857143,4.298089640237066,136.49831484137812,14,3,Monoclinic
mp-545525,NbCuO3F,0.182199999999999,-2.39608348,4.696352666023964,158.01443902626784,12,4,Triclinic
mp-559091,SiO2,5.4377,-3.261573869166666,2.095487932863067,190.4517339642055,12,2,Hexagonal
mp-1206435,Ba2DyTaO6,3.3837,-3.579592562899999,7.63802572562299,155.24798343555557,10,4,Cubic
mp-1178350,ErClO,5.1904,-3.509907089999998,7.220480827448466,100.59685294922868,6,3,Tetragonal
mp-1200529,CuAsPbO5,0.40269999999999906,-1.41888194625,6.157206219841359,459.1905304655357,32,4,Orthorhombic
mp-752492,Mn4O3F5,0.0,-2.482484363477012,4.139636832841011,145.50743072229824,12,3,Orthorhombic
mp-5779,Sm3RuO7,0.0,-3.118755464545454,7.500249653445014,294.08089004390786,22,3,Orthorhombic
mp-554548,BaMo2Se2O11,2.5898,-1.936707446855468,4.206580795982517,523.5308120605014,32,4,Orthorhombic
mp-504935,K2PbO3,1.2434,-1.559884134083332,4.986509577426001,444.0902650683893,24,3,Orthorhombic
mp-754538,HgPtO2,0.0,-0.6799591756250011,10.33159453202636,68.73744318176621,4,3,Trigonal
mp-6723,Sr3ZnIrO6,0.0,-2.405621740454546,6.619834725355072,309.2805641054488,22,4,Trigonal
mp-555665,NaVO3,3.0358,-2.369992200775863,2.9493958683390513,274.58999218475816,20,3,Orthorhombic
mp-775434,CrBiO4,0.0,-1.735554554166667,6.118787476964494,176.3853347463816,12,3,Tetragonal
mp-560478,BaY2Si3O10,4.8161000000000005,-3.588372896250001,4.266802099173994,435.4022513553854,32,4,Monoclinic
mp-18795,Mn3TeO6,0.7581999999999991,-1.920252579045977,5.33470121881512,241.80205818153007,20,3,Trigonal
mp-761235,LiFe4(BO3)4,0.0,-2.229510008809524,3.178182920461557,486.48988054348854,42,4,Triclinic
mp-556049,Sr4Br6O,4.2158,-2.649926838181826,4.3448710631973935,646.5810477865272,22,3,Hexagonal
mp-19139,Mg2Mo3O8,0.0021000000000000003,-2.288069626923077,5.199757667522206,296.62774206976053,26,3,Hexagonal
mp-34322,Dy2Ti2O7,2.7262999999999993,-3.77932238863643,6.8801146565166835,257.1522973106602,22,3,Cubic
mp-1041362,Zn(NiO2)4,0.0,-0.954796486153845,5.021559195416887,283.181353313436,26,3,Trigonal
mp-18097,V4Zn3(PO4)6,1.7203,-2.574614389671814,3.783866191080949,425.6033015960701,37,4,Triclinic
mp-5558,NaReO4,3.615199999999999,-2.266176710646551,5.528461836953962,164.11433644427078,12,3,Tetragonal
mp-22608,CaVO3,0.433899999999999,-2.9363439975,4.299918247158427,214.74298675462558,20,3,Orthorhombic
mp-19845,TiPbO3,1.585,-2.689368039666666,8.048700857425851,62.52581792285582,5,3,Cubic
mp-27251,Bi2TeO6,1.259299999999999,-1.616918000740741,8.869172361514133,240.23229014722577,18,3,Orthorhombic
mp-19143,BaCo2(AsO4)2,0.0,-1.966875552307692,4.927508804102777,359.256633006014,26,4,Trigonal
mp-19063,ErCrO3,0.2571,-3.236585073,8.25931696741174,214.92554267079566,20,3,Orthorhombic
mp-23593,Sr3Co2Cl2O5,0.0,-2.2896281870833333,4.658578969850649,189.49799429417615,12,4,Tetragonal
mp-1019587,CaAl2SiO6,4.596000000000001,-3.3941309285,3.329718982567048,217.55693309857728,20,4,Monoclinic
mp-560740,La2SnS3O2,1.6742,-2.493058701250001,5.258671234163624,662.7600667866743,32,4,Orthorhombic
mp-1191056,CdIO4,0.0,-0.9187510149999991,5.297141990488425,380.32826233448947,24,3,Orthorhombic
mp-582774,Ce4MnSe6O,0.0,-2.144235629332792,6.4197683266921395,571.7227354427591,24,4,Hexagonal
mp-6358,NaTiPO5,3.048,-2.997470088044437,3.2116638445742,376.04398677521414,32,4,Monoclinic
mp-1407332,La2ZnMoO6,1.5064000000000002,-2.876989743,6.70888853559429,132.45830581234327,10,4,Trigonal
mp-1043381,Sb2O5,0.38420000000000004,-1.662774132857143,5.610346831960838,191.5078098733066,14,2,Orthorhombic
mp-4690,K3TaO8,3.04,-1.7564790782569442,3.927424982251117,180.21599919980702,12,3,Tetragonal
mp-29816,Ag2HgO2,0.41029999999999905,-0.45434721466666705,9.157642983263019,325.1760355986749,20,3,Tetragonal
mp-31067,Nd(ClO4)3,4.8961,-0.98478713515625,3.386144049089312,434.08920877574997,32,3,Hexagonal
mp-1198989,Mn5(SiO5)2,0.9584,-2.458598246156188,4.083099654093292,399.2478000580338,34,3,Monoclinic
mp-755905,Na3VO3,0.40390000000000004,-1.921701986305418,2.70130292294541,206.4333213309896,14,3,Triclinic
mp-759002,K4Li5(FeO4)2,0.013999999999999001,-1.776931110824561,2.663320602420171,537.1735301358375,38,4,Triclinic
mp-8098,InGaO3,1.341999999999999,-2.129527090833333,6.666407292106624,115.84663498527046,10,3,Hexagonal
mp-850332,V4(OF3)3,0.7861,-2.954617640937501,3.559718577519185,197.2045235694136,16,3,Monoclinic
mp-22994,LiIO3,3.6546000000000003,-1.384245133666667,4.304425531982681,280.60285007168596,20,3,Orthorhombic
mp-754670,V2O5,2.4105,-2.279899547142857,2.300928498092804,262.519105381628,14,2,Orthorhombic
mp-755568,GaBiO3,3.0525,-1.9143899185,8.67655615847845,125.04979164817883,10,3,Trigonal
mp-9639,BaCu(SeO3)2,0.3659,-1.73323289196875,4.552980984354463,331.7367537315327,20,4,Monoclinic
mp-17904,Nd2TiO5,3.313799999999999,-3.7841771885416673,5.832492318322801,474.1452412231111,32,3,Orthorhombic
mp-562366,Cs2U3(TeO7)2,1.8635000000000002,-2.870472926792555,5.656203767277672,428.3570348715512,21,4,Triclinic
mp-755669,Li2AlNiO4,,-2.199541205833333,3.2186222765748402,168.7608408365669,16,4,Orthorhombic
mp-1042831,MgTi(GeO3)2,1.831999999999999,-2.575637560583334,3.9128745156803033,532.0828066194899,40,4,Monoclinic
mp-559154,Ti4Bi2O11,2.0972,-2.964461737843135,6.248771757012554,417.43379262053526,34,3,Monoclinic
mp-19235,Sr6(CoO3)5,0.0,-2.17962530826923,5.487721424432533,320.8612930807999,26,3,Trigonal
mp-781060,Mn2OF3,0.0,-2.621504089310345,4.020002127753057,302.1530150204206,24,3,Orthorhombic
mp-754834,Er2TeO2,0.487199999999999,-3.257965529333332,8.750923186562039,93.76156462250097,5,3,Trigonal
mp-768424,Li17(CoO4)4,,-1.799366053423424,2.588422962268361,391.1509800921841,37,3,Monoclinic
mp-752980,V2(OF)3,1.4706000000000001,-2.6305112037500002,3.323819895939554,206.70576075340426,16,3,Monoclinic
mp-1041465,MgMo3P3O13,1.406899999999999,-2.420561428696429,3.759441480667295,541.556164960774,40,4,Monoclinic
mp-1192188,KHo(WO4)2,3.340999999999999,-2.6804663364374983,7.104060794698998,327.1046129070982,24,4,Monoclinic
mp-2998,BaTiO3,1.666299999999999,-3.477498397666666,6.015663613577288,128.738833485449,10,3,Cubic
mp-759926,Li2Ti(BO3)2,2.9516,-2.899257620075757,2.523001511826423,472.2099032891265,44,4,Monoclinic
mp-758467,LiP4WO12,1.505199999999999,-2.491348323716929,3.449696979116676,487.7781561838224,36,4,Monoclinic
mp-8603,RbAgO,1.4174,-0.9997084205555551,4.749830446430842,292.7343311663189,12,3,Tetragonal
mp-1078727,Ba2BiIrO6,0.0,-2.127008411,8.081747715783711,158.5898830850815,10,4,Triclinic
mp-1003402,CaMnO2,2.1657,-2.622401234482758,4.161217779124579,202.74171971361207,16,3,Trigonal
mp-5274,ThTi2O6,2.94,-3.790419697407406,6.050979430501163,116.29259215059632,9,3,Monoclinic
mp-5327,Na4UO5,2.1446,-2.6799839610517253,5.289108889047823,128.71659519848131,10,3,Tetragonal
mp-1205776,Sr2InOsO6,0.3809,-2.309462207666666,6.949071631016452,137.70800050483396,10,4,Cubic
mp-1105005,Ni3Se4(ClO5)2,3.1114,-1.233504175756579,4.379585454042279,548.1209090781853,38,4,Monoclinic
mp-1040164,KHfMg30O31,,-2.890467550829365,3.720916761310931,643.8446699246762,63,4,Orthorhombic
mp-1019568,CaAl2SiO6,4.484,-3.411549716,3.322349178314349,436.07905794835233,40,4,Triclinic
mp-755878,Cu6OF11,0.0,-1.703468717222223,5.05765422892487,199.04777476176875,18,3,Triclinic
mp-28867,Ba7Ir6O19,0.0,-2.08126956859375,8.513407931277245,471.7436241633578,32,3,Monoclinic
mp-1190299,Nd2Ir2O7,0.0,-2.432281358636364,9.242659696157212,282.0357065305262,22,3,Cubic
mp-1105409,YSb(PbO3)2,2.7691,-2.288495032499999,7.985655667640753,299.8756984795554,20,4,Monoclinic
mp-552963,Pr2Ti2S2O5,0.841499999999999,-3.2589800945454552,4.892672333965616,177.05331915559037,11,4,Tetragonal
mp-557614,Cd(PO3)2,3.7171000000000003,-2.419461252003956,3.840832447373433,467.53917990531414,36,3,Orthorhombic
mp-608016,Mg(FeO2)2,0.0,-2.165017080714286,4.420157590310147,150.26411097148468,14,3,Cubic
mp-557228,Rb2Mo(IO3)6,0.0,-1.157499131666666,4.649643525949863,470.09058777289374,27,4,Trigonal
mp-776574,V2(OF)3,1.5224,-2.646690100416666,3.478173315912215,296.298943925956,24,3,Triclinic
mp-553895,SrV4(Bi3O10)2,2.891999999999999,-2.185147325483872,6.754537782930813,458.55559935616134,31,4,Triclinic
mp-771303,LiMnB2O5,0.0,-2.49773327134419,2.727472282973817,398.1633730689406,36,4,Monoclinic
mp-641117,La5Ti4FeO17,0.0,-3.58698732771605,5.802228309916912,694.7718278672152,54,4,Orthorhombic
mp-23487,KIO3,2.7868,-1.366622997449999,4.053475826557709,350.6688937400874,20,3,Triclinic
mp-755586,NaLaO2,3.2411,-3.035822470344827,4.92749983542368,130.68234916648402,8,3,Tetragonal
mp-760501,TiGa2O5,2.7831,-2.692172958541667,4.8385859951848325,183.47455158783012,16,3,Orthorhombic
mp-18247,Sr3ScRhO6,2.258099999999999,-2.944295234090908,5.462651705500749,308.06456934487744,22,4,Trigonal
mp-676106,NdZr9O20,0.0,-3.669732065916666,6.269874617663662,340.3897722577822,30,3,Triclinic
mp-558553,Sr4Ti5(Si2O11)2,1.9364000000000001,-3.4684068836190463,3.986917125483158,439.0477420576048,35,4,Monoclinic
mp-541614,K3(MoO3)10,0.0,-2.006804716087208,3.954365792007081,653.6883390374909,43,3,Monoclinic
mp-18773,WO3,1.3319,-2.184858871875,7.109147318771005,216.60903676238738,16,2,Tetragonal
mp-755464,CeBrO,0.0,-3.202267576666666,5.6006004000440335,139.95622118386117,6,3,Trigonal
mp-20092,EuTa2O6,0.0,-3.452298534685183,8.20304347308313,123.45295767474933,9,3,Tetragonal
mp-769284,Dy2SeO2,2.1479,-3.489225997135413,8.422830035260105,85.94814519555962,5,3,Trigonal
mp-559803,AgBO2,,-1.8833510627864571,5.293435268272394,1512.5554898647229,128,3,Orthorhombic
mp-1070662,Gd2BiO2,0.0,-2.915198079999997,8.843928192510203,104.29696987644898,5,3,Tetragonal
mp-674361,LiNbO3,2.9621,-2.8894612342666672,4.384557291808807,559.9273656950107,50,3,Triclinic
mp-1517855,Ba2CeWO6,,-3.0530593495,7.21819358590771,639.1743581730718,40,4,Cubic
mp-1219447,SbPbIO2,1.2046000000000001,-1.415707384999999,7.4047476439307545,109.40494638709656,5,4,Tetragonal
mp-30321,Y2P4O13,5.6411,-3.15568769781955,3.247334602884145,521.2736714025141,38,3,Orthorhombic
mp-997037,CdAuO2,0.0,-0.8689751199999991,9.422285778064223,120.32511229032545,8,3,Orthorhombic
mp-997006,AgPtO2,0.38709999999999906,-0.672532186666665,9.797313901605593,113.54116576903517,8,3,Monoclinic
mp-769052,Bi4(BO4)3,0.0,-1.966279271710525,7.487649231843548,470.30736279141104,38,3,Cubic
mp-1207217,Rb2PuO4,0.0,-2.656469717678571,6.152980583496304,129.25236445973727,7,3,Tetragonal
mp-1228749,AsRhO4,0.0,-1.3542846879166661,6.394883628033193,62.793849736141084,6,3,Orthorhombic
mp-560950,K2NaTlO3,1.261899999999999,-1.4304665845303781,4.247523147988233,552.8994090704725,28,4,Monoclinic
mp-1020657,NaSr(PO3)3,5.4112,-2.870435700736278,3.011481154586858,383.2532216641903,28,4,Triclinic
mp-771090,Gd2W4O15,3.4916,-2.592401870952381,5.982491247460862,716.0388162714446,42,3,Monoclinic
mp-8470,NaPrO2,3.1965,-2.950143315761493,5.133434125656541,126.73517070683229,8,3,Tetragonal
mp-850409,Fe2OF3,1.5199,-2.284754356000001,4.180189805119599,366.8206750623792,30,3,Orthorhombic
mp-1194023,BaCo2(PO4)2,2.284099999999999,-2.563938020714286,3.8003790846604213,388.9958821397727,26,4,Monoclinic
mp-1206970,KPaO3,3.0477,-3.552497714449997,6.391337032195198,82.6542619610523,5,3,Cubic
mp-15248,K3Nb3(BO6)2,1.920599999999999,-2.873965536004166,3.685064851079485,274.7068357967971,20,4,Hexagonal
mp-27330,La3(OsO5)2,0.0,-2.780886327666676,8.052960811877867,197.37074305070453,15,3,Monoclinic
mp-31369,Gd2B4O9,2.8237,-3.262042608777776,5.921359156725068,281.40719874252164,30,3,Triclinic
mp-16293,KSbO3,1.121299999999999,-2.004404203449999,4.621424829037074,300.17961160744926,20,3,Cubic
mp-559144,GePb3O5,2.2709,-1.725229243888888,8.349635185695883,307.9537624613078,18,3,Monoclinic
mp-754027,NaSmO2,3.653299999999999,-3.045306601594827,5.813709580060765,117.30524783327502,8,3,Tetragonal
mp-19853,TbFeO3,1.6263,-2.844573657333333,7.660263689728519,227.8446071426553,20,3,Orthorhombic
mp-6583,Ba2Er(CuO2)4,0.0,-2.063684899999999,6.611623585695933,206.9744707700718,15,4,Orthorhombic
mp-540582,CaCr2O4,0.0,-2.700953947142853,4.186631810092502,330.10279009357805,28,3,Orthorhombic
mp-555860,EuTiClO3,0.0,-3.197513430555556,4.918506920142228,191.2780311626732,12,4,Monoclinic
mp-19473,CaNi3(P2O7)2,3.7349,-2.483307683571428,3.766207944428127,497.3801336721878,44,4,Monoclinic
mp-1177345,Li4MnNi3O8,,-1.710503631954022,4.542817068430573,141.3790271163432,16,4,Trigonal
mp-1195744,BaEr2Si3O10,4.8347999999999995,-3.6174564834375,5.564203529863795,427.4123140120175,32,4,Monoclinic
mp-27492,CaFe5O7,1.247499999999999,-1.8166619149999992,4.899904932613416,292.32751109549116,26,3,Orthorhombic
mp-676519,Sr6Nb7O21,0.0,-3.2087102763235302,5.31859029274839,472.0840256837185,34,3,Triclinic
mp-14455,Cu4Ag(AsO4)3,0.0,-1.270682493458333,5.047883488444866,512.390629185996,40,4,Monoclinic
mp-19328,NaWO3,0.0,-2.106962365275861,6.764876751177076,62.5512945491811,5,3,Cubic
mp-1218095,SrNdGaO4,3.2974,-3.066481519285713,6.480585382584666,93.67428303630872,7,4,Tetragonal
mp-572332,Cs2Sb2OF10,3.8868,-2.8397373359540232,4.078356839664018,582.4931197500533,30,4,Monoclinic
mp-752737,Mn2OF3,0.0,-2.608888279310345,3.750814396098853,161.9189374649451,12,3,Trigonal
mp-2923,Ca2Os2O7,0.0,-2.237136337727267,6.978820630182833,272.49425491287786,22,3,Orthorhombic
mp-542084,MnP4O11,,-2.552240395406404,2.585361756419117,911.598932492064,64,3,Monoclinic
mp-754967,BaTeO4,2.1894,-2.25012785236111,5.254218824941958,415.81225789301755,24,3,Orthorhombic
mp-756089,V3(O2F)2,0.0,-2.71382239111111,4.490205593274134,188.47099100286366,18,3,Monoclinic
mp-17993,Ta2Mn4O9,2.4602,-2.680466133092722,6.921449967531431,348.1807400788327,30,3,Trigonal
mp-530033,B8O,2.4459,-0.6041677368518521,2.542099350741202,401.6782384637485,54,2,Monoclinic
mp-12516,NdZnSbO,0.1854,-1.874198885624999,6.794906458565944,169.80028933757657,8,4,Tetragonal
mp-27230,As2SO6,4.417199999999999,-1.684100125833333,3.5659462512739912,258.82131281310154,18,3,Orthorhombic
mp-20337,ZrPbO3,2.6727,-2.843258278999999,7.533522789829773,76.35838009464848,5,3,Orthorhombic
mp-1101265,TmAlO3,3.5534,-3.718722775000002,6.9334499102895535,116.83322033894945,10,3,Hexagonal
mp-8611,Li8CeO6,2.5162,-2.434416167777777,3.375561782849284,143.46657201162927,15,3,Trigonal
mp-20994,TaO2,0.0,-3.032669320777778,9.807658236443672,72.1081980464664,6,2,Tetragonal
mp-20763,Na2Gd2Ti3O10,1.3916,-3.333433521926978,5.249882835347886,210.04691894998746,17,4,Tetragonal
mp-19252,K2NiO2,0.577,-1.3007674969,2.8597960222445513,98.06519350673187,5,3,Tetragonal
mp-758479,LiP2WO8,0.8969,-2.500814100009921,3.907541259130661,647.1656475090809,48,4,Monoclinic
mp-1227444,BiPbBrO2,1.510199999999998,-1.588329075,8.267326653823874,106.06848147333677,5,4,Tetragonal
mp-1207219,Sr2FeSbO6,1.6652,-2.5131175362500002,5.77013103518074,516.6736594806578,40,4,Cubic
mp-1205366,LuRhO3,1.0887,-2.612046788833334,9.922030465179358,218.14931123596662,20,3,Orthorhombic
mp-554094,CaMg2(SO4)3,,-2.495390897916666,2.851687825132276,438.90988663981926,36,4,Hexagonal
mp-642754,Gd2Mo2O7,0.0,-2.879818378636373,7.407298163060286,277.2501257910201,22,3,Cubic
mp-558875,HoTe2ClO5,2.9145000000000003,-2.246676288703702,5.749174697961192,618.7684955738198,36,4,Triclinic
mp-556961,SiO2,5.4877,-3.264115334583334,2.360860911052234,338.08794787234274,24,2,Orthorhombic
mp-18498,Sr3YRhO6,2.1512000000000002,-2.912882952727273,5.666750030748338,322.72653871445533,22,4,Trigonal
mp-554980,Mn(IO3)2,2.2873,-1.165002999770115,4.927276025923084,272.80477050786436,18,3,Monoclinic
mp-755781,TbNbO4,3.9277,-3.488365252777777,5.752576334313256,182.33463073400898,12,3,Tetragonal
mp-725556,Pu2SiO10,0.7104,-2.475210009038462,5.08746514843786,441.34215729108774,26,3,Tetragonal
mp-675580,NbCrO4,0.6444000000000001,-2.729159823749999,5.077952037989326,273.2493267055111,24,3,Orthorhombic
mp-818613,MnAs3(PbO3)3,1.8608,-1.663995195964439,6.386473581949125,543.5729816672689,32,4,Monoclinic
mp-984697,EuLu2O4,0.13740000000000002,-3.8180099879761933,10.004217847918643,375.7182283320821,28,3,Orthorhombic
mp-18444,Sr3CuRhO6,0.0,-2.259917213636363,5.621157003464913,310.3611193944304,22,4,Monoclinic
mp-556892,InBiO3,2.7352,-1.7889542243333332,8.484176543805171,291.07493270155646,20,3,Orthorhombic
mp-1020797,Y(PO3)3,5.626799999999999,-3.005390171840647,2.8432012335647583,380.58489493343745,26,3,Monoclinic
mp-3808,K2UO4,1.9773,-3.059945037785713,5.090494292722964,124.03025951364324,7,3,Tetragonal
mp-1188346,CoBiO3,0.38780000000000003,-1.376683918000001,9.305764679617505,225.4877037010106,20,3,Orthorhombic
mp-768372,SbBrO,2.5399000000000003,-1.455118806388887,4.846577737161634,894.9124896050624,36,3,Monoclinic
mp-20324,Ba2LuCu3O7,0.0,-2.195898728589743,7.109359718686039,175.70477973623184,13,4,Orthorhombic
mp-22577,Pb3SO6,2.8051,-1.7378962092499992,6.420776911719224,387.75433519577956,20,3,Orthorhombic
mp-1040471,NaMoO3,0.0,-2.014921025275862,4.501484285601487,61.57755902520197,5,3,Cubic
mp-1079176,Sm2Fe2Se2O3,0.0,-2.29789733329861,6.647675342511288,154.45371188849006,9,4,Tetragonal
mp-4006,ErPO4,5.919600000000001,-3.512368879107143,6.275106624844279,138.78449772491817,12,3,Tetragonal
mp-1040464,NaOsO3,0.0,-1.6154962292758621,7.445164566150063,58.26098792489951,5,3,Cubic
mp-754432,Na2FeO4,1.3696000000000002,-1.319902783251231,2.286930921521425,240.80669564155752,14,3,Triclinic
mp-1192384,DyWBrO4,2.651,-2.665898297023808,6.300184022525317,516.8517782730967,28,4,Triclinic
mp-756630,DyAlO3,5.723000000000001,-3.745956005333332,7.795573824413557,202.34271003182837,20,3,Orthorhombic
mp-1215693,YbGd(PO4)2,0.0,-3.313969814246031,6.079332042180181,142.09896020351832,12,4,Tetragonal
mp-1084762,MnRe(PbO3)2,0.175799999999999,-1.8002045410431031,9.183918226577637,135.88578412860775,10,4,Cubic
mp-27224,Na4CoO4,0.5364,-1.517222244022987,2.912655239743937,245.02249548992876,18,3,Triclinic
mp-22734,HfPbO3,2.7161,-2.990494839249998,10.338823292347769,557.2442267053383,40,3,Orthorhombic
mp-22992,TiClO,0.0,-2.730120467777778,3.092474823149675,106.66133320580941,6,3,Orthorhombic
mp-558580,Na2Zn(SiO3)2,3.6116,-2.705025007068965,3.061989080785582,285.85662500209,22,4,Monoclinic
mp-556806,BaNa2(SiO3)2,4.1731,-3.001983617068965,3.456068944646034,322.37064116908243,22,4,Monoclinic
mp-1217316,Ti(FeO2)3,1.3331,-2.156462737333334,4.820068947905917,107.27838420265402,10,3,Trigonal
mp-21282,Na2SO3,4.915800000000001,-2.020232792543103,2.556273385662266,163.75313580625192,12,3,Trigonal
mp-754218,Tb2SeO2,2.1369,-3.440929892135415,7.784284524970831,182.94678839013298,10,3,Orthorhombic
mp-558131,Sm2Tc2O7,0.0,-2.778559838181817,7.259752756348688,278.4657825909363,22,3,Cubic
mp-555296,YbTaO4,0.0,-3.605629401222221,9.834751467567903,141.1487054045905,12,3,Monoclinic
mp-780320,LiMn3(BO3)3,0.5244,-2.393246404976652,3.121895646021911,370.3974119185387,32,4,Triclinic
mp-1068577,ZrPbO3,2.2792,-2.793935413,7.715050540923727,74.56174053380131,5,3,Cubic
mp-555909,Tb5Se2Cl3O10,3.7466,-3.029098746401041,6.038241317194814,335.202014430963,20,4,Monoclinic
mp-556389,UTl2(TeO4)2,1.8419,-2.077310297692308,7.276998244613918,470.06739721449895,26,4,Triclinic
mp-757986,Li4V7(PO4)6,0.6002000000000001,-2.536052909297327,3.0974953930062172,511.52863926974476,41,4,Monoclinic
mp-1194049,SmMoBrO4,2.0128,-2.589357923928572,4.863781213770151,532.8734761468213,28,4,Triclinic
mp-2895,Mg2SiO4,4.6395,-3.213125702857142,3.235690304073053,288.8118045870756,28,3,Orthorhombic
mp-558172,Ca(PtO2)2,0.0,-1.575355533571427,8.543200227246636,192.131937537774,14,3,Tetragonal
mp-772213,La4CuO8,0.0,-3.109178970769231,6.808775945095011,182.2197548378673,13,3,Orthorhombic
mp-756635,Co3BiO8,0.0,-1.0848143550000011,5.859257684687926,145.60611805343086,12,3,Trigonal
mp-22280,PrNiO3,0.0,-2.406667594333332,7.386578893960931,222.64609009835596,20,3,Orthorhombic
mp-21856,Co2SiO4,0.0,-2.129220831071429,4.773725487881965,292.12348388505933,28,3,Orthorhombic
mp-4387,SrZrO3,3.6122,-3.661658828500002,5.415575897777201,278.2199660312183,20,3,Orthorhombic
mp-764722,Li3Fe8(BO3)8,1.4157,-2.248558401705426,3.232148436729712,481.93319752295463,43,4,Triclinic
mp-31112,Tb3GaO6,3.605399999999999,-3.579312696749999,7.951632802909207,268.3445831269804,20,3,Orthorhombic
mp-764034,Na(FeO2)2,0.0,-1.544169425197043,4.081254068332032,161.67164690807218,14,3,Orthorhombic
mp-1042009,CaVP2O7,2.1767,-2.8805126012987,3.147636766923661,559.1256590622113,44,4,Triclinic
mp-998227,KHfO3,0.0,-2.943229516449999,6.047336441525025,72.92743889412984,5,3,Cubic
mp-19401,CrPO4,2.4649,-2.59617238077381,3.44621665146685,424.8924026285614,36,3,Orthorhombic
mp-768353,YTmO3,3.1706,-3.945753290666667,6.7984717145311215,448.20930423084536,30,3,Hexagonal
mp-754675,MnOF,0.0,-2.333219777088123,4.269054204696772,209.89471990250584,18,3,Monoclinic
mp-557942,SrFe3P3O13,0.5195000000000001,-2.516399376696429,3.607190865204056,511.9626208944064,40,4,Monoclinic
mp-862718,SrSn(PO4)2,3.5533,-2.818662848690475,3.984340157783723,330.30630577286075,24,4,Monoclinic
mp-5611,BaUO4,2.1144,-3.6680901462499973,7.447472308714998,391.8449842635073,24,3,Orthorhombic
mp-30273,AcClO,4.4451,-3.586422302500002,7.156870615491261,129.21320315269972,6,3,Tetragonal
mp-4103,Sr2Sb2O7,1.370399999999999,-2.570062335909088,5.869625819890577,300.30559622315633,22,3,Orthorhombic
mp-1221598,MnTe(PbO3)2,1.0191,-1.64501356345977,8.368858644854168,274.98247140852254,20,4,Cubic
mp-779078,Na2CoO3,0.0,-1.465095390459769,3.838732609557823,264.5816780824491,24,3,Monoclinic
mp-776172,AlCuO3,0.35000000000000003,-2.055902871,4.636977017852498,198.42876062512912,20,3,Monoclinic
mp-1368210,CaNiO3,,-1.7696274735,4.445141964557334,219.31057008526895,20,3,Orthorhombic
mp-1205807,BaSr(CoO3)2,0.0,-2.00877147,5.598860846329193,130.14447386726485,10,4,Hexagonal
mp-554773,La3BWO9,3.794799999999999,-3.388183151369047,6.5968273272581115,380.2761736229459,28,4,Hexagonal
mp-556533,Sr2V3BiO11,2.781,-2.64590661,4.605298584330192,514.2024698076158,34,4,Triclinic
mp-6800,KLiSO4,5.3245000000000005,-2.302688434726189,2.274655092020711,207.47387787786687,14,4,Trigonal
mp-8207,Zn(PtO2)3,0.3047,-1.106678720999999,10.989845397667144,112.81812775356885,10,3,Orthorhombic
mp-1220416,NbFeO4,1.1919,-2.4704692925,5.174698112184704,136.54052275530782,12,3,Orthorhombic
mp-4662,ScOF,4.598000000000001,-4.078035918333334,3.583605245590133,148.19296045264807,12,3,Monoclinic
mp-562420,Cs3ClO,1.6127999999999991,-1.608732062293103,4.28866263952995,697.2083077949837,20,3,Orthorhombic
mp-19076,HoCrO4,0.296799999999999,-2.7799262849999993,6.001059832937755,155.46764169753553,12,3,Tetragonal
mp-759543,FeOF,0.0,-2.109119000833333,4.595823967182611,131.29138514461442,12,3,Monoclinic
mp-1183289,BaScO3,0.0,-3.207111031999999,5.089365179865764,75.13526132667413,5,3,Cubic
mp-8271,Ba2Ca(BO2)6,4.9616,-3.113965850714285,3.453311085107322,274.85182484787623,21,4,Trigonal
mp-704637,Nb12WO33,1.8903999999999992,-2.954560287500001,4.529141518327393,669.7298639349733,46,3,Triclinic
mp-7973,RbNdO2,3.4259999999999993,-2.901663756249998,5.764818400874615,75.38439620218746,4,3,Trigonal
mp-1205833,Ba2NbRhO6,0.8889,-2.733223787000001,6.787146106307911,138.59031925378656,10,4,Cubic
mp-550893,HfO2,3.8043,-3.936231537499997,10.971726147701107,31.856871997756667,3,2,Cubic
mp-17337,RbAsOF4,3.7404,-2.585927445714286,3.51901997784667,476.37223865221074,28,4,Monoclinic
mp-763229,VOF,0.0,-2.8013677520833333,4.131131315937981,276.35155487683795,24,3,Monoclinic
mp-990238,Au(OF3)2,0.18550000000000003,-0.9614194822222221,4.829429021243865,117.92107967993643,9,3,Triclinic
mp-470,GeO2,1.2157,-2.156655663333334,6.20512814957392,56.00426327829353,6,2,Tetragonal
mp-27494,La2CoO4,0.3608,-3.082190103214286,6.725310659368461,395.78680616490857,28,3,Orthorhombic
mp-758434,LiFeSiO4,,-2.472176137261904,3.067671645913779,335.32427253318883,28,4,Monoclinic
mp-505219,Rb2V4O9,0.09570000000000001,-2.458521752333333,3.6264328094251033,475.0206878552429,30,3,Tetragonal
mp-1045767,YCr4(CuO4)3,0.1077,-2.0308343435,5.5939035506645745,201.71446287592815,20,4,Cubic
mp-18652,Sr3HoRhO6,2.160199999999999,-2.934729701818182,6.485332449062302,320.9232285986346,22,4,Trigonal
mp-1080060,LaAlO3,3.7121,-3.722466562999999,6.529684685682409,108.7846540054093,10,3,Orthorhombic
mp-770767,SmCuO3,0.121799999999999,-2.4121013065,7.378061688081909,235.78125214601297,20,3,Orthorhombic
mp-10349,Na2SnTeO6,1.243299999999999,-1.860587601942529,5.390655391012236,239.21542863427447,20,4,Monoclinic
mp-1207607,YScSi2O7,4.536300000000001,-3.631461509999999,3.63761005174603,137.87355414560963,11,4,Monoclinic
mp-758237,Li2Cr2Si5O13,,-2.9100647105303032,2.966298235656983,522.0643212200678,44,4,Triclinic
mp-1101375,ScTiO3,0.0,-3.566884129666666,4.121270147889125,113.47907294930623,10,3,Trigonal
mp-1190831,Eu3SbO7,0.0,-2.869598592727273,7.467736772722288,306.7025924849992,22,3,Orthorhombic
mp-17709,Na2ZnSiO4,3.1365,-2.483276484407326,3.40414506938867,397.01316822513843,32,4,Orthorhombic
mp-628951,V2P2O9,1.3672,-2.576943749175824,3.278241393757132,623.69494211915,52,3,Orthorhombic
mp-1206844,RbPaO3,3.000999999999999,-3.5306131085,7.197670044615942,84.09243655756401,5,3,Cubic
mp-627380,Mn(ReO4)2,3.141,-2.207803734357368,4.450278999587159,828.8700964022519,44,3,Trigonal
mp-1202934,Ag3SbO4,0.0,-0.9961129615624991,7.58613232291104,445.980004643397,32,3,Tetragonal
mp-23333,Hg3Cl4O,1.4621,-0.918982791250002,5.815850396381855,867.5013991057318,32,3,Cubic
mp-680713,Ho(BO2)3,,-3.197634458124999,5.328522405364373,1462.7252767451614,160,3,Orthorhombic
mp-18973,CoSe2O5,2.3763,-1.272770595898438,4.617434747293967,427.0174871570919,32,3,Orthorhombic
mp-7476,RbDyO2,3.602,-3.039326717291665,6.820083057823446,68.16566201637167,4,3,Trigonal
mp-1226497,CePrO4,0.0,-3.460799105277777,6.557919832417989,87.3632613805408,6,3,Trigonal
mp-23578,Co3B7ClO13,2.2683,-2.416672307256944,3.6134192285853333,455.7995880776381,48,4,Trigonal
mp-1095187,Nb2O3,0.0,-2.572572488999999,6.514087804223596,119.20386858387614,10,2,Monoclinic
mp-559824,Au2Se3O10,0.9414,-0.906057643135418,5.832579563377046,450.2865781859367,30,3,Orthorhombic
mp-556139,BaZr(PO4)2,4.158799999999999,-3.287506394107157,3.838121432971381,181.05867413656154,12,4,Monoclinic
mp-558824,KNa2NiO2,1.542399999999998,-1.17711357458477,2.819276127335689,414.110576735168,24,4,Orthorhombic
mp-1205934,Ba2YbMoO6,2.2435,-3.115867185750002,7.3380656471436,144.74267722017825,10,4,Cubic
mp-1020594,Zn2SiO4,2.677,-2.431820439166669,4.264196508976492,347.2034966108582,28,3,Orthorhombic
mp-757412,Mn3Co(PO4)4,0.0,-2.2950706025985212,3.460558341401984,289.6514697519009,24,4,Monoclinic
mp-12730,Ba2YbRuO6,0.0,-2.782053713250002,7.507176768478134,142.61684063337782,10,4,Cubic
mp-754502,SmYO2,0.0,-3.1839257087500012,5.777725254782315,77.96243830385232,4,3,Trigonal
mp-561113,Ag2BiO3,0.5053000000000001,-0.9160639168055551,8.24145910187676,380.9819184513412,24,3,Monoclinic
mp-7765,Ba3SiO5,3.242199999999999,-3.238230593333332,5.664223279001287,304.9264537520124,18,3,Tetragonal
mp-1383318,CaLa2CrO6,0.0,-3.221538288,5.6633750123469575,136.59952410661055,10,4,Trigonal
mp-17960,BaSm2O4,3.184599999999999,-3.575071462499998,7.142115470597453,466.9006962475405,28,3,Orthorhombic
mp-1197627,Pu2Te4Cl2O11,,-2.054945028377191,5.677485287123293,728.4451473625223,38,4,Triclinic
mp-510624,SrFeO3,0.0,-2.222982896999998,5.664240346569506,56.12970212480508,5,3,Cubic
mp-639138,EuSeClO3,0.0,-2.133750323723959,4.296139660341595,486.047794012991,24,4,Orthorhombic
mp-560569,KPrPdO3,0.597799999999999,-2.259648028986111,5.6513330877214365,196.52862688134343,12,4,Monoclinic
mp-754190,VSb3(PO4)4,0.44479999999999903,-2.358205351607143,3.886108920241287,340.1774668383752,24,4,Monoclinic
mp-1227060,CaSmAlO4,3.1214,-3.577859907857143,5.6515257068613405,82.68637123754873,7,4,Tetragonal
mp-726803,BaMn2P2O9,1.1844000000000001,-2.6565620421534133,3.880606381328718,193.90405950736323,14,4,Monoclinic
mp-562809,GdBi2BrO4,1.023199999999999,-2.385056775625001,8.187904483538329,145.83880843715707,8,4,Tetragonal
mp-561313,Si2Ag6O7,0.3115,-1.445429861999999,6.352587678063403,426.27155124313043,30,3,Monoclinic
mp-6739,Ba2CaOsO6,0.0,-2.6814129579999992,6.613556256286688,150.88930401897395,10,4,Cubic
mp-755079,V4(OF3)3,1.823999999999999,-2.9283235353125012,3.569955952817282,196.63901050848372,16,3,Triclinic
mp-776150,ScAgO3,0.361199999999999,-2.110980848333333,5.052178605566008,132.01168072464614,10,3,Orthorhombic
mp-551629,CsLiMoO4,4.4239999999999995,-2.260392497569788,3.369081928347315,147.7563147203685,7,4,Cubic
mp-560582,KMoAsO6,2.659399999999999,-1.94797412525,3.848428686841406,528.0621574821208,36,4,Orthorhombic
mp-504552,Nb2CoO6,1.7676,-2.668490155833343,5.602352969365906,403.98453665216084,36,3,Orthorhombic
mp-29468,Rb6Cl4O,1.6658,-1.95121591909091,3.03857808130697,732.9663349601925,22,3,Trigonal
mp-756048,TbErO3,4.5065,-3.9311991768333323,8.76779870405418,283.4667004969909,20,3,Orthorhombic
mp-1078907,Ba2GdMoO6,0.0,-3.008848843999999,6.604443256101903,156.85067110139718,10,4,Tetragonal
mp-1190132,Li2Ti3O7,2.9823,-3.229605154722221,3.42892117494918,261.003418970178,24,3,Monoclinic
mp-10733,Sm2O3,3.9371,-3.844915249500001,7.880389543347195,73.48116373552725,5,2,Trigonal
mp-1205111,RbOs2O9,,-1.48632134375,4.755448733110255,851.9069636837571,48,3,Orthorhombic
mp-36866,Al2CdO4,2.676,-2.820343855714285,5.023274422650056,152.3074941332601,14,3,Cubic
mp-1206118,VCoO3,0.11430000000000001,-2.000081474,5.000794880552624,104.84497603539772,10,3,Triclinic
mp-21036,NaMnO2,0.618799999999999,-2.012703328577586,4.239448081835982,86.11377422126974,8,3,Orthorhombic
mp-760313,VOF3,2.2205,-2.617027403999999,2.916228130916661,141.1417368698996,10,3,Monoclinic
mp-783906,Mn2O3F,0.0,-2.039230296810345,4.687292576423216,125.31925928868561,12,3,Orthorhombic
mp-18844,CaMn2O4,2.0103,-2.4479014340517242,4.647062841667492,305.8061848654581,28,3,Orthorhombic
mp-557577,K3ScSi2O7,3.6378,-3.03779018975,2.836141968958115,386.9138844415752,26,4,Hexagonal
mp-769271,Sr4Ta2O9,,-3.424987994977778,5.8495915344942215,486.20025171766486,30,3,Triclinic
mp-13109,SrHfO3,3.9893,-3.810444937999998,7.691217517439197,135.63234605846927,10,3,Orthorhombic
mp-17101,CaNb2O6,3.6052,-3.237535069722227,4.633305221035829,461.44700486399626,36,3,Orthorhombic
mp-2652,Y2O3,4.097300000000001,-3.953871922749999,5.026122832858722,596.8276909170065,40,2,Cubic
mp-18182,CsNa3TiO4,3.4808,-2.395163036069604,3.35254077098204,621.5900108808934,36,4,Triclinic
mp-17340,Nd4MnSe6O,0.0,-2.195277286832793,6.467509721134037,575.9772683422217,24,4,Hexagonal
mp-755197,V2O3F,1.031499999999999,-2.672561214166666,4.483375004329587,125.09824781317396,12,3,Orthorhombic
mp-760395,Cr2OF2,0.5312,-2.394162628000001,2.641492457868962,198.634616665706,10,3,Tetragonal
mp-547622,Pm2O3,3.8673,-3.8237697285000003,7.496773097556724,74.86677377542615,5,2,Trigonal
mp-4873,Ce2TeO2,0.0,-3.209099825333325,6.851267067497662,106.60162841392265,5,3,Tetragonal
mp-558258,Eu2I2O,0.048,-2.394903188999999,6.180172560792437,308.3122994144814,10,3,Orthorhombic
mp-559613,K6Se2O9,1.6318000000000001,-1.7229617032757352,3.108490370367237,1146.3912181880664,68,3,Tetragonal
mp-674490,FeSbO4,1.0037,-1.8344014733333331,6.018811158576186,66.65611286382992,6,3,Orthorhombic
mp-17103,Sr3Ta6(Si2O13)2,3.085499999999999,-3.4146119242051283,5.694361303934878,547.317232322382,39,4,Hexagonal
mp-1079615,Ba2UCdO6,1.8464,-3.106356700999999,7.136662795628484,167.78130963889217,10,4,Cubic
mp-1226748,Ce2ZrO6,2.0399,-3.835226589999999,6.7262187896122185,115.40257554135863,9,3,Tetragonal
mp-556104,La2CrO6,2.1672000000000002,-3.024001106666667,5.532285604532543,255.6134290078515,18,3,Monoclinic
mp-754342,ScFeO3,0.0,-2.76496437,4.208115250017525,117.43344650570573,10,3,Hexagonal
mp-996981,TlAuO2,0.0,-0.7706499683333341,10.99970379216018,65.41925200263006,4,3,Trigonal
mp-775905,Li2MnP2O7,3.7306,-2.641868594073617,2.787478464903523,578.4698439675782,48,4,Monoclinic
mp-18538,TbCu(WO4)2,1.493399999999999,-2.371085475555555,7.676944449124817,310.67318767819353,24,4,Triclinic
mp-780490,LiCr(PO4)2,1.1546,-2.357888300218254,2.733390105645599,604.7796394476535,48,4,Orthorhombic
mp-558223,TbMoClO4,2.748,-2.689001050952381,4.660900440588609,252.46429714348963,14,4,Monoclinic
mp-13335,Cd(BO2)2,3.343099999999999,-2.434287467619046,5.18819222918659,507.05530274277197,56,3,Hexagonal
mp-759749,KFeO2,0.0,-1.6820758474375,3.2017109854499672,131.67479338652373,8,3,Monoclinic
mp-19882,MnBPbO4,0.910899999999999,-2.216731743156814,6.167204367485452,362.89575246259017,28,4,Orthorhombic
mp-622619,UVAgO6,1.6036000000000001,-2.566959402962963,6.055153373852065,540.6117645357568,36,4,Monoclinic
mp-2240720,Mg(Ag2O3)2,,-0.8327039692424231,5.117316486352695,179.04747878804787,11,3,Trigonal
mp-556939,NpIO,0.0,-2.324902197916666,8.137685268709907,155.04291376644443,6,3,Tetragonal
mp-21326,La2NiO4,0.0,-3.039231982857143,6.899039556321979,96.3973480931367,7,3,Tetragonal
mp-556243,CaV2(PO5)2,1.8731,-2.810424025952381,3.496351691799813,345.6599397329404,30,4,Orthorhombic
mp-1220903,NaTi2BiO6,2.3619,-2.827865287804598,5.544281066656728,126.90037524637296,10,4,Orthorhombic
mp-19338,LiMoO2,0.0,-1.961930820833333,6.303683964152601,35.53052127436455,4,3,Trigonal
mp-23482,BaBiO3,0.0,-2.232591805999997,7.823300896291097,167.38710722210985,10,3,Trigonal
mp-775339,Li2V(Si2O5)3,1.7923,-3.020195635902778,2.678377172291075,586.9067382871904,48,4,Orthorhombic
mp-1207064,Ba2TbTaO6,3.512799999999999,-3.571236521399999,7.573935902369199,155.7779548924324,10,4,Tetragonal
mp-3626,SrZrO3,3.416,-3.654475072000001,5.399903088261012,279.02747839948415,20,3,Orthorhombic
mp-554098,Ti6O,0.0,-0.9166954207142841,4.718230249800664,213.4180585057646,14,2,Trigonal
mp-555476,Na3OsO5,0.09669999999999901,-1.782777301385694,4.820065961982677,350.56494549492476,27,3,Trigonal
mp-8960,Ba3NaNbO6,3.0766,-2.976785175579937,5.463029238962315,379.2644541637558,22,4,Trigonal
mp-16891,Nd4V5(Si2O11)2,0.0,-3.206550373142856,5.095915590715922,422.3118951484131,35,4,Monoclinic
mp-16432,Sr3(BO3)2,4.3980000000000015,-3.24476437712121,4.2551085363476,296.96034392569004,22,3,Trigonal
mp-550506,KClO3,5.0728,-1.13766669845,2.28265342975124,89.1498594092199,5,3,Trigonal
mp-764796,Li3Fe8(BO3)8,1.6373,-2.246204856821705,3.214622258488906,484.56070596430993,43,4,Triclinic
mp-752520,GdIO,0.252299999999999,-2.572313260833334,7.1487346099979,278.88416863544694,12,3,Orthorhombic
mp-561187,NdGa3(BO3)4,4.338999999999999,-2.773980556833334,4.8233071693801834,202.65611001792226,20,4,Trigonal
mp-23330,NaClO3,5.633199999999999,-1.082864028810345,2.361654110725001,299.3654104053254,20,3,Cubic
mp-27140,K2Sb4O11,1.8585999999999991,-1.9721775643823531,4.65972963806291,528.2887497514081,34,3,Monoclinic
mp-18928,Mn2SiO4,1.988499999999999,-2.594300529408867,4.140242289153002,324.0014486422718,28,3,Orthorhombic
mp-19035,BaFeO3,0.0,-2.102256507666665,6.490300408521839,61.70323615127433,5,3,Cubic
mp-23516,Cu2Cl2O,0.0,-0.905617826999999,3.768956974665404,188.56731198549897,10,3,Orthorhombic
mp-20102,Gd(PdO2)2,0.0,-1.96523017142857,8.51459336893298,169.31387956979202,14,3,Tetragonal
mp-17662,Lu2PdO4,0.5717999999999991,-3.123752209047618,9.688907649402706,178.36152256463785,14,3,Orthorhombic
mp-7535,Li5AlO4,4.795,-2.492909137666666,2.296773064977692,181.73621537075636,20,3,Orthorhombic
mp-761129,V2O3F2,0.0,-2.6480904535714282,3.58429478208898,174.0809773465668,14,3,Triclinic
mp-10417,KSbO2,2.011,-1.8814564380624992,4.282305780301104,149.56743644713066,8,3,Monoclinic
mp-29472,Fe4As2O11,0.7292000000000001,-1.6586915076470592,4.558178723117629,200.0789516435313,17,3,Triclinic
mp-1102977,GaAsO4,3.084899999999999,-1.926752135000001,3.919982563529167,176.76533934857778,12,3,Orthorhombic
mp-1191389,PrVO4,3.4977,-3.117268984027777,5.232704059707418,324.76021467294544,24,3,Monoclinic
mp-1178369,CuNiO2,0.0,-1.013725287499999,6.507024104056001,39.360320872704094,4,3,Monoclinic
mp-19234,Ba2WO3F4,3.9748,-3.354204817999999,5.813770602444996,332.74118090861,20,4,Monoclinic
mp-504867,Sr3CuIrO6,0.0,-2.265716756818182,6.5204858316267345,313.0440127145043,22,4,Monoclinic
mp-1096971,GaAgO2,0.5611,-1.582296671041656,7.226031186679116,48.16369788304776,4,3,Trigonal
mp-18960,ErVO4,2.9661,-3.212660742500001,6.005073440083617,156.068355947956,12,3,Tetragonal
mp-19113,CoTeO3,0.0,-1.4002619573333321,6.286361178799385,247.80538862775018,20,3,Orthorhombic
mp-770537,LiMn2O3,,-2.071978841949234,4.438756990130531,246.62961133176168,24,3,Monoclinic
mp-17730,K2SnO3,2.1547,-1.9538010669999992,3.8790337427148343,419.3559684925444,24,3,Orthorhombic
mp-11914,NaLa2IrO6,0.0,-2.701588549637931,7.110689691118964,275.10156728105716,20,4,Monoclinic
mp-28382,K4ZnO3,1.694599999999999,-1.487419703312499,2.915887774537482,614.5834668899363,32,3,Triclinic
mp-19172,KV3O8,2.0933,-2.361849654770832,3.33445478265481,318.6346024974923,24,3,Monoclinic
mp-1019729,Eu3AlO5,0.0,-3.325880598333335,7.470106329226227,250.24236003888277,18,3,Tetragonal
mp-216,Sc2O3,3.8235,-3.968732640749999,3.8189049323031883,479.72910891946253,40,2,Cubic
mp-5040,CaTe2O5,3.3756,-2.097978778541672,4.58737548143724,543.3684691736437,32,3,Monoclinic
mp-1291343,Li3Mn4SnO8,,-2.083238692607759,4.718843426116649,342.94340130016906,32,4,Triclinic
mp-510293,Pb3SeO5,2.4633000000000003,-1.478446876371529,7.810335841546912,331.9051622116628,18,3,Orthorhombic
mp-1212158,Hf3GeO8,4.55,-3.524203681249999,9.543325881594967,128.08233281489063,12,3,Tetragonal
mp-616597,ReHgO4,2.6963,-1.757885774583333,7.246619297408336,413.19242178489174,24,3,Monoclinic
mp-20015,As2PbO6,2.1358,-1.7332001416666651,6.573971107735893,114.43463048256831,9,3,Trigonal
mp-19175,MnSe2O5,2.3872,-1.491620001889824,4.338470944085298,448.35818825651205,32,3,Monoclinic
mp-1080105,CeAsRuO,0.0,-2.051013279374999,8.086423088491951,136.39569479765416,8,4,Tetragonal
mp-1193850,Ca2AlP2O9,0.0,-3.085039444234694,3.131544488615524,332.0285006936559,28,4,Monoclinic
mp-778259,PrHfO4,0.19340000000000002,-3.500984891527777,8.040780195171237,633.4139475233503,48,3,Tetragonal
mp-771945,SnP6(WO8)3,0.0,-2.478592717436974,4.213474953188574,488.70945296691406,34,4,Trigonal
mp-562779,ErCoO3,1.4471,-2.653127237499942,9.040484271457935,201.45109439388898,20,3,Orthorhombic
mp-3439,SbPO4,4.002099999999999,-2.355047281607143,4.373584718132746,164.57479013328825,12,3,Monoclinic
mp-721238,Li10Sn(PO6)2,3.272599999999999,-2.447264314704762,2.600043395283148,564.6509124636464,50,4,Triclinic
mp-3977,CsB3O5,5.304,-2.809898508850575,3.323667759593714,490.28859894433543,36,3,Orthorhombic
mp-989178,ScOF,4.333399999999999,-4.041968345,3.901423870148798,68.06041692893348,6,3,Tetragonal
mp-30284,HgAsO3,1.235099999999999,-1.362179759999999,6.807764840336567,157.81998171998964,10,3,Trigonal
mp-755612,DyGaO3,3.6351,-3.131620863333333,8.202734054916514,226.90885588842502,20,3,Orthorhombic
mp-8376,MgAlBO4,6.0077,-3.175152658452381,3.347501273221145,250.19964046455374,28,4,Orthorhombic
mp-618807,KSb(MoO4)2,2.5382,-2.004925024770833,4.24156362926743,376.40682877659583,24,4,Triclinic
mp-1020633,RbMgBO3,4.3738,-2.761020107777777,3.233635464318393,346.28145319969525,24,4,Cubic
mp-557529,Na5P3O10,4.5729,-2.608141490879187,2.6184820521298082,466.5701355900167,36,3,Monoclinic
mp-997038,AgPdO2,0.0,-0.6587361541666651,7.7409913067987475,105.66325910649849,8,3,Monoclinic
mp-755738,Rb2O,1.6455000000000002,-1.101216714999999,4.328587598289292,286.8491057337499,12,2,Orthorhombic
mp-1218217,Sr2ZrMoO6,0.0,-3.066131268000001,5.340189662652961,142.54021306930753,10,4,Tetragonal
mp-18719,KLu(WO4)2,3.2486,-2.690631258243055,7.263657344909467,324.5064494194987,24,4,Monoclinic
mp-561486,Na2Mg5(PO4)4,4.9369,-2.956213745049261,2.898880750730214,313.55634657257474,27,4,Triclinic
mp-559057,NbTl(BO3)2,3.4093,-2.685720872166668,5.00325663770471,550.8180977133085,40,4,Orthorhombic
mp-770690,Mn3TeO6,0.523799999999999,-1.893358661045978,5.31055598606439,242.9014472077863,20,3,Trigonal
mp-556163,Zn2SiO4,2.6857,-2.421369859999999,4.487559749071903,164.96091650463845,14,3,Tetragonal
mp-1225637,Er2FeSbO7,,-2.879694602272727,7.8399662489081425,264.3821712227003,22,4,Orthorhombic
mp-558105,LiB6O9F,6.4556000000000004,-2.86485175622549,2.086963707739641,747.2953683007624,68,4,Orthorhombic
mp-1199914,MnSeO3,,-1.6429584243049442,4.09000873059703,590.79741054001,40,3,Monoclinic
mp-1226797,Ce2ZrO6,1.8408,-3.84613876111111,6.70001184763861,115.8539700567106,9,3,Trigonal
mp-505741,Ca3V2O8,3.4422,-2.975325990000001,3.483806065986131,166.87926215798342,13,3,Trigonal
mp-510519,Rb2V3O8,2.0914,-2.452017968076925,3.382862004189621,443.50453743873965,26,3,Tetragonal
mp-21567,SmAl3(PbO4)2,2.9907,-2.982744790178571,5.810066136784139,884.5054357114328,56,4,Cubic
mp-19970,Li3CuO3,1.178,-1.78138969642857,3.31291605561265,265.3866298411937,28,3,Tetragonal
mp-755239,Ga2HgO4,0.5638000000000001,-1.7679808025000012,7.779378751908711,172.4851298323598,14,3,Cubic
mp-768237,Gd2HfO5,3.1575,-3.925566379687501,7.887672504645749,482.5085207802584,32,3,Orthorhombic
mp-16787,K2V3O8,2.0466,-2.445476564961539,2.8795517033620532,414.06486363841395,26,3,Tetragonal
mp-555465,La10Si8O3,0.0,-1.436847655952381,5.6562588325449745,487.8452564765718,21,3,Hexagonal
mp-4558,Li4GeO4,4.0961,-2.297887119259258,3.211497337754821,170.01121327561134,18,3,Orthorhombic
mp-1226753,CdBiIO2,1.2558,-1.318415804999999,7.45490248589109,106.98303090136577,5,4,Tetragonal
mp-555098,SrSeO3,3.886199999999999,-2.315592203968749,4.650252675821593,306.49128877949005,20,3,Orthorhombic
mp-13361,Cd2Cu(PO4)2,0.698099999999999,-2.140788739175835,4.832737749500663,164.34859169790363,13,4,Triclinic
mp-8248,Rb2TeO3,3.5879,-1.832296276111109,4.103064536797867,280.48933066328664,12,3,Monoclinic
mp-4870,Cu(BO2)2,0.0,-2.292747814523806,4.001008857091995,371.44927448052437,42,3,Tetragonal
mp-1218417,SrCa(CuO2)2,0.0,-2.083795151249999,4.758932337280637,111.23487921875814,8,4,Orthorhombic
mp-542143,RbZn4(BO3)3,2.7811999999999992,-2.327454889411765,3.814189446118246,455.84748978660997,34,4,Monoclinic
mp-548231,FeBiO3,0.0,-1.612286208999997,8.8942255344319,116.80742898715596,10,3,Trigonal
mp-558990,K2Sr(PO3)4,5.6094,-2.837911568582707,2.713496095393544,294.78172303873487,19,4,Tetragonal
mp-1105780,Bi2O3,1.487499999999999,-1.603110455500007,9.809987387003124,315.4919950086671,20,2,Trigonal
mp-30948,Tb(IO3)3,3.5406,-1.478284576858975,5.813054242945135,781.1383510750674,52,3,Monoclinic
mp-754490,NiHgO2,0.0,-0.9115316718750011,8.93386242046077,216.56275852085403,16,3,Trigonal
mp-9783,Ba3(AsO4)2,3.906,-2.69028426346154,5.500286649022182,208.25679381677483,13,3,Trigonal
mp-7648,SiO2,5.424499999999999,-3.260820557499999,2.148979200827146,185.71110886565558,12,2,Orthorhombic
mp-758602,LiFeSiO4,,-2.4602942251190463,2.871561272302043,358.2249046742711,28,4,Orthorhombic
mp-546625,HoBi2BrO4,1.366499999999999,-2.418701072499999,8.471310045810544,142.46529738069583,8,4,Tetragonal
mp-18745,LaMnSbO,0.0,-1.879559361982758,6.064963618092518,181.58051049583042,8,4,Tetragonal
mp-510366,K6Co2O5,0.6965999999999991,-1.405986150653846,2.707276239869873,530.5002909531748,26,3,Tetragonal
mp-996970,AgBiO2,1.2491,-1.123922422916666,7.582117351272498,152.80025595610647,8,3,Monoclinic
mp-19138,BaNiO3,1.469199999999999,-1.8200224730000012,6.072761251153483,133.449151553611,10,3,Hexagonal
mp-1035164,LiMg14SbO16,,-2.824119725104166,3.730169456952956,322.7270879699907,32,4,Orthorhombic
mp-768848,Tb2(WO4)3,3.5942,-2.742251112843137,7.282840828648,483.99672520111653,34,3,Monoclinic
mp-1223462,KCeTi2O6,0.029399999999999003,-3.341069330391666,5.110601224315857,120.52753460150376,10,4,Cubic
mp-768785,LiSn2(SO4)3,0.0,-1.840680494212963,3.125236567980257,565.9207346613489,36,4,Trigonal
mp-5141,Na2SeO4,3.3557,-1.750063777157477,3.276391010934587,191.51407671638307,14,3,Orthorhombic
mp-27439,TmIO,3.3943,-3.102426840000003,7.208010992423642,143.67883590572137,6,3,Tetragonal
mp-30950,Sr3GeO,0.31880000000000003,-1.5590189605,4.507172912605396,517.9996391565651,20,3,Orthorhombic
mp-971678,Na3Ni2SbO6,2.2487999999999992,-1.783398434511494,4.9879019934239235,269.0688820488965,24,4,Monoclinic
mp-770210,CaY2O4,3.6651,-3.6969840839285713,4.689433808714298,399.267709597316,28,3,Orthorhombic
mp-31755,Ta2FeO6,2.7333,-2.9764097588518883,8.43004538466432,404.78103508008763,36,3,Tetragonal
mp-21489,Rb2PbO3,1.2033,-1.554828175833331,5.767274758687875,245.3886288086962,12,3,Orthorhombic
mp-553082,PrBi2ClO4,1.1244,-2.388985133958334,7.559526182273299,144.60754212022087,8,4,Tetragonal
mp-20361,FePO4,1.3138,-2.310016990357142,3.532024376818452,283.61804366602223,24,3,Orthorhombic
mp-558248,PrTa3O9,3.1742,-3.502792147974359,8.126667123393574,338.2701337934496,26,3,Monoclinic
mp-22789,DyVO3,1.6567999999999992,-3.296628931333332,7.735287972077501,224.4936902037986,20,3,Orthorhombic
mp-1227657,Ca3MnO4,2.908,-2.9566536522413793,3.799884703489163,209.0329418167232,16,3,Monoclinic
mp-754596,RbGaO2,2.4653,-2.05098305875,4.256387156615788,146.0560950984401,8,3,Cubic
mp-1176435,MnGaO3,1.2823,-2.060712347086208,5.227985590243382,109.68179486463097,10,3,Hexagonal
mp-1019534,BaAl4O7,3.6891,-3.447166220624999,3.5063269685113223,676.749031805288,48,3,Orthorhombic
mp-4805,Gd2SO2,2.019399999999999,-3.519234681499997,7.326043273032852,85.80620611599412,5,3,Trigonal
mp-752974,VOF2,2.2133,-2.796830512499999,3.12971926506118,222.7077207619061,16,3,Orthorhombic
mp-19078,Ba2SrWO6,3.3505000000000003,-2.967192317999999,6.4100347176514685,166.34065979923568,10,4,Trigonal
mp-752713,HoBO3,5.4365,-3.557053922833332,6.926331102417453,321.8398383288317,30,3,Orthorhombic
mp-30539,Y2WO6,3.3561,-3.262929069444446,6.482148133311926,468.94488257674897,36,3,Orthorhombic
mp-676985,YbPaO4,0.0,-4.097001039999999,10.401713710420745,149.44735477592258,12,3,Tetragonal
mp-10316,CeCdAsO,0.0,-1.853373068124999,7.110783300892305,160.40675048389417,8,4,Tetragonal
mp-715035,VO2,0.7988000000000001,-2.422587112708335,3.835291482672382,574.5612148344292,48,2,Orthorhombic
mp-556307,Na2Si2O5,4.4459,-2.8965906769731813,2.506775956437372,482.63284620580157,36,3,Monoclinic
mp-863749,Rb2Hf2O5,1.9412,-3.137224715555555,6.890326276554248,146.5043280770728,9,3,Tetragonal
mp-753579,V2P2O7,0.0,-2.585503754025974,3.5506868538705243,257.98973857657506,22,3,Monoclinic
mp-1174000,Li5Mn(CoO4)2,,-1.8829622709123561,4.003562767299918,139.1556935220989,16,4,Monoclinic
mp-1228422,Ba2CeNbO6,0.0,-3.366250702999999,6.158877795373797,162.7605333208576,10,4,Cubic
mp-554206,Cs2Al2As2O7,3.662199999999999,-2.500848698408488,3.7781605497759223,255.62467869436176,13,4,Orthorhombic
mp-6603,Sr2CeIrO6,0.0,-2.841448410500001,7.066137930659349,283.6770461996348,20,4,Monoclinic
mp-773628,NaV2O4,0.0,-2.36449380591133,3.796787602978431,165.20630570252632,14,3,Tetragonal
mp-1218387,Sr2TiRuO6,0.0,-2.866145533333333,5.628336806924551,123.96456882035727,10,4,Tetragonal
mp-5836,ThSiO4,4.8900000000000015,-3.826331624166665,6.6610355185589025,161.60125463740232,12,3,Tetragonal
mp-1218202,SrLaCuO4,0.0,-2.632974647857143,6.2481972964645465,94.09842473162789,7,4,Tetragonal
mp-14069,CsAlO2,4.273499999999999,-2.846654709913793,4.754254032205877,134.04157594112974,8,3,Cubic
mp-972032,Tl(IO3)3,2.1696,-0.8475369471795051,5.968684550753627,405.6788704709502,26,3,Trigonal
mp-753633,CrIrO4,0.0,-1.719145625,8.362866208274177,61.19862441273594,6,3,Orthorhombic
mp-996993,CuBrO2,0.0,-0.5552511387499991,5.274813033110611,55.232211029910964,4,3,Monoclinic
mp-4851,Sr(GaO2)2,3.0697,-2.639062434821427,4.783115367774303,808.3810512647319,56,3,Monoclinic
mp-758423,LiCoSiO4,,-2.316180556904762,3.079273362227962,511.08341809351094,42,4,Trigonal
mp-8230,Zn(PO3)2,4.6635,-2.502442132420636,3.646208509024024,203.43666854127073,18,3,Monoclinic
mp-561808,YbBi2ClO4,0.0,-2.271845920312504,8.788215969033596,130.4612366524194,8,4,Tetragonal
mp-6273,Ba4Na(SbO4)3,1.5158,-2.539544967568964,6.299665564891319,297.74533893108355,20,4,Cubic
mp-562735,Cs5FeO4,0.762699999999999,-1.449070992327587,4.951195682701166,1052.25232677754,40,3,Monoclinic
mp-605333,In2Cu2O5,0.0,-1.480011692037037,6.521137277453092,444.8297240226907,36,3,Monoclinic
mp-556626,Eu3BWO9,0.184399999999999,-2.922402567083334,7.06847604624692,373.30839520440395,28,4,Hexagonal
mp-505268,BaLu2CuO5,0.0,-3.132618489259259,8.717551222479482,480.62794637396763,36,4,Orthorhombic
mp-1191962,CdIClO3,3.3467000000000002,-1.133717672083333,4.723675073077428,453.8556582658537,24,4,Orthorhombic
mp-753157,TiFe2O5,1.34,-2.355785092916666,4.176891397050941,190.4712082488674,16,3,Orthorhombic
mp-1207029,Np2SO2,0.0,-2.814839732999999,9.732019856221195,91.8078644950662,5,3,Trigonal
mp-769507,Li10CoNi9O20,,-1.517547280333332,4.773242840740073,339.73457270943254,40,4,Monoclinic
mp-754726,FeOF,0.0,-2.039668310000001,4.31241085641962,139.91989970853294,12,3,Orthorhombic
mp-3200,Lu2Ti2O7,2.508,-3.782793325454544,7.313164174978167,253.248116348044,22,3,Cubic
mp-755689,ErClO,5.2575,-3.530002386666666,5.533488232375329,131.26577983337626,6,3,Orthorhombic
mp-3612,NbSbO4,2.353099999999999,-2.520152113749992,5.52285302193136,335.14013384511316,24,3,Orthorhombic
mp-16864,RbV3O8,2.0696,-2.3688600585416673,3.677934537008821,330.7479767445294,24,3,Monoclinic
mp-1192739,Cs2V3O8,2.1336,-2.452522793793103,3.753097595232873,483.7078970512223,26,3,Tetragonal
mp-1565,ZrO2,3.125,-3.757945188333334,6.205968894519971,32.97088283451112,3,2,Cubic
mp-6621,Ba2ErRuO6,0.07160000000000001,-2.8655752519999993,7.136039155136842,148.6889622359816,10,4,Cubic
mp-779001,Sr4Hf3O10,,-3.7137701582352953,7.194101241557368,482.8486047549378,34,3,Orthorhombic
mp-776154,AlFeO3,2.1089,-2.486505096999999,4.748823793892831,182.98391243946458,20,3,Orthorhombic
mp-758452,V2CoO4,0.0,-2.223847636428572,4.7714655454141965,156.47690872121663,14,3,Cubic
mp-1219665,PuPaO4,0.0,-3.895377628124999,11.185883047847012,80.01926606211302,6,3,Tetragonal
mp-19388,BaNi2(AsO4)2,2.8416,-1.9536336480769232,5.024000972770849,352.03963450510724,26,4,Trigonal
mp-781081,VOF3,3.1125,-2.690260535,2.829449036398578,145.47054858084292,10,3,Monoclinic
mp-15016,Nd4Si2Se3O7,2.3918,-3.179634930908202,6.031215040051859,1081.489503226444,64,4,Tetragonal
mp-4158,Nd2CuO4,0.0,-2.9721301721428572,7.244832264518928,95.35487604966801,7,3,Tetragonal
mp-769559,MgCr3(SO4)6,0.0,-2.025810328823529,2.802794613265123,448.29480654221413,34,4,Trigonal
mp-32309,Sr4Re2NiO12,1.866,-2.625762139868422,6.59444005196814,980.6248559865153,76,4,Trigonal
mp-725917,HfSO6,2.8728,-2.258224398749999,4.636316243490889,439.17675058131397,32,3,Orthorhombic
mp-754110,SmAgO2,2.566,-2.539740289166665,6.796298005436196,141.8222895160369,8,3,Hexagonal
mp-763007,Mn2OF3,0.0442,-2.627072922088122,4.022607801797561,226.4679698726107,18,3,Orthorhombic
mp-557992,InTeClO3,3.0755,-1.674929610972222,5.074404488011395,426.54742126301977,24,4,Monoclinic
mp-1048278,ZnNiP2O7,3.4975,-2.322479808571428,4.018658236048375,492.61871924868365,44,4,Monoclinic
mp-1188260,Ba2CdP3O11,0.0,-2.8147968393487393,4.310019672484364,252.73200084284593,17,4,Monoclinic
mp-755381,V3CuO8,0.0,-2.063724037499999,3.9735712989564482,143.90900653959122,12,3,Monoclinic
mp-19227,YMnO3,0.0367,-3.007963200252874,5.094893988485083,125.05119599578148,10,3,Hexagonal
mp-22410,PbWO4,3.562999999999999,-2.003273380833332,7.957996628301401,189.89897756043285,12,3,Tetragonal
mp-997015,PbAuO2,0.0,-0.9499197774999991,9.520040619615587,152.15683706856916,8,3,Hexagonal
mp-13820,Cd3SiO5,0.9679000000000001,-2.028223059444443,6.309406457276579,234.4004272730585,18,3,Tetragonal
mp-768522,La2Ce2O7,1.8497,-3.812699822727272,6.051411740064154,735.448554286372,44,3,Monoclinic
mp-1045062,Zn2MoWO6,0.0,-1.88701001,7.09646294028641,118.54071517025855,10,4,Trigonal
mp-554573,SiO2,5.6155,-3.265365126666667,2.206245804230383,180.8906829645195,12,2,Orthorhombic
mp-764744,V2OF5,1.8673000000000002,-3.043587385833333,3.540905502587682,99.82934698181958,8,3,Triclinic
mp-554199,RbSnIO6,2.1663,-1.514796971944444,4.434629390729569,319.8376926509737,18,4,Hexagonal
mp-504457,BaTi6O13,2.6401,-3.50576490425,4.544975012152147,462.19227179220894,40,3,Triclinic
mp-760599,TiSn(PO4)2,,-2.7018582481349203,3.4250262235034192,345.699501891629,24,4,Monoclinic
mp-1044245,MnZn(GeO3)2,0.0,-2.044003002293105,4.746227756772838,506.0775745235411,40,4,Monoclinic
mp-752958,VOF,1.722799999999999,-2.790247578333334,4.325857941507699,131.9558545376041,12,3,Orthorhombic
mp-1214698,Ba2CaBiO6,0.0,-2.442517947,6.09490753936949,168.83778230740148,10,4,Cubic
mp-1018031,KInO2,2.077499999999999,-1.911027195979166,5.301502386549792,58.232414910174086,4,3,Trigonal
mp-510367,Fe2P2O7,1.2108,-2.352210801753246,3.951765768850251,240.04727049539298,22,3,Monoclinic
mp-753891,ZrTiO4,2.8427000000000002,-3.613995620555555,4.817554599524885,280.0064201155993,24,3,Triclinic
mp-510294,Sr2CuWO6,0.0,-2.472931554,6.631815908247769,129.85775961344387,10,4,Tetragonal
mp-6514,NaLaTiO4,2.421499999999999,-3.372114857101807,4.795747223047702,189.58001197639666,14,4,Tetragonal
mp-752393,Be2P2O7,6.028600000000001,-2.760775013571428,3.103704184950973,205.4125177228611,22,3,Monoclinic
mp-1183394,BaTmO3,0.0,-3.193704981000002,7.02904506046517,83.69011508040276,5,3,Cubic
mp-558306,RbCrClO3,2.816,-1.8056594841666662,2.762448341258934,531.1783007455857,24,4,Monoclinic
mp-11147,Na5CuSO2,1.5205000000000002,-1.315347740488505,2.342284852513859,171.9594898359751,9,4,Tetragonal
mp-796340,MnO2,1.0153,-1.7864452501436792,3.486774019835767,248.41649036305813,18,2,Tetragonal
mp-11207,Pr3ReO7,0.0,-3.209051400681818,7.436102955400397,321.9765458259301,22,3,Orthorhombic
mp-777479,VO2,1.378699999999999,-2.4543528725000012,2.83178907845134,194.5421845059786,12,2,Orthorhombic
mp-556282,Ba2AlInO5,2.0183,-2.872980514907408,5.413376434001932,609.13961852121,36,4,Hexagonal
mp-505177,TiIn2O5,1.9707000000000001,-2.548111676770833,6.206156319448779,382.6153810848428,32,3,Orthorhombic
mp-5449,Na2Ti6O13,2.916699999999999,-3.314977577512348,3.4998388252537183,256.7661482616155,21,3,Monoclinic
mp-975115,RbTcO4,2.9741,-2.159367522916668,3.698689114728971,222.20086716420715,12,3,Tetragonal
mp-1102021,TbPO4,5.522099999999999,-3.42011099438492,6.267958838936494,134.52717862098285,12,3,Tetragonal
mp-21451,Ba2SmCu3O7,0.0,-2.169248834615385,6.673487359328427,181.05789875162617,13,4,Orthorhombic
mp-1191110,La3Mn2Sb3O14,1.237999999999999,-2.7287347491300933,6.130170899234271,604.5299426474071,44,4,Trigonal
mp-7061,NdZnAsO,0.8621999999999991,-1.9602675537499992,6.783112114024569,147.16299537321413,8,4,Tetragonal
mp-761842,Hf3SnO8,3.5875,-3.5157363412500002,8.720930515443603,148.93278581059778,12,3,Monoclinic
mp-555246,Ba3LuRu2O9,0.0,-2.660974772444445,7.05690960190325,439.1214276704982,30,4,Hexagonal
mp-19303,Cr2NiO4,0.0,-2.03065658642857,4.944787952201781,152.2477052526764,14,3,Cubic
mp-984755,Nb4Ag2O11,2.372299999999999,-2.5247524522549,5.860348671139445,432.5958749858768,34,3,Trigonal
mp-560129,Na3La2(BO3)3,3.790199999999999,-3.021893579213996,4.00305937456889,217.03576939415112,17,4,Orthorhombic
mp-759968,Na2BiO3,0.0,-1.7254514146264421,6.327240620756187,159.01839515095668,12,3,Monoclinic
mp-558087,Na2Ca3(Si3O8)2,4.3043,-3.244864030287356,2.63714012517293,743.918417089732,54,4,Triclinic
mp-17708,Ge3Sb2O9,3.0481,-1.9797399339285722,4.770451402938239,421.48959109074076,28,3,Hexagonal
mp-540584,K2PdO2,1.3697,-1.2888827849,4.455404544843593,80.7330356888642,5,3,Orthorhombic
mp-559500,Na3VSO3,3.149,-2.000201474579742,2.475877101571505,268.240012488604,16,4,Trigonal
mp-18867,Ba3W2O9,3.6786,-2.804791172857144,7.278761768612473,421.43602349998054,28,3,Trigonal
mp-755949,Ca4I6O,3.290799999999999,-2.066523653181817,4.369266134177399,712.7745945130486,22,3,Hexagonal
mp-22427,BaSr(FeO2)4,0.6352,-2.095139603571428,4.349906798111259,220.00598460279485,14,4,Trigonal
mp-28779,USbO5,0.13670000000000002,-2.807220893571428,7.264059245515063,201.0671058185871,14,3,Monoclinic
mp-558850,RbNd(WO4)2,3.387099999999999,-2.650168553333333,6.883806347282843,349.9604928023838,24,4,Monoclinic
mp-12160,Li6Ho(BO3)3,4.7449,-2.822621197631578,3.291020439727113,773.0039766920155,76,4,Monoclinic
mp-505271,Ni(SbO3)2,0.0,-1.7959548794444422,6.607628255280945,400.2906362503032,36,3,Tetragonal
mp-31628,CrReO4,0.0,-2.147153852916666,7.773628090760817,258.21460067033024,24,3,Monoclinic
mp-530284,Al2CoO4,,-2.807157129464286,4.293613618438958,547.3043669673161,56,3,Trigonal
mp-643,ThO2,4.4187,-4.36779017333333,9.981284074654347,43.92656473586823,3,2,Cubic
mp-1106201,MnGeO3,1.1435,-2.123705890586208,4.935536565209603,236.28735002760635,20,3,Monoclinic
mp-777877,LiCr(PO3)3,,-2.579141960161564,2.967562272509498,331.0969719316583,28,4,Triclinic
mp-17149,Sr3ErRhO6,2.192,-2.9435446254545443,6.530541149519047,319.8858269914789,22,4,Trigonal
mp-1214023,Ca3Ga3Ge3O14,,-2.504783290760869,4.32805578765693,295.9291859387827,23,4,Trigonal
mp-9771,UTi2O6,0.0,-3.574691137407407,6.335486445758438,112.64046251220874,9,3,Monoclinic
mp-35078,BaMnO3,0.7543000000000001,-2.476717523086208,6.203842341526642,257.2383259452137,20,3,Hexagonal
mp-752414,Tb2TiO5,3.300899999999999,-3.878109022083332,6.826623679300195,433.67070263569605,32,3,Orthorhombic
mp-1042552,Ca2Bi3O8,0.0,-2.006416379230768,6.306782553879036,439.74991767168217,26,3,Hexagonal
mp-1078366,Bi2S2O,0.9401,-1.000889814000002,7.5300394019488035,219.67965680937897,10,3,Tetragonal
mp-1043428,MgV3(P2O7)2,2.0561,-2.633033384480518,3.405432058996712,512.0112862311483,44,4,Monoclinic
mp-752569,La3ScO6,4.0062,-3.887130267,5.533453345284311,334.7026319074585,20,3,Trigonal
mp-1102486,SmPO4,5.8081,-3.46913106660713,5.3831842984836324,151.35365548526383,12,3,Tetragonal
mp-754698,NbO2,0.0,-2.84498296875,4.976998975711901,166.69477492189955,12,2,Monoclinic
mp-1205767,Sr2MnReO6,0.2928,-2.630640101043104,6.368557654347861,133.5984460849768,10,4,Cubic
mp-756184,MnCoO4,0.0,-1.416557935488506,4.129154607122373,143.05986849771227,12,3,Monoclinic
mp-675065,Er4Zr3O12,4.1668,-3.962487845263161,7.71928848328355,488.18359723571075,38,3,Triclinic
mp-1226928,CdCuP2O7,0.0359,-2.140655277662337,4.338311688777336,133.92840328209493,11,4,Monoclinic
mp-504423,Mn3(CoO4)2,0.8285,-1.690257374907162,5.339393644039572,255.4384001367044,26,3,Orthorhombic
mp-981511,Y3SbO7,2.8091,-3.391358489545456,5.723273606957043,290.4126576988975,22,3,Orthorhombic
mp-558151,Ag2PO3F,1.0803,-1.769361049353741,5.125172484614391,406.5598499446455,28,4,Monoclinic
mp-23002,TiBrO,0.0,-2.538047887777776,4.21556432523992,113.26425000388123,6,3,Orthorhombic
mp-1095280,SrFe2S2O,2.0437,-1.4869373816666651,3.715354033681924,249.78510055334837,12,4,Orthorhombic
mp-23133,Sr2Cu3(BrO2)2,0.0,-1.791332525454545,4.6940645601753115,208.60229811086313,11,4,Tetragonal
mp-29542,K4Bi2O5,2.6155,-1.687838196727276,4.7838175776775245,454.27125141184564,22,3,Triclinic
mp-778616,VO2F,1.4668,-2.437020199375,3.273344350257473,206.85046356192592,16,3,Triclinic
mp-542905,Eu2(MoO4)3,0.0,-2.372890854705882,5.501149410880088,473.14919820733644,34,3,Monoclinic
mp-18909,BaNi2(PO4)2,0.0,-2.537440351483517,4.568922460767686,161.6069293494854,13,4,Trigonal
mp-760068,Na4CoO4,,-1.506267847835249,2.6201210074691232,1089.5161762520793,72,3,Triclinic
mp-753164,YbTiO3,3.5867,-3.511420170583335,7.436004073945224,120.09880182192474,10,3,Trigonal
mp-768605,Ho2TiO5,3.284899999999999,-3.890509348541666,7.20171683877936,422.16025066281134,32,3,Orthorhombic
mp-1078518,Sr2NiIrO6,0.0,-2.082495822,6.865773830815532,126.2851327855621,10,4,Tetragonal
mp-1205312,Ca2MnO4,0.0,-2.734662607204433,3.949098134368283,334.86071311220314,28,3,Tetragonal
mp-554430,NaCu(IO3)3,0.056999999999999,-1.008408598312808,4.642758771765293,437.2375238977757,28,4,Triclinic
mp-9194,SmCuSeO,1.286499999999999,-2.236524274335937,7.406205465610109,138.50090046854655,8,4,Tetragonal
mp-756762,TbTmO3,4.568899999999999,-3.9563684708333353,8.935618836641323,279.38814552182055,20,3,Orthorhombic
mp-1206230,RbTlO,1.201699999999999,-1.167734808611114,6.584417363628776,154.2662549292727,6,3,Monoclinic
mp-561062,NaSb3(PO5)2,,-2.29303750261969,3.9264928955112812,2064.4982040442637,128,4,Orthorhombic
mp-645375,ZnBi6P2O15,2.7511,-2.056785870803573,7.564684615402316,711.7588535711274,48,4,Monoclinic
mp-13981,KPO3,4.821199999999999,-2.6721746703785723,2.440870589562841,321.2956614628418,20,3,Orthorhombic
mp-8086,Na2Zn2O3,1.0572,-1.698470631108374,4.20523172307266,177.53224101112409,14,3,Monoclinic
mp-17911,Ba2ZnO3,2.6704,-2.534313652916667,6.065268212549831,424.971005567963,24,3,Monoclinic
mp-1191675,BaNp(PO4)2,0.0,-3.190482628586309,5.782595401784025,324.07313868527694,24,4,Monoclinic
mp-760205,Ba16S16O59,,-2.6703504380769223,4.180431465388472,1451.5254425623457,91,3,Triclinic
mp-21266,BPPbO5,4.2593,-2.546615575267857,5.543477251389247,295.63776122450867,24,4,Trigonal
mp-559242,KNaMnO2,0.274499999999999,-1.678409343312068,3.02518808639771,327.2017276166455,20,4,Orthorhombic
mp-1078431,LaBiSe2O,0.5930999999999991,-2.063382539937501,6.765566035036036,256.14354556755006,10,4,Tetragonal
mp-758723,LiFe(PO3)3,,-2.488664808911564,2.895146913904944,687.5874763335611,56,4,Orthorhombic
mp-540548,K2Co(PO3)4,2.7457000000000003,-2.50146304305639,2.7620292916939313,544.7107286825337,38,4,Monoclinic
mp-556295,V2Te2O9,2.524299999999999,-1.92077541967954,4.869754841222263,341.7251822021205,26,3,Orthorhombic
mp-18057,Nd2WO6,3.7285,-3.237745801111111,7.361503888669184,512.7855616558503,36,3,Orthorhombic
mp-769187,Sn5P6O25,2.5557,-2.414696242996032,3.561575715920465,549.8696893691387,36,3,Trigonal
mp-1188765,BaErMn2O5,0.0,-2.797654440095786,6.674111749686291,246.0458160051272,18,4,Tetragonal
mp-5598,Sm2SO2,2.9166,-3.502992607500002,6.818472621826359,88.83774774189112,5,3,Trigonal
mp-1080119,K2PtO6,0.18529999999999902,-0.9467519938333321,5.430588262797691,112.91573863140651,9,3,Trigonal
mp-1221645,MnCdO2,0.0,-1.6477820288577592,6.894252256964119,192.05846965094258,16,3,Trigonal
mp-18634,CdSO3,3.0449,-1.629391631166666,4.244667362884329,451.7822968281786,30,3,Trigonal
mp-1193780,MnInO3,0.802999999999999,-1.987354307586207,5.953378606697565,364.4210670563086,30,3,Trigonal
mp-556338,RbMnPO4,0.0,-2.5921419175105562,3.323462440405143,470.41668695741106,28,4,Monoclinic
mp-14532,NaTa3O8,2.68,-3.205221514448276,8.45597881898847,272.5005669709112,24,3,Orthorhombic
mp-3347,Be2SiO4,5.8262,-3.176623356904762,2.963110293290008,370.22802541699014,42,3,Trigonal
mp-754652,V4O7F5,1.4035,-2.52097655125,3.264795267199178,208.91746722242968,16,3,Triclinic
mp-769229,Ho2Bi2O7,0.0,-2.532796064090908,8.795082799763309,324.6723537826413,22,3,Cubic
mp-557680,NbAgO3,0.8148999999999991,-2.147974619333333,6.034482045823357,136.91213819505973,10,3,Orthorhombic
mp-556581,Fe2PClO4,0.5959999999999991,-2.116387919642856,3.5437145640185053,453.80670414947684,32,4,Monoclinic
mp-504831,La3ReO8,1.8714,-3.299915082291667,7.050490534122556,344.29346455707804,24,3,Monoclinic
mp-33997,TaO2F,2.0499,-3.329384604333333,6.252120245932447,123.20744221449154,8,3,Tetragonal
mp-777413,CeScO3,0.0,-3.8550088069999973,5.87882560903576,263.33288447133674,20,3,Orthorhombic
mp-753985,V2P2O7,,-2.590186098571428,3.585916729477122,255.45511574969288,22,3,Monoclinic
mp-19217,ErMnO3,0.0,-3.082495226252873,7.389986188010839,364.2792410031499,30,3,Hexagonal
mp-7472,RbAuO2,1.4611,-1.136231163125,6.026663137025951,173.27285401154876,8,3,Orthorhombic
mp-553248,CsLaNb2O7,1.441399999999999,-3.194785346332288,5.26422465089392,179.6799083471451,11,4,Tetragonal
mp-1285,PtO2,0.6463999999999991,-0.9266031233333341,11.648979383694853,64.74041172752274,6,2,Orthorhombic
mp-1226506,CeTh2O6,2.0368,-4.215361131111111,9.07315670675527,128.1461820866792,9,3,Trigonal
mp-1187191,SrScO3,0.0,-3.1865535720000002,4.2259742883780245,70.95413907681151,5,3,Cubic
mp-8898,TaAlO4,3.282,-3.411296655805555,7.514697845375922,240.3532101705022,24,3,Orthorhombic
mp-997019,AgPbO2,0.0334,-0.994731772916665,7.721378428408064,149.2786081063723,8,3,Monoclinic
mp-1222709,Li3(CuO2)2,,-1.5847087977777772,4.077147772199772,86.30767650958157,9,3,Monoclinic
mp-1277730,Li2V3CrO8,,-2.4837327365476183,3.834042519457269,300.3123926157021,28,4,Monoclinic
mp-19005,Y6WO12,3.4343,-3.6557847515789472,5.878680865589374,256.8390604078093,19,3,Trigonal
mp-505353,CoAgPO4,1.7129,-1.866099493044218,5.065979767709682,343.2180225754105,28,4,Triclinic
mp-557947,KV2PO8,,-2.493883175470237,2.870657350508589,1388.0559531068002,96,4,Orthorhombic
mp-755192,FeSb3(PO4)4,1.3695,-2.262068606607142,3.766202377429468,353.1698534391033,24,4,Monoclinic
mp-1003312,KMn4O8,0.19310000000000002,-1.936672633767241,3.228203848609785,198.98754679388594,13,3,Monoclinic
mp-1078303,Ba2YOsO6,0.055099999999999004,-2.862705703999999,7.109391887792084,151.77042848310484,10,4,Cubic
mp-675479,PuPaO4,0.0,-3.897200003124998,11.132167126817182,160.8107642561535,12,3,Tetragonal
mp-1180667,La3FeO6,2.0848,-3.3584037165,5.981521265828472,315.6763683242629,20,3,Orthorhombic
mp-997055,CuBiO2,0.6272000000000001,-1.22938036375,7.41327936955716,136.4243720372258,8,3,Orthorhombic
mp-36234,NaTlO2,0.7075,-1.40355760492816,8.042168158019868,107.10970306857004,8,3,Tetragonal
mp-554479,Ba3BPO7,3.3373,-3.210525371984126,4.642989600377488,404.6828689882297,24,4,Hexagonal
mp-16799,K3NdV2O8,3.6565000000000003,-2.700558495660715,3.481693623749051,468.7454208497933,28,4,Monoclinic
mp-554699,GePbO3,2.7131,-1.929228152999997,6.355755299726998,513.9167066238759,30,3,Trigonal
mp-30988,KBiO2,1.8514,-1.7221669830625,6.123883749157043,151.89041774010815,8,3,Monoclinic
mp-1100908,VO2,0.648,-2.455371445000002,4.406280337711627,125.0266417838052,12,2,Monoclinic
mp-756209,Fe2OF3,0.0,-2.266932572083333,4.193200565502115,292.5459962622574,24,3,Orthorhombic
mp-754933,SmTlO2,1.7217,-2.619747109583335,8.732319362271216,73.5429316206195,4,3,Trigonal
mp-5966,Cd2SnO4,0.39979999999999905,-1.706836854999997,7.547740782507946,179.31692173747723,14,3,Orthorhombic
mp-753849,VOF2,0.0,-2.830790533124999,3.340667907814573,208.64469722235307,16,3,Triclinic
mp-11711,Gd(BO2)3,2.758,-3.153360601749999,4.891937170096022,193.94435689922668,20,3,Monoclinic
mp-3405,NaAl11O17,4.491,-3.360404121944086,3.219771934661843,610.3960197954335,58,3,Hexagonal
mp-752473,SmTh4O10,0.0,-4.117497835666666,9.316068072819181,220.7570811712114,15,3,Tetragonal
mp-672212,NaNb13O33,1.6963,-3.016015173752752,4.202006491714734,695.0198482830215,47,3,Triclinic
mp-772156,ErAsO4,3.5786,-2.852667687083339,6.634918209195673,153.25610547440402,12,3,Tetragonal
mp-1017552,Bi2O3,1.1218,-1.556733108500004,10.15087632542345,76.22426853886353,5,2,Trigonal
mp-756340,TaCrO4,1.088999999999999,-2.922715899555555,7.282740498773573,135.41141392336175,12,3,Orthorhombic
mp-556014,Li3Ga(BO3)2,4.1682,-2.608244741319444,2.7530630569637413,251.11311388310241,24,4,Triclinic
mp-558085,KNaGeO3,3.0403000000000002,-2.110632233104885,3.300942728969901,367.6817606928897,24,4,Orthorhombic
mp-1188985,PrMn7O12,1.0533,-2.234584414859196,5.474737610161624,217.61437298078107,20,3,Monoclinic
mp-754168,Co(NiO2)2,0.0,-1.160993608571427,5.955512332042933,134.01256941129276,14,3,Cubic
mp-755492,NaCuP2O7,0.7036,-2.230210036424092,2.968799972662092,291.38757370449264,22,4,Monoclinic
mp-557638,NaMo2P3O13,2.433099999999999,-2.436460465016205,3.234119354326688,529.6515999910406,38,4,Triclinic
mp-765675,Na2Ni3O5,0.161699999999999,-1.2830063292758611,5.0828649481962564,197.35996128980605,20,3,Triclinic
mp-560458,Rb2U2O7,1.6672,-3.304101588636362,6.413898956768575,393.0000330323997,22,3,Monoclinic
mp-1103905,NaCu2(SO5)2,0.0,-1.456309360425287,3.266260154012837,190.24305154417408,15,4,Monoclinic
mp-11014,K2TeOF4,4.8881,-2.601646165145834,3.197899408524932,309.2600626297855,16,4,Orthorhombic
mp-560358,Zr2P2O9,4.1113,-3.297215261868131,3.7418251402159513,344.7178581660805,26,3,Monoclinic
mp-32308,Ta2NiO6,0.0,-2.890584630518518,8.431447268239461,203.47882785265983,18,3,Tetragonal
mp-760507,AsRhO4,0.0,-1.384798562916665,6.694527832605507,119.96644771959616,12,3,Tetragonal
mp-759676,V4O7F5,0.0,-2.537158493125,3.39079760126862,201.1540759518763,16,3,Monoclinic
mp-6537,CaCu(GeO3)2,0.0,-2.1562012882499992,4.676726283300213,489.84743052511203,40,4,Monoclinic
mp-761263,NaV4O10,0.0,-2.320841504758621,3.153651385720058,203.64112019355082,15,3,Monoclinic
mp-775135,Cr3Ni(PO4)4,0.0099,-2.407863380773809,3.601848688911795,274.10978701307727,24,4,Monoclinic
mp-560019,K2Ge3(BO5)2,3.868299999999999,-2.401851138401962,3.471399632880779,457.0454165947282,34,4,Monoclinic
mp-1221715,MnNi3O4,0.6421,-1.359488267241379,6.181878493834787,79.24538412993313,8,3,Orthorhombic
mp-547074,VO2,0.0,-2.478625768333335,4.470111489352563,61.62065920439569,6,2,Orthorhombic
mp-5472,Nb2Cd2O7,1.883899999999999,-2.4543342922727263,6.059006656516586,286.46559130138814,22,3,Cubic
mp-19329,Na2V(PO4)2,2.8016,-2.592859665926487,2.7191302643998903,350.36827088376066,26,4,Tetragonal
mp-560873,Pr3Nb(Cl3O2)2,2.9226,-3.0560712075,4.536805511188819,580.0203280667736,28,4,Hexagonal
mp-936219,K2O,0.110999999999999,-1.194421846499999,1.7791752852849272,175.829935846865,6,2,Tetragonal
mp-19185,Mn3(BO3)2,2.0333,-2.4361777151933133,4.093708924535419,229.127310559627,22,3,Orthorhombic
mp-996990,BaAgO2,0.0,-1.7506179754166662,6.7836397495334655,67.85317071985968,4,3,Tetragonal
mp-770506,V5BO9,,-2.5398069682777793,3.304643987107598,411.54962742577044,30,3,Orthorhombic
mp-21325,KO2,0.1547,-0.9414102990833331,2.06561693280497,114.30920260379078,6,2,Monoclinic
mp-8609,Li6UO6,2.1685,-2.73728111,4.238976446311725,147.16214972097183,13,3,Trigonal
mp-558621,Ce(BO2)3,0.0,-3.156138904499999,4.9546808767186725,360.0071439120002,40,3,Monoclinic
mp-1194608,Re4Xe3(O5F7)2,1.4162,-1.8807200061290321,4.495025625704249,578.0189553331134,31,4,Triclinic
mp-1999,Sb2O3,3.340799999999999,-1.7470024474999981,5.4823094179633625,353.1922938452046,20,2,Cubic
mp-754182,TbZr4O10,0.0,-3.638120211111109,6.439809237008656,176.32542536977422,15,3,Tetragonal
mp-20564,V2Pb3O8,3.051999999999999,-2.066792631538454,7.016429588711678,403.02914682789924,26,3,Monoclinic
mp-5488,LiInO2,1.814299999999999,-2.061352058749999,5.861211148870394,87.12220979913899,8,3,Tetragonal
mp-550745,TiFe(BiO3)2,0.0,-2.178228017083333,7.738226836324551,530.1802898932497,40,4,Trigonal
mp-558722,K3Np(MoO5)2,0.0,-2.469684920031251,3.9394365072760182,595.3242520356165,32,4,Triclinic
mp-758766,Li3FeSi2O7,1.6789,-2.640022327115384,2.889795564300906,562.7494972801667,52,4,Orthorhombic
mp-17887,SnP2O7,3.321799999999999,-2.486021810678571,3.338499544856795,582.2523213711478,40,3,Cubic
mp-983061,Sr(AsO3)2,3.258099999999999,-2.230286086666667,4.9366513819193525,224.33129264944122,18,3,Hexagonal
mp-22551,UP2(PbO5)2,1.766599999999999,-2.768167373285713,6.023775365535647,482.06520868757144,30,4,Triclinic
mp-728783,NaCd4(GeO3)5,0.5545,-1.851016050255172,5.153420338419965,693.3061698410169,50,4,Triclinic
mp-777698,V2O3,0.0,-2.451144455000001,4.724242442422593,158.04666524772614,15,2,Monoclinic
mp-4200,ScPO4,4.193899999999999,-3.354315457440459,3.6916257834908492,125.88204687427708,12,3,Tetragonal
mp-29887,Pr(ClO4)3,4.8980000000000015,-0.9858752435416661,3.314463652218172,440.13605435683723,32,3,Hexagonal
mp-18825,YCrO4,0.27,-2.751991522083334,4.304232690151602,158.09726471445765,12,3,Tetragonal
mp-1205875,Ba2InReO6,0.0,-2.490053615916666,7.651184288284523,145.77393508636206,10,4,Cubic
mp-755651,CsGdO2,2.4891,-2.911224106163794,6.993485734956848,152.98514675659035,8,3,Hexagonal
mp-1084823,Sr2CrSbO6,1.6894,-2.673530843999999,5.782504039660558,127.78675562107807,10,4,Monoclinic
mp-554863,KNb5O13,,-3.000114529986843,4.355051551806382,1085.3389741184737,76,3,Orthorhombic
mp-27842,CrBrO,1.6129,-1.818041353333332,4.183165068558561,117.41965409231787,6,3,Orthorhombic
mp-1207065,Ba2TbTaO6,3.371,-3.5691517354,7.524240484710556,156.80682292849792,10,4,Cubic
mp-557543,K3LuSi2O7,3.6132,-3.092836822570512,3.77722459965493,404.82625460169777,26,4,Hexagonal
mp-1047148,Ca(CuO2)2,0.579299999999999,-1.611511985714285,3.918551233750097,195.92079206518434,14,3,Tetragonal
mp-22264,CsSr2Nb3O10,1.4423,-3.152925964353448,4.948232957270384,250.63247421559288,16,4,Tetragonal
mp-510264,KY(WO4)2,3.4953,-2.663045768937499,6.272541227023353,330.21510364728573,24,4,Monoclinic
mp-28381,Cs3InO3,2.1174,-1.616370270804597,5.245697979715857,711.018247343396,28,3,Monoclinic
mp-560585,P3IrO9,2.244099999999999,-2.247317921456041,3.978972229460158,358.1788868440955,26,3,Triclinic
mp-867735,PrSmO2,0.0,-3.092887266666666,8.240465440038575,65.14153515381804,4,3,Trigonal
mp-556375,Ba2LaSbO6,3.8497,-3.024846480000001,6.279732972288347,333.8755549402144,20,4,Monoclinic
mp-505821,NaV2O5,1.336,-2.402701284547414,3.18537326890278,213.59773360059017,16,3,Orthorhombic
mp-20707,Gd(CuO2)2,0.0,-2.04540121857143,7.4252014322264035,155.80224173672767,14,3,Tetragonal
mp-772771,La4(B2O5)3,4.555999999999999,-3.3678508392,5.238613959435762,545.5102465225791,50,3,Monoclinic
mp-1215688,ZnInGaO4,1.069199999999999,-2.036649674880951,6.117024186733079,85.22481500007486,7,4,Trigonal
mp-20313,Fe2SiO4,3.6769,-2.301357292142856,4.46734658718651,302.9746509865423,28,3,Orthorhombic
mp-6089,BaZn2(PO4)2,4.0373,-2.729195811098901,3.800004758562758,800.7069569245283,52,4,Monoclinic
mp-850978,VFeO4,1.7642,-2.006059504166668,3.959429281114222,143.2497715551141,12,3,Orthorhombic
mp-17323,TbCu(BO2)5,0.7428,-2.80553174632353,4.151138918232172,349.23384103444937,34,4,Orthorhombic
mp-556349,Rb2MoSeO6,3.1275,-1.9181220237343752,4.21555547441542,696.1638164429583,40,4,Orthorhombic
mp-23082,KCrClO3,2.7934,-1.793356793291665,2.348850081796065,493.5858443234636,24,4,Monoclinic
mp-20461,BaPbO3,0.19340000000000002,-2.108798317999999,7.8771808510208565,165.49154870311418,10,3,Monoclinic
mp-1019793,K3La(PO4)2,4.662000000000001,-2.9902919022168373,3.482391248092522,425.4766245961533,28,4,Monoclinic
mp-17959,Nd2SiTeO4,1.7878,-3.265848502708333,6.122176304874126,551.3276847248051,32,4,Monoclinic
mp-3193,Na2Si2O5,4.4712,-2.902866989473182,2.612973855508105,463.0174205935091,36,3,Monoclinic
mp-555514,OsOF5,0.8055000000000001,-2.000467333928573,5.222225587830797,383.1239539939818,28,3,Orthorhombic
mp-560666,K4Nb2Se11O,,-1.257873135126736,3.705116977150238,4398.439927040416,144,4,Orthorhombic
mp-21355,Cr2TeO6,1.4893,-2.022343471296295,5.8135509132781324,187.13989992944465,18,3,Tetragonal
mp-557359,Cs2Al2Sb2O7,3.6378,-2.513358363408488,4.238990992833457,264.5311265161997,13,4,Trigonal
mp-16909,K(MoO3)3,0.0,-1.9992788067115381,4.010530602483569,389.9580105094599,26,3,Monoclinic
mp-556474,Pr2B2MoO9,3.3843,-3.044116537619047,4.850025879640875,372.0764754803656,28,4,Triclinic
mp-1223234,La2CuO4,0.0,-2.97168242,7.00764725441898,96.05321515994046,7,3,Orthorhombic
mp-31119,TbScO3,4.4378,-3.9570524063333323,6.766676755732844,247.2443722811714,20,3,Orthorhombic
mp-752998,U3O5,0.0,-3.427771539374998,11.005061707046208,119.81823372895602,8,2,Trigonal
mp-1226481,CePrO4,0.0,-3.4610638969444443,6.55312777253326,87.4271469012864,6,3,Tetragonal
mp-558810,Ca2TaMnO6,0.0,-3.113065680526438,5.612570152062722,487.62382798723274,40,4,Monoclinic
mp-561154,La(BO2)3,4.1959,-3.17992787,4.882604767706969,363.67473233588123,40,3,Monoclinic
mp-540730,Cs2CoO3,0.4238,-1.3731041444683911,4.528064557949086,546.7706045357579,24,3,Orthorhombic
mp-1235059,LiO8,,-0.42706908814814803,2.182934531134173,102.64477857800613,9,2,Monoclinic
mp-768176,TmTaO4,3.5355,-3.663232986222223,8.580557530126844,160.19084813644682,12,3,Orthorhombic
mp-19790,Rh(OF3)2,0.0,-1.326617107777778,3.217691993286095,128.44591886495374,9,3,Triclinic
mp-761404,Co5CuO8,0.0,-1.256502019642857,6.090339109900286,265.13006713740816,28,3,Trigonal
mp-9480,KAlSiO4,4.5009999999999994,-3.184236963892856,2.50363518156608,209.80352118975458,14,4,Trigonal
mp-553969,Na2Te3Mo3O16,2.6404,-1.833165568864942,4.533035373735545,356.27862030780466,24,4,Monoclinic
mp-996966,KAgO2,0.6151,-0.9949358772291651,4.410687199037317,67.377000182795,4,3,Orthorhombic
mp-505315,Ba2LaCu3O8,0.0,-2.043873508928571,6.524655970006006,186.34461930289982,14,4,Tetragonal
mp-18815,KVO3,3.046,-2.406671246950001,2.9267540433941823,313.27195695543344,20,3,Orthorhombic
mp-772292,Li2V3(PO4)3,0.449,-2.602146604279762,3.161849820539224,474.36384958087024,40,4,Monoclinic
mp-555842,Na3WO4F,4.4655000000000005,-2.368873922126437,3.898567739297662,572.1258421474965,36,4,Orthorhombic
mp-1217453,TePb3(BrO2)2,1.9229999999999992,-1.5241822546666661,7.535266808768213,214.42025237122198,10,4,Orthorhombic
mp-754469,Er2TeO2,0.542399999999999,-3.265895704333331,8.741640704893342,187.72225433701118,10,3,Hexagonal
mp-1191382,Sr3CoRuO6,0.0,-2.3511844527272743,5.631176339363966,306.0059126740361,22,4,Trigonal
mp-886902,CeSmO2,0.0,-3.159394714999999,8.681214078584839,123.3656948317793,8,3,Orthorhombic
mp-6824,Na2ZrSi4O11,4.5794999999999995,-3.193821267375477,2.883163461019584,490.17271576304654,36,4,Monoclinic
mp-560398,K2Zn(GeO3)2,2.872499999999999,-2.114221985409091,3.582244906587079,356.82183306670873,22,4,Orthorhombic
mp-2874,In2Si2O7,2.7009,-2.6838661707575753,4.996274459902352,132.21193021005027,11,3,Monoclinic
mp-562561,MoO3,1.6843,-1.8967097490625,4.676730591616162,102.21457045422255,8,2,Monoclinic
mp-505274,Na2SO4,5.0327,-2.199045198608374,2.775055199364082,339.98101405167034,28,3,Orthorhombic
mp-18255,RbSm(PO3)4,5.2964,-2.917901648392856,3.4994272244609173,523.5973365896559,36,4,Monoclinic
mp-557416,Sb2MoO6,1.3984,-1.851957443888889,5.366538626812933,538.963689099858,36,3,Triclinic
mp-1047920,Mo3P3O13,0.0,-2.3503165912594,3.556640187299492,549.7407113655169,38,3,Monoclinic
mp-556265,Cs6Si2NiO8,3.087,-2.228306848701826,4.553646595340017,379.3544333306624,17,4,Triclinic
mp-2136,Sb2O3,2.2239,-1.751737501999998,5.832523086050206,331.9848734985325,20,2,Orthorhombic
mp-637188,Ag2WO4,1.7809,-1.345724475654761,7.533937545838218,817.4028335929171,56,3,Orthorhombic
mp-29683,Sr2Ru3O10,0.0,-1.910982872,5.113084434171571,207.34279229796036,15,3,Monoclinic
mp-23334,Bi2TeO5,2.4275,-1.644739106145836,7.854367725983495,529.0117303166012,32,3,Orthorhombic
mp-19410,ZnCr2O4,0.0,-2.2772387178571423,5.33695726922689,145.23924623953494,14,3,Cubic
mp-23581,Cr3B7BrO13,0.466099999999999,-2.6175982128819433,3.713980485941569,464.59703895432335,48,4,Cubic
mp-555159,Pr2O3,3.5518,-3.7237433238333297,6.759038921663342,243.08257777008146,15,2,Monoclinic
mp-23571,KBa4Bi3O,0.7393000000000001,-1.302854963027778,5.7597984571965615,709.9899925949874,18,4,Tetragonal
mp-1214679,Ba2CaNbO6,0.0,-3.087818578,5.223806067518879,160.09499906372125,10,4,Cubic
mp-560123,FeBi3(MoO6)2,1.233299999999999,-1.847384193611112,6.853580711159333,516.8769479453239,36,4,Monoclinic
mp-853240,LiCoO2,,-1.708760094583333,4.690605360449198,138.59356673491925,16,3,Orthorhombic
mp-6775,Na3Sr(BO2)5,4.5614,-2.806260767366908,2.653694213680957,463.8510244125898,38,4,Triclinic
mp-4630,Li2RuO3,0.0,-1.858899336111108,5.113188387331899,105.838139537619,12,3,Monoclinic
mp-1071505,Sr2FeO3,0.0,-2.563631265,5.161547371857753,359.13924491596254,24,3,Orthorhombic
mp-772992,Li9Fe3(WO4)7,0.0,-2.15181139574468,5.222424840737694,624.7555198554235,47,4,Trigonal
mp-1019744,K2Al2Si3O10,4.3747,-3.190578273205883,2.342214986036765,533.720267381653,34,4,Orthorhombic
mp-505236,V2Hg(P2O7)2,0.0,-2.520729114812924,3.927936129266892,274.940214734547,21,4,Triclinic
mp-7079,CaZrSi2O7,4.5532,-3.505057990454544,3.5183538832498282,141.33872206410783,11,4,Monoclinic
mp-754043,NaLuO2,4.1867,-3.213810514511494,7.342251208168026,104.01447609062636,8,3,Tetragonal
mp-1189831,Gd3FeO6,2.5521000000000003,-3.342539213999998,7.4609196950752015,277.5791520660108,20,3,Orthorhombic
mp-1079050,LaAsO3,2.692999999999999,-2.863692102500001,6.144579313856287,141.51370411239242,10,3,Monoclinic
mp-7895,Rb2O2,1.76,-1.23299356125,3.805924364992925,88.54103940072844,4,2,Orthorhombic
mp-504580,VCuO3,0.658999999999999,-1.7961252550000002,5.242412013754299,102.93500469095072,10,3,Trigonal
mp-1079891,Ba2Br2O,3.2683,-2.772258122000001,4.621315137261959,323.72116182429835,10,3,Orthorhombic
mp-1105718,NiBiO3,0.0,-1.344834674,8.563711199969706,244.8404323740434,20,3,Triclinic
mp-546552,KCrO2,2.9299,-2.117250499312501,4.242074162934624,48.184227710767914,4,3,Trigonal
mp-554811,TbVO3,1.439599999999999,-3.291628755333334,7.563310371821145,226.45903361633887,20,3,Orthorhombic
mp-552934,Ba2CuBrO2,2.307299999999999,-2.365879127499999,4.633837672303171,161.29466248966747,6,4,Trigonal
mp-752679,CaGd2O4,3.26,-3.671435590000001,5.926709311179373,234.55212652810962,14,3,Cubic
mp-31110,Sm3GaO6,3.679599999999999,-3.503155579249986,7.17126149248229,285.6455593005889,20,3,Orthorhombic
mp-1001571,CaFeO3,0.0,-2.176371779,4.231856237217894,56.47327359803378,5,3,Cubic
mp-17666,Nd3OsO7,0.0,-3.091886021136346,7.914818717054141,308.3876509611892,22,3,Orthorhombic
mp-4547,La2TeO2,2.028699999999999,-3.386965779333334,6.4930585363537645,111.8634549980862,5,3,Tetragonal
mp-6192,Ba2DySbO6,3.4688,-3.092258773166665,7.024608088655399,154.81351992845413,10,4,Cubic
mp-572192,TlMo2Cl7O2,2.4184,-1.424975279444445,3.2856990600917753,683.7166569113424,24,4,Orthorhombic
mp-28602,Na3ClO,2.0299,-1.6976095178275852,2.2559230926403853,88.63996781954468,5,3,Cubic
mp-17544,Ca(CoO2)2,1.6139000000000001,-1.878585158214284,5.639435697074167,261.4044132856434,28,3,Orthorhombic
mp-19330,CaMoO4,3.5006999999999993,-2.639627267500002,4.268849694147033,155.60806377644232,12,3,Tetragonal
mp-19103,LiCrP2O7,2.7339,-2.6743442352380953,2.922530805969322,264.6384709502573,22,4,Monoclinic
mp-1217471,TbPaO4,2.3839,-4.178043382777777,9.72708087661923,77.49666949464353,6,3,Tetragonal
mp-12729,Ba2TmRuO6,0.0645,-2.876566269,7.210131380016731,147.5468271009395,10,4,Cubic
mp-30902,Er2Ru2O7,0.0,-2.6067901540909073,8.205523541902181,262.53412596969997,22,3,Cubic
mp-555988,Na4UCr3O14,2.0333,-2.228144332978057,3.512014689662098,671.3692947039735,44,4,Triclinic
mp-10620,LiPrO2,3.533199999999999,-3.094627863749999,5.907841784740726,202.20156709325045,16,3,Monoclinic
mp-10731,Ba2PrSbO6,3.684,-2.988008800166666,6.361046962561844,165.32645801822397,10,4,Cubic
mp-1106099,Y2MnCrO6,0.922099999999999,-3.076473279793104,5.478821859213404,230.79318451075133,20,4,Monoclinic
mp-23426,Al4Bi2O9,2.800199999999999,-2.857885393999998,6.236129956572592,356.7483355293301,30,3,Orthorhombic
mp-556120,RbTl(SO4)2,1.988999999999999,-1.837796461319444,4.47811165529591,178.72276015691162,12,4,Trigonal
mp-3119,NdTiO3,0.0,-3.566930537166667,6.42952614750988,248.04775756381775,20,3,Orthorhombic
mp-1203235,Cu2PO5,0.0,-1.685316941830358,4.145305599554136,381.455607660113,32,3,Orthorhombic
mp-6265,Ba2TbSbO6,3.507199999999999,-3.084002428666667,6.934395442658015,155.9715578384631,10,4,Cubic
mp-777454,V5FeO12,0.0,-2.278776236111111,3.256720700864609,256.238154891413,18,3,Monoclinic
mp-1104232,K3Ca(PO4)2,0.019699999999999003,-2.7420949557882652,2.631494656373625,219.16486157236983,14,4,Monoclinic
mp-558708,Nd2Cu(GeO4)2,0.0,-2.669091326923076,6.04825898244869,343.35292723452244,26,4,Monoclinic
mp-560675,K6Cu(SiO4)2,0.5214999999999991,-2.311137563147058,2.658596542965873,301.242140338401,17,4,Triclinic
mp-5024,ZrP2O7,4.4725,-3.10660977567857,2.9118389937425553,604.8695709261594,40,3,Cubic
mp-1174692,Li4MnCo2O7,,-1.8508820600903122,4.18114431915181,248.26941307050257,28,4,Triclinic
mp-542299,Rb2Co2O3,0.0,-1.3254184585714262,4.057843055161784,551.297687496201,28,3,Orthorhombic
mp-11734,Sr2MgReO6,0.0,-2.86334913875,6.297398652967093,127.03055381369765,10,4,Cubic
mp-6978,RbHoO2,3.625099999999999,-3.052321075624998,6.9695741074812805,67.28260733236982,4,3,Trigonal
mp-774174,NaMn2O4,0.0,-1.888785526748769,4.453170290507966,146.81651210026794,14,3,Orthorhombic
mp-560153,MnBiPO5,2.779,-2.3485296562592373,5.563850451201418,447.5448643561382,32,4,Monoclinic
mp-8450,Rb2Li2GeO4,3.3651,-2.123341942407406,3.7606258133541033,283.88302599328796,18,4,Triclinic
mp-997005,CaAgO2,0.0,-1.888634117916665,5.63474358924169,106.05831396120351,8,3,Orthorhombic
mp-13055,Ba2LaTaO6,3.621299999999999,-3.506661578233334,7.077143312498277,162.0157176249183,10,4,Monoclinic
mp-990440,Na2ZrO3,4.350999999999999,-2.866204437126436,4.1521059199963855,296.26866752126335,24,3,Monoclinic
mp-1206332,Sr2LaSbO6,3.385799999999999,-2.950952569499999,5.474820517644529,161.32836353009773,10,4,Cubic
mp-557713,Ba2LaTaO6,3.631499999999999,-3.506657073733334,7.109403457942174,322.5610866767961,20,4,Monoclinic
mp-559424,RbPr(MoO4)2,3.9205,-2.521493361597223,4.461737126645027,406.59972505494005,24,4,Tetragonal
mp-554109,CuSeO4,0.0,-0.994196251223957,4.763481217752707,143.97340076227482,12,3,Orthorhombic
mp-1193915,Mn3Sb2(IO)4,1.6919,-1.450644659522546,4.358667047814938,746.6707601916463,26,4,Orthorhombic
mp-18729,V2Co(PO5)2,0.083499999999999,-2.475975886285714,3.5773616109255792,355.3368177827339,30,4,Monoclinic
mp-30960,Dy2(WO4)3,3.9072,-2.743790955784312,7.408885657370932,478.967372319192,34,3,Monoclinic
mp-1228384,Ba2PrNbO6,2.8578,-3.334827229166666,5.980378260141183,167.8383467940379,10,4,Cubic
mp-18852,Na2MoO4,4.3983,-2.149706168251234,3.713511976370623,184.15637554806096,14,3,Cubic
mp-19389,Ba2NdMoO6,0.0,-2.982738908749999,6.267330681376864,161.84099976709777,10,4,Tetragonal
mp-546321,Ba2NdBiO6,1.683,-2.763932660750001,6.9558892947477045,172.8059508590449,10,4,Monoclinic
mp-997106,AgRhO2,0.49760000000000004,-0.873900367916665,7.551818652306676,106.76453953856871,8,3,Hexagonal
mp-9759,BaPr2PdO5,2.138899999999999,-2.947633575370384,7.278520009491049,276.30751127474406,18,4,Tetragonal
mp-1188474,MnIn2NiO6,0.0,-1.7535442976264362,6.710646462668647,217.39031529232372,20,4,Monoclinic
mp-5116,K6Ge2O7,3.0827,-2.025533711233332,2.847364374872533,573.6968907277368,30,3,Monoclinic
mp-556233,KAs4ClO6,3.0749,-1.730736970604168,3.652180003680225,213.80164523946047,12,4,Hexagonal
mp-561315,Cs3AlGe2O7,3.447199999999999,-2.405274430305039,4.420476450994855,513.1141465938762,26,4,Monoclinic
mp-867514,BaTbMn2O5,0.0,-2.791257938614303,6.491721462325869,124.34764631736029,9,4,Tetragonal
mp-18473,RbLa(MoO4)2,3.8742,-2.554191829375001,4.365780859845699,414.01338060024364,24,4,Tetragonal
mp-18926,La3Ni2O7,0.0,-2.823711413333334,6.905567927697807,310.72683904631737,24,3,Orthorhombic
mp-753290,Fe3OF5,1.277199999999999,-2.361648896111111,4.131051213460833,223.9158853034966,18,3,Monoclinic
mp-16808,La2(WO4)3,4.0757,-2.760625001764706,6.555212562150232,517.4349279559344,34,3,Monoclinic
mp-850875,Fe2OF3,,-2.266895330833333,4.179698847008046,293.49101020529,24,3,Monoclinic
mp-1080184,LaIO3,0.7893000000000001,-2.260693368999999,5.314343056025576,196.10727813149074,10,3,Monoclinic
mp-1079901,Ba2CrMoO6,0.0,-2.660207095999999,6.372916817232361,270.2477271734844,20,4,Cubic
mp-1205700,Ba2LaUO6,0.8498000000000001,-3.567626822499999,6.751708604698437,183.86364210921235,10,4,Cubic
mp-20921,Ba3MnNb2O9,1.7737999999999992,-3.127465983862069,6.022157852216238,878.7516723145294,60,4,Trigonal
mp-18480,Na3Ca2TaO6,4.2075,-2.8759330605392712,4.485030699189342,315.4962555000393,24,4,Orthorhombic
mp-1178119,LaNb2AgO7,,-2.893663071287879,5.322668826948682,1359.1678870760074,88,4,Tetragonal
mp-755324,Na2FeO3,0.0,-1.5809259746264361,3.211864667418516,309.83436253413043,24,3,Orthorhombic
mp-3248,TbAsO4,3.6466000000000003,-2.844339936527786,6.22215445200465,158.97468147533775,12,3,Tetragonal
mp-1221802,Mn2P2O7,2.833,-2.581378970922525,3.589546174005058,131.29604745567897,11,3,Monoclinic
mp-639347,BaEuFe2O5,0.0,-2.362181653333334,6.5025417587042345,122.82624069365282,9,4,Tetragonal
mp-640227,KEu(WO4)2,0.0,-2.4812939589375,6.648427288346691,343.04487295755524,24,4,Monoclinic
mp-20964,La2NiIrO6,0.0,-2.564056868499999,8.149879022629781,509.1453308632433,40,4,Monoclinic
mp-1217378,TePb3(ClO2)2,2.0877,-1.602860696666665,7.185074901401853,204.324740781097,10,4,Orthorhombic
mp-861959,Eu2Al2O5,0.0,-3.267851706111113,6.7234085919778,108.1490510418406,9,3,Tetragonal
mp-545522,CoBiO3,0.0,-1.4589127130000001,9.40537454677399,55.77490557004568,5,3,Tetragonal
mp-557449,KCrIO6,2.5061,-1.474562101916666,3.348860425201652,622.7807031178,36,4,Monoclinic
mp-1075911,RbNbO3,1.3563,-2.756314476499999,5.458641230108817,68.86332417595558,5,3,Cubic
mp-771769,Co3SnO8,0.0,-1.2702226662499991,5.368864511580328,261.9720571706261,24,3,Hexagonal
mp-6228,Na2TiGeO5,3.2391,-2.61335156734355,3.462152654639236,236.43991809791353,18,4,Tetragonal
mp-1079839,Ba2GdMoO6,0.9083000000000001,-3.040581021999999,6.5563467703389975,158.00130671201794,10,4,Triclinic
mp-562833,Co5Se4(BrO6)2,2.528,-1.260220709755435,4.412570688278876,724.2707740347321,46,4,Triclinic
mp-17166,K2B4O7,4.821,-2.771660704320512,2.502152117571687,619.6749734666896,52,3,Triclinic
mp-19140,K3MnO4,0.0,-1.765423763085129,2.685503863501311,584.2777648217935,32,3,Tetragonal
mp-1189753,Sr5Ni2BiO10,0.0,-2.258483000555555,5.929437921890158,258.8953554077454,18,4,Tetragonal
mp-27566,K3(PtO2)2,0.0,-1.371516848527778,5.82644110400724,325.73314252370074,18,3,Orthorhombic
mp-19291,NaVPO5,1.2667,-2.63002029169027,3.535980512985785,347.3288897453486,32,4,Monoclinic
mp-1020164,Na3LiP2O7,4.8511,-2.639629860135151,2.599721549703544,319.1816574736823,26,4,Orthorhombic
mp-768149,DyInO3,1.987099999999999,-2.9952347806666673,7.713574371670154,420.1945036650193,30,3,Hexagonal
mp-18456,LaCrO4,1.0853,-2.777143998333334,5.151940514884984,328.62959392174895,24,3,Monoclinic
mp-13602,Cd3(AsO4)2,1.6354000000000002,-1.655757343653845,5.527166366474618,739.1491558086035,52,3,Monoclinic
mp-769359,Y2Bi2O7,0.0,-2.5170303095454543,7.1857434103510425,327.11352051844375,22,3,Cubic
mp-1035145,LiMg14CoO16,,-2.8408074379166672,3.607379396213319,304.7919948478441,32,4,Orthorhombic
mp-7638,LiTa3O8,3.4495,-3.251229771277778,8.172769096695935,275.42192604680423,24,3,Monoclinic
mp-551135,BaCuB2O5,0.5047,-2.5904780203703712,4.066481626766127,123.52196061277216,9,4,Monoclinic
mp-554979,Li2Mn2NiO6,1.4988000000000001,-1.8772746120480661,4.067011800016686,227.37755486986416,22,4,Orthorhombic
mp-1079308,SmAsRuO,0.0,-2.032607166875,8.219842647023292,138.32070378997992,8,4,Tetragonal
mp-542181,K3EuV2O8,0.0,-2.559920303696429,3.550378282310555,466.90047551779816,28,4,Monoclinic
mp-646670,Ba2Co4ClO7,0.0,-1.836360706071429,4.98612313339876,438.16073160025155,28,4,Trigonal
mp-28288,BaGe2O5,1.8132000000000001,-2.4431841046875,5.858231305683136,411.1262094559529,32,3,Orthorhombic
mp-752583,NaV5O10,0.0,-2.409595186961207,3.777208611040848,192.41813905239994,16,3,Triclinic
mp-676861,AlSbO4,1.6178,-2.5433669,5.789865919533531,61.01378780609018,6,3,Orthorhombic
mp-1228332,Ba2TlSbO6,0.0,-2.281407364333334,7.444225488924354,155.42962285764233,10,4,Cubic
mp-556820,Sm3Si2Cl5O6,4.6078,-3.2213490909375,3.8857142137816343,667.0955509640378,32,4,Monoclinic
mp-572231,CsDy(MoO4)2,3.602,-2.546839806776821,5.019838864603766,407.0638866945828,24,4,Monoclinic
mp-29680,Ta2Bi4O11,2.7997,-2.406476838215685,9.283679194004945,491.4574037777165,34,3,Triclinic
mp-1228310,Ba2TbNbO6,2.8523,-3.447831680666667,6.54208670574249,158.00094704004164,10,4,Cubic
mp-556632,Ba4PrMn3O12,0.0,-2.624391536772987,5.745850079063037,302.58741214642555,20,4,Trigonal
mp-761214,Li3Fe8(BO3)8,,-2.24448991868217,3.195985971292462,487.38625418685456,43,4,Triclinic
mp-3523,SrGd2O4,3.0774,-3.650157833571427,7.289366239659539,424.73184031756557,28,3,Orthorhombic
mp-1079630,Ba2TaInO6,3.945899999999999,-3.075058790399999,7.468428663189091,148.17176644031986,10,4,Cubic
mp-16600,Dy2B4O9,5.6245,-3.288080790333332,6.19941444749483,274.4104992252012,30,3,Triclinic
mp-1181747,CrO2,0.9693,-1.991153182499999,4.193291391832299,133.04757510230127,12,2,Orthorhombic
mp-18656,GdGaO3,3.3962,-3.0777339375,7.85192888029128,232.60547911276728,20,3,Orthorhombic
mp-22186,In6Ge2PtO9,1.3445,-1.751959449166666,7.256076496647469,268.49979127660924,18,4,Cubic
mp-29461,Zn3Mo2O9,3.1649,-1.8923423817857152,4.310849943102647,409.9309908080126,28,3,Monoclinic
mp-1095622,Zr(MoO4)2,3.1883,-2.466229184545452,3.822631707033493,178.58018615603595,11,3,Monoclinic
mp-547017,LiAlAs2O7,3.049699999999999,-2.214197438484848,3.9524910975174183,124.25672243803442,11,4,Monoclinic
mp-754483,Na3(CuO2)2,0.0,-1.333669377126436,3.689375775573421,117.04906259339506,9,3,Monoclinic
mp-997051,PdAuO2,0.0,-0.572657589999999,10.266306665194845,54.24740617564503,4,3,Trigonal
mp-1078741,Ba2CuOsO6,0.0,-2.111882844,7.164414977040089,144.72702024370693,10,4,Tetragonal
mp-560410,Sr2UNiO6,1.545799999999999,-3.036749226499998,6.737863468597745,279.9456031028831,20,4,Monoclinic
mp-1194488,KZn2(PO4)2,0.028599999999999,-2.341197496656592,2.86035487022003,417.82225977756417,26,4,Triclinic
mp-3919,KBO2,4.1255,-2.6440814391041663,2.409029412824713,338.7545188038997,24,3,Trigonal
mp-554817,Ba3CaSb2O9,3.1711,-2.762295101333334,5.757870059679037,484.25711161801235,30,4,Monoclinic
mp-579071,BaEu2Mn2O7,0.0,-2.713318692988506,6.9258965569496524,317.9799461061935,24,4,Orthorhombic
mp-29265,Nd2(SO4)3,5.4404,-2.620333949852941,4.030083955373445,475.2189101320136,34,3,Monoclinic
mp-18868,RbFe(MoO4)2,2.3779,-2.015124586458334,3.350446067900264,228.57275584413844,12,4,Trigonal
mp-754200,Mn4CrO8,0.0,-1.984989992440319,4.224744080500446,157.11949706548995,13,3,Monoclinic
mp-760515,Ba3Sr4O7,2.4311,-2.9288347089285702,5.288732126048971,274.55912756519473,14,3,Orthorhombic
mp-6289,Ba2Ti(GeO4)2,3.7129000000000003,-2.894512731410256,4.605709023800627,429.61587921393345,26,4,Tetragonal
mp-647813,Cs2CrO4,3.2458,-2.067413580972909,4.261145311732664,595.1465289596872,28,3,Orthorhombic
mp-558870,P3RuO9,0.0,-2.292726193763733,3.116633523987363,360.15704980569893,26,3,Triclinic
mp-29521,RbBiO2,2.1259,-1.694015584375,6.381728966353738,169.88436818058463,8,3,Monoclinic
mp-27914,Na3BiO3,2.8428,-1.7116207995197041,4.905318745694927,441.35703525474247,28,3,Cubic
mp-556717,Tl3Ga9S13O2,2.2101,-1.102230409814815,4.529365922235316,619.3983801629998,27,4,Hexagonal
mp-1175275,Li7Mn4CoO12,,-2.071519301460727,4.030388968944942,427.87935142552965,48,4,Monoclinic
mp-558765,Li2Ni(WO4)2,0.0,-2.142007291282051,6.681744260655195,282.4419145986178,26,4,Triclinic
mp-758053,NbCrO4,0.0,-2.749603696666666,5.241345884736499,132.3655227051685,12,3,Tetragonal
mp-27563,Rb2In4O7,1.4515999999999991,-1.8943283266666642,6.030524250336519,204.36991709212873,13,3,Trigonal
mp-697811,Li2FeP2O7,2.9154,-2.544903501954365,2.899492959812981,558.1997928343693,48,4,Triclinic
mp-779451,Fe2OF3,0.0,-2.30100286,4.171251313388763,147.04269112542295,12,3,Orthorhombic
mp-554775,CaCuO2,0.0,-2.072768574375,4.625902121163197,194.73560124964294,16,3,Orthorhombic
mp-757764,LiMnPO5,,-2.326246262300903,3.346603814708671,343.0628458812728,32,4,Monoclinic
mp-557786,CaNb2P2O11,2.4743,-3.057174504955356,3.615531047459706,426.05671006477496,32,4,Monoclinic
mp-22688,CuSeO3,0.21020000000000003,-1.08281089171875,4.964965888575642,509.71494838145884,40,3,Orthorhombic
mp-772972,Li2Ti2O5,3.7177,-3.099892777870371,2.541494250003196,495.5506691149584,36,3,Monoclinic
mp-1195696,Gd2(MoO4)3,3.0587,-2.612353608235294,5.41525302916877,487.13787828410824,34,3,Monoclinic
mp-760391,Mn2Cd3O5,0.0,-1.575338884086206,6.830473153531402,256.2868589082294,20,3,Monoclinic
mp-772513,LiCr3O8,1.6692,-1.8641171190277772,2.9002579924932492,666.2738265788208,48,3,Orthorhombic
mp-541995,LaSiO3F,4.541399999999999,-3.780507211388888,4.950442002929167,470.9221998774559,36,4,Hexagonal
mp-997100,SrAgO2,0.0,-1.8154016966666662,6.087851707000628,124.09995145224886,8,3,Tetragonal
mp-19044,Na2FeO4,1.142,-1.345641306108374,2.7693446445133842,198.85870090713985,14,3,Orthorhombic
mp-1726,KO3,0.4127,-0.651055524312499,2.04941168579816,282.280308668779,16,2,Tetragonal
mp-771698,LaAlO3,4.4777000000000005,-3.6653477362499993,4.988433941703543,569.581153201603,40,3,Monoclinic
mp-556259,Ba3EuRu2O9,0.021500000000000002,-2.484864778333334,6.565267164982658,460.36899688596077,30,4,Hexagonal
mp-753958,GdAsO4,2.6976,-2.709864431249999,5.888894578108657,167.02643268632627,12,3,Orthorhombic
mp-756646,SrLu2O4,3.5547,-3.7918457872619102,7.656935820114278,217.54029164718958,14,3,Cubic
mp-1042104,ZnNiP2O7,3.5472,-2.310011806298701,3.969714000609261,498.69241790126205,44,4,Triclinic
mp-1104812,Ho3SbO3,0.37469999999999903,-3.183069485714282,8.522197739528892,258.9730667097185,14,3,Monoclinic
mp-1200173,CrSi(Ag3O4)2,0.0012000000000000001,-1.207304139687499,6.137940478851,462.7727561091991,32,4,Tetragonal
mp-1019802,KAl(PO3)4,5.179699999999999,-2.796808548378968,2.401978670102231,528.1248111592347,36,4,Monoclinic
mp-561121,CsTi3P5O19,2.7906,-3.00614695635248,2.928273438990003,417.00355048535687,28,4,Monoclinic
mp-29894,Hg2WO4,1.9051999999999991,-1.448770275000004,9.374806762425223,229.9181427462662,14,3,Monoclinic
mp-557110,Tb3BWO9,3.8011,-3.382038129583333,7.798376807332183,347.26188257621453,28,4,Hexagonal
mp-866101,AcCrO3,2.0031,-3.1389721295,8.848788046728616,61.36284504026082,5,3,Cubic
mp-1227631,Ca3CdO4,1.7349,-2.829151032499998,4.502474757974714,109.4035286361873,8,3,Tetragonal
mp-767204,Li2V(Si2O5)3,2.0913,-3.019937212777777,2.589617543926982,607.0230771253016,48,4,Monoclinic
mp-1228073,Ba2ZrInO6,0.0,-2.910161960666667,6.101393620494013,156.95107039066554,10,4,Cubic
mp-28164,Ba4P2O,1.0411,-1.507804984183673,4.571226724273718,455.71194291821166,14,3,Orthorhombic
mp-1019514,AlPO4,5.477899999999999,-3.037141712162698,3.204336663784063,379.1877888867174,36,3,Triclinic
mp-560380,Ba4Ho(RuO4)3,0.0,-2.524250893749999,6.694160070070834,300.01138417522293,20,4,Trigonal
mp-9754,Tl2Cr3O12,1.7286000000000001,-1.435697931421568,5.077654963006656,989.9129645986143,68,3,Orthorhombic
mp-11623,LaInO3,2.7507,-2.9282917013333343,7.10934713351585,281.8940253530813,20,3,Orthorhombic
mp-555812,NaSr3BiO6,1.7087999999999992,-2.49956531830721,5.608396051057013,349.86494924508247,22,4,Trigonal
mp-1032958,CaMg6VO8,,-2.872137063125,3.6023442845127143,168.17906056247708,16,4,Tetragonal
mp-761153,U6O11,0.0,-3.605931631470585,11.028555207586075,241.53496901776856,17,2,Monoclinic
mp-1040472,KWO3,0.0,-2.13368859445,6.940053084185971,64.82668610173054,5,3,Cubic
mp-510475,Y2Cu2O5,0.09100000000000001,-2.575295285277777,5.044060924119679,506.84768382192664,36,3,Orthorhombic
mp-4170,NaTaO3,2.2603,-3.03523816674253,6.799149457008522,61.52965494459861,5,3,Cubic
mp-510273,CsSbO2,2.3758,-1.854186307413794,4.968155127322778,191.62734539415547,8,3,Monoclinic
mp-1105404,Mn7CdO12,0.0,-1.886002653275862,5.386169387732588,212.40731757955527,20,3,Trigonal
mp-996983,AgAuO2,0.6522999999999991,-0.46954475916666605,9.66719256736608,115.7161805496547,8,3,Monoclinic
mp-27519,SeO3,2.4312,-0.874017667773437,3.445588054679223,489.4817316049533,32,2,Tetragonal
mp-1184940,KTeO3,0.0,-1.6388021417833332,5.11867290592566,69.64928845122509,5,3,Cubic
mp-558753,BiB2O4F,4.1919,-2.618158252499999,5.9881398393901595,260.88689327770186,24,4,Trigonal
mp-850193,HoBO3,5.367,-3.524040383833331,6.634932318378414,223.983121981949,20,3,Triclinic
mp-11000,CaB4O7,6.3176,-2.99466313722222,3.36862828588651,192.56077535251828,24,3,Orthorhombic
mp-753815,CaY2O4,4.1546,-3.729354905714285,4.120921886595659,227.17483461696207,14,3,Cubic
mp-755166,NaCoO2,0.0,-1.4790036415948271,4.471623668223759,169.21955348543906,16,3,Orthorhombic
mp-1019532,BaAl4O7,4.1958,-3.4240947214583333,3.48037319527452,681.7956718993869,48,3,Orthorhombic
mp-1064456,CuO,0.0,-0.9417144174999991,5.975002402200637,44.21362047308117,4,2,Orthorhombic
mp-23170,IO2,1.4625,-0.696473726249999,5.374756272178859,392.7472417848188,24,2,Monoclinic
mp-1193175,Na(RuO2)2,0.0,-1.475466854839901,6.591282475321325,291.35895401862257,28,3,Orthorhombic
mp-555097,Tb3Si2Cl5O6,4.689599999999999,-3.231703675,4.172446888940587,641.7052931681286,32,4,Monoclinic
mp-541825,MnV2O6,1.6249,-2.320705628659003,4.202820531001824,199.77690745715768,18,3,Monoclinic
mp-1190024,Ba3NaSbO6,2.8068,-2.648861400579937,5.7193790759259056,379.01980268555747,22,4,Trigonal
mp-705356,Li2Fe(PO3)5,1.6862,-2.547096333690476,2.562750094717843,602.0599116723545,46,4,Monoclinic
mp-556409,Ba7Ca2Mn5O20,0.7955000000000001,-2.60379826351927,5.161897597834486,526.327088321909,34,4,Trigonal
mp-9039,Sr4IrO6,0.0,-2.6421329136363623,6.482291982546245,327.2223297362135,22,3,Trigonal
mp-504864,YCu(WO4)2,1.496999999999999,-2.372273168333333,6.551462797475394,164.27480700339785,12,4,Triclinic
mp-627414,Cr2Ag2O7,1.3352,-1.285623875303029,4.370480562505867,328.062427896215,22,3,Triclinic
mp-752686,Sm3TaO7,3.4256,-3.79243032112121,7.945394148141239,310.9928504691055,22,3,Orthorhombic
mp-850194,TiNiO3,0.0,-2.582765521666667,5.132560035281104,100.00880325404562,10,3,Trigonal
mp-779654,Na3Nb6O11,0.0,-2.537033020456896,4.946062957958224,269.38965369271904,20,3,Trigonal
mp-755082,Sr3(AsO4)2,3.785999999999999,-2.698925470384615,4.940403005317262,181.73635136278833,13,3,Trigonal
mp-984876,Ba2Pd2O5,0.0,-1.772700812777778,6.639986929951165,141.91910095383741,9,3,Tetragonal
mp-26135,Li3Co3(PO4)4,0.846399999999999,-2.2494858293681332,3.216267811887839,596.3276108583361,52,4,Monoclinic
mp-559916,Na17Al5O16,2.4421,-2.266138905880217,2.590871011615951,501.02205745968115,38,3,Monoclinic
mp-705414,Fe13O14,0.0,-1.45207582148148,5.469700615946762,288.40212059445474,27,2,Trigonal
mp-18724,Sr2CoO4,0.0,-2.336809990000001,5.551211979522724,178.3841998623332,14,3,Tetragonal
mp-754594,VBO4,2.6245000000000003,-2.5151507398611113,2.467658088994774,84.61988903978136,6,3,Tetragonal
mp-1305882,Li4Mn3CoO8,,-2.017189074195403,4.139208128780721,304.4956423973962,32,4,Triclinic
mp-608358,CuAgPO4,0.0,-1.6886886046513592,5.04328580416819,701.6752960755971,56,4,Orthorhombic
mp-15743,Sr2CeO4,2.2243,-3.49213323142857,5.495843953065424,229.23921357119025,14,3,Orthorhombic
mp-1106008,SmFe4(CuO4)3,0.0,-1.649820056249999,6.006592851998234,209.10078195455898,20,4,Cubic
mp-559254,Rb2U3(IO5)4,1.9066,-2.16585455637931,5.410565673522361,525.617138921967,29,4,Triclinic
mp-5302,Gd2Ti2O7,0.0,-3.73057191742424,6.562730100117137,264.27507193301346,22,3,Cubic
mp-1041433,Ba2YMn3O8,0.0,-2.674676511699507,5.812869090792757,375.00472031316934,28,4,Tetragonal
mp-768906,YBrO,4.4849,-3.316152355000001,4.81360540193281,127.50649622041021,6,3,Tetragonal
mp-1222717,LaTi2O6,0.0,-3.401140582407408,4.623905701041848,118.73810030999806,9,3,Tetragonal
mp-546546,SiO2,5.5604,-3.231327901666665,2.089347715195751,143.25857805247446,9,2,Trigonal
mp-22113,Ca2Fe2O5,0.8630999999999991,-2.456190248055555,4.056789948641229,445.08680725058156,36,3,Orthorhombic
mp-616573,Cs2V5O13,1.2447,-2.410337946715519,3.431936641717553,352.48911746716726,20,3,Tetragonal
mp-541006,BaTlVO4,3.5439,-2.518580615119048,5.913679536321088,512.9017653270945,28,4,Orthorhombic
mp-560597,Na8Si6SnO18,3.8106,-2.754670289576803,3.063839973630837,411.43324086981266,33,4,Trigonal
mp-3924,LiNbO2,1.579499999999999,-2.686382930833336,5.667091788849184,77.26563847183948,8,3,Hexagonal
mp-28273,K3CuO2,1.521599999999999,-1.287806514875,2.914040978998382,970.2777395941903,48,3,Tetragonal
mp-1047526,YMn(WO4)2,0.0,-2.534654940244253,6.614304362529853,321.1060099078964,24,4,Triclinic
mp-18001,TlNiO3,0.0,-0.964600118166667,9.175342851312838,225.19137756897152,20,3,Orthorhombic
mp-17541,KSrVO4,3.8583,-2.784247623892857,3.524034680679564,455.47968711318225,28,4,Orthorhombic
mp-12410,Ba2TbIrO6,0.0,-2.770439125666666,7.906963359234243,151.5834849087099,10,4,Cubic
mp-1975157,VO2,,-2.445113867777777,4.097718330590563,201.66189654964637,18,2,Monoclinic
mp-7651,ThSiO4,4.6509,-3.790654651666666,7.264248497739688,296.36422744027993,24,3,Monoclinic
mp-578611,NaNiO2,0.0,-1.314003407844826,4.858539305053759,38.85393104900945,4,3,Trigonal
mp-27764,K4I2O9,1.9183000000000001,-1.4201798019333332,3.60795369017063,510.13145754032155,30,3,Hexagonal
mp-22089,Hg2Os2O7,0.0,-1.18980214,10.551517914911758,281.2708406844901,22,3,Cubic
mp-758860,Li5Fe8(BO3)8,,-2.282364372666666,3.251582097080267,486.142187744211,45,4,Triclinic
mp-14294,Ba2YbSbO6,0.0,-2.998014517750002,7.535985659772032,146.63063811058572,10,4,Cubic
mp-540864,VBiO4,2.5347,-2.129854442083334,6.503183768648615,330.8416328485899,24,3,Orthorhombic
mp-31513,Nb2Co4O9,0.0,-2.097964480333333,5.7743174005155655,325.2684018085271,30,3,Trigonal
mp-6635,Ba2CaReO6,0.0,-2.915534629249999,6.517981414415694,152.0769221195082,10,4,Cubic
mp-5088,NaGdO2,3.1172,-3.074661041594829,6.224378679404421,113.24196482288986,8,3,Tetragonal
mp-550468,Co2P2O7,2.0784,-2.250671190616882,4.141132898834099,234.02360752382376,22,3,Monoclinic
mp-17264,BaVAsO6,2.6697,-2.455192690277778,4.522277552438899,527.560025698692,36,4,Monoclinic
mp-1188289,Cs3Re2Cl10O,0.0,-1.7164236530603452,3.6842157278153342,514.5655860464543,16,4,Tetragonal
mp-18834,SrMoO4,3.8445,-2.664873142499999,4.692120679089215,175.22101162731838,12,3,Tetragonal
mp-557669,K3Na(MoO4)2,4.4704,-2.190331413794951,3.003455241678253,508.8229244888112,28,4,Monoclinic
mp-8809,BaLa2PtO5,2.4067,-3.030775586666667,7.912804135678524,289.6913647108643,18,4,Tetragonal
mp-764379,V2O2F3,1.2749000000000001,-2.84259071,3.6611586253383273,173.14668048685988,14,3,Monoclinic
mp-758847,Li3Fe(PO4)2,,-2.492720359770408,2.743720191985889,645.4266350769154,56,4,Triclinic
mp-28150,BaNb2O6,2.6146000000000003,-3.216098964999999,5.294185871731757,262.9269106779757,18,3,Monoclinic
mp-973966,LiIn(IO3)4,3.0613,-1.1476993794444441,4.799462593368732,284.1810755323359,18,4,Triclinic
mp-20399,Ba2MnMoO6,1.265399999999999,-2.6296567122931043,6.020136434621891,287.70721948597884,20,4,Cubic
mp-8922,Cd(SbO3)2,1.4136,-1.8425228622222232,6.486808372977494,115.68757080803138,9,3,Trigonal
mp-3203,NdTaO4,3.9439,-3.6765333174722423,8.132632280984096,158.9303419712479,12,3,Monoclinic
mp-21452,Pb3O4,1.1604,-1.4468076917857111,8.679671995010073,524.6565074909279,28,2,Orthorhombic
mp-23117,La3W(ClO2)3,3.612400000000001,-3.211033771153846,6.354262736965425,419.6447275569339,26,4,Hexagonal
mp-1193545,Cu(SbO2)2,0.48130000000000006,-1.479015190357142,5.226781678368084,471.5449329313606,28,3,Tetragonal
mp-760491,Ce4Y2O11,1.8249,-3.876075379705882,6.236219768729185,243.44548688741867,17,3,Tetragonal
mp-755478,CdBiO3,0.766999999999999,-1.4350966490000021,8.444817808315447,145.26917584693376,10,3,Trigonal
mp-561288,K3LiIrO4,0.0,-1.645693378342592,4.0753343142386385,310.0373463596586,18,4,Monoclinic
mp-560622,CaLa2B10O19,4.3132,-3.147361248020832,3.576261246809263,338.94974238325835,32,4,Monoclinic
mp-1103169,NaAgO,1.2578,-1.036315072681991,4.485147504851868,217.48439590335997,12,3,Tetragonal
mp-7469,NaCuO,1.2722,-1.226059258793103,3.837715995425951,177.46352725716636,12,3,Tetragonal
mp-23091,Ba2BiSbO6,1.774599999999999,-2.452866078000001,7.168423239519623,162.4746175606501,10,4,Trigonal
mp-1294897,KMnIO6,,-1.451632637797892,3.792758304711109,555.0436752198901,36,4,Monoclinic
mp-1228396,Ba2CeZrO6,2.5683,-3.580357676999999,6.003700406710402,166.50207525359932,10,4,Tetragonal
mp-18274,Ba4LiNb3O12,2.579799999999999,-3.206630116416666,5.856724405126423,582.3421567351171,40,4,Hexagonal
mp-504591,PbWO4,2.9475000000000002,-2.054140709166665,8.319423278519203,363.298121168032,24,3,Monoclinic
mp-554218,Ti4P6PbO24,2.7893,-2.975456780605443,3.402087534035407,472.7173282196376,35,4,Trigonal
mp-725970,NaZrSi2O7,0.0,-3.042402821943573,2.994954978039159,313.1292258992061,22,4,Triclinic
mp-757947,Li2Sn(PO3)5,0.1125,-2.513773720864388,2.678296426909559,654.0383860829877,46,4,Monoclinic
mp-1079113,Ba2SrUO6,2.2601,-3.500291717,6.649282511626746,173.88826603169127,10,4,Trigonal
mp-752868,Li3Fe8(BO3)8,,-2.244445156589147,3.204079090755452,486.1551749693864,43,4,Triclinic
mp-29188,VHgO3,2.175599999999999,-1.788131403500003,6.750589982871576,147.3591996311414,10,3,Triclinic
mp-18747,SrMoO3,0.0,-2.512841190999999,5.659054699524615,67.94623090034395,5,3,Cubic
mp-19813,Ba2GdCu3O7,0.0,-2.170353308076923,6.781489399734723,179.8614789314764,13,4,Orthorhombic
mp-1191502,VIn(SeO4)2,2.1645,-1.71013823969618,4.182216740076696,358.67269984246695,24,4,Monoclinic
mp-11641,Ag2SeO4,0.42639999999999906,-0.8401073900967221,5.766886485369779,206.56740910925978,14,3,Orthorhombic
mp-29132,RuCl2O,0.0,-1.212730608749999,4.157891219985625,75.07182818044978,4,3,Orthorhombic
mp-1191377,Na4W4O15,0.37370000000000003,-2.043602173065967,5.451632976578083,325.0971015194926,23,3,Triclinic
mp-780092,V6O5F19,2.041,-2.740233326333333,2.835499011415342,437.23678530747736,30,3,Triclinic
mp-1226467,CeZr2O6,1.9108,-3.7830539755555552,6.397739817669304,108.63772453080534,9,3,Trigonal
mp-5837,LaGaO3,3.3483,-3.0979300295,6.9637120671375285,244.776697806021,20,3,Orthorhombic
mp-637431,Eu2Ru2O7,0.0,-2.274394330909098,7.470572727386083,274.7631602029402,22,3,Cubic
mp-1105126,SrMn7O12,0.0,-2.1319797952758632,5.155468998951534,213.9272620786992,20,3,Trigonal
mp-755520,NaMnO2,0.0,-1.9677241098275862,3.94742447370498,92.48432170745656,8,3,Monoclinic
mp-6368,CsSO2F,4.4107,-2.183438854431034,3.151018970083246,455.24667648201466,20,4,Orthorhombic
mp-557914,DyTaO4,4.1282,-3.729081180666656,9.211488339455267,146.89898355548465,12,3,Monoclinic
mp-561048,K3VSO3,3.1383,-2.06444388803125,2.371818240306947,347.6751961969855,16,4,Monoclinic
mp-540631,KTa(GeO3)3,3.5181,-2.480198996041668,4.320684056295403,447.322043374577,28,4,Hexagonal
mp-753027,Na4Ni3O7,0.0,-1.291160317179802,4.346676824140979,290.36577494385904,28,3,Trigonal
mp-764345,CrPO4,2.1378,-2.5739355932738093,3.673026445502422,265.77016614610164,24,3,Orthorhombic
mp-561236,Pb13(Cl3O5)2,1.8938000000000001,-1.54504972413793,7.451627302484525,1366.6091068958028,58,3,Monoclinic
mp-554278,TiO2,2.6774,-3.501638054444445,3.615939061446627,146.70632301220797,12,2,Monoclinic
mp-18922,Mn5O8,0.5504,-1.956560843050398,4.9291101309361895,135.65833629201595,13,2,Monoclinic
mp-7888,Sr2HoReO6,0.0,-3.01842336775,7.1537468864944564,144.46637440251996,10,4,Cubic
mp-755167,InCoO3,0.0,-1.533098974333332,7.275312124108903,202.4509888295771,20,3,Orthorhombic
mp-29920,Rb5Au3O2,0.8081,-0.8579937192500021,5.807298354195049,600.6098888727827,20,3,Orthorhombic
mp-756450,CrPO5,1.7458,-2.182157174948979,3.001906019611722,360.58802526697764,28,3,Tetragonal
mp-28535,Ca2Se3O8,3.433,-2.072683431310118,3.7772539648577563,391.2851507106469,26,3,Triclinic
mp-558125,BaTiO3,2.0811,-3.490981147333332,5.76628573211291,402.91942798108107,30,3,Orthorhombic
mp-1205381,Cs4FeO3,0.39029999999999904,-1.370976541077587,4.919775905247241,857.9370206286146,32,3,Triclinic
mp-754112,CeBrO,0.0,-3.227982858333332,5.986532452972397,130.93370402791302,6,3,Tetragonal
mp-36765,Ti(CoO2)2,0.0,-2.229277574047619,5.22109557677085,146.12920912649926,14,3,Orthorhombic
mp-560333,Ta2Te4Br10O,1.0323,-1.178742606843137,4.557288970243012,614.8141954400478,17,4,Triclinic
mp-989189,SbBrO,1.6021,-1.4215616150000001,5.603226364882284,129.01087892299554,6,3,Tetragonal
mp-1103912,CsSO4,0.11029999999999901,-1.883705295359195,3.498054316346259,217.3839287780863,12,3,Monoclinic
mp-618309,Bi2AuO5,0.0,-1.248398051875002,10.695889663223916,431.5486039556002,32,3,Tetragonal
mp-4757,KReO4,3.6923,-2.349105578291658,4.749305011748002,202.30276486447863,12,3,Tetragonal
mp-1215173,ZrUO4,0.0,-3.6940681849999972,8.808100484485287,74.13719177768137,6,3,Trigonal
mp-1194229,Fe3(PO5)2,0.179599999999999,-2.085623588952381,3.610666044757829,358.23915898538877,30,3,Monoclinic
mp-715566,CrO3,2.0419,-1.500758208749998,2.6878667847748883,123.55109451693063,8,2,Orthorhombic
mp-756834,HoCrO3,2.4964,-3.2267283235,8.113944214971221,216.86995599622566,20,3,Orthorhombic
mp-1018025,LuAgO2,2.153,-2.708882957083331,8.559651703209585,61.0765688395842,4,3,Trigonal
mp-20194,CeO2,1.8647,-3.9271761966666663,6.994759103664203,40.85964149792201,3,2,Cubic
mp-17114,Nd2Sn2O7,2.6738,-2.97475702772727,7.077444395608431,299.3333410386376,22,3,Cubic
mp-559795,Rb7NaZn2O6,1.5706,-1.450949288367457,3.9431339982535203,714.2886488601367,32,4,Triclinic
mp-1408168,La2ZnSnO6,2.9267000000000003,-2.907802132499999,6.879823895272628,134.6631102711447,10,4,Trigonal
mp-7988,Cs2O,0.583199999999999,-1.180246544770117,4.577833402444146,102.22237851217304,3,2,Trigonal
mp-16037,Dy2TeO2,0.8027999999999991,-3.327902807999997,8.45883840240184,95.13070243770011,5,3,Tetragonal
mp-25279,V2O5,2.161,-2.2890218171428582,3.437530505956599,175.71849611799263,14,2,Orthorhombic
mp-752944,CrOF,2.5519,-2.652131541666666,4.36970293113962,66.11743502753143,6,3,Orthorhombic
mp-19132,HgWO4,2.2876,-1.647943537916667,8.546464237343693,174.254879599921,12,3,Monoclinic
mp-3074,KAgO,1.4858,-1.027251272138884,4.099159386853135,264.0651098774407,12,3,Tetragonal
mp-1043513,CaFe(GeO3)2,1.6032000000000002,-2.342413028999999,4.420047015409942,506.7211049854847,40,4,Monoclinic
mp-1205705,Sr2UCrO6,0.9756999999999991,-3.272775954999999,6.590657688462859,141.4117591801934,10,4,Cubic
mp-1215559,ZnCuP2O7,0.135599999999999,-2.201177479480519,4.033296325382571,124.70556577862047,11,4,Monoclinic
mp-677335,GaPO4,4.698,-2.591907708690476,3.073835355621976,88.97074517981943,6,3,Tetragonal
mp-559391,Pr3Si2Cl3O7,4.8482,-3.377773632333332,4.7167029203442965,490.9398823992512,30,4,Monoclinic
mp-3466,PrAlO3,4.1325,-3.655848326333328,6.694744446690226,107.09578105965994,10,3,Trigonal
mp-1968,La2O3,3.824799999999999,-3.8759289195,6.615226585908185,81.78386608522705,5,2,Trigonal
mp-559212,RbReSO3,2.7968,-1.9693041158333342,4.087535466144651,571.5666029522165,24,4,Monoclinic
mp-753249,LiVPO5,1.6680000000000001,-2.582478255372024,2.517669317202842,222.73571556815745,16,4,Monoclinic
mp-554383,Na2Si2O5,4.4573,-2.89998372836207,2.6228072804276152,461.28147641041636,36,3,Orthorhombic
mp-759474,LiFe2(BO3)2,1.4644,-2.262759938560605,3.232665189589169,485.42157650500945,44,4,Triclinic
mp-1178380,DyNbO4,3.2613,-3.565900418611113,7.176268601006237,147.81575671321895,12,3,Monoclinic
mp-38131,VZn2O4,0.0,-2.067259858928572,5.50011070860934,296.7862190886736,28,3,Orthorhombic
mp-542158,FeNiPO5,0.0,-2.077506058080357,4.199603403986262,356.66870164147826,32,4,Orthorhombic
mp-725923,Ca5V3O13,0.6106,-2.947653073571429,3.100943349195146,601.0465492892952,42,3,Hexagonal
mp-1176413,MnWO4,0.338999999999999,-2.149400904655172,5.9788869319506635,168.18206889002985,12,3,Tetragonal
mp-558557,BaLa4Cu5O12,0.0,-2.443297786363636,6.756471887650641,295.5807915938623,22,4,Tetragonal
mp-555247,Dy3ReO7,0.0,-3.361929472499997,8.94298603292761,291.77954417757223,22,3,Orthorhombic
mp-6501,BaHo2ZnO5,3.0589,-3.269829354722221,8.023228760171397,507.1452910431363,36,4,Orthorhombic
mp-1047841,CaMo3P3O13,1.1772,-2.544687625696428,3.772635709731395,553.5472377236982,40,4,Monoclinic
mp-756009,NaCu3O4,0.0,-1.116963513922414,5.598814548644539,164.68049354494175,16,3,Cubic
mp-546279,ScBrO,3.236,-3.195286243333331,3.709573977713806,126.10741388397979,6,3,Orthorhombic
mp-760457,YBO3,4.5981000000000005,-3.437200335833333,4.046782608745556,121.2254944061883,10,3,Orthorhombic
mp-540907,Ba3NiIr2O9,0.0,-2.048973204666667,7.86803449013967,843.4378700990209,60,4,Hexagonal
mp-559702,Pr2Ta2Cl2O7,3.0662,-3.427969009461539,6.936018241143643,197.89782830179408,13,4,Monoclinic
mp-1095309,LaAsO4,3.7988,-2.848692927083333,5.7734482166588315,159.81392779070794,12,3,Tetragonal
mp-622258,RbV2SbO8,2.7554,-2.242689998333334,3.871006777940369,750.0184121418148,48,4,Orthorhombic
mp-766379,Li4V2Si3O10,1.3892,-2.732972133333334,2.869797120360592,432.69358746590467,38,4,Monoclinic
mp-1105,BaO2,2.2352,-2.170192663333334,5.534178952108108,50.806471622351985,3,2,Tetragonal
mp-14364,Cs2LiAsO4,3.7302,-2.096997168767959,4.3048676923768,317.5920837988947,16,4,Orthorhombic
mp-1019728,RbEu(PO3)4,0.0,-2.789527483809523,3.515030936729633,1045.577018649191,72,4,Monoclinic
mp-1191513,Na3Sc(BO3)2,3.6398,-2.8108748677059383,2.8001614063969953,274.61790273084546,24,4,Monoclinic
mp-555710,K5In(MoO4)4,3.4447,-2.146051637612179,3.730248739545978,845.8479258153203,52,4,Monoclinic
mp-1076711,SrCuO3,0.0,-1.740167172999999,5.848026625620712,56.55239894415372,5,3,Cubic
mp-753386,NaNi2O3,0.0,-1.262102342313217,5.261744058391629,237.79466281894142,24,3,Monoclinic
mp-27150,Mg2V2O7,2.7138,-2.675142304545454,3.282679233035862,265.55924353404055,22,3,Triclinic
mp-7599,BeO,7.0846,-3.087509171249999,2.912878239417336,57.033223656855846,8,2,Tetragonal
mp-748,Ti5O9,0.0,-3.425320040833333,4.296741959530481,296.2867131326208,28,2,Triclinic
mp-1194048,BaYCo4O7,0.7462000000000001,-2.052164372307691,5.150480319589942,370.0957262613058,26,4,Orthorhombic
mp-772798,BaLa2O4,3.356999999999999,-3.528688635476191,5.628473878141212,848.1410409912811,42,3,Monoclinic
mp-756819,BaV8O16,0.0,-2.579505936400002,4.369200469509489,304.3672920122306,25,3,Triclinic
mp-1192130,Cd2Tc2O7,0.0,-1.6871452349999991,6.691782355604723,264.43321831554425,22,3,Cubic
mp-35185,NbBi3O7,0.0,-2.097080187727272,8.3414915312713,165.59489686037819,11,3,Monoclinic
mp-18853,TlV2AgO6,2.153299999999999,-1.896817975,5.071139066639604,334.0836358057696,20,4,Monoclinic
mp-755704,V3NiO8,0.7002,-2.145315913333333,3.981948780767103,141.58262629984503,12,3,Monoclinic
mp-1101269,TmGaO3,2.4668,-3.181510882500001,7.691538030930057,123.77303604118883,10,3,Hexagonal
mp-756172,Mn3NbO8,0.0,-2.119387982816091,4.529682119345983,282.7995415499618,24,3,Hexagonal
mp-1207130,Ba2SmUO6,0.8488999999999991,-3.5953958395,7.118504986766768,177.06167677682004,10,4,Cubic
mp-562216,Ba2CoSi2O7,1.7828,-3.058014943333333,4.47813022936263,744.2232073172265,48,4,Monoclinic
mp-555023,KCa4(BO3)3,4.5893,-3.156328408514706,3.039095275392167,410.7100693500769,34,4,Orthorhombic
mp-989190,ScBrO,3.345399999999999,-3.1237904716666662,4.13041542553273,113.25853037662912,6,3,Tetragonal
mp-19770,Fe2O3,0.0,-1.7070913529999991,5.143372282900504,103.1107530196113,10,2,Trigonal
mp-555966,BaTi2O5,2.1471,-3.530045994166729,5.056735279855381,308.4075062318844,24,3,Monoclinic
mp-2310,CdO2,1.2535,-0.8412000416666661,6.075567913124506,157.87700371639545,12,2,Cubic
mp-552537,Sr2CuBrO2,2.3439,-2.411228150833334,4.346338922638349,133.98229244984466,6,4,Trigonal
mp-558434,Ca3CuRhO6,0.0,-2.303566461363636,4.609927937960316,275.6911837159328,22,4,Monoclinic
mp-1104703,Sr2NiClO3,0.0,-2.343474359285714,4.715653545682307,447.0468598523461,28,4,Tetragonal
mp-28244,TlBO2,2.8659,-2.193856436875002,6.403281242453278,512.8293248437063,32,3,Tetragonal
mp-5279,Ca3TeO6,3.2598000000000003,-2.812126670666663,4.385376668516929,260.385300803723,20,3,Monoclinic
mp-557146,TiAs2O7,2.5664,-2.184230785583333,4.060262785404504,253.3229691482565,20,3,Monoclinic
mp-1901,NaO2,0.0,-0.9068322404597691,2.326334011099947,78.50176904758418,6,2,Orthorhombic
mp-572291,K3ClO,1.0785,-1.639030035849999,2.092230640911296,535.7181537332247,20,3,Orthorhombic
mp-557171,Na2Cu(PO3)4,0.8701999999999991,-2.4577612008594762,2.7924008671806133,505.95568576135685,38,4,Monoclinic
mp-3408,CeAlO3,0.0,-3.619700071999999,6.6828728991216835,106.8926141185251,10,3,Trigonal
mp-755176,NiTeO4,0.44470000000000004,-1.312400005694444,5.193029049137061,320.13530414388487,24,3,Monoclinic
mp-753903,Bi2B2O7,0.508599999999999,-2.01119179030303,6.011560540438694,304.71881882892774,22,3,Triclinic
mp-510568,V2O5,1.7022,-2.278425560000001,3.745523265513974,161.26924011604765,14,2,Monoclinic
mp-582540,EuMoO4F,0.0,-2.65965903607143,5.3739086753673,408.9927206767124,28,4,Monoclinic
mp-2533,NbO2,0.0,-2.85016904125,5.71910918533139,72.53225084167956,6,2,Tetragonal
mp-1043124,CaFe4(CuO4)3,0.0,-1.5190555345,5.215924769378137,205.68849059926603,20,4,Cubic
mp-27589,Cu5(PO5)2,0.0,-1.645172859369747,4.657360374831655,192.41492532472355,17,3,Triclinic
mp-758529,LiFe(PO3)4,1.716,-2.4741782831613772,2.567856352648671,489.7491383855316,36,4,Monoclinic
mp-19386,Sr3V2O8,3.676,-3.01776698923077,4.450779361778166,183.83545087242294,13,3,Trigonal
mp-755717,SmHoO3,4.5947,-3.877823318999999,8.225467010815883,293.35952797041665,20,3,Orthorhombic
mp-15733,CaTaAlO5,3.900699999999999,-3.484082552166667,5.438320302731463,200.30602126511576,16,4,Monoclinic
mp-1216763,TiVO3,0.0,-3.029616557666668,4.6937662299986105,103.87320059980844,10,3,Trigonal
mp-669367,KAl(SO4)2,5.4996,-2.3129366476875,2.509027206630023,170.8867694440609,12,4,Trigonal
mp-1208946,Sr2FeIrO6,0.0,-2.221845612999995,7.054063259997698,122.24376910721874,10,4,Triclinic
mp-14150,Ca4Al6SO16,4.6682,-3.267172766944443,2.6233800035667683,386.27837981754766,27,4,Cubic
mp-1192472,CuAgPO4,0.087899999999999,-1.687262392329931,5.190335387545558,340.8979184972282,28,4,Monoclinic
mp-1202163,Ca6Si6O19,0.7095,-3.255498799193548,2.616822614227801,452.42419859151846,31,3,Triclinic
mp-754338,Ag2O,0.0,-0.296431336944442,7.781835604135266,197.79721320523308,12,2,Orthorhombic
mp-556920,Tb9(SbO)5,0.0,-2.423901925526319,8.121656007693812,866.5449743884913,38,3,Tetragonal
mp-549695,GdBi2ClO4,0.8529,-2.4337813325,8.042076734008294,139.30501392625655,8,4,Tetragonal
mp-1217766,SrYCoO4,0.7500999999999991,-2.704866017142857,5.655819740579845,87.91996219534528,7,4,Tetragonal
mp-27503,LiV3O8,1.7930000000000001,-2.343562962777778,3.5559253978868153,268.7558543641708,24,3,Monoclinic
mp-753555,Ce3Th2O9,0.0,-4.058903076071428,7.871034093836818,216.9637992954387,14,3,Orthorhombic
mp-754713,Al2CrO5,0.327399999999999,-2.8714373228125,3.775538464786916,327.14538579981814,32,3,Orthorhombic
mp-690535,Na(WO3)2,0.0,-2.174631444597701,6.763085533631898,119.49104923533764,9,3,Orthorhombic
mp-769590,Li2V3CrO8,,-2.427746425833333,3.810113476951442,302.19847502542535,28,4,Triclinic
mp-15994,Hg(PO3)2,2.5782,-2.198609597837295,4.920470377982254,967.97182670578,72,3,Orthorhombic
mp-556630,RbAlAs2O7,3.0281,-2.213547571590915,4.058007182060039,306.3180425928153,22,4,Triclinic
mp-7502,K2Sn2O3,1.230899999999999,-1.736641652785711,4.067215670067516,148.4545275131482,7,3,Trigonal
mp-28568,Rb3CuO2,1.4422000000000001,-1.237837759583333,4.116188534417284,567.9270816999009,24,3,Monoclinic
mp-27915,K2BeO2,2.9234,-2.1003341254,2.48597272935165,318.50525890128915,20,3,Monoclinic
mp-17560,Na2UO4,2.0747,-3.006267255036945,5.780269409978679,399.8966816663364,28,3,Orthorhombic
mp-557122,RbAu(SeO4)2,1.426699999999999,-1.164052884348957,4.5449481236199745,207.65180088746055,12,4,Monoclinic
mp-4748,NaNbO3,1.681,-2.818122026275862,4.399581445185803,247.43532826035178,20,3,Orthorhombic
mp-22952,CeClO,0.0,-3.4051250333333343,5.601850337421749,113.57204957834132,6,3,Tetragonal
mp-780480,Li11V6O5F19,0.0,-2.986915285528455,3.048654183726899,448.25296947820993,41,4,Triclinic
mp-850410,Li2Mn3(BO3)3,0.6674000000000001,-2.45492535076234,3.121821322623051,377.7902541513325,34,4,Triclinic
mp-698587,TiNiO3,1.708199999999999,-2.576704852666667,4.966626181744278,516.7503733668699,50,3,Triclinic
mp-22720,RbSr2Nb3O10,1.4661,-3.14837259234375,4.734086504744042,245.33049696160737,16,4,Tetragonal
mp-1043068,CaAs2WO7,3.075,-2.143967177727272,4.342402301413512,743.0158878755667,44,4,Monoclinic
mp-754969,TmBrO,4.3478,-3.361061613333336,7.286961012873412,120.7013999205033,6,3,Tetragonal
mp-17008,CaTeO3,3.2993,-2.395319489466665,4.191933759212914,512.6112811998438,30,3,Monoclinic
mp-27917,Ca3SiO5,3.6973000000000003,-3.377056406481481,3.037039950605738,374.5045906199834,27,3,Trigonal
mp-2920,LaAlO3,4.0189,-3.722193366,6.535048660257443,108.69536345095825,10,3,Trigonal
mp-572871,V2CoO6,1.6803,-2.10132151037037,4.11266757838098,311.0735346329415,27,3,Triclinic
mp-1048875,Mn2ZnO4,0.0,-1.9161421765517241,4.992543373171934,159.1726801378571,14,3,Trigonal
mp-31102,Tb3ReO7,0.0,-3.344088259318181,8.726761065110354,294.927899735609,22,3,Orthorhombic
mp-1182164,BaO6,0.0,-0.875160372142858,3.077853165169779,251.76160138917245,14,2,Monoclinic
mp-27843,Zn2Ge3O8,2.3392,-2.016907164615384,5.446922781096103,581.3440981338296,52,3,Cubic
mp-560869,K3VO4,4.0392,-2.27827762240625,2.720630234645574,566.9769088364263,32,3,Cubic
mp-17508,K2Nb4Fe2O13,1.8139999999999992,-2.681097893309524,4.150281933554782,307.880767074303,21,4,Monoclinic
mp-9210,La(PdO2)2,0.0,-1.980157364285713,7.609976589706712,181.4348838699449,14,3,Tetragonal
mp-754461,V4OF11,1.5199,-3.129776695625001,3.617283803715062,196.81964941168874,16,3,Triclinic
mp-550805,LuBi2ClO4,1.461799999999999,-2.481985219583334,8.57199460348832,134.12530399892336,8,4,Tetragonal
mp-2234152,MgV6O15,,-2.371505197727272,3.3763563991930843,280.30688304692035,22,3,Triclinic
mp-754003,WOF4,4.8905,-2.62405689,4.588357374726147,199.64944149090616,12,3,Triclinic
mp-757476,CoP2WO8,2.0195,-2.296515399107142,4.7654347613472545,301.56395973242934,24,4,Monoclinic
mp-760161,Na2(NiO2)5,0.0724,-1.062529512515213,4.386982608086518,189.04577469577873,17,3,Triclinic
mp-1019779,K2Mg2Si2O7,4.9573,-2.92937610226923,3.204676026223396,152.84379771925302,13,4,Trigonal
mp-752924,NaYbO2,0.0,-3.191410233124999,7.310019089311966,51.798817891456956,4,3,Trigonal
mp-3563,Ba5Nb4O15,2.5999,-3.271554933958334,6.09916822830891,353.45760053425505,24,3,Trigonal
mp-772541,Mn3TeO8,0.6513,-1.7158689308716482,4.45525429860172,156.69276722316994,12,3,Monoclinic
mp-19197,Ba3CrO5,0.0,-2.750318571666667,5.719120029891686,315.8843456851464,18,3,Tetragonal
mp-18782,LiFeO2,0.0,-1.924714834583333,4.231705396072065,74.3879115337108,8,3,Tetragonal
mp-541129,NdVO3,1.034099999999999,-3.221048318000001,6.769493593782093,238.60733896143174,20,3,Orthorhombic
mp-546989,V2MoO8,1.3417,-2.126873003636363,3.469626149722184,155.9343359666035,11,3,Orthorhombic
mp-25305,Y2Ti2S2O5,0.7881,-3.288295090606061,4.168938740946212,166.36412250204617,11,4,Tetragonal
mp-559240,Li2MnSiO4,2.176599999999999,-2.690084414012211,3.05018930297962,350.3860667930348,32,4,Orthorhombic
mp-17516,Ca10P6SeO24,3.747499999999999,-3.283132694882948,3.162781561163804,551.0494224661643,41,4,Trigonal
mp-22341,PrFeO3,1.0793,-2.757081589333333,6.705028763705313,242.4558416265244,20,3,Orthorhombic
mp-510015,Ba2CoSi2O7,3.138099999999999,-3.05940255,4.389213557666858,379.64983912198136,24,4,Tetragonal
mp-1147521,CsCoO2,0.0,-1.360100111163793,4.9109640399387295,151.3718374325911,8,3,Cubic
mp-22458,Sr2MnGe2O7,0.0023000000000000004,-2.62461285191092,4.264198803893687,759.2855680628923,48,4,Tetragonal
mp-757019,LiFePO4,3.6715,-2.424008247925169,3.357816141816954,312.06266404212045,28,4,Orthorhombic
mp-31417,Nd3TaO7,3.471599999999999,-3.745643342712122,7.540307338875009,319.6163760791489,22,3,Orthorhombic
mp-561462,Ba2Nd2Si4O13,5.046200000000001,-3.512607946904762,4.938429302866654,594.132269364722,42,4,Triclinic
mp-755360,Na2CoO3,0.0,-1.478698638793103,4.071189150385437,124.737303774067,12,3,Monoclinic
mp-29798,TlBrO3,3.5098000000000003,-0.6422784746666681,6.2722039936004,87.97115887456695,5,3,Trigonal
mp-759980,LiV3(O2F)2,1.4523000000000001,-2.690912926833333,3.975578667467983,437.3326119325342,40,4,Orthorhombic
mp-542187,Sr2MnClO3,0.0,-2.732661370418719,4.553130336965837,228.7628840855079,14,4,Tetragonal
mp-1224305,HfTiO4,2.5991,-3.712703552222221,7.019912964481697,137.36499552245223,12,3,Orthorhombic
mp-505284,Pb3(BrO)2,2.3882,-1.46257496,7.394284995124055,730.6690338978106,28,3,Orthorhombic
mp-1190827,Ba2CoGe2O7,2.124,-2.4915868775,4.8201633329324505,814.2056759797608,48,4,Tetragonal
mp-861547,Li4MnCo3O8,,-1.773316163204024,4.346386825536164,148.0433404174244,16,4,Monoclinic
mp-27443,Ba2MnO3,1.4139,-2.5622813575718393,5.749592983414363,436.2071226942557,24,3,Monoclinic
mp-753799,CsTmO2,2.776,-2.997090407413796,7.800849861114383,142.12600365043156,8,3,Hexagonal
mp-755725,Na3NiO3,0.0,-1.386525704876846,3.12431833029222,186.72348276077233,14,3,Triclinic
mp-15742,Nd2CuO4,0.0,-2.896723183571427,7.350747495097408,187.96185912918057,14,3,Orthorhombic
mp-14398,CaSn(BO3)2,3.7069,-2.837426864333333,4.019648581983499,114.18501296742225,10,4,Trigonal
mp-729083,Ca(BO2)3,0.5526,-2.838158158,2.601050864995036,430.3078028606362,40,3,Orthorhombic
mp-7181,CsSr2Ta3O10,2.0452,-3.353239764478449,6.7693694257284704,247.99605608632453,16,4,Tetragonal
mp-6562,Ba2CuHgO4,0.0,-1.9530175465625002,6.582036471328142,152.07335344042525,8,4,Tetragonal
mp-22390,SrRuO3,0.0,-2.190611637000002,6.458339792097221,243.42479049130682,20,3,Orthorhombic
mp-505131,LiVCuO4,0.0,-1.960942226904761,4.110999665099459,149.7967930434404,14,4,Orthorhombic
mp-1079111,EuTiO3,0.0,-3.558521973666669,6.956660393444921,118.31253652456535,10,3,Tetragonal
mp-20222,Sr2NbInO6,3.3968,-2.982250818166667,5.709132391145358,278.617846660112,20,4,Monoclinic
mp-607464,Re2Cl5O4,0.6223000000000001,-1.5894442077272721,4.020973068833673,506.85938508603016,22,3,Triclinic
mp-3671,NaNbO3,2.3565,-2.843081658275861,4.517336614270683,481.97067079689253,40,3,Orthorhombic
mp-561089,Ba3LaIr2O9,0.0,-2.494737784000001,7.522769272688495,476.48539359352156,30,4,Monoclinic
mp-5020,BaTiO3,2.5086999999999993,-3.492236987666666,5.89961040436988,65.6356490658401,5,3,Trigonal
mp-29020,P4SeO6,3.1346,-1.84174718621956,2.296700838812847,864.2910667816707,44,3,Monoclinic
mp-562327,Co5Te4Cl4O11,1.8011,-1.398851575277777,4.454506411834842,837.1620164247685,48,4,Triclinic
mp-1104602,Cu2Ag(SO5)2,0.0,-1.225662482444444,3.968180927225138,192.11000277950694,15,4,Monoclinic
mp-997162,MnAgO2,0.0,-1.387248082399425,6.120415703738995,105.7056916560927,8,3,Hexagonal
mp-556477,Lu2O3,4.2763,-4.076956099416664,10.581659174371737,187.3379079034599,15,2,Monoclinic
mp-9785,BaHo2PdO5,1.943799999999999,-3.066203472777775,8.545100337205437,254.02534692435776,18,4,Tetragonal
mp-21190,PbSO3,3.2251,-1.715408564499999,6.19443377816386,154.01303269333644,10,3,Monoclinic
mp-1105153,SrOsO3,0.0,-2.1022043495,8.602092833802455,251.60559242284313,20,3,Orthorhombic
mp-771137,VCoO4,0.6005,-1.8190086741666671,4.3046616384482235,134.14375516445023,12,3,Orthorhombic
mp-510598,YMn2O5,1.1643,-2.6337420172952273,5.30340269093089,349.15192965223,32,3,Orthorhombic
mp-7470,RbCuO,0.9215000000000001,-1.188898820833333,4.192598702920158,261.4234125615979,12,3,Tetragonal
mp-560610,Sr2Co(ClO)2,0.5029,-2.504358609642857,4.3219877246709455,518.0312530677674,28,4,Orthorhombic
mp-776640,Ti5Cr(PO4)6,0.0,-2.886595202625662,3.186787749158028,448.7241467834274,36,4,Trigonal
mp-865762,TlW2(Cl3O)2,0.0,-1.495555315757577,4.798157871590008,282.66999568774236,11,4,Monoclinic
mp-2951,CdGeO3,1.5369000000000002,-1.8570413364999991,5.910380819331949,261.9034629877659,20,3,Monoclinic
mp-1147775,Ba2OsO4,0.0,-2.344879587142856,7.945636261166051,110.52967056876466,7,3,Tetragonal
mp-12441,CaAl2O4,4.8499,-3.395783402142856,3.86373040988336,271.68499836644554,28,3,Orthorhombic
mp-636519,Ni(RhO2)2,0.0,-1.046046744999999,6.848654208139837,159.29856812098967,14,3,Tetragonal
mp-754217,SmIO,3.6304,-3.059044779999999,6.377560503526873,152.71548194266433,6,3,Tetragonal
mp-771764,Mn5P6WO24,0.058300000000000005,-2.453638045486453,3.5886780568664403,475.8379730991302,36,4,Trigonal
mp-559343,KCu4(PO4)3,0.0,-1.978874759808928,3.885220626881439,494.24101193995443,40,4,Triclinic
mp-1003322,CaMnO2,1.786099999999999,-2.6254296288577583,4.280067939619826,197.11192918996315,16,3,Orthorhombic
mp-619064,PrMnGeO5,1.9606000000000001,-2.6750331186997123,5.598383433146016,206.72722259624467,16,4,Triclinic
mp-1523234,BaCaZr2O6,,-3.558424076,5.078673954290229,149.04594073158185,10,4,Tetragonal
mp-6125,RbTi2(PO4)3,2.6058,-3.025165085449734,3.1633208267358,489.361453143884,36,4,Trigonal
mp-774995,Fe5(OF4)2,0.9343999999999991,-2.324643558999999,4.156885436045718,370.0751516598656,30,3,Triclinic
mp-540391,CoPO4,1.0241,-2.084703074940478,2.965233554882489,344.7479258494959,24,3,Monoclinic
mp-1095378,AsAuO4,1.8671000000000002,-1.16497064791667,6.067715375316714,183.84232180975374,12,3,Monoclinic
mp-20693,In(FeO2)2,0.0,-1.6524331452380951,5.535574771862777,87.14468103982303,7,3,Trigonal
mp-1042969,TiZn(GeO3)2,,-2.304061655583333,4.327343441912514,544.2120499653122,40,4,Monoclinic
mp-1223926,Ho2SbO2,0.0,-3.040846801999998,8.187129648103978,98.08919706959738,5,3,Orthorhombic
mp-778182,Fe5O3F7,0.0,-2.221797805,4.294372094986395,355.9076974286344,30,3,Triclinic
mp-1041524,Ca(BiO2)2,1.786299999999999,-2.087547125,7.094258340538206,244.38406237161638,14,3,Orthorhombic
mp-545847,LuBi2BrO4,1.3984,-2.428291011458334,8.774656788566745,139.43952836009333,8,4,Tetragonal
mp-18311,BaTeW2O9,3.4154,-2.267331930128205,6.664059276805031,387.02455738128793,26,4,Monoclinic
mp-19394,LiV2O4,0.0,-2.481716318333333,4.135503951867093,138.78696366509544,14,3,Cubic
mp-762506,SrNiO3,0.0,-1.7639698830000001,5.445558235163306,118.50465607365828,10,3,Cubic
mp-756271,Cu(NiO2)2,0.0,-0.979728519285714,5.77318048870885,140.89859085244888,14,3,Cubic
mp-37014,GdPaO4,0.0,-4.141709236666668,9.519391591713967,157.7904176925609,12,3,Tetragonal
mp-36862,VCl2O,1.6191,-1.8713052362499991,2.689656585402629,170.20772384251293,8,3,Monoclinic
mp-887324,NaCu3O4,0.0,-1.085033841422413,4.507364933047347,102.27877671689046,8,3,Orthorhombic
mp-1192556,RbInTe3O8,3.0269,-1.7148658903205112,4.942539870061224,477.80202529853045,26,4,Triclinic
mp-1105304,Ca2FeOsO6,0.0,-2.3296084820000003,5.9341385849320165,236.30223078013168,20,4,Monoclinic
mp-558108,U3Tl2(IO5)4,1.7019000000000002,-2.02234472954023,6.20948883669569,521.5910361050381,29,4,Triclinic
mp-1215690,YbTa(PbO3)2,0.0,-2.6011938704833373,10.08334345219725,142.34800910030876,10,4,Cubic
mp-776594,Mn8O13F3,0.0,-1.974501318477013,4.63906040950199,252.1709144211273,24,3,Monoclinic
mp-685097,HfO2,4.4148,-3.997831573333329,10.634789518075097,131.46470830953248,12,2,Orthorhombic
mp-753738,V3CoO8,0.0,-2.173409419166667,2.4585639004924382,229.47256120735636,12,3,Triclinic
mp-28406,SCl2O,3.6424000000000003,-1.072571903124999,1.9929077572911351,396.51608810546395,16,3,Monoclinic
mp-746030,NaFePO4,3.582099999999999,-2.406373996931737,3.674765428427336,314.15542202764595,28,4,Orthorhombic
mp-17281,Cu2PO4,0.0,-1.74161026494898,4.555903718895257,323.75125605240265,28,3,Triclinic
mp-756378,Na2CoO3,0.1431,-1.4331912787931032,3.19283991638374,318.1049918396717,24,3,Monoclinic
mp-1019745,K2Ca3Si3O10,4.7684999999999995,-3.194926496083334,2.9780014346849732,493.67958795038135,36,4,Monoclinic
mp-557310,LiY(MoO4)2,3.3563,-2.5017876352777773,4.189639297125079,329.538013139096,24,4,Triclinic
mp-23025,LaClO,4.0688,-3.6045768816666692,5.390112996230304,117.2875893291415,6,3,Tetragonal
mp-754040,CeSmO2,0.0,-3.164858966249999,8.702113576013097,61.53470633502747,4,3,Trigonal
mp-1206033,VNiO3,0.0,-1.9706471140000001,5.376829351296319,97.36441446710847,10,3,Triclinic
mp-33803,Nd2Mo2O7,0.0,-2.857075176363636,6.82805578387667,288.11615502792415,22,3,Cubic
mp-752866,V4O7F5,1.1344,-2.556511785,3.483054012255662,195.82606408716313,16,3,Triclinic
mp-542031,CrPbO4,1.8777,-1.703982402499999,5.690427781681816,377.24809839894664,24,3,Orthorhombic
mp-727776,Th6OF24,1.372199999999999,-4.274158312096774,5.9823368407057425,517.4498644553531,31,3,Tetragonal
mp-6782,Li2ZrTeO6,2.7792,-2.496664910333334,4.888719201765653,111.64952494879341,10,4,Trigonal
mp-691106,MnSnO3,0.22940000000000002,-2.061573715586206,5.982512338715366,123.04270445239978,10,3,Trigonal
mp-752536,Mn5O8,0.0,-1.886158176896552,4.187507914602975,159.6832515661818,13,2,Trigonal
mp-771248,Na2Ge2O5,2.9897,-2.130614815028736,3.613168486418559,498.65604847601355,36,3,Orthorhombic
mp-21857,Cs(WO3)2,0.0,-2.224118584961686,7.124786145415452,278.08482985611346,18,3,Cubic
mp-554012,SClO2F,4.6493,-1.621763033499999,1.885912425177286,834.8176607665632,40,4,Orthorhombic
mp-14963,Pr3NbO7,2.6597,-3.60297640590909,6.43782823361891,323.77255488192844,22,3,Orthorhombic
mp-684904,K2O,0.38220000000000004,-1.194241038166666,1.7150055365453891,182.40890166578023,6,2,Monoclinic
mp-7228,ReO2,0.0,-1.8952337825,11.50419562811677,125.98508132915708,12,2,Orthorhombic
mp-19447,Cs2NaVO4,3.9493,-2.289819043836207,4.092201674142901,327.6601298395087,16,4,Monoclinic
mp-557604,AlPO4,5.667,-3.112951825218251,1.9343672446521611,628.1358091376331,36,3,Trigonal
mp-20141,Mn3O4,0.0,-1.997871996970443,5.114619784469388,297.1488328557695,28,2,Orthorhombic
mp-557111,Sr3CaRu2O9,,-2.481131521500001,5.420203123236407,795.4022274472059,60,4,Monoclinic
mp-1078566,Ce2Mn2Se2O3,0.0,-2.433319412838839,6.073132192417697,162.96779123321767,9,4,Tetragonal
mp-1095109,Ba2BiIrO6,0.0,-2.121007113,8.071393255747642,158.79333155481876,10,4,Cubic
mp-4812,Zn4B6O13,3.4134,-2.5115879147826092,4.257584657950709,208.46291296021226,23,3,Cubic
mp-559756,PrScO3,4.2605,-3.8785403928333313,5.893649056518227,263.56275255678537,20,3,Orthorhombic
mp-1100558,Li9Mn7O16,,-2.136551719547413,3.938156529173296,296.43353582671335,32,3,Triclinic
mp-1105550,NaTi(SiO3)2,0.14419999999999902,-3.101656860971265,3.301546379547414,224.34356711125096,20,4,Triclinic
mp-755654,NaSb3O8,0.2807,-1.8233046430316082,6.133326200375166,279.5475480022734,24,3,Orthorhombic
mp-557420,KBaB5O9,,-2.947935847536458,2.972581913956382,836.7543353360422,64,4,Monoclinic
mp-560561,Cu2SeO4,0.0,-1.04517519533482,5.112815779726547,350.8265738795596,28,3,Monoclinic
mp-1193782,Mn5VO8,0.49540000000000006,-2.140812590332513,4.700200247097602,320.524739808383,28,3,Monoclinic
mp-783902,Dy2V2O7,0.0,-3.162852855303029,5.413375293878833,165.29969769034025,11,3,Monoclinic
mp-505526,FeMoO4,2.037,-1.875182581666667,4.492680605114182,319.02150959463944,24,3,Monoclinic
mp-1228494,Ba2PrPbO6,0.0,-2.558548934166666,6.695261326957596,178.26426231529751,10,4,Monoclinic
mp-23079,SiCl2O,5.5626,-2.2985048831249992,1.972691635140014,387.18039525714556,16,3,Triclinic
mp-18381,SrCo6O11,0.0,-1.4789317005555531,6.169195192964849,332.2655720312939,36,3,Hexagonal
mp-28323,Pd2Cl2O,0.463999999999999,-0.8140865620000001,4.720441029724281,210.8866284312914,10,3,Tetragonal
mp-1218834,Sr2FeCoO6,0.0,-2.073896414,5.451982915293375,117.57049228405087,10,4,Tetragonal
mp-6345,Ba3TbRu2O9,0.0,-2.626808572111111,6.747220974932335,451.3805991546759,30,4,Hexagonal
mp-1218837,Sr2CoSbO6,0.647,-2.3680093485,5.84938371257833,256.5900220347928,20,4,Monoclinic
mp-608594,CrWO4,0.0,-2.194589917500001,7.503487891885197,132.7077699083577,12,3,Monoclinic
mp-561441,Y2GeO5,4.0941,-3.334945705625007,4.848573057695347,452.6882192576516,32,3,Monoclinic
mp-851082,Mn15NiO32,1.1139000000000001,-1.701877558311781,4.146313768845887,558.5752748090487,48,3,Trigonal
mp-23072,BiBrO,2.2251,-1.555466066666671,7.81849613632773,129.50609729692894,6,3,Tetragonal
mp-558669,SrAl2B2O7,4.6876999999999995,-3.264373068194444,2.657331086935388,343.9404370798303,24,4,Trigonal
mp-18510,Sr2SiO4,4.4605,-3.422024718214281,4.523096240620812,392.5633480606121,28,3,Monoclinic
mp-1208589,TaMnO4,1.3428,-2.770216953377397,7.584770584097633,262.6148296357266,24,3,Monoclinic
mp-19052,K3VO4,3.6294,-2.256743943968749,2.461135779100485,156.6892950020464,8,3,Tetragonal
mp-9372,Ba2Cu(PO4)2,0.258499999999999,-2.874737218406594,4.186476448036815,209.48442845147213,13,4,Monoclinic
mp-755764,Na2NiO3,1.3061,-1.280901694626436,4.003026309870195,126.66236506919306,12,3,Monoclinic
mp-12385,Ba2YTaO6,3.463899999999999,-3.5674410347333323,6.839389322384703,155.50834731730168,10,4,Tetragonal
mp-13061,Y2O3,4.083600000000001,-3.8966378764999963,5.546597092739123,67.60292018792852,5,2,Trigonal
mp-554546,Eu2SiO4,0.28889999999999905,-3.3505540007142898,6.787915417570968,387.5074227678318,28,3,Monoclinic
mp-23450,RbIO4,2.493999999999999,-1.170053405416668,4.053114253478137,226.45449265208524,12,3,Tetragonal
mp-573051,ReO3F,3.009,-2.1859928445,5.812179655296767,434.0414438507405,30,3,Monoclinic
mp-1105700,TePb2O5,2.019599999999999,-1.567598920833333,8.743239491200615,236.26261612700486,16,3,Monoclinic
mp-1104157,Cu2Ag(SeO5)2,0.0,-0.824965289756944,4.526858641433684,202.80492074841186,15,4,Monoclinic
mp-561418,Zr3O,0.0,-1.545261101249999,6.690771496809814,287.5666439399779,16,2,Trigonal
mp-18483,Rb6Si2O7,3.1390000000000002,-2.426575227999998,3.9470971608554333,572.9695622076722,30,3,Monoclinic
mp-22244,GdCrO4,0.0,-2.744891623333332,5.557098857827718,163.29809858005478,12,3,Tetragonal
mp-726839,In(SeO3)2,0.0,-1.316281410983796,4.00128124786304,612.1018128643872,36,3,Monoclinic
mp-1011858,Na2CoP2O7,1.681999999999999,-2.429034242878694,2.826610364613072,655.2744351799956,48,4,Orthorhombic
mp-5977,Nd2Zr2O7,3.3281,-3.842356440454542,6.314339087785746,306.59562986714155,22,3,Cubic
mp-4198,Ag3PO4,0.17849999999999902,-1.406864123705355,6.39046241047206,217.53096805692127,16,3,Cubic
mp-18051,La2TiO5,3.288599999999999,-3.8544294107291672,5.448942301192295,494.5099793500919,32,3,Orthorhombic
mp-998916,KO2,0.0,-0.935084441583332,1.9778611554476702,238.76198167245042,12,2,Cubic
mp-21872,PrLuO3,4.8757,-3.9139104936666653,8.530176157036786,283.33533637597355,20,3,Orthorhombic
mp-754111,LuWO4,1.9631,-3.00140826027778,10.083323588587525,139.2563770605986,12,3,Monoclinic
mp-6152,La2ZnIrO6,0.0,-2.653771361500001,8.082737098785259,259.4466988617756,20,4,Monoclinic
mp-11653,BPO4,6.998399999999999,-2.725271157857143,3.084841773488932,170.82472057510878,18,3,Trigonal
mp-559961,Tl2SeO4,3.3241,-1.233286400215776,6.928836804396006,528.896617976266,28,3,Orthorhombic
mp-1193300,ReS2ClO9,2.396,-1.7094400763461541,3.294532818408922,433.2475393993613,26,4,Triclinic
mp-16821,Ba3PrRu2O9,0.0,-2.559985890111112,6.341314959135011,470.8371175464631,30,4,Hexagonal
mp-1047316,MnZn2WO6,2.0924,-1.982760088793103,6.6441567750182084,232.72612920371466,20,4,Trigonal
mp-1221544,Mn5Ni(BO5)2,,-2.18435702266603,4.503700388427211,379.76638001689815,36,4,Orthorhombic
mp-997086,SrAgO2,0.5693,-1.8261176741666652,6.109194453318664,123.66640267553785,8,3,Monoclinic
mp-1020608,SiP2O7,4.940999999999999,-2.69467442542857,3.456091552415516,194.13649768437745,20,3,Monoclinic
mp-556003,CaTiO3,2.1586,-3.544675346666666,4.01211210218927,112.52875726749468,10,3,Orthorhombic
mp-16892,Tl2CrO4,2.5156,-1.512726541309527,6.956192402773406,501.07008449238293,28,3,Orthorhombic
mp-996994,FeAuO2,0.47790000000000005,-1.155320730625,9.541968372597058,49.56406538251193,4,3,Trigonal
mp-777571,Mn6O7F5,0.0,-2.212798863199234,4.430578550398104,201.11864950208798,18,3,Monoclinic
mp-28845,OsO3F2,2.3145,-1.71168701375,5.707278263274655,321.4719122777501,24,3,Monoclinic
mp-22989,NaIO3,3.6962,-1.318583879275863,4.508908999382629,291.5189696258693,20,3,Orthorhombic
mp-1190856,Mn2Sb2O7,0.0,-1.95141265598746,5.662009465626364,272.97778971067754,22,3,Cubic
mp-504886,Gd2O3,2.9411,-3.895411792000001,7.632702112600969,630.9088590562675,40,2,Cubic
mp-13975,Er2SeO2,2.1741,-3.507646208468746,8.892623140656212,83.18486210013481,5,3,Trigonal
mp-778997,Li3MnSiO5,0.23489999999999903,-2.5167105697931023,2.798085105473957,436.4118704145347,40,4,Orthorhombic
mp-14070,RbAlO2,3.3716,-2.861165701874999,3.717626286838534,129.0402847064704,8,3,Cubic
mp-18661,KY(PO3)4,5.3392,-2.909461465323412,2.983255171162588,494.1582008507021,36,4,Monoclinic
mp-5338,ZnSeO3,3.9227,-1.50242969321875,4.74416993043778,538.6539781098929,40,3,Orthorhombic
mp-555235,SiO2,5.5109,-3.265922550833333,2.195023732703494,181.81548762723517,12,2,Monoclinic
mp-7210,Cd2B2O5,2.4657,-2.233278833703705,5.113958369297886,211.99548150189307,18,3,Triclinic
mp-556401,Ti2Fe(PO5)2,1.9465000000000001,-2.926053450230159,3.395927803771069,730.5755105749189,60,4,Monoclinic
mp-1221811,Mn3NiO4,0.041999999999999,-1.7384244767241381,5.41635496761041,88.14295063202485,8,3,Tetragonal
mp-1019718,CsBe4(BO3)3,5.4195,-2.954244681303245,3.083757341652118,743.9235645026857,68,4,Orthorhombic
mp-767248,LiFeSiO4,0.9403,-2.488536495238095,2.136060587235069,722.3564508309934,42,4,Trigonal
mp-4419,NaNbO3,1.5604,-2.8139637402758613,4.3609392924035895,124.81392265583447,10,3,Tetragonal
mp-31065,Sc2(SeO3)3,3.8037,-2.259779550502238,3.541348318447186,441.50373178750084,28,3,Hexagonal
mp-550469,TiZn(BiO3)2,0.9043000000000001,-2.183319190333333,7.312612163628576,142.4313513642857,10,4,Tetragonal
mp-1194874,TlB3O5,3.7297000000000002,-2.585224010648147,5.37928440096148,391.1902195574082,36,3,Monoclinic
mp-31120,DyScO3,4.459799999999999,-3.961055700833332,6.776053476754478,250.40624850722793,20,3,Orthorhombic
mp-549697,RbGeIO6,2.4295,-1.520279379722222,4.280133134481114,147.81778074877755,9,4,Trigonal
mp-754908,NbCrO4,0.775999999999999,-2.714569191666665,4.561149282898313,76.052486410934,6,3,Tetragonal
mp-559820,LaSClO4,4.0939,-2.702717232142858,4.003774646205775,448.62140439628973,28,4,Monoclinic
mp-542757,EuClO,0.0,-2.8875527833333363,6.269361646386143,107.75606769529391,6,3,Tetragonal
mp-12159,Na2PO3F,4.4907,-2.702446182128782,2.57124270729614,743.7164547664295,56,4,Orthorhombic
mp-559347,SiO2,5.3784,-3.254188240208333,2.449122480454502,651.8078430128619,48,2,Tetragonal
mp-754154,CsHoO2,2.8143000000000002,-2.970132069913791,7.511636542455038,145.82792685979186,8,3,Hexagonal
mp-560259,NaVCdO4,2.6721,-2.072930481625615,4.088994923850714,203.3258248584483,14,4,Orthorhombic
mp-760035,Na3Ni2O5,0.49420000000000003,-1.285000768913792,4.335657654439061,204.0242917361358,20,3,Triclinic
mp-1042216,Ca(BiO2)2,1.7595,-2.117787057142857,6.964741766245691,248.92863669071878,14,3,Monoclinic
mp-8212,Cd(PtO2)3,0.21370000000000003,-1.076017277999997,11.145619979204346,118.24397761033273,10,3,Orthorhombic
mp-558773,LaWClO4,2.9076999999999993,-2.798301488571428,6.013157553863046,466.3593539468104,28,4,Orthorhombic
mp-1153970,Zn4InGaO7,0.9546000000000001,-1.923161853397435,5.787666203914077,320.29066903916714,26,4,Hexagonal
mp-6200,Ba2NdRuO6,0.1501,-2.76169770475,6.45790732991012,158.384067237913,10,4,Monoclinic
mp-20243,SmFeO3,1.545,-2.803803629500001,7.188793032592718,234.87355529137713,20,3,Orthorhombic
mp-978990,Tl2(IO3)3,1.9192,-0.9380550697619111,6.377458699253767,486.10932055603104,28,3,Triclinic
mp-7477,RbErO2,3.6429,-3.069514136875,7.129688391477993,66.31397560463556,4,3,Trigonal
mp-21437,Fe2TeO6,0.0,-1.638982694074073,6.385317314051781,174.38637371222086,18,3,Tetragonal
mp-755924,Y2CuO4,0.0,-3.059798596428571,5.604140332710643,180.9570691453788,14,3,Orthorhombic
mp-1173341,Pr2SbO2,0.0,-2.876212252666666,6.461038972842633,223.8921054305027,10,3,Tetragonal
mp-17785,KNa2GaO3,2.5055,-1.926652396429793,3.340020325724922,403.29781660799904,28,4,Orthorhombic
mp-6660,BaNaBO3,3.6487,-2.851670440090996,4.304460917810126,169.0651811893542,12,4,Monoclinic
mp-1194338,NaBOF2,6.3006,-3.045634597775861,2.432432530730266,359.6160786474948,30,4,Monoclinic
mp-727926,HgBrO4,0.0,-0.263764179166668,5.532253994011573,413.604842102153,24,3,Orthorhombic
mp-19455,MnMoO4,1.409699999999999,-2.083752250488489,5.297088616763617,134.7190612798825,12,3,Monoclinic
mp-22023,Pb3SO6,2.9381999999999993,-1.756175495249996,7.5505574120828545,329.73513701915,20,3,Monoclinic
mp-773011,Dy2Ge2O7,3.562299999999999,-3.029772501666666,6.301205550236346,613.7820489918803,44,3,Orthorhombic
mp-557902,K3Mo2BrO7,3.089099999999999,-2.104648582057692,3.182634401874336,522.8713132396588,26,4,Hexagonal
mp-22958,KBrO3,3.8569,-1.044634649449999,3.302905240368695,83.95967616702733,5,3,Trigonal
mp-1078874,Ba2CeTaO6,0.0,-3.484094686733333,7.063294363905758,162.61796913557265,10,4,Monoclinic
mp-1218388,Sr2VMoO6,0.0,-2.738954718499999,5.413187925968439,256.5220778920359,20,4,Tetragonal
mp-505153,K3NiO2,1.6320000000000001,-1.123636315708332,2.6421329570436303,522.866502956441,24,3,Tetragonal
mp-4394,Pr2Sn2O7,2.6358,-2.955287218030299,6.9037171848304935,303.65783346573375,22,3,Cubic
mp-1399519,BiOF,2.6762,-2.214064770000002,8.635856668007383,93.82632282755407,6,3,Monoclinic
mp-556118,BaHgO2,2.1809,-1.8868453772916682,6.885496088705614,535.2639484555123,24,3,Hexagonal
mp-559968,Na2NbAsO6,3.1214,-2.385238387025862,3.581948923984458,574.4822393306431,40,4,Monoclinic
mp-10219,YOF,4.9475999999999996,-4.196428623333334,5.1442382592606,79.99118480279364,6,3,Tetragonal
mp-1216536,TmPaO4,2.434,-4.201934376666671,10.26095626134126,75.08427628600481,6,3,Tetragonal
mp-753963,CrOF,1.6642000000000001,-2.589500900833332,4.358846078939407,132.56423576651545,12,3,Monoclinic
mp-1019529,Ba8Al10B12O41,4.4373000000000005,-3.24796155359155,3.718468323782962,961.963716660688,71,4,Triclinic
mp-557498,NaBi2AuO5,0.8399000000000001,-1.411561127931034,8.340610298867656,571.720500232584,36,4,Tetragonal
mp-776418,CaGd2O4,2.9964,-3.641061515714286,6.748176988411855,411.9993517177228,28,3,Orthorhombic
mp-675563,LaZr9O20,0.0,-3.670053144833334,6.003127904941278,354.0387128678195,30,3,Triclinic
mp-753629,Zr2O,0.0,-1.990846132222222,6.854541899733948,288.44786290793894,18,2,Trigonal
mp-20046,LiCoAsO4,1.4055,-1.8227040079761911,4.273529619191276,318.3012294586595,28,4,Orthorhombic
mp-7733,Ba2Ti6O13,0.0,-3.4893476778571433,4.757476500139704,268.7061116148762,21,3,Monoclinic
mp-770816,Dy2TiO5,3.2941000000000003,-3.884924218333333,7.027923342791705,428.00601382656845,32,3,Orthorhombic
mp-754886,MnSb3(PO4)4,0.0,-2.295421877770936,3.8588673910825193,344.29872104957445,24,4,Monoclinic
mp-561403,Ba3V4PbO14,3.1539,-2.734256147727272,4.6545893196970365,746.9971360414961,44,4,Triclinic
mp-5730,Ba(BO2)2,4.7852,-3.096467324523809,3.845530009872251,577.6236908293087,42,3,Trigonal
mp-561642,Sr2CoTeO6,1.509999999999999,-2.332021244166666,5.824115097095763,261.03340450061205,20,4,Monoclinic
mp-7143,BaPuO3,0.0,-3.319721610749997,8.47784271870357,84.09111734321918,5,3,Cubic
mp-17562,Sr3Sc(BO3)3,4.6259999999999994,-3.329377847031251,4.115358882791416,390.78257441215794,32,4,Trigonal
mp-12630,MgSeO4,2.868999999999999,-1.8707510703906252,3.840585880486441,144.63734978159653,12,3,Orthorhombic
mp-542733,BaY2CuO5,0.0,-3.047560420555555,5.988232704596349,508.77039658120134,36,4,Orthorhombic
mp-553303,CsCu3O2,1.4572,-0.9694350532758621,4.731709939199385,124.77345540897285,6,3,Trigonal
mp-2240968,MgV2(CoO4)2,,-2.082661819615384,3.871020473584042,159.59690296742622,13,4,Orthorhombic
mp-757989,LiP2WO8,3.6562,-2.505402365426587,3.744834892477607,675.2838354004589,48,4,Orthorhombic
mp-1095467,Tm2Si2O7,4.7966999999999995,-3.7132802795454642,6.085429203944716,138.0824956998644,11,3,Monoclinic
mp-18591,KZnPO4,3.9579,-2.50704106562755,3.292636829351652,402.4034576194923,28,4,Orthorhombic
mp-1080062,BaGdCo2O5,0.0,-2.3346054816666673,7.205516225306701,113.48479137342225,9,4,Tetragonal
mp-754530,V4O3F5,0.5565,-2.8233988566666692,4.000989571919755,143.91495726346182,12,3,Orthorhombic
mp-850205,Mn3(OF2)2,0.0020999999999990002,-2.513524793199234,4.107132944930543,220.59472450499956,18,3,Monoclinic
mp-1193056,Cs2Mo3O10,3.4187,-2.117735942287357,4.078560081874354,581.0884272245336,30,3,Monoclinic
mp-1182382,CaO10,0.0,-0.5515857118181821,2.512920777574513,264.4153171063857,22,2,Tetragonal
mp-755075,CrPO4F,0.047200000000000006,-2.458302532806122,3.236592470621945,170.29811778169977,14,4,Triclinic
mp-769390,Ca3Ta2O8,4.2097,-3.453840850743589,5.388110035455515,376.06371247839996,26,3,Monoclinic
mp-19090,MnTeMoO6,1.721099999999999,-1.8678464282886331,4.747233400696306,261.9755098936763,18,4,Orthorhombic
mp-510604,Mn2O3,0.0,-2.007136498922413,5.018577144710987,835.795225929392,80,2,Cubic
mp-1077494,NaUO4,0.0,-2.905835145229883,6.520570130550408,82.76917788166773,6,3,Trigonal
mp-19785,HoFeO3,1.5675,-2.855059119499998,7.9720353812052025,223.93725501008694,20,3,Orthorhombic
mp-28537,As2PbO4,2.846199999999999,-1.646121696071428,5.815696728518744,480.8742475198438,28,3,Monoclinic
mp-753917,Y2HfO5,4.5615,-3.949675898125001,6.270802589765144,231.06804135064542,16,3,Monoclinic
mp-559594,LaGaSe2O,1.5984999999999991,-2.1738700109375,5.667704681738773,448.31953579115316,20,4,Orthorhombic
mp-636476,SrCu3(RuO3)4,0.0,-1.4695830330000001,6.780562972658784,214.16990951940372,20,4,Cubic
mp-8146,SrPuO4,0.0,-3.139326443124989,8.014509503800795,81.96864448447982,6,3,Trigonal
mp-11772,Ba3Ti3(BO6)2,2.1313,-3.342956696916667,4.838951428083637,263.9582883371794,20,4,Hexagonal
mp-770540,Mn2PO5,0.0,-2.413511157250617,3.912748178090067,374.9025582940919,32,3,Orthorhombic
mp-1402032,Sb2O5,0.0,-1.662224403571428,5.433191914964711,197.75212273639016,14,2,Orthorhombic
mp-756389,Lu2TeO6,2.3933,-3.020721381111111,7.972831059679928,238.90375400001457,18,3,Tetragonal
mp-553883,Ba3WCl2O5,3.9374000000000002,-2.908011544090908,5.099242728872861,486.3327517032713,22,4,Orthorhombic
mp-1185232,LaCoO3,0.9729999999999991,-2.552439415499999,6.8901962709794216,236.98698979728346,20,3,Orthorhombic
mp-1224545,In2FeSbO7,,-1.838729330757575,6.46199320204861,266.856669221821,22,4,Orthorhombic
mp-1215342,Zr6P2O,0.0,-1.381606533809523,6.4919214638038945,159.94032168775124,9,3,Monoclinic
mp-1218746,Sr2MnNbO6,1.5101,-2.988705000043104,5.353197443687364,519.9883540974803,40,4,Tetragonal
mp-1191240,Sr2ZnSi2O7,3.8987,-3.181093632083333,3.951200311112347,343.61943383843277,24,4,Tetragonal
mp-27277,PCl3O,4.4681,-1.5838657399285712,1.7261840533509711,590.0043965137276,20,3,Orthorhombic
mp-1192352,K3Pr(PO4)2,4.8643,-2.9625048259073132,3.551349693135956,419.08727626990816,28,4,Monoclinic
mp-556807,BaWO4,2.083,-2.671978745,7.024281749578727,182.1056979696808,12,3,Orthorhombic
mp-755713,Tb2SbO2,0.0,-3.028075614666669,7.9298238761362665,98.75704822226942,5,3,Tetragonal
mp-19248,BaSm2CoO5,1.4676,-3.076737321666666,7.149260860064488,134.01289889793503,9,4,Orthorhombic
mp-557830,Na2Bi5AuO11,0.892,-1.447043983566244,7.9466054204615055,611.7746841576162,38,4,Tetragonal
mp-759405,Bi3O2F5,3.2849999999999993,-2.44773530625,8.641277924553629,579.5131586133613,40,3,Orthorhombic
mp-557660,RbV2CrO7,1.8638,-2.371721081590908,3.963569385949926,294.3903448153712,22,4,Monoclinic
mp-754409,HoBO3,5.089799999999999,-3.530551599833332,6.19441525958512,119.95586286451699,10,3,Trigonal
mp-669375,Gd3B2(O2F)3,2.8409,-3.727204227380952,6.447194608844803,332.95474701412957,28,4,Monoclinic
mp-653429,Mn7FeCl3O10,0.9382,-1.9032996476436792,3.947310314456254,594.6376962754468,42,4,Cubic
mp-17699,Er2Cu(B2O5)2,0.6619,-3.028765231568627,6.400694891275495,311.99283164885884,34,4,Monoclinic
mp-1210713,Mn13Fe(SiO11)2,,-2.163599593239565,4.382034238583848,446.46907793005494,38,4,Trigonal
mp-752880,FeOF,1.7348,-2.041610598750001,4.341112461148267,277.989616685774,24,3,Monoclinic
mp-1096824,AlAgO2,1.0623,-2.223438722916666,6.215196653089008,44.577594566169914,4,3,Trigonal
mp-542205,BaYFe2O5,0.465999999999999,-2.547079751666667,5.708076959068446,243.15447833270548,18,4,Orthorhombic
mp-760410,BePO4,0.0,-2.5378365166071433,2.036914869095858,84.76973668131937,6,3,Tetragonal
mp-19226,NaFePO4,1.2607,-2.411247884074594,3.787807932755763,304.77983691752075,28,4,Orthorhombic
mp-19921,PbO,1.4635999999999991,-1.469972337031249,8.81022542720316,84.13662656060738,4,2,Tetragonal
mp-752869,Li2VP2O7,0.264,-2.645261849871032,2.8072249208347992,564.9445986566728,48,4,Triclinic
mp-3258,Ca3Ru2O7,0.0,-2.404844892916665,4.947587796119716,291.5715908333831,24,3,Orthorhombic
mp-6402,Na2ZnGeO4,2.6397,-2.067949246594827,3.7102713852034173,222.00914696391914,16,4,Monoclinic
mp-559276,AlBPbO4,3.0805,-2.718047085595238,6.402479329139424,320.55719040230906,28,4,Orthorhombic
mp-23400,In(IO3)3,3.411299999999999,-1.039234119358974,5.082230142939501,417.9102062849907,26,3,Hexagonal
mp-673761,Gd5(RuO7)2,,-2.758058599999999,6.707653931262041,300.1357898093336,21,3,Monoclinic
mp-6333,NaIn(SiO3)2,3.488599999999999,-2.797347585304598,3.970265768202506,242.56063701820585,20,4,Monoclinic
mp-510607,SrCrO4,2.857599999999999,-2.448814325416667,3.926545563854614,344.433546328756,24,3,Monoclinic
mp-752637,HoBrO,4.3862,-3.319827008333332,5.910409381056759,146.56331026233065,6,3,Orthorhombic
mp-2697,SrO2,2.8495,-2.204479133333331,4.7311038520642335,41.98421694191871,3,2,Tetragonal
mp-753049,NaNi5O6,0.0,-1.223895851781608,5.926630452512994,115.5622248122482,12,3,Monoclinic
mp-1214146,Ca3V3(CoO6)2,,-2.537558555625,3.889083145667132,995.5637980490488,80,4,Cubic
mp-1077918,Sr2TcO4,0.0,-2.670482956428571,5.843198734379512,95.83726910255261,7,3,Tetragonal
mp-753802,Sc2Ti2O7,3.5737,-3.72757864742424,3.4098769025950793,144.9452747464648,11,3,Monoclinic
mp-7322,CsU2O6,0.0,-3.507236939406129,6.816642452715899,343.45737910929165,18,3,Cubic
mp-19956,Ba2InO3F,2.046699999999999,-2.866102289523809,5.978945637296668,253.5510420304306,14,4,Tetragonal
mp-3707,CaGe2O5,2.4523,-2.507293655,4.811012313776747,183.17656047391708,16,3,Monoclinic
mp-29756,RbB3O5,5.2118,-2.805382906111112,2.8829282007169272,455.9489591346366,36,3,Orthorhombic
mp-20659,Sr3NiPbO6,0.8702000000000001,-2.342658155454545,6.503658744829007,638.0540495458067,44,4,Trigonal
mp-32069,UMo5O16,0.278,-2.231513562272728,5.294764995477753,305.3769063478333,22,3,Monoclinic
mp-1078132,La2Fe(SeO)2,1.1414,-2.601357070669643,6.283013898050536,138.37567832289784,7,4,Monoclinic
mp-1190900,BaZn2Si2O7,3.2486,-2.852082384166666,4.160744390610922,348.26113844123233,24,4,Orthorhombic
mp-1207069,Ba2PuZnO6,0.6585000000000001,-2.863711808874998,7.49040656884427,150.76153623030845,10,4,Cubic
mp-20496,Ga2PbO4,3.4457,-2.070018908571427,6.412771564517761,212.6661564002059,14,3,Orthorhombic
mp-1102538,Co2ClO3,0.0,-0.9748031325000001,4.2041602144088674,159.03091506505098,12,3,Trigonal
mp-1189736,ErNiO3,0.34040000000000004,-2.515981152999998,8.507100699687618,213.8945756855631,20,3,Monoclinic
mp-1179143,SrO6,0.0,-0.867746667857143,2.802392833859326,217.60133110856907,14,2,Monoclinic
mp-857352,Na4Bi2O5,2.1576,-1.699202825956114,5.778507560801927,339.0425677208902,22,3,Triclinic
mp-6205,Ba2Ho(CuO2)4,0.0,-2.061363985,6.575196061130729,207.53304019835824,15,4,Orthorhombic
mp-861243,Cs2SnO3,2.386,-1.8971282515517212,5.584080292199178,257.2365837626113,12,3,Orthorhombic
mp-23339,NaBrO3,4.4812,-0.9990614762758611,3.423266816529206,292.7753204813731,20,3,Cubic
mp-2973,Pr3Sb5O12,3.167999999999999,-2.5899833424999983,5.984791960135689,678.9528240942684,40,3,Cubic
mp-18913,Ba3Cr2O8,0.0,-2.627806113846153,5.183995244007495,206.27617031323595,13,3,Trigonal
mp-8957,Na5TaO5,2.5380000000000003,-2.318986056293624,4.106295353880255,304.01428235658955,22,3,Monoclinic
mp-30274,AcBrO,4.241,-3.396185964166668,7.652290117092176,140.13940983244288,6,3,Tetragonal
mp-1205302,TcO2,0.0,-1.804788910833333,6.8527580075564405,63.00181205088093,6,2,Tetragonal
mp-3859,Ca2B2O5,4.7423,-3.237987982592593,2.816695050459686,428.65057583277087,36,3,Monoclinic
mp-21542,K2CeTa5O15,0.048100000000000004,-3.34321049287681,7.096452020677534,637.8923282678847,46,4,Tetragonal
mp-8352,SiO2,5.3649000000000004,-3.252280143333333,1.970734329777291,101.25396008094606,6,2,Cubic
mp-648069,Ca2GaFeO5,0.189699999999999,-2.615057349722223,4.131154100251215,459.38822046765796,36,4,Orthorhombic
mp-1201259,NaTiAsO5,2.9036,-2.523824578089081,3.715025822968669,403.6675262363508,32,4,Monoclinic
mp-558066,NaCaVO4,3.7316000000000003,-2.69434284591133,2.863191613911664,206.47403347117995,14,4,Orthorhombic
mp-1205595,Ba2TmMoO6,0.0,-3.068558652,7.001545810316893,150.7257784610517,10,4,Cubic
mp-559178,TmMoClO4,2.6792,-2.685963249285715,4.9889376338390985,242.52681606327485,14,4,Monoclinic
mp-863021,Ba2Sc2O5,1.5365,-3.4802875661111132,5.070078892637721,145.60206132361543,9,3,Tetragonal
mp-1078634,LaFeO3,1.950899999999999,-2.852925804000007,6.982962229917882,115.45061726760383,10,3,Trigonal
mp-1196483,Bi2O3,,-1.603739747375005,8.659822429733916,1429.5778080200537,80,2,Cubic
mp-12315,DyBO3,5.3594,-3.524008406666664,6.680369873198901,220.0432487262976,20,3,Triclinic
mp-1025162,K2NpO4,0.2662,-2.890354923321427,5.189870458948236,121.32610783039469,7,3,Tetragonal
mp-752504,VSnO4,1.6557,-2.2783216183333312,5.88688703949266,263.62555002201435,24,3,Orthorhombic
mp-555259,UTe2PbO8,1.9725000000000001,-2.256445499236097,7.27788713605954,756.060418443445,48,4,Monoclinic
mp-19156,BaMnO3,0.0,-2.482170176086207,5.755924357513797,138.62812636506428,10,3,Hexagonal
mp-18258,BaTb2O4,3.2062,-3.662951830119048,7.777692044490678,443.3761908454324,28,3,Orthorhombic
mp-1190588,Ba2Cd(BO2)6,4.3316,-2.895455095476189,3.977258358340241,268.8436429007194,21,4,Trigonal
mp-21333,Cd(FeO2)2,1.8272,-1.6170501857142852,5.740751105296045,166.66773094950128,14,3,Cubic
mp-548824,BaTbO3,0.0,-3.121946820333333,6.535941394736451,174.9224640948871,10,3,Trigonal
mp-1205557,Ba2UTiO6,0.0,-3.5085369283333323,7.202747163592851,151.3618029378743,10,4,Cubic
mp-761198,Li5Fe8(BO3)8,1.4214,-2.291156960888888,3.266437820869,483.93121834597605,45,4,Triclinic
mp-756304,Li3V(TeO3)4,,-1.826535861333333,4.684303318577034,274.4310846066395,20,4,Triclinic
mp-760367,VOF3,2.6463,-2.659006354,2.983345170531265,137.96643699567014,10,3,Monoclinic
mp-4093,Cu3(PO4)2,0.0,-1.866838594560439,4.483722802846382,140.94741980831685,13,3,Triclinic
mp-1102819,Ba3Yb2TeO5,0.0,-3.224398532613636,7.116064955191115,225.33701477880302,11,4,Tetragonal
mp-556834,RuCl(OF3)2,0.562,-1.5419199315,2.934752342147153,319.7016457138174,20,4,Monoclinic
mp-4789,PrRhO3,0.6013000000000001,-2.47127042533334,7.844914415455231,247.07173136147833,20,3,Orthorhombic
mp-756166,LaHoO3,4.385499999999999,-3.917213721999999,7.623295924453871,306.5519644743991,20,3,Orthorhombic
mp-778467,Fe5O3F7,0.0,-2.229460294333333,4.236630960183502,360.75837111906213,30,3,Triclinic
mp-26963,LiVPO5,1.5636,-2.666295293184523,3.196345183374462,350.8850544978658,32,4,Orthorhombic
mp-766039,Li3VSi2O7,2.1313,-2.811313029230769,2.815419957564017,566.0474145318556,52,4,Orthorhombic
mp-510708,LiFe(SiO3)2,1.7991000000000001,-2.755720624833334,3.2882919864937232,217.0966080047513,20,4,Monoclinic
mp-825,RuO2,0.0,-1.457661898333333,7.0691471835481,62.515586451455455,6,2,Tetragonal
mp-540969,V2ZnO6,2.4226,-2.19748324111111,4.427760559782451,98.74081221864635,9,3,Monoclinic
mp-754423,Mn2O3F,0.0,-2.036535160977012,4.5940189357897765,255.72730193622013,24,3,Orthorhombic
mp-1189731,PBr3O,3.088899999999999,-1.254594086928571,2.669327311270317,713.3661118373668,20,3,Orthorhombic
mp-754084,Cu2OF2,0.0,-1.433026519999999,3.802159751787549,158.17538496974038,10,3,Orthorhombic
mp-557086,TmMoO4F,3.7173,-3.006063736785715,5.889740746362385,392.31070025066197,28,4,Monoclinic
mp-551830,SrTiO3,1.786999999999999,-3.551577543666666,5.087203751701338,119.78460372892171,10,3,Tetragonal
mp-18741,RbLiCrO4,2.9916,-2.090644955833333,3.069872282503141,225.4559545030534,14,4,Trigonal
mp-557276,Ca2VClO4,3.4639,-3.009406187812499,3.068125756654205,499.1113887038117,32,4,Orthorhombic
mp-504206,LiV(PO3)5,,-2.566719244843074,2.426559870553291,1239.2791984750118,88,4,Monoclinic
mp-8346,Lu2Ge2O7,3.7065,-3.090631562803037,7.415547094600924,543.881972110453,44,3,Tetragonal
mp-510625,CrCuO2,1.5391,-1.784819649999986,5.600365259676549,87.4933748108686,8,3,Trigonal
mp-1204676,BaLa2Ti3O10,2.1038,-3.680801599375,5.406429079975489,441.5055141452755,32,4,Orthorhombic
mp-754429,CaTm2O4,3.340099999999999,-3.805795006428573,7.587384128044651,193.44356317685907,14,3,Orthorhombic
mp-1105220,CaCu3(IrO3)4,0.0,-1.3095097324999991,9.271850029857895,213.40507243779706,20,4,Cubic
mp-18816,Fe2SiO4,2.7099,-2.262714642857143,4.676801521982056,144.7028237917541,14,3,Cubic
mp-676563,Ta4Cu2O11,1.2731,-2.818716448490194,7.935946170711641,429.7330666236046,34,3,Monoclinic
mp-975666,PrBrO,4.462199999999999,-3.255380888888891,6.143444706744902,128.01742953617972,6,3,Tetragonal
mp-10444,Ca2Al2O5,3.5662000000000003,-3.411476938333332,3.397662774342337,209.28981749612427,18,3,Orthorhombic
mp-28514,Ba(BrO3)2,4.3458,-1.155787542777778,3.986532377398327,327.50771156821014,18,3,Orthorhombic
mp-1025360,Na2Ti2As2O,0.0,-1.3259278413464681,3.984433617147565,128.17605519981944,7,4,Tetragonal
mp-556639,DyNbO4,3.490199999999999,-3.569322741944445,7.134843570295356,148.67397766803992,12,3,Monoclinic
mp-14410,Tl6TeO12,0.0,-1.202291198771932,9.892139953749227,259.500478872109,19,3,Trigonal
mp-754202,CsClO3,5.1356,-1.147590872931034,3.394847047597858,211.65529271955867,10,3,Orthorhombic
mp-19066,W3O8,0.0,-2.124501344545454,8.899337710922364,253.5832603731057,22,2,Orthorhombic
mp-754993,SbSeO5,0.0,-1.30018301033482,3.8615621518593173,482.85282155493263,28,3,Orthorhombic
mp-7492,LaBO3,4.002199999999999,-3.506930752833335,5.132122265944872,127.94431487087009,10,3,Monoclinic
mp-753495,Sb3O7F,0.0,-1.7980848272727261,6.022280679356169,136.83897281378253,11,3,Orthorhombic
mp-559691,Ca2Al2SiO7,4.284800000000001,-3.443058467916666,2.977142404655625,305.87750032046193,24,4,Tetragonal
mp-25196,VCuO4,0.19810000000000003,-1.644716896666667,4.180835992612958,141.7809652804743,12,3,Orthorhombic
mp-935811,KNbO3,1.412099999999999,-2.844397452450001,4.569594296132727,65.41101790884895,5,3,Cubic
mp-546561,NdCrS2O,0.0,-2.183485904499999,5.296518514465503,173.2908246181736,10,4,Monoclinic
mp-16831,CaTi4(PO4)6,2.7105,-3.099354685176871,2.845351799810924,467.67964497699535,35,4,Trigonal
mp-28670,Ba2Bi2O5,2.012899999999999,-2.288425597777783,7.522216207949441,341.11013077776954,18,3,Monoclinic
mp-759276,VOF,2.03,-2.815039495833333,4.537216179115264,125.80892308094458,12,3,Orthorhombic
mp-23445,Bi2Ru2O7,0.0,-1.553611266818189,8.949321979397997,271.6798004639027,22,3,Cubic
mp-23011,RbClO3,5.3288,-1.1442688205,2.932751092377686,95.64282469113215,5,3,Trigonal
mp-562796,NaCoPO4,3.2132,-2.34385401836031,2.9256009993869982,401.61312429052964,28,4,Monoclinic
mp-1079352,SrRuO3,0.0,-2.147603698,6.311421570444362,124.54563470890515,10,3,Orthorhombic
mp-1019968,LaZn(BO2)5,,-2.935606226078432,4.250737250804088,653.7302542912272,68,4,Monoclinic
mp-27657,Ca2B6O11,5.639,-3.066904042236782,2.8758473688145623,741.4282391488042,76,3,Monoclinic
mp-1206153,Eu2ZrO4,0.1058,-3.4191255242857173,6.959604214144578,109.55161022866815,7,3,Tetragonal
mp-30224,Si3(Cl4O)2,5.5809,-2.086439217115384,1.6589165351059392,1601.0816349654554,52,3,Orthorhombic
mp-1047156,Zn(CuO2)2,0.429799999999999,-1.129661277142856,5.59259389576237,152.31785241940779,14,3,Tetragonal
mp-556097,NaLi2(RuO2)6,0.0,-1.510417942764094,6.321266052718745,219.42165500549407,21,4,Trigonal
mp-1042262,CaMn2O4,0.6429,-2.40292581476601,3.967801836702056,358.1581482460212,28,3,Triclinic
mp-19378,CrAgO2,1.6634,-1.6847351029166662,6.6392764695215885,47.9865802322794,4,3,Trigonal
mp-561045,Ba8Ce3(SbO6)4,1.8772000000000002,-2.992093305641025,6.264285120660729,633.5393461702952,39,4,Tetragonal
mp-27228,Tl6Si2O7,1.5876000000000001,-1.901782148000005,7.154999041727398,647.2583023043533,30,3,Trigonal
mp-19097,FeBO3,1.481599999999999,-2.270362331833334,4.222110400646406,90.18607292723622,10,3,Trigonal
mp-23427,Ti3(BiO3)4,2.4382,-2.544516797368418,7.967744390545629,488.3055965328999,38,3,Orthorhombic
mp-645743,VAgTeO5,2.607999999999999,-1.641256086354165,5.265558960632551,462.1979502369072,32,4,Monoclinic
mp-1243,Ga2O3,2.4025,-2.257564781999998,6.419638605152237,96.9706975896667,10,2,Trigonal
mp-972216,Sr2SmSbO6,3.6616,-3.0583942715,6.073421091068902,297.11904238417975,20,4,Monoclinic
mp-546665,BaNdMn2O5,0.0,-2.756928560929119,6.097999919125609,128.37783182470187,9,4,Tetragonal
mp-7980,Ba3SrTa2O9,3.3696,-3.389574154644445,7.158965894789338,233.22609842631417,15,4,Trigonal
mp-22081,HoMnO3,0.43510000000000004,-3.039683969586206,7.647609381155825,232.6493802962633,20,3,Orthorhombic
mp-777964,Na2BiO3,0.0,-1.6911094521264372,5.785432797370281,173.91052398083812,12,3,Monoclinic
mp-8709,KIn(GeO3)2,2.3143000000000002,-2.121082943891665,4.684309796791929,280.18339762009674,20,4,Monoclinic
mp-2173,P2O5,4.8374,-2.449045707040817,2.910639625653711,323.9211413388266,28,2,Orthorhombic
mp-1221356,MnNiP2O7,3.028799999999999,-2.402808760656067,3.846187817913926,248.31295875299722,22,4,Monoclinic
mp-6652,KZn4(BO3)3,2.8200000000000003,-2.324909601161765,3.489521739237472,454.1286945621525,34,4,Monoclinic
mp-997003,LaAuO2,2.7167,-2.563249235,7.895531129774109,154.7366198883939,8,3,Hexagonal
mp-6027,Ba2Tl2CuO6,0.0,-1.784656988333334,7.606665315628389,368.0385386017736,22,4,Orthorhombic
mp-23023,LaBrO,3.7256,-3.411858679999999,5.99264214842575,130.1293460086312,6,3,Tetragonal
mp-22013,LaTiO3,0.0,-3.639685829666668,6.217956135807595,250.78714658782192,20,3,Orthorhombic
mp-1132,CdO,0.0,-1.346151347499999,8.100938388867615,26.32170194637648,2,2,Cubic
mp-554136,BaTb2Mn2O7,0.6727999999999991,-3.013942816182949,7.105834084769008,316.43499716108545,24,4,Monoclinic
mp-761784,Ba8Bi10O27,0.0,-2.085366821888889,7.706807388260608,780.0664586381902,45,3,Trigonal
mp-650929,Na2Ti9O19,2.1946,-3.337573271258621,3.624829259963202,357.6722887261739,30,3,Monoclinic
mp-555257,Mg2BiPO6,3.6043000000000003,-2.709739127464286,5.243912076078887,243.550169190535,20,4,Orthorhombic
mp-1405146,Ca(FeO2)2,,-2.144335080714285,4.195273635240117,170.80516751936844,14,3,Cubic
mp-559431,KVPO5,3.0694,-2.651377639611606,2.697521754940648,494.9519170903819,32,4,Orthorhombic
mp-1224239,K2SO4,,-2.259960053142856,2.398856825934366,241.25175507799244,14,3,Monoclinic
mp-1190173,CuPb3(ClO2)2,0.0,-1.322879303499998,6.88488400319415,395.56930711336577,20,4,Monoclinic
mp-12147,Ca3Al2O6,,-3.39813622378788,2.943204645227316,3658.598393355911,264,3,Cubic
mp-5652,Y2Si2O7,4.8042,-3.658035678636363,4.008890788263514,143.30917098954507,11,3,Monoclinic
mp-1192455,TmWBrO4,2.6794000000000002,-2.671049450714285,6.520821297539499,505.91761271016685,28,4,Triclinic
mp-19992,La6UO12,1.972799999999999,-3.939659098421054,6.647866844247905,315.59230277800435,19,3,Trigonal
mp-23321,Sr4Cl6O,4.5588999999999995,-2.967104865909093,3.398937301168754,565.9297743694362,22,3,Hexagonal
mp-554151,SiO2,5.725199999999999,-3.2609318675,2.09086320967034,190.87298894974717,12,2,Tetragonal
mp-1194512,V2(CuO3)3,0.16689999999999902,-1.494753613214285,3.7383463750460653,387.7924270574885,28,3,Monoclinic
mp-1216722,TiMoO4,0.0,-2.710971552222222,5.022528293809477,68.70397463853013,6,3,Orthorhombic
mp-756808,TiMn3O8,1.5028000000000001,-2.15479698059387,3.837166559937307,147.42814899931042,12,3,Trigonal
mp-4591,SrNb2O6,2.9977,-3.237719354444443,5.044661070316612,486.41646601857497,36,3,Monoclinic
mp-23446,GeBi2O5,2.3222,-1.864736001875002,8.153105671810371,232.4267527874747,16,3,Orthorhombic
mp-18575,Nb2Zn3O8,2.9666,-2.442323447307691,5.547147283378456,305.3580275214719,26,3,Monoclinic
mp-616501,InCu6ClO8,0.0,-1.169564246041667,5.58071493520586,196.2464669647046,16,4,Cubic
mp-1193020,BaGdFe4O7,1.657499999999999,-2.197967803461537,5.317006968422366,393.4774735961793,26,4,Orthorhombic
mp-557910,Cd2PO4F,2.3713,-2.319555828705356,5.089904670359767,442.11198282989443,32,4,Monoclinic
mp-561294,SrLi2Nb2O7,1.4673,-3.009051929305555,4.470805573122048,148.3112548155138,12,4,Tetragonal
mp-17269,Ba3NiSb2O9,0.0,-2.425335596166667,6.413079171537437,888.843766252617,60,4,Hexagonal
mp-1079778,Sr2ZnWO6,3.5324,-2.680265133,6.605667768111903,130.84011649316815,10,4,Tetragonal
mp-22170,Li4PbO4,1.4367,-1.919143204259254,5.122514555962003,193.8256732273988,18,3,Orthorhombic
mp-558022,SrBPO5,5.3882,-3.121183740684523,3.631654954950762,287.2407847627609,24,4,Trigonal
mp-754932,Na2Mn2O3,0.026600000000000002,-1.759430836231526,3.296032038282631,205.40288581432299,14,3,Monoclinic
mp-504752,Fe3BO5,0.0205,-1.963626837962965,4.82740657985189,177.73047991155764,18,3,Monoclinic
mp-551675,Li3UO4,0.378,-2.948547609999998,6.464798377322667,82.92667345484787,8,3,Tetragonal
mp-755952,VCu3(PO4)4,0.0,-2.069254364107143,3.673663685998628,280.9094443265602,24,4,Monoclinic
mp-553121,Sm2IO2,0.0,-3.026465084,6.9363565190029295,220.06435040139766,10,3,Monoclinic
mp-561398,NaAl(MoO4)2,3.6927,-2.333600209281609,3.436850370078929,357.3880203380634,24,4,Monoclinic
mp-1692,CuO,0.0,-0.9427949424999991,6.155599921960791,42.9164487435527,4,2,Tetragonal
mp-755896,ZnCrO4,2.0907,-1.6922108724999991,4.194738857166397,143.62098828731487,12,3,Orthorhombic
mp-20143,La2NiO4,0.0,-3.06645263,6.8359710755283825,194.57341474128006,14,3,Orthorhombic
mp-10302,Ba2ScIrO6,0.0,-2.7803704155,7.227767719406533,139.6439944322221,10,4,Cubic
mp-17822,Dy2MoO6,2.166,-3.187545564259259,7.520548639419288,456.5587583056155,36,3,Monoclinic
mp-1042231,YBi(WO4)2,1.8528,-2.398659196666666,8.199792096681833,160.70404882655325,12,4,Triclinic
mp-1190543,Rb2Se2O7,3.0932,-1.553559318607953,3.668433808147386,399.1081810659682,22,3,Monoclinic
mp-1206828,Eu2YTaO6,0.5364,-3.457112330733333,7.433662278007703,149.61572247687008,10,4,Cubic
mp-6018,Ba3NdRu2O9,0.0,-2.573923947166667,6.421303652469426,466.69652392693797,30,4,Hexagonal
mp-561942,Cs3TaO8,2.7831,-1.747082465524905,5.128646217484732,229.1240395607301,12,3,Tetragonal
mp-11715,MgSn(BO3)2,3.622999999999999,-2.712048039833334,4.346391961451639,99.57499153303179,10,4,Trigonal
mp-3263,USO,0.0,-2.780894070833336,9.565921685774493,99.32532035138462,6,3,Tetragonal
mp-639463,SiO2,5.3927,-3.255151089999999,1.890849262896296,316.5952872178218,18,2,Orthorhombic
mp-18651,Sr3DyRhO6,2.1335,-2.92729821469697,6.435745093215914,322.1418057196396,22,4,Trigonal
mp-756034,NaSmO2,4.0559,-3.020317419094827,5.617390913162125,60.7024376318343,4,3,Trigonal
mp-1227741,BaSr(MoO3)2,0.0,-2.509711093,6.101648461222601,139.56282394479484,10,4,Cubic
mp-560028,UTe6(OF5)6,2.2523,-2.411009155581395,3.267944637441803,848.3615284088669,43,4,Monoclinic
mp-773037,Mn3BiO8,0.46140000000000003,-1.6595807069827582,5.22290046848262,638.1446196147317,48,3,Cubic
mp-5127,LiCuO,1.4376,-1.432946590277778,4.2894703998712185,133.92240303969075,12,3,Tetragonal
mp-1179224,SrO10,0.0,-0.5382002636363631,2.719336375075666,302.4066637770411,22,2,Tetragonal
mp-1220867,NaTlO,0.975499999999999,-1.1694468649042151,6.7463439494868265,119.80696389044596,6,3,Hexagonal
mp-556480,Ti3O5,0.0,-3.373945726875001,4.027309286618516,184.3877327461874,16,2,Monoclinic
mp-3474,LaCuO3,0.0,-2.4238557999999992,7.264223278768729,114.50128810538682,10,3,Trigonal
mp-4632,Sr3(PO4)2,5.4064,-3.3192211222527472,4.525599361179994,166.14299071954298,13,3,Trigonal
mp-21138,MoPb2O5,2.9278,-1.830996234999998,7.024432570792693,279.10514937118165,16,3,Monoclinic
mp-21444,LaMn2O5,0.0,-2.630964337920259,5.481538343985113,398.39155279434436,32,3,Orthorhombic
mp-1025274,Cs2NpO4,0.2765,-2.843703246865768,6.622232156204992,142.12846086331908,7,3,Tetragonal
mp-19305,CaV2O5,0.0,-2.801475021250001,3.671959175292298,200.74838120446347,16,3,Orthorhombic
mp-28455,Hg2P2O7,1.484199999999999,-1.9723853244805198,6.500130867622658,293.8447754557699,22,3,Triclinic
mp-1205553,Sr2LuTaO6,3.4874,-3.602819626399999,7.239850586268928,143.84401862357745,10,4,Cubic
mp-16057,Er2Cu(GeO3)4,0.7189000000000001,-2.530019172105263,5.7029067457552465,256.41285475914333,19,4,Triclinic
mp-1025349,Sr2ZrO4,2.7749,-3.459645487142857,4.900873873056585,111.96868375412824,7,3,Tetragonal
mp-10344,Ba2PrNbO6,2.9791,-3.354416347166667,6.070435400314897,330.69680647059783,20,4,Monoclinic
mp-13068,Lu2O3,4.0883,-4.039624749416665,10.734582977414272,61.556370224011495,5,2,Trigonal
mp-754157,AlInO3,2.162,-2.675649130333332,5.613715616053324,112.28447654040943,10,3,Hexagonal
mp-558748,Sc2O3,3.4806,-3.9028742136666663,4.104120169376197,167.39640147711683,15,2,Monoclinic
mp-557697,Hg2Sb2O7,0.0,-1.467053617727276,8.919460414750432,281.74864375297483,22,3,Cubic
mp-1189528,Ca2ScSbO6,3.6317999999999993,-3.1275018395,4.536639055282545,250.99912946005279,20,4,Monoclinic
mp-752561,SbO2F,1.3329,-1.9869488425,5.764841977280518,99.52400641013975,8,3,Monoclinic
mp-23331,Si3(BiO3)4,3.897899999999999,-2.464400844999974,6.823975340567384,541.2690216527448,38,3,Cubic
mp-558610,Sc(ReO3)2,0.0,-2.5188134050000013,8.405268909641944,202.84058147728635,18,3,Monoclinic
mp-1199861,Ni2As2O7,0.18130000000000002,-1.539293493636364,4.794040048386716,394.06382692269153,33,3,Triclinic
mp-9309,CsTa(BO3)2,3.4027,-3.013451491032184,4.755152667109465,301.3470721599517,20,4,Orthorhombic
mp-753606,MnCoO4,0.0,-1.382594470488506,4.411527851375815,133.9028869368747,12,3,Orthorhombic
mp-1207040,Ba2InOsO6,0.42240000000000005,-2.319753972666666,7.736281627048708,145.03396392863104,10,4,Cubic
mp-10523,CeSiO4,1.447799999999999,-3.563593093333333,4.936797895877379,156.2047646719938,12,3,Tetragonal
mp-30120,K3BiO4,1.1394,-1.639996911468749,4.250628469313457,304.92591943230804,16,3,Triclinic
mp-541677,Cd2AsO4F,1.705099999999999,-1.842931281874999,5.299347357556956,479.7225171830051,32,4,Monoclinic
mp-1223374,KNa2NiO2,0.0,-1.174811977084769,2.795308452073545,417.66126460950437,24,4,Tetragonal
mp-886,Ga2O3,2.007799999999999,-2.268996668999999,5.887587999533202,105.73376293730534,10,2,Monoclinic
mp-558894,Ba4Ti2PtO10,1.9973,-3.007728040980392,6.2757675690395605,529.2542507408859,34,4,Orthorhombic
mp-705675,Sr3Mn4O12,0.0,-2.161222606406535,4.564285359030228,245.42898519625467,19,3,Trigonal
mp-1205480,Eu2TmTaO6,0.0,-3.520545058733334,8.581514352938271,145.088957243183,10,4,Cubic
mp-25275,MnO2,1.5739,-1.74647736014368,4.444339739201422,129.92888565750238,12,2,Cubic
mp-1102170,CrO2,0.0,-1.949249660833333,4.932829730104097,113.10085324369544,12,2,Cubic
mp-769649,GdTa3O9,2.3374,-3.478469228615383,8.936653712463674,313.6837441116938,26,3,Monoclinic
mp-555286,CsNb(PO4)2,2.5389,-2.847851053245074,3.427945927671024,201.39660798498394,12,4,Monoclinic
mp-22671,Pr7O12,0.0,-3.400514501140351,6.162566650685973,317.51220864162366,19,2,Trigonal
mp-560699,VBiPbO5,2.9255,-2.02351889125,6.811652115885155,266.7524095678688,16,4,Triclinic
mp-1043139,CaNi(GeO3)2,2.6157,-2.25752711225,4.659271672521902,484.76474101434076,40,4,Monoclinic
mp-23636,Cs3Np(Cl2O)2,0.22790000000000002,-2.601377421771553,3.972433849572962,676.7898565046908,20,4,Monoclinic
mp-755595,Er2TiO5,3.038,-3.829447251666666,6.5896940924530725,233.03156836126198,16,3,Orthorhombic
mp-1192364,HgTe2(OF5)2,2.4788,-2.107091754722222,4.2513635459215,529.4622554195934,30,4,Monoclinic
mp-768864,KNdO2,3.8089,-2.942890084937499,5.040962174653807,141.86933991070507,8,3,Hexagonal
mp-754960,SmIO,2.178699999999999,-2.981914516666666,6.324083121223915,154.00686664695766,6,3,Trigonal
mp-555050,BaNb2O6,2.904099999999999,-3.205801718055556,5.489646625558101,507.13061541293706,36,3,Orthorhombic
mp-557296,Sr2MnSbO6,0.1474,-2.567225706793103,5.711312974900795,130.23496496638916,10,4,Tetragonal
mp-27723,USeO5,1.732899999999999,-2.564888471049104,6.145625347261192,214.53003565813844,14,3,Monoclinic
mp-17832,RbBaPO4,4.995900000000001,-3.027209593163264,4.456014912438398,473.66369854072076,28,4,Orthorhombic
mp-850212,Na3Mn5O12,0.0,-1.806843389189656,3.655840441029418,243.30154423965698,20,3,Monoclinic
mp-27941,AgClO3,2.3983,-0.40724466733333303,4.138469148530601,307.06362811598757,20,3,Tetragonal
mp-1048131,Ba2YNi3O8,0.0,-2.072268259285714,6.168118315070375,179.73624341082513,14,4,Tetragonal
mp-760510,Sr2Bi2O5,,-2.353507547222223,6.545916418481108,341.5476688009898,18,3,Monoclinic
mp-557862,BaAg2(HgO2)2,1.3289,-1.119327563703704,7.781201733227896,349.23169787302476,18,4,Tetragonal
mp-17037,Rb2Ti(SiO3)3,,-3.1350080442222232,3.460389857920447,429.0557793763726,30,4,Hexagonal
mp-14316,KPr(SeO4)2,3.4507,-2.008153268217013,4.06610307425264,761.1024682864468,48,4,Monoclinic
mp-754678,BaTaO3,0.0,-3.269091094466667,8.628535380730046,70.48829628052674,5,3,Cubic
mp-1105355,CaMn7O12,0.0,-2.1308138637758622,4.849719523846798,211.1359253536418,20,3,Trigonal
mp-6179,KLiSO4,5.3221,-2.302494547583332,2.273292541275406,207.59823217094666,14,4,Hexagonal
mp-759128,Li3Sb2(PO4)3,3.6068,-2.446805196446428,3.380977082836134,539.5261940934491,40,4,Monoclinic
mp-23329,Bi2WO6,1.908999999999999,-1.956102882222222,9.289459421405475,249.46973954029752,18,3,Orthorhombic
mp-4571,CaZrO3,3.8263,-3.670175069499999,4.603084505750543,258.7265007863652,20,3,Orthorhombic
mp-552176,Ba2PrNbO6,3.0394,-3.353653703166666,6.071790848333242,165.31149136348054,10,4,Trigonal
mp-6019,Sr2YNbO6,3.2249,-3.46656378,5.166221561680661,291.23990916869263,20,4,Monoclinic
mp-1205676,NaSr2OsO6,0.0,-2.334082770137931,5.8666003597952585,137.12513991201845,10,4,Cubic
mp-4406,CaSO4,5.9508,-2.668935733749998,2.9787166822786633,151.78804114614428,12,3,Orthorhombic
mp-771825,Er2TiO5,3.168099999999999,-3.862720507916666,7.401547442164745,414.94208106735056,32,3,Orthorhombic
mp-22939,BiClO,2.5681000000000003,-1.695745048333333,7.614664760301017,113.58578538575841,6,3,Tetragonal
mp-1095270,Na5NpO6,1.4031,-2.448083608803877,4.873922840589578,152.614353093654,12,3,Monoclinic
mp-1218137,SrNdCrO4,2.1056,-3.118902086785714,6.120804986388285,94.37124376189797,7,4,Tetragonal
mp-30991,Ba(IO3)2,3.543599999999999,-1.546153766666666,4.863429272042161,332.64687771828727,18,3,Monoclinic
mp-753418,SrNd2O4,3.6022,-3.547404760714285,5.528955912714195,264.35584280664295,14,3,Cubic
mp-618968,UMoO5,0.1444,-2.870027866785713,6.839581681961918,402.0167301216811,28,3,Orthorhombic
mp-19398,FeAsO4,1.2997,-1.677560665694443,4.035638874249799,480.8362288390578,36,3,Orthorhombic
mp-10339,SrNbO3,0.0,-3.180447969,5.686060539403957,266.950371096918,20,3,Orthorhombic
mp-779906,Ca3WO6,3.5587,-3.0564188535,4.96602533584082,267.55100252737935,20,3,Monoclinic
mp-585226,Li3Fe2(PO4)3,1.482899999999999,-2.477361703696428,3.034044640890636,456.9174589049714,40,4,Monoclinic
mp-759174,Na6CoO4,0.7895999999999991,-1.4345134296159872,2.89453435543496,598.6231904992743,44,3,Hexagonal
mp-975577,K3La(AsO4)2,3.882099999999999,-2.413142842982143,3.861492439962555,459.30025991329467,28,4,Monoclinic
mp-755587,V2O3F,1.1841,-2.669934031666667,4.428748129106014,126.64128574957547,12,3,Orthorhombic
mp-29863,AsCl3O,2.5284,-1.156071267499999,2.606670690721858,502.69663632597803,20,3,Monoclinic
mp-15312,Ca4Al6TeO12,3.146499999999999,-3.3449745885507243,2.706081864446139,393.825506975429,23,4,Cubic
mp-1199011,Nb4Ag2O11,2.342799999999999,-2.526391012549018,5.842477160277664,433.91913935927226,34,3,Trigonal
mp-1201610,Y2VO5,1.600099999999999,-3.388980260937501,4.338939577251508,472.6424600227569,32,3,Monoclinic
mp-546190,Ag2O3,0.34700000000000003,-0.355224625666665,7.019151848151168,124.7847648799555,10,2,Orthorhombic
mp-14628,ZnSnO3,1.3215,-1.925918267999999,6.456458301074723,119.39662912889759,10,3,Trigonal
mp-556679,Na2Ca3Si3O10,4.375500000000001,-3.2176857076532572,2.786623004002855,489.1882184882662,36,4,Monoclinic
mp-555537,Na3ErV2O8,3.625499999999999,-2.6915894467241372,3.876159060378706,399.35825821822664,28,4,Monoclinic
mp-776532,HfO2,3.902499999999999,-3.982831039166664,9.412302135077686,74.26979509702473,6,2,Tetragonal
mp-3249,La4Ti3O12,2.918399999999999,-3.776547035789474,6.194405343645809,238.90888169347144,19,3,Trigonal
mp-1191597,Sm3SbO7,2.6788,-3.351898205454546,7.173073013334402,317.0737556950194,22,3,Orthorhombic
mp-555100,NbBiO4,2.5158,-2.518023442083336,7.338743432337999,331.1549517708971,24,3,Triclinic
mp-30298,KAsO2,3.8449,-1.885300383687499,3.369728203059854,287.8211430630787,16,3,Orthorhombic
mp-614981,Ba2Nd(CuO2)3,0.0,-2.211208898958333,6.262486948040378,187.07596544221505,12,4,Tetragonal
mp-768820,Li3Bi(BO3)2,3.4538,-2.465725820902778,4.289897848201216,537.9218731097694,48,4,Monoclinic
mp-18997,LiMnPO4,3.411499999999999,-2.633428733343891,3.32137828668069,313.67246480786036,28,4,Orthorhombic
mp-21209,Cu3(AsO4)2,0.0,-1.307728772692308,5.079857532458784,153.13881521468434,13,3,Triclinic
mp-562613,P2O5,5.540900000000001,-2.398106894540817,2.326727433858114,405.2119280703247,28,2,Trigonal
mp-1220820,NaBi3(ClO2)2,2.3702,-1.7679611221379412,7.04959091742355,184.8686651996438,10,4,Orthorhombic
mp-17193,Ca3GeO,0.14019999999999902,-1.7076779870000012,3.30343145132463,209.9891859626689,10,3,Orthorhombic
mp-758692,Co2OF3,0.0,-1.9712109016666672,4.5921758326963875,138.0313636379354,12,3,Orthorhombic
mp-1221066,NaCoO2,2.069,-1.460137840344828,4.379058358618043,43.19913657936172,4,3,Trigonal
mp-16796,Sr2GdRuO6,0.25369999999999904,-2.828292794,6.3259818074603125,278.011893467992,20,4,Monoclinic
mp-1105140,Co2PO5,0.0,-1.889026050580358,4.231661242099058,179.5952034180278,16,3,Tetragonal
mp-557092,Y3Si2Cl5O6,4.5564,-3.211072767812501,3.1026837301231662,638.1122715896922,32,4,Monoclinic
mp-1182169,BaO6,0.0534,-0.8982260400000001,3.220694357357681,240.59570878982979,14,2,Monoclinic
mp-17808,Nb2Zn4O9,2.5331,-2.327878003666667,5.698955095807652,344.6648687173005,30,3,Trigonal
mp-9740,BaDy2PdO5,1.7855999999999992,-3.061456264814813,8.396661474326004,256.5935900872606,18,4,Tetragonal
mp-10254,Sr2IrO4,0.0,-2.331170354285714,7.392002283743812,96.92194229158417,7,3,Tetragonal
mp-6259,SrLi2Ta2O7,2.1666,-3.207777473027777,6.813884891023546,140.2230152594383,12,4,Tetragonal
mp-4770,Na2SO4,4.9903,-2.205164865751231,2.738780212902371,172.24202151828393,14,3,Orthorhombic
mp-1177217,Li5V3P8O29,,-2.620304272973545,2.5361433936502653,1177.6356438488508,90,4,Triclinic
mp-18981,Sr2CaWO6,3.2349,-2.976089123999999,5.598383115863993,146.8679810191929,10,4,Cubic
mp-556183,Pr3U(ClO2)3,1.423099999999999,-3.498356174615383,6.5159149325286485,439.914682354482,26,4,Hexagonal
mp-22442,Ba2NaOsO6,0.0,-2.386168429137932,6.549211138369004,148.03908523145373,10,4,Cubic
mp-1179236,SrO10,0.0,-0.5358227445454541,2.231334748597283,368.54418253072424,22,2,Tetragonal
mp-31770,Fe3O4,0.0,-1.6279356214285712,4.9024678290768335,156.84709860252937,14,2,Orthorhombic
mp-14367,AsPO5,2.0204,-2.064414745306121,3.920891505689514,314.9095340543126,28,3,Orthorhombic
mp-18830,Fe2PO5,0.0,-2.145798818705358,3.97895937537889,185.84602606791734,16,3,Tetragonal
mp-22202,BaTm2CuO5,0.0,-3.122397166111112,8.402437702322622,489.11487585672967,36,4,Orthorhombic
mp-18990,Ba2Mn(BO2)6,3.9788,-2.954110900496715,3.744923047103721,1040.15439197473,84,4,Trigonal
mp-1661736,Li4Co3Sn5O16,,-1.939496899404761,5.442757775769418,643.1963057932693,56,4,Triclinic
mp-560117,CsMn(PO3)4,0.9425000000000001,-2.575042285619867,3.068676828610609,545.1636806317798,36,4,Monoclinic
mp-18786,Ca2CoSi2O7,3.056,-3.066876938958333,3.221390279358889,633.5284320111558,48,4,Tetragonal
mp-559464,KFeO2,,-1.73185696134375,3.362714362781847,1002.9626950383653,64,3,Orthorhombic
mp-8790,Ba2CuO3,0.0,-2.286241100833322,6.18492908079224,103.68707388128288,6,3,Orthorhombic
mp-1190839,YMo2O7F,3.1033,-2.610687678636363,4.080322160636185,335.158273423496,22,4,Monoclinic
mp-14951,Rb3AlO3,2.651399999999999,-2.192958231785712,4.036157855932871,272.67251049111314,14,3,Monoclinic
mp-556713,Zr(WO4)2,,-2.573634890757575,5.067786921101905,2307.6796201472093,132,3,Orthorhombic
mp-604,Nb2O5,2.5231,-3.017570597142858,5.096685632140811,173.20569586638197,14,2,Monoclinic
mp-1218692,Sr2TiFeO6,,-2.8805394425833333,5.124099926092342,486.0299175578124,40,4,Tetragonal
mp-754250,NaLuO2,4.0962,-3.239507648886493,7.640497145142105,199.9085656956061,16,3,Monoclinic
mp-8300,Ba4As2O,0.669299999999999,-1.577458191428567,5.04258213607348,235.50147082524893,7,3,Tetragonal
mp-1216284,VReO4,0.0,-2.164676610416668,7.567947930728329,264.306714782645,24,3,Orthorhombic
mp-572551,Cs2U(Br2O)2,1.9545000000000001,-2.47846627881226,4.319946975383021,657.6542786348285,18,4,Monoclinic
mp-549127,HoBi2ClO4,1.370999999999999,-2.470130923125,8.278940385967152,136.85991564229317,8,4,Tetragonal
mp-766389,Li4MnOF5,0.13239999999999902,-2.860739455872519,2.471653263659067,390.389174320483,33,4,Monoclinic
mp-849520,LiCo3(SiO4)2,0.005200000000000001,-2.205320383095239,3.3178232913366292,552.4015618507411,42,4,Triclinic
mp-559234,CsLa(PO3)4,5.0449,-2.939190691568145,3.206088149265104,608.7772521385027,36,4,Monoclinic
mp-17451,Nd3ReO7,0.0,-3.2388336381818172,7.686418511651973,315.8130995503654,22,3,Orthorhombic
mp-557656,RbNaSi2O5,4.4435,-2.904253888208812,3.014348583465227,539.0356201096483,36,4,Monoclinic
mp-30143,U(IO4)2,2.051699999999999,-1.820930397272725,5.922313001568772,347.58615224227066,22,3,Monoclinic
mp-628599,YbBi2IO4,0.0,-2.138261678437498,8.981970295235937,144.55405876930206,8,4,Tetragonal
mp-561346,Na2ZrGeO5,3.4539,-2.686143878500957,3.894568619867655,988.6415351020189,72,4,Monoclinic
mp-755058,Ni2PO5,0.0,-1.840905112455356,4.368549782319685,173.60299035126454,16,3,Tetragonal
mp-1192892,BaTmCo4O7,0.11870000000000001,-2.083048736923077,6.026839662003444,360.37978654024107,26,4,Monoclinic
mp-648745,NaTiFeO4,2.248,-2.499407430316092,4.118015546832404,307.58869077995496,28,4,Orthorhombic
mp-754118,Sr(AsO3)2,3.2824,-2.228844654444445,4.928401626289884,112.35340277039344,9,3,Trigonal
mp-28073,UCuO4,0.0,-2.674525173333331,7.5162106666767965,161.53018095178484,12,3,Monoclinic
mp-777295,TmCrO3,2.6809000000000003,-3.2474085135,8.385646496521579,213.01460640525085,20,3,Orthorhombic
mp-555560,CdTeMoO6,3.189399999999999,-1.727071637962963,5.339739431143151,268.65188523356164,18,4,Tetragonal
mp-5884,TmPO4,5.7221,-3.519950872440477,6.394131774338981,137.07115451017503,12,3,Tetragonal
mp-1223246,La2GaNiO6,0.0,-2.75679734275,6.93776572277119,120.20615480092155,10,4,Trigonal
mp-755175,Al2O3,5.4924,-3.344650779,3.796290496395147,178.3959204053059,20,2,Trigonal
mp-1202027,LaTaO4,2.7027,-3.690721924347221,7.504356558323561,679.4980950307247,48,3,Orthorhombic
mp-9750,SbPO5,2.5585,-2.257082364234693,4.458318418004147,173.36515074380551,14,3,Monoclinic
mp-1180771,KCoO2,0.0,-1.504170098062499,3.45458838715659,125.00498495957883,8,3,Tetragonal
mp-753330,Ba2MnO4,0.0,-2.5779185925615753,5.964206720621073,109.58221475993152,7,3,Tetragonal
mp-1200675,KIO3,2.8533,-1.365559210449999,4.037656090559175,704.0856635733552,40,3,Trigonal
mp-33436,Tl(WO3)6,0.0,-2.143019246133336,7.317438430430772,362.0453808773643,25,3,Hexagonal
mp-754401,Al2O3,4.2347,-3.331427151,2.583435714552006,131.07404481085925,10,2,Orthorhombic
mp-554606,Cu7As6(PbO12)2,0.0,-1.4129957662820511,5.521882313400147,509.0395069206551,39,4,Triclinic
mp-755874,Na2MnO3,1.9179,-1.902797412614942,4.035959672054634,122.538625916866,12,3,Monoclinic
mp-558340,Nd5As2ClO10,3.2983000000000002,-3.22806242625,6.018727108792421,294.24248925484744,18,4,Monoclinic
mp-779475,LiMn2(BO3)2,,-2.420888374623824,3.136727317393331,744.6409911066525,66,4,Triclinic
mp-1193554,Bi2Se3O10,3.2263,-1.41250524146875,6.092510910831311,444.1731949366586,30,3,Monoclinic
mp-1101470,NaTi2O4,0.0,-3.075754049720853,3.501874957931521,86.6438623985895,7,3,Orthorhombic
mp-1193715,Rb(WO3)3,0.0,-2.2346968028846153,6.8379013722006885,379.3128081078634,26,3,Hexagonal
mp-1183524,Bi2O3,2.0782,-1.6078006035000052,9.638277098656488,160.55631416567675,10,2,Trigonal
mp-2254,Al2O3,4.8274,-3.405725549250001,3.782405259976946,358.10162617765377,40,2,Orthorhombic
mp-561437,Al2Ge(O2F)2,4.0658,-3.1719766036111112,4.017752409488144,377.91781409707386,36,4,Orthorhombic
mp-757102,Sr2RhO4,0.0,-2.365510500357143,5.90620839396336,384.77611761773875,28,3,Tetragonal
mp-17972,Zn2Hg2OF6,0.8682000000000001,-2.038081691363638,7.317183289828485,300.4589585511679,22,4,Cubic
mp-31062,Y(PO3)3,5.7608,-3.010543147417583,2.7918882938268883,775.1595543012493,52,3,Monoclinic
mp-761872,Na2Sn2O3,0.42609999999999904,-1.6871750911083732,4.532269620464737,242.83590233775442,14,3,Cubic
mp-765485,Zr15VO32,1.7356,-3.714882552083333,5.521740111383892,580.7896864199483,48,3,Triclinic
mp-1019560,Ca2B2O5,4.7075,-3.242779313148148,2.781254177500124,434.11277009212,36,3,Orthorhombic
mp-5831,Cu(SbO3)2,0.0,-1.639420865555554,6.669584048406046,200.70242960279091,18,3,Tetragonal
mp-5840,LiScO2,3.904,-3.344621143333333,3.430721979221607,81.21445464830744,8,3,Tetragonal
mp-756156,Rb2ZrO3,3.5441000000000003,-2.750381017500001,4.385420744938446,234.88243143153116,12,3,Orthorhombic
mp-1042170,Ca(FeO2)2,0.6776999999999991,-2.146978633571428,4.603548086457876,155.65698513385883,14,3,Orthorhombic
mp-18281,Ti2Ni(PO5)2,3.042,-2.882407713396826,3.513015595809107,355.8055947726379,30,4,Monoclinic
mp-622183,Co2PClO4,2.6302,-1.959027435892856,3.854300777868896,427.88201267411955,32,4,Monoclinic
mp-756478,WO3,1.3986,-2.180197120625,7.253974807838612,212.28438114464933,16,2,Cubic
mp-8140,AsPO4,4.5760000000000005,-2.198969101190476,3.6400064500586513,310.0147259759318,24,3,Orthorhombic
mp-19039,CdMoO4,2.4682,-1.814628006666668,6.049733854246376,149.5092183985517,12,3,Tetragonal
mp-754743,Na2FeO2,0.041299999999999004,-1.516681236551723,3.281237549037675,270.8964265837939,20,3,Orthorhombic
mp-757467,Mn5SnO12,1.466799999999999,-1.786253262480842,3.986863172236471,243.81774476156878,18,3,Monoclinic
mp-1205945,Ba2UHgO6,1.6345,-2.90438639525,7.774337650477434,172.85373559416985,10,4,Cubic
mp-1190864,BaAu2(SO4)4,1.785299999999999,-1.745518992608695,3.888705968002586,390.9375063946651,23,4,Monoclinic
mp-1190434,Li2IrO3,0.0,-1.731535679861109,7.8111256092355035,216.07043513154812,24,3,Orthorhombic
mp-559062,KP(OF)2,5.236499999999999,-2.874157661565477,2.538519255678768,366.4937105762993,24,4,Orthorhombic
mp-756247,Fe4OF7,0.7885999999999991,-2.387066078749999,4.120457890104851,300.12779984501327,24,3,Orthorhombic
mp-18891,BaV6O11,0.0,-2.617085703333332,5.289528969031869,388.6254809256039,36,3,Hexagonal
mp-1192378,AlTlSiO4,3.494699999999999,-2.900092249047619,4.9021167017322576,438.25797771541767,28,4,Orthorhombic
mp-560784,CaFe3P3O13,0.717299999999999,-2.501463665696429,3.385580796413308,498.8379525890546,40,4,Monoclinic
mp-558448,Pr2Ir2O7,0.0,-2.404353863939392,9.031550604241351,286.1759732228344,22,3,Cubic
mp-22592,CaTi4(CuO4)3,0.0,-2.702762577666666,4.912970336158257,207.5861445149427,20,4,Cubic
mp-772758,Sm2Zr2O7,3.963399999999999,-3.834063319772727,6.37540967818369,620.0654017940174,44,3,Monoclinic
mp-12010,BaSeO4,3.7215,-2.156183486640623,4.855074792953051,383.45323020926315,24,3,Orthorhombic
mp-1216392,VCrO3,1.613299999999999,-2.443056250999997,5.027905257482025,99.6975000973038,10,3,Trigonal
mp-19346,Fe3(PO4)2,0.8948,-2.295905708021976,3.99160319216485,297.4272228794915,26,3,Monoclinic
mp-557115,Cs2As2OF10,3.9471,-2.67757732962069,3.6556470813151662,564.7445666935056,30,4,Monoclinic
mp-19001,SrMnO3,0.9027000000000001,-2.496220726086208,5.406566540046488,234.105017935749,20,3,Hexagonal
mp-20947,CaRuO3,0.0,-2.226688614499999,5.51646773750719,227.7433091928982,20,3,Orthorhombic
mp-22203,SmMnO3,0.27440000000000003,-2.991211237586206,7.267318238962783,231.50675196280685,20,3,Orthorhombic
mp-19022,Na4FeO4,1.763199999999999,-1.625666475613027,2.998147734785597,234.61482911502378,18,3,Triclinic
mp-1272179,Ba2MnNbO6,,-2.9635321102931043,6.126422884651936,562.1426590706826,40,4,Orthorhombic
mp-15511,CaTe3O8,2.0176,-1.896779987916666,5.6959764796080865,321.1903955775795,24,3,Monoclinic
mp-7048,Al2O3,4.4553,-3.409391490000001,3.626309528339469,93.37905823230228,10,2,Monoclinic
mp-17630,LuCu(WO4)2,1.096499999999999,-2.394680906388888,8.17164652061388,298.3849546749968,24,4,Monoclinic
mp-556475,KLaPdO3,0.43920000000000003,-2.323481649541666,5.538086674329287,199.3467059083127,12,4,Monoclinic
mp-756076,TbTaO4,3.6704,-3.711087743583329,8.951050846612443,299.6936572330944,24,3,Monoclinic
mp-861502,AcFeO3,0.9887999999999991,-2.771539465500001,8.889999465919495,61.79731063258672,5,3,Cubic
mp-4941,Sr2SnO4,2.7108,-2.784467207857141,5.6851290058849155,209.10201790687114,14,3,Orthorhombic
mp-1207110,K2TaNbO6,1.3152,-2.954458470183333,5.59579566807347,132.95695966132962,10,4,Tetragonal
mp-1226239,CrReO4,0.0,-2.093239072916667,7.689008121437258,130.52816706092,12,3,Orthorhombic
mp-1076800,BaCuO3,0.0,-1.663166091,6.439350784555453,64.17733153205626,5,3,Cubic
mp-1193019,MnRe(PbO3)2,0.0,-1.822523277376437,9.199712272612427,406.9574871292575,30,4,Monoclinic
mp-555976,Na2TiSiO5,3.2081,-2.992997699010217,3.149612576131508,425.84419398236133,36,4,Orthorhombic
mp-753489,Zn(CoO2)2,0.0,-1.410660542857143,6.25645800931237,131.25844028644565,14,3,Cubic
mp-540788,K2Mo3O10,3.3529,-2.100159429299999,3.607171697508429,484.29141942371587,30,3,Monoclinic
mp-1095679,Cu2BrO3,0.0,-0.6473292433333331,4.658786647390417,181.77601289966495,12,3,Monoclinic
mp-743906,La5MnRe3O16,0.0,-3.014136212417241,7.756984423488614,1339.2888160999833,100,4,Triclinic
mp-770811,Si2As2O7,4.5533,-2.459652085,3.116724302907001,677.7218351676871,44,3,Triclinic
mp-545820,SnO,0.519099999999999,-1.628875743749999,5.840915176716953,153.1884744568246,8,2,Orthorhombic
mp-9784,BaBAsO5,3.543599999999999,-2.625826847291667,4.373009578662192,345.23408739817245,24,4,Trigonal
mp-554160,K2CuP2O7,0.26179999999999903,-2.4040318565654752,2.964976817352466,707.2012253314051,48,4,Orthorhombic
mp-1190325,Ag2P2PdO7,1.166799999999999,-1.785766681051587,4.761192507145591,346.0448076380572,24,4,Monoclinic
mp-18903,Sr2CdWO6,3.543,-2.536973467,6.462998547396531,145.8046123007189,10,4,Cubic
mp-1192537,Nb2PbO6,2.602999999999999,-2.74453990925926,6.470468620850427,376.4884098913339,27,3,Trigonal
mp-22464,NaO3,0.6064,-0.595979831594827,2.117359781527774,55.67230343961003,4,2,Orthorhombic
mp-772801,LuBiO3,2.3018,-2.823910251333335,9.400974309080118,152.59323552308715,10,3,Trigonal
mp-17987,Tb11O20,0.0,-3.4434415894623642,7.73575696351309,443.9477438174884,31,2,Triclinic
mp-645740,SnSO4,3.5219,-1.8104329520833322,3.564725181036562,400.1860167313663,24,3,Triclinic
mp-555179,GdMoO4F,1.3117,-2.9649934303571452,5.314797187680995,420.14772887414256,28,4,Monoclinic
mp-752785,Sm4U4O17,0.0,-3.698969960599998,9.498350613657934,319.1490443208708,25,3,Orthorhombic
mp-758397,Fe2OF3,1.6847,-2.321488981666667,4.227873572326315,145.07340581228692,12,3,Orthorhombic
mp-2184,As2O3,4.0234,-1.623773379000001,3.794773824614216,346.29033389017377,20,2,Cubic
mp-985626,Na3Mn2SbO6,0.8500000000000001,-2.0315296425,4.493033589509303,146.57642015737525,12,4,Monoclinic
mp-17272,NbCuO3,0.9590000000000001,-2.2995771384999992,4.863962376053679,279.1947379777856,20,3,Monoclinic
mp-1174375,Li5Mn2CoO8,,-2.030927055158046,3.932617619526053,139.97914469428872,16,4,Triclinic
mp-1019727,NaEuGeO4,0.0,-2.547677559839901,4.904295205482423,422.0052992947277,28,4,Orthorhombic
mp-703682,GdMn2O5,1.1582,-2.624079486670259,6.459987829883305,356.9117880981024,32,3,Orthorhombic
mp-1214561,Ba2TbWO6,1.6795,-3.140708241666666,7.577605995571289,156.3362788056158,10,4,Monoclinic
mp-556145,NaAsO2,3.6341,-1.856454594719828,3.422920101392667,504.17983440580986,32,3,Orthorhombic
mp-676249,SrU2O6,0.0,-3.669588367777775,9.05918366511069,120.91760737312511,9,3,Orthorhombic
mp-756073,Rb2ZrO3,3.2835,-2.691774728333333,3.668409677878677,561.5830170947909,24,3,Orthorhombic
mp-308,U3O8,0.0,-3.706795401818183,8.465552295994232,165.17645785551224,11,2,Hexagonal
mp-754459,BCl(OF2)2,1.762,-1.938781272395833,2.217510559902561,231.02374740369356,16,4,Monoclinic
mp-18596,Ca2ZnGe2O7,3.0488,-2.565611808749999,3.934383507406742,340.04457611266724,24,4,Tetragonal
mp-1236914,Cr3(PO4)2,1.1944,-2.3789310707142852,3.53517937692477,324.9803862573089,26,3,Monoclinic
mp-18881,KCr4O8,0.0,-2.148050575173077,4.185785776985694,148.7967944735115,13,3,Tetragonal
mp-1105681,In2O3,0.762699999999999,-1.956227223916666,7.431383515891209,248.14891296534003,20,2,Orthorhombic
mp-557654,RbCr2BiO8,2.4169,-1.821094085833333,4.3935105844739475,795.8709674565887,48,4,Orthorhombic
mp-558123,V2Ge(O2F)2,1.876599999999999,-2.632902384722221,4.243875438865562,432.7817463415937,36,4,Orthorhombic
mp-8876,Ca4Al6SO12,3.7247,-3.380591705543477,2.4100916291487,376.36928467125824,23,4,Cubic
mp-13108,SrHfO3,3.7304999999999993,-3.779468506999999,7.345445368102092,71.00848373784919,5,3,Tetragonal
mp-976726,LiDyO2,4.5644,-3.288713784999998,6.798753817102152,196.79998215359106,16,3,Orthorhombic
mp-1047928,Mn3P3O13,0.0,-2.273623583037982,3.238756262618118,477.565365440632,38,3,Monoclinic
mp-731669,Na2ZnPO5,0.20720000000000002,-2.187826759433497,3.043833410724611,485.22537941894956,36,4,Monoclinic
mp-18771,Sr2CoWO6,1.671499999999999,-2.595678251999999,6.601073454704505,258.60430699992935,20,4,Tetragonal
mp-9760,BaTb2PdO5,1.8352,-3.056340362592593,8.21758087355874,259.2960338733176,18,4,Tetragonal
mp-5447,Sm3OsO7,0.0,-3.134779229090907,8.390890295439636,298.1551816202899,22,3,Orthorhombic
mp-1173109,TaTiO4,0.0,-3.305190221777775,7.196947675118464,67.56010800370696,6,3,Orthorhombic
mp-17478,Ba2CoO4,0.042899999999999,-2.327057221785716,5.558269704284939,475.11554459093054,28,3,Orthorhombic
mp-504573,Cr2CuO4,0.0,-1.9373669635714301,5.379143682746767,142.94998010544276,14,3,Cubic
mp-14837,Sm4Si2Se3O7,2.3907,-3.186227192939452,6.380016015976207,1047.841038161716,64,4,Tetragonal
mp-20186,PrRuO3,0.0,-2.480910365333333,7.614442683349157,252.94890109212832,20,3,Orthorhombic
mp-1048318,Ca2FeWO6,3.263099999999999,-2.650164957499999,5.4739920372722715,252.2890948147813,20,4,Trigonal
mp-773505,Al2CrO5,0.036599999999999,-2.876227499375,4.095506406747981,150.79331650289544,16,3,Monoclinic
mp-754524,CeTiO3,0.0,-3.497674579666666,6.393636591786039,61.288438271041045,5,3,Cubic
mp-23372,Sn2Bi2O7,2.7114000000000003,-1.924906653181814,8.505968452110006,299.61522436133333,22,3,Cubic
mp-28824,Na3CoO2,1.3483,-1.302684139022988,2.543260322627516,417.6094091567294,24,3,Tetragonal
mp-1178823,V2CoO6,1.9116,-2.09316430111111,4.079438099797106,104.53580526534608,9,3,Monoclinic
mp-7205,LiInSiO4,3.028699999999999,-2.652957972499999,4.416308598308235,321.6198807029112,28,4,Orthorhombic
mp-18975,Na2SrV4O12,2.8729999999999993,-2.535827691987297,2.981116150610746,589.7255638491392,38,4,Tetragonal
mp-1080719,Sr2YTaO6,3.825799999999999,-3.569693758733333,6.384809620402316,140.72483798820878,10,4,Tetragonal
mp-28676,S2O5F2,5.5878,-1.802198334722221,2.328661005362456,519.4808429198955,36,3,Tetragonal
mp-555556,SiO2,,-3.2569215118750012,2.001834016700103,797.4473547466503,48,2,Tetragonal
mp-27175,InOF,1.330699999999999,-2.375712292222223,6.544948070996765,152.04092763398808,12,3,Orthorhombic
mp-1190423,Na2Se2O7,2.8061,-1.491280715222374,3.4435755476066943,304.6580761094574,22,3,Triclinic
mp-752684,BaTm2O4,2.8878999999999992,-3.694447708571431,8.21761943692677,217.91008479284827,14,3,Orthorhombic
mp-1182183,CaO10,0.0,-0.524267737272727,2.126432633932467,312.47392165760584,22,2,Tetragonal
mp-510076,Rb7Au5O2,0.626799999999999,-0.6940673616071451,6.095155746463137,440.0128771259694,14,3,Orthorhombic
mp-510637,EuSbO4,0.0,-2.500180786666666,7.226718499233364,310.4036281441709,24,3,Monoclinic
mp-551243,BaBiIO2,2.947,-2.184123108,6.313054354854154,265.77374666609904,10,4,Orthorhombic
mp-7500,Na4SiO4,3.2221,-2.381574120057471,2.705515457867257,225.91571164098,18,3,Triclinic
mp-753354,Eu4O3F7,0.0,-3.475199790000001,7.018759266602509,186.62909017879585,14,3,Monoclinic
mp-33857,CrSbO4,0.8623000000000001,-2.119747337916659,6.106813816529397,258.5959349276951,24,3,Orthorhombic
mp-7560,LuBO3,5.3023,-3.5691515161666683,7.059129507739583,109.98367787860556,10,3,Trigonal
mp-1101668,NaCeO2,0.0,-2.963524934094827,5.164585886181267,125.4616600445998,8,3,Tetragonal
mp-541202,TlCuAsO4,0.0,-1.387891040833333,5.669189205111429,476.6733329898318,28,4,Monoclinic
mp-19161,Ca2CoWO6,1.2029,-2.6169339309999993,5.743855897367988,242.2213679890244,20,4,Monoclinic
mp-542767,Sr2TmRuO6,0.0,-2.8894845945,6.497682686502743,276.6374477480527,20,4,Monoclinic
mp-1189476,NdMnO3,0.0,-2.9521364435862063,6.67907991266509,245.81178102559846,20,3,Monoclinic
mp-21665,V2CdP2O9,1.480799999999999,-2.552051214948979,4.017365848155961,694.802044398194,56,4,Orthorhombic
mp-707135,Al2Si4O11,4.1738,-3.284969743235293,2.468967163558755,230.217721085039,17,3,Triclinic
mp-6694,Cs2Zr(SiO3)3,4.789899999999999,-3.222271184287356,3.9993512520861962,486.02396398022074,30,4,Hexagonal
mp-19320,K2FeO4,1.6183,-1.428852621357141,2.903217051962533,453.0861074901879,28,3,Orthorhombic
mp-4271,EuTaO4,0.0,-3.349579321222222,8.58634257356623,153.51907795361794,12,3,Monoclinic
mp-556605,ZrO2,3.690699999999999,-3.796956807499999,5.984314861505894,136.76838738017122,12,2,Orthorhombic
mp-764336,Li4Mn3OF8,2.224999999999999,-2.849974110549569,3.377443458864203,531.8210755927117,48,4,Triclinic
mp-753823,CeTh3O8,1.78,-4.252385752499997,9.302258816349953,172.12313096288236,12,3,Orthorhombic
mp-641683,Eu2Ir2O7,0.0,-2.213915576363638,9.62835360892315,276.06493241510054,22,3,Cubic
mp-31005,Zn3(PO4)2,3.5387,-2.368701328791208,4.024906881192622,318.640868953535,26,3,Monoclinic
mp-10913,GeO2,1.5228000000000002,-2.120475290833334,6.330815484833641,109.784791989849,12,2,Orthorhombic
mp-756922,Ho2SO2,2.8696,-3.5824775694999973,8.110048898608428,161.31269492610997,10,3,Hexagonal
mp-19336,Nd2MnCoO6,0.0,-2.794713231293103,6.939236492921716,238.5081897607304,20,4,Monoclinic
mp-760690,Li8TeO6,,-1.969396036222222,3.201119093309804,144.79216709243119,15,3,Trigonal
mp-1186888,RbPuO3,0.0,-2.8854279862499963,7.978663495176141,78.55915213020248,5,3,Cubic
mp-18385,Lu2Si2O7,5.199199999999999,-3.704521043939393,6.890390114496473,499.43565141642677,44,3,Tetragonal
mp-20716,PbSeO3,2.8909000000000002,-1.455736836468751,6.986607973794549,158.8418149711553,10,3,Monoclinic
mp-770651,Li10Fe9CoO20,,-1.919925418083333,4.215710313068517,374.5671747763165,40,4,Monoclinic
mp-558054,SrLi2Ta2O7,2.2704,-3.2097863259444432,6.8415779478978465,279.3108526501925,24,4,Orthorhombic
mp-557861,Li2CaTa2O7,2.1401,-3.1819678605277772,6.019015265401275,145.62484029309374,12,4,Tetragonal
mp-770426,Ho(ClO4)3,,-0.9650717843749991,3.620818755196623,424.9304431563537,32,3,Hexagonal
mp-3589,BPO4,7.2565,-2.76428254563492,2.798255934324688,62.77329478821059,6,3,Tetragonal
mp-649683,Fe(PO3)2,2.3833,-2.470533366309521,3.282061936730978,432.6607689335354,36,3,Monoclinic
mp-557856,BCl(OF2)2,1.9592,-1.947817728020833,2.196156888650325,233.27003735638905,16,4,Monoclinic
mp-1200651,BaLa2Ti3O10,1.9924,-3.6833114234375,5.438877747007933,438.871466077295,32,4,Orthorhombic
mp-560670,MgSeO4,3.1255,-1.8689105583072911,3.727353945192149,298.06247087357946,24,3,Orthorhombic
mp-715550,MoO2,0.0,-2.020081379999999,5.7985518629005455,146.55202233728326,12,2,Orthorhombic
mp-560261,TaBiO4,2.9018,-2.7017577799722243,9.283443992379414,324.77673488396357,24,3,Triclinic
mp-23595,CoBiPO5,2.322999999999999,-2.128241812142857,5.9194640196959085,425.14138065793446,32,4,Monoclinic
mp-27911,BiAsO4,3.1697,-1.7642850137500021,7.183613842350864,321.67702202960197,24,3,Monoclinic
mp-557698,K4Na2TeO6,2.193699999999999,-1.73683014218656,3.366413597815373,420.2326156262286,26,4,Monoclinic
mp-21129,Sr2Cu2O5,0.0,-1.942848560555556,5.737712629258653,221.2980265190244,18,3,Orthorhombic
mp-10299,Ca4PdO6,1.822699999999999,-2.675235593636361,4.303524365179995,279.9215841038322,22,3,Trigonal
mp-20161,Na2CoGeO4,1.422,-1.903186946282327,3.624913333735274,442.60784024132863,32,4,Orthorhombic
mp-23558,Ag2BiO3,0.38720000000000004,-0.9173112705555521,8.565435840877605,366.5717609472597,24,3,Orthorhombic
mp-752970,VOF2,0.255599999999999,-2.795538854374999,3.462389694018927,201.30970391647458,16,3,Monoclinic
mp-505782,Cs2SO4,5.0111,-2.257878981687191,4.257384320219069,564.5767870882778,28,3,Orthorhombic
mp-556058,Na2RuO3,0.0,-1.6198605417097691,4.635140252255748,279.50342134587265,24,3,Monoclinic
mp-558798,BiPO4,3.6893000000000002,-2.41046844577381,6.047761941837282,166.91258022949643,12,3,Monoclinic
mp-7002,NaTiO2,0.0,-2.782783946178161,4.023262100483207,42.45204183597924,4,3,Trigonal
mp-559919,CsMo2P3O13,0.5602,-2.46493472255704,3.409866175627548,609.4066316968355,38,4,Monoclinic
mp-36465,Al2FeO4,2.6289,-2.839391702857143,4.165793019078194,277.12477856264945,28,3,Orthorhombic
mp-759703,Li12Ni11O28,0.8900999999999991,-1.299669440980391,4.241723740457722,460.7307935316471,51,3,Triclinic
mp-3792,YAlO3,5.5402000000000005,-3.7122381155,5.36466564646124,202.91174903140487,20,3,Orthorhombic
mp-20135,Na2Ca2Ta3O10,0.0,-3.130192515574036,6.025332650921829,228.45914539703585,17,4,Tetragonal
mp-754567,NaCdO2,0.0,-1.2931675128448261,5.161379032623823,53.856444714571445,4,3,Trigonal
mp-757276,Li3Ti2(PO4)3,0.0,-2.858399894279762,3.155782269568861,422.4996311322874,40,4,Monoclinic
mp-1198525,Nd(SeO4)3,0.0,-1.277738906220703,3.695099941795484,515.1035317243492,32,3,Hexagonal
mp-616601,Ba2InRuO6,0.3628,-2.2830571143333342,6.706101465350557,435.7091518642018,30,4,Trigonal
mp-567014,Rb2Te(WO4)3,2.9664,-2.151437088981481,5.804513113459989,596.212651660831,36,4,Hexagonal
mp-1225882,Cu2AgO4,0.0,-0.7310126202380951,5.776905243150395,85.93374571158175,7,3,Triclinic
mp-21322,V2Pb3O8,3.052899999999999,-2.034158546153846,7.148316900536747,197.79660514939974,13,3,Trigonal
mp-758242,LiP3(WO6)2,0.0,-2.449944879292327,4.449808026493367,492.23866269100176,36,4,Trigonal
mp-755138,NdInO3,2.653299999999999,-2.873084320333331,7.445036964779801,273.9447173906445,20,3,Orthorhombic
mp-19232,K2CrO4,3.0699,-2.0587004506428572,2.788288880836122,462.59278473050887,28,3,Orthorhombic
mp-631631,Mn5V2Pb3O16,0.607699999999999,-2.016048719602122,6.139971976971791,339.18521176187767,26,4,Trigonal
mp-867673,Na3(Pt3O4)4,0.0,-1.030519672391549,12.050783503616632,367.35731978205223,31,3,Cubic
mp-31624,Sr2TaCrO6,2.8066,-3.222110089483332,6.556700221320259,510.75156059805465,40,4,Cubic
mp-758590,MnV4O12,1.3822,-2.1349412857606502,3.841050775673341,194.84244338963973,17,3,Triclinic
mp-7911,KCuO,1.029399999999999,-1.217806291583332,3.359754678548887,234.5558145823458,12,3,Tetragonal
mp-561017,Cs8Tl8O,0.206299999999999,-0.306712160524008,5.933802889179824,759.5831723697163,17,3,Trigonal
mp-1217560,TbCeO4,0.0,-3.5449961177777762,7.378441714372151,81.70293708469595,6,3,Tetragonal
mp-1190454,BaHgAs2O7,1.4956,-1.9269570238636362,5.66768434924757,351.4374503089487,22,4,Triclinic
mp-17475,TmCu(WO4)2,1.1147,-2.39106424625,8.028105842966568,301.2243556605474,24,4,Monoclinic
mp-562338,USeO6,2.0194,-2.328941733105469,5.541655297511987,494.99884375327525,32,3,Monoclinic
mp-1173392,NbRhO4,0.0,-2.171938073333331,6.180767750983245,69.80100349902321,6,3,Orthorhombic
mp-556067,SrFe2(P2O7)2,2.0648,-2.629738262312924,3.4001176267442332,267.23822845700613,21,4,Triclinic
mp-1190151,Sr3LiSbO6,3.1732,-2.777010612121212,5.085335810791717,318.4089075068881,22,4,Trigonal
mp-9741,Na3Cd2IrO6,0.0,-1.53080485367816,6.199949465505561,155.87894057691855,12,4,Monoclinic
mp-1075943,Ba3Sr5Ti8O24,1.7531999999999992,-3.521579584416666,5.328764880864356,503.88711983446245,40,4,Tetragonal
mp-27441,Au2Se4O11,1.4326,-0.9884635352573481,5.718045147783385,514.4590160524397,34,3,Monoclinic
mp-17489,Co7(AsO6)2,0.0,-1.4648406442857151,5.397917499122955,464.12644909567354,42,3,Orthorhombic
mp-1103865,BaFe2(PO4)2,2.1328,-2.635519018021978,4.320099295323818,337.45047071253356,26,4,Trigonal
mp-19321,Na6MnO4,0.7754000000000001,-1.540519866018809,2.912471788297823,585.8250669098177,44,3,Hexagonal
mp-765944,Al15Fe9O32,,-2.817826997857143,4.192817585515264,562.1083658143733,56,3,Monoclinic
mp-1180725,LaCoO3,,-2.5611619880000003,7.187006177323267,113.59993529183483,10,3,Monoclinic
mp-31408,Al4(B2O5)3,5.8172999999999995,-3.0834730528,2.810626707903408,243.87534352681317,25,3,Trigonal
mp-8789,Ca4As2O,1.213499999999999,-1.8096056999999992,3.401921734450228,159.2019150725174,7,3,Tetragonal
mp-22638,Ni2GeO4,2.1356,-1.662257669999998,6.073625217696281,138.90137272237544,14,3,Cubic
mp-1192820,Mn2Sb3I3O5,2.017899999999999,-1.537437366604774,4.976229227324467,624.586534655181,26,4,Triclinic
mp-1221161,Na4Si5Sn2O17,,-2.6119706387684722,3.357046627521736,733.8485283890391,56,4,Monoclinic
mp-1076438,La2Co2O5,0.0,-2.656410840555556,6.281324792834489,251.49975013068658,18,3,Orthorhombic
mp-1079705,Ba2LuTaO6,3.408899999999999,-3.626409085399999,8.213597648925536,146.8893514686582,10,4,Cubic
mp-644879,MgSiO3,4.5951,-3.1802107705,3.154773368471996,422.7228741338784,40,3,Orthorhombic
mp-14243,Cd3TeO6,0.5061,-1.504367380166665,7.38135658901718,252.33278386347047,20,3,Monoclinic
mp-504667,RbIn(WO4)2,4.2653,-2.145657781180554,4.721599900630348,244.7624647687147,12,4,Trigonal
mp-558960,Dy2Tc2O7,0.0,-2.823644789848484,7.657436601507784,274.5342363492114,22,3,Cubic
mp-554519,Gd4Ti(SeO)4,0.3285,-2.977144272516025,6.733915499892208,260.57637197615765,13,4,Monoclinic
mp-1193929,Sr4Ru6ClO18,0.0,-2.009802037931035,5.194859167386757,409.2619594124804,29,4,Cubic
mp-974650,Re2S2O13,2.3825,-1.851876866764707,4.391164387140082,487.4686737177566,34,3,Orthorhombic
mp-6145,Ba2LuRuO6,0.055600000000000004,-2.8877280816666673,7.362606376817797,145.85184058720668,10,4,Cubic
mp-23110,NaHg2IO2,1.388,-0.9971919618965531,7.008601330342326,414.4402776402514,18,4,Hexagonal
mp-773864,TiSnO4,1.9612999999999992,-2.738304679722222,4.87947087058393,78.46714146278919,6,3,Tetragonal
mp-3188,Zn(SbO3)2,0.542199999999999,-1.884719061666666,6.605277558534719,203.59309349228687,18,3,Tetragonal
mp-4699,NaTaO3,2.3891,-3.059662738242528,7.095054121960283,235.85405428360804,20,3,Orthorhombic
mp-766457,LiSnP2O7,,-2.503388171147185,3.280538554123644,606.5931808766879,44,4,Triclinic
mp-14175,K3NbO8,2.3512,-1.685816469312499,3.103214612560229,180.96990938157546,12,3,Tetragonal
mp-21135,Pr3InO,0.0,-1.510910203333332,7.2925787925634165,126.04257043499666,5,3,Cubic
mp-554722,Y3GaO6,3.6846,-3.54831445175,5.415076311717886,265.2145262523721,20,3,Orthorhombic
mp-23349,Bi(BO2)3,3.8438,-2.568614331750001,4.9633418791379365,112.88405433216018,10,3,Monoclinic
mp-2892,BaNd2O4,3.097299999999999,-3.5134170467857153,6.729705196205993,483.43652017041876,28,3,Orthorhombic
mp-558609,Ce3Ta(ClO2)3,0.0,-3.4540194409487173,6.555696708155929,407.12510226498233,26,4,Hexagonal
mp-1079720,AgO,0.115999999999999,-0.400223648333332,7.621574678691285,107.94986472338863,8,2,Monoclinic
mp-1179128,SrO6,0.0,-0.85503057,2.958131441866196,206.14513686119273,14,2,Monoclinic
mp-763950,V3O5F,,-2.558862749444444,4.315144558715884,193.8089356317958,18,3,Monoclinic
mp-753217,Fe4O3F5,1.4983,-2.151979675833333,4.27961101691884,142.15592354108048,12,3,Orthorhombic
mp-1225028,FeCo(BiO3)2,0.5354999999999991,-1.518898982000001,7.552293188653859,138.24141355107727,10,4,Tetragonal
mp-505438,BaGd2PdO5,0.027500000000000004,-3.015181963888906,8.213398811928617,258.0732094693422,18,4,Tetragonal
mp-769079,ScGaO3,3.1715,-3.114334094166667,4.934887554450265,328.43508193907246,30,3,Hexagonal
mp-561349,RbVPO5,3.0085,-2.648178462142857,3.101542525693026,529.7805899432472,32,4,Orthorhombic
mp-5547,Mg2B2O5,5.0851,-3.014907874537038,2.929344440883077,170.31873749954036,18,3,Triclinic
mp-3319,Mg(RhO2)2,1.1521,-1.640764397142856,6.23839282066766,156.57466173029366,14,3,Cubic
mp-559026,MnV2TeO7,0.0,-2.185949551781608,4.317186655368507,304.95121491318906,22,4,Triclinic
mp-21568,BaSm2CuO5,0.0,-3.005647547777777,7.22239005084081,534.8661088341324,36,4,Orthorhombic
mp-557144,Rb2Cr2O7,2.7126,-1.930724550227272,3.333188747345651,385.51777429415654,22,3,Triclinic
mp-540876,KTh2(PO4)3,4.599,-3.362313743676586,5.276458774734677,496.0341046982721,36,4,Monoclinic
mp-5331,AlPO4,5.6126000000000005,-3.12717220299603,2.6215115904003943,231.745176873954,18,3,Trigonal
mp-1190577,TbPO4,5.8918,-3.46021655063492,6.237468886248714,270.36954690821545,24,3,Monoclinic
mp-769252,Sr3Ta2O8,4.082,-3.39926596305128,5.943825988130327,420.5952122410103,26,3,Monoclinic
mp-8184,Li2ZnGeO4,3.1053,-2.225629343333333,3.94908702764043,181.59026295780683,16,4,Monoclinic
mp-558835,NaNiAsO4,0.0,-1.750389314839901,3.76392725137918,389.2942959933489,28,4,Trigonal
mp-1222782,LaPaO4,2.329699999999999,-4.134119007499997,8.590973266345161,83.87554665281081,6,3,Tetragonal
mp-17642,RbUCrO6,1.5963,-2.773102488611109,5.028631479083616,622.7748093626828,36,4,Monoclinic
mp-7462,Hg2SeO4,1.4363000000000001,-0.915080048906252,6.547849158813739,275.98734194715644,14,3,Monoclinic
mp-761035,AgRuO4,0.0,-1.012188526944443,5.92482493712031,152.99036288285896,12,3,Tetragonal
mp-557637,Hg2SeO3,2.328999999999999,-0.9253474820572931,7.022349302594426,499.54456884666564,24,3,Orthorhombic
mp-27888,Zr3GeO8,3.9016,-3.3855436679166653,5.967645509801303,131.97929298516317,12,3,Tetragonal
mp-29320,Te3SeO8,2.6525,-1.412162868945313,5.483977318357695,357.15375629006934,24,3,Triclinic
mp-556548,Bi(BO2)3,3.9576000000000002,-2.577010161749998,5.4323594925072864,412.5516031304449,40,3,Monoclinic
mp-17545,V2Zn3O8,2.7049000000000003,-2.081534421923078,4.646504278910031,304.55770127791016,26,3,Orthorhombic
mp-32352,LiNi(PO3)4,,-2.355642205105819,2.601707184831959,487.01298998947306,36,4,Monoclinic
mp-863944,Ba5V5O14,,-2.809239729583333,5.562582487172431,695.7497900133759,48,3,Triclinic
mp-997012,CuPdO2,0.0,-0.884183718749999,7.234760825313934,92.7108576429002,8,3,Orthorhombic
mp-10342,Tm6ReO12,0.064599999999999,-3.681282751710513,9.486529111279046,243.62405344581825,19,3,Trigonal
mp-9297,Ba(AuO2)2,1.1785,-1.445636781428571,9.09688780849218,217.3158006240782,14,3,Tetragonal
mp-849717,Li3Mn4(P2O7)4,,-2.44083068497365,3.051596992973159,1019.0357559859139,86,4,Triclinic
mp-562612,MnNi(BiO3)2,0.0,-1.613885053793104,8.56237644588444,243.42201475572077,20,4,Monoclinic
mp-3810,Hg(AsO3)2,0.7083,-1.465298451944445,7.140273720118076,103.82148084854546,9,3,Trigonal
mp-559068,Na2Pd(SeO4)2,1.7401,-1.399811515957393,3.537429831710557,205.7535503095738,13,4,Triclinic
mp-38418,Tm2Ti2O7,2.6252999999999993,-3.7852587137878793,7.067056811908177,256.397304589602,22,3,Cubic
mp-18803,Na2WO4,4.752099999999999,-2.214918839679804,5.222676224815189,186.8370988411291,14,3,Cubic
mp-10734,Ti4O5,0.0,-3.091059832037038,4.967927931675921,90.73767653519478,9,2,Tetragonal
mp-1219284,ScNb(PbO3)2,2.574899999999999,-2.643987510499999,7.728622005581427,139.28212332698166,10,4,Cubic
mp-1042798,Mn3Zn2O8,0.8693000000000001,-1.8190679895225481,5.327015370520741,264.1065176346131,26,3,Hexagonal
mp-1224442,HfTi(PbO3)2,2.2028,-2.839151304333333,8.911945160060315,137.27730379594217,10,4,Tetragonal
mp-759218,NaV(PO4)2,1.8202,-2.525185704430418,2.7036388647732332,648.2716019662448,48,4,Monoclinic
mp-559066,Ba3Y(BO2)9,5.187699999999999,-3.128973427822581,3.6714308652632592,801.6102410065085,62,4,Hexagonal
mp-1228067,Ba2ZrSnO6,3.6894,-3.1393160845,6.422683964246511,150.10594994636702,10,4,Cubic
mp-769778,Ca2In2O5,1.3036,-2.538643234259259,4.894099031464094,529.0124765107716,36,3,Orthorhombic
mp-757450,Sc2Ge2O7,,-2.9545466199999972,5.17444471077959,222.8330363221419,22,3,Cubic
mp-559635,Sr3CaIrO6,0.0,-2.712270573636364,6.075406020403839,323.1487708569749,22,4,Trigonal
mp-752749,NaCo3O4,0.0,-1.349856573922413,4.223922696192265,207.40367395276294,16,3,Orthorhombic
mp-755077,VO2F,1.1084,-2.407030135000001,3.409747784803352,198.57562464480608,16,3,Triclinic
mp-557367,K2CaAs2O7,3.513,-2.280172803499999,3.1661749556767482,797.4208518253563,48,4,Monoclinic
mp-754282,SrO,2.9393000000000002,-2.9830186975,5.062048318627493,67.98199105468234,4,2,Hexagonal
mp-1217427,Ti3Fe2(BiO3)6,,-2.203980591034484,7.604112033054422,392.4532796676472,29,4,Monoclinic
mp-1079784,Sr(RuO3)2,0.028299999999999003,-1.912093657222223,5.167394755281271,247.92515483215067,18,3,Trigonal
mp-764021,NaMn2O4,0.0,-1.9176881603201972,3.95841130334074,165.16700255204316,14,3,Tetragonal
mp-557915,AlPO4,5.4597,-3.11337830049603,2.109074338119078,576.1036073638472,36,3,Monoclinic
mp-779249,Gd3TaO7,2.5573,-3.784980427030304,8.340891752052265,304.4767315940014,22,3,Orthorhombic
mp-755777,Ce2S2O,0.0,-2.837833274999997,5.620746777677808,425.84674703448826,20,3,Monoclinic
mp-753766,Ho6ReO12,0.0359,-3.637388602236824,9.032799990636441,251.44528640020425,19,3,Trigonal
mp-23494,Ti(Bi3O5)4,2.312999999999999,-1.8112921922222212,9.052858903741887,527.4664135784507,33,3,Cubic
mp-755544,YTlO2,1.4729,-2.679657220833335,7.776998737255215,69.45524451246949,4,3,Trigonal
mp-29747,Ta4Mn11O21,0.9960000000000001,-2.541198387265966,6.251063730827048,884.1051338537461,72,3,Trigonal
mp-560860,Na2PtO3,1.5488,-1.497563052126436,7.207967774786441,266.3709519996665,24,3,Orthorhombic
mp-1190186,ZrO2,3.579399999999999,-3.800361142083333,6.03484036251742,271.2466425017191,24,2,Orthorhombic
mp-14466,KLi6IrO6,0.0,-1.888440668374999,4.282237192617917,143.07210161759673,14,4,Trigonal
mp-541255,BaMo2(PO4)3,0.0,-2.663804371884921,3.797520488784512,537.07257561221,36,4,Trigonal
mp-775774,AgBiO3,0.0,-1.024969332333334,8.1176254841836,149.26590686018258,10,3,Orthorhombic
mp-35596,Fe2NiO4,1.361599999999999,-1.591041269285713,5.452222427486228,142.76703202962187,14,3,Orthorhombic
mp-863678,KZn4(SbO4)3,1.6514,-1.9203241388624992,5.45461509363759,261.2016218398333,20,4,Trigonal
mp-504607,YInO3,2.051699999999999,-2.969400000333334,5.956810290032705,421.0249555696462,30,3,Hexagonal
mp-3143,Na2SO4,4.9709,-2.201549107894088,2.780840892391499,169.63683238953456,14,3,Orthorhombic
mp-1177031,Li7Fe4(P2O7)4,,-2.546403405861195,3.015564317665122,1065.7843100327475,94,4,Triclinic
mp-5189,AlAsO4,3.865,-2.456086594583332,3.350112372244154,246.69440336285297,18,3,Trigonal
mp-782065,LiTePO5,3.523599999999999,-2.216372410580357,3.707392918476462,439.8582843259424,32,4,Orthorhombic
mp-1220373,NbIn(PbO3)2,2.405999999999999,-2.108428494666666,8.315407043139572,143.40459866135845,10,4,Cubic
mp-1190518,Ta3Al4O14,0.0,-3.267546114380951,6.561382893694423,221.38251842468068,21,3,Trigonal
mp-616507,Cs2Na2IrO4,0.0,-1.507259281896551,5.460577867444168,345.4559520111858,18,4,Monoclinic
mp-1228349,Ba3HfNb4O15,,-3.320587975652173,5.91311655498788,675.147621349872,46,4,Tetragonal
mp-1197749,BaGd2Si3O10,0.145799999999999,-3.5676785271875,5.193585384330421,445.11211296096945,32,4,Monoclinic
mp-1177138,Li4Y3ZrO8,,-3.112334950208333,4.369272628330372,195.23161781797165,16,4,Orthorhombic
mp-1440576,DyNbO4,3.6435,-3.555025742777777,6.912671854956242,153.45232579997312,12,3,Tetragonal
mp-774945,MnV3O8,1.078299999999999,-2.310525308160919,2.266816182121845,245.95679918083988,12,3,Triclinic
mp-562260,CaSO4,5.964899999999999,-2.612625718749999,3.079499881941483,293.64090772256867,24,3,Orthorhombic
mp-6208,Ca2BeSi2O7,4.9868,-3.39017086125,3.024266074109632,282.59073794597424,24,4,Tetragonal
mp-760037,V6O5F19,1.982899999999999,-2.734031669666667,2.8965884430653723,428.0154039355854,30,3,Triclinic
mp-552234,SrBiBrO2,3.1643,-2.337092985000001,6.127057836314244,221.42292126270135,10,4,Orthorhombic
mp-11684,SiO2,5.5458,-3.259105474166666,2.90589968123047,274.6752153163456,24,2,Monoclinic
mp-1037496,Mg30CoCuO32,,-2.9036034101562502,3.8212705306955472,592.558849240014,64,4,Tetragonal
mp-1373205,Mn2Nb4Zn3O16,,-2.493647235234483,5.170231251544254,599.770810200792,50,4,Triclinic
mp-764994,Li3V3P8O29,,-2.521904886677741,2.482132600386471,1184.6867694221532,86,4,Triclinic
mp-768307,BaSO3,4.4264,-2.599932525499999,4.220516074236972,171.06198078454176,10,3,Monoclinic
mp-1045241,Ca2MnWO6,2.6496,-2.756959295293103,5.333568144535667,258.3667050547103,20,4,Trigonal
mp-650532,Cs2K2Cd3O5,1.2436,-1.384625765317528,4.876203997048263,518.4625642348631,24,4,Triclinic
mp-556697,CaTa2Bi2O9,2.9261,-2.848434713190477,8.27197112219368,387.0037755137715,28,4,Orthorhombic
mp-27303,NaAg3O2,0.6596000000000001,-0.7057765477298831,6.630901866641533,189.61787116772987,12,3,Orthorhombic
mp-3222,La3RuO7,0.0,-3.154186080454543,6.5996860334771075,316.9174890593112,22,3,Orthorhombic
mp-8961,Ba3NaTaO6,3.4044,-3.078000449882968,6.2497133365921265,378.309432052933,22,4,Trigonal
mp-19094,VO2,0.0,-2.480275698333334,4.453708752294829,61.847604325073625,6,2,Tetragonal
mp-8187,K2ZnO2,1.9785,-1.5774439758999992,3.4763287067969992,167.76202198412008,10,3,Orthorhombic
mp-5495,Ag2PdO2,0.0,-0.471315778666665,8.197237478842462,71.74228473402489,5,3,Orthorhombic
mp-758929,Li2Cu(PO3)4,,-2.419303345802005,2.372459336188689,1101.163372799681,76,4,Monoclinic
mp-579188,Ce4FeSe6O,0.0795,-2.042847684505208,6.6536259670800515,552.080864665069,24,4,Hexagonal
mp-19930,Nd2Ru2O7,0.0,-2.507212133181818,7.158895480516887,279.56092470690123,22,3,Cubic
mp-1080080,LaAlO3,3.519299999999999,-3.722067564000001,6.536718281427916,108.66760027192305,10,3,Tetragonal
mp-698,U3O8,0.0,-3.706574462727276,8.347048973056626,167.52147334423458,11,2,Orthorhombic
mp-7640,Sc2Si2O7,3.7458,-3.522388262272726,4.163948123872764,205.838125095464,22,3,Cubic
mp-5618,Mg2As2O7,3.0403000000000002,-2.276241102727271,3.963532091727043,130.0639633429276,11,3,Monoclinic
mp-1215738,ZnNi4O5,0.0,-1.2837612884999992,6.5679611009954915,96.11857750324923,10,3,Tetragonal
mp-765466,Ga2CoO4,1.7927,-2.022551330357143,5.989544234396211,290.96498913207864,28,3,Cubic
mp-1041860,Te(WO4)2,2.177399999999999,-1.905036561060605,6.726185680054342,307.74434964292163,22,3,Monoclinic
mp-1017988,SrCaO2,3.32,-3.141961539999999,4.137073113492703,64.09912707274532,4,3,Tetragonal
mp-761241,Li3Fe8(BO3)8,1.6402,-2.247585245658914,3.195300996232162,487.49073493193765,43,4,Triclinic
mp-16894,Cr7(PO4)6,0.7454000000000001,-2.5465655461583,3.650699673619386,424.7440126576704,37,3,Triclinic
mp-560757,Ni3Mo2SeO11,2.364399999999999,-1.608647453961397,4.954386529258759,417.5582029411021,34,4,Triclinic
mp-755805,Sc(CuO2)2,0.0,-1.982464174285712,5.6543433064702135,138.64131444692424,14,3,Tetragonal
mp-753456,Ce4ThO9,0.0,-4.001051861785712,7.242914344162408,214.70491238430523,14,3,Tetragonal
mp-4078,La2SO6,4.688,-3.198148707500002,5.475470057324074,246.17681023416395,18,3,Monoclinic
mp-14323,Ba3Ho4O9,3.2565,-3.5788942990624992,7.478698938124983,269.92825611587625,16,3,Trigonal
mp-3277,BAsO4,4.2615,-2.130445326111111,3.617999557010863,68.7210826402776,6,3,Tetragonal
mp-559747,La2Ti2SiO9,2.6015,-3.677706238333333,5.072586719743403,357.226695054321,28,4,Monoclinic
mp-5575,GdTaO4,0.26270000000000004,-3.6873077312222042,8.804558130227864,151.70808053547475,12,3,Monoclinic
mp-505751,Mn2In2O7,1.048599999999999,-1.9003598490177631,6.512653550426491,230.24301367114396,22,3,Cubic
mp-3384,Er3Al5O12,4.758,-3.71221693225,6.494210294366633,847.5557694411564,80,3,Cubic
mp-1095223,OF2,2.1241,-0.496055719166667,2.19628815325912,163.29880947970207,12,2,Orthorhombic
mp-3594,Gd3GaO6,2.9661,-3.514320220749981,7.626027743241513,277.6131632618788,20,3,Orthorhombic
mp-19407,MnWO4,2.356299999999999,-2.216569472988496,7.310800981675956,137.541915912545,12,3,Monoclinic
mp-753378,TaGaO4,3.2819000000000003,-2.856999183305555,7.905905189784451,132.1845611664581,12,3,Orthorhombic
mp-29226,Ca3Ga4O9,2.639299999999999,-2.738889307395833,4.205994531591592,643.276852169815,48,3,Orthorhombic
mp-18759,Mn3O4,0.8134999999999991,-2.050409240541872,4.886374081713801,155.5144237875321,14,2,Tetragonal
mp-530850,Ta2CuO6,,-2.774847067601851,7.915286726699752,875.1353833591742,72,3,Orthorhombic
mp-752945,MnCoO4,0.0,-1.414224656321839,4.342675640926687,68.01294454673986,6,3,Monoclinic
mp-4412,La4Se3O4,1.3261,-3.256037440639207,6.130139718602654,232.0095319763418,11,3,Orthorhombic
mp-1101316,TaOF3,2.7903000000000002,-3.447142061466665,6.06477242959079,69.52963685711063,5,3,Orthorhombic
mp-1040467,RbOsO3,0.0,-1.5202451825,8.563889217767022,62.76469020489101,5,3,Cubic
mp-4104,HoPO4,5.9209,-3.506035078273807,6.137642879281181,140.6327819733281,12,3,Tetragonal
mp-754455,Sc2O3,4.053,-3.8714628999999983,3.694187737244951,123.9812369138179,10,2,Trigonal
mp-20525,CuSO4,0.0,-1.509107240416665,3.938655067943314,269.1642818102671,24,3,Orthorhombic
mp-554282,Lu3B5O12,5.426500000000001,-3.383382150041666,6.9901005040295034,732.5735016315791,80,3,Orthorhombic
mp-760179,Cu3(OF)2,0.0,-1.277398292142857,5.320210462032826,162.69743033085948,14,3,Monoclinic
mp-1227645,BaSrHf2O6,3.748199999999999,-3.784133113999999,7.759416223160147,145.07770397755922,10,4,Tetragonal
mp-19179,Ba2V(SiO4)2,2.6343,-3.210516682307664,4.442130567573947,381.1140643570639,26,4,Tetragonal
mp-778141,Sm2Pb2O7,1.009199999999999,-2.433658827272727,8.089640974215092,679.1194332998808,44,3,Monoclinic
mp-754334,NaTmO2,4.115600000000001,-3.202578796594829,7.274895690123396,102.22346511466806,8,3,Tetragonal
mp-6741,NaLa(PO3)4,5.095599999999999,-2.9184079093028172,3.154531416217608,1006.0162694343801,72,4,Monoclinic
mp-552488,LaCuSeO,1.5380999999999991,-2.314142779335937,6.758638028487416,146.14257085077844,8,4,Tetragonal
mp-1225790,CuNi3O4,0.0,-1.054165132499998,6.668103893005709,75.61057679056071,8,3,Trigonal
mp-22750,P2Pb3O8,3.3518,-2.299372313791207,7.344013687391832,183.49617181821594,13,3,Trigonal
mp-1100476,Li9Mn7O16,,-2.116717611422413,3.933352856705475,296.79556020298105,32,3,Monoclinic
mp-6948,KNaO,2.1322,-1.3149112078764351,2.676309052388465,96.90008949874165,6,3,Tetragonal
mp-554441,NaTi2Ga5O12,2.447199999999999,-2.6302114412772992,4.7957676334544335,456.58835553026876,40,4,Orthorhombic
mp-1215686,ZnNi4O5,0.0,-1.283980983499999,6.586447759724968,95.84879454820467,10,3,Orthorhombic
mp-504885,BaFe(Si2O5)2,1.3937,-3.100653738437501,3.420662980390398,451.95579000104317,32,4,Orthorhombic
mp-1210874,Lu2Cu(GeO3)4,,-2.537087097017544,5.914232919849803,251.57911254411175,19,4,Triclinic
mp-560993,CaAl12Si4O27,5.236199999999999,-3.36388194125,3.747960036821652,402.37145348958416,44,4,Trigonal
mp-1208736,Sr2ScBiO6,1.7949000000000002,-2.792240892499999,5.989589212009645,145.59759845294485,10,4,Cubic
mp-551806,CoTeMoO6,1.847299999999999,-1.670296165185186,5.015987140621791,250.58419425687535,18,4,Orthorhombic
mp-776081,K2O,1.7426,-1.145660673166666,2.365977560165792,132.22115101127812,6,2,Monoclinic
mp-1019596,CeZrO4,1.9738,-3.827458270833332,6.371692022283335,153.9370141936456,12,3,Tetragonal
mp-725,RhO2,0.0,-1.218954728333332,7.20074117228947,62.21966740434897,6,2,Tetragonal
mp-756082,AlVO3,0.0,-2.894106270500001,4.527394166218192,184.73950209166097,20,3,Orthorhombic
mp-556509,UTiNb2O10,1.9478,-3.285665122023808,5.271674641964047,397.96346825369267,28,4,Orthorhombic
mp-5299,La2RuO5,0.0,-2.959352171875,7.09607548440628,429.5246000950256,32,3,Monoclinic
mp-555933,Na2P2PbO7,4.2908,-2.520906898087027,4.273138734028527,331.9593599294394,24,4,Triclinic
mp-558568,Rb2CdSiO4,2.4877000000000002,-2.312390830312499,4.527177754377787,1101.6411856310685,64,4,Orthorhombic
mp-1219502,SbPbBrO2,1.2053,-1.560598918999999,7.283367765967036,100.51255489684354,5,4,Tetragonal
mp-769283,Sr4Ta2O9,,-3.353219428644445,5.999013209744364,948.1802346748977,60,3,Orthorhombic
mp-1190669,K4Ti4I12O,0.0,-1.45124756368254,4.027768415247661,777.8408240082213,21,4,Tetragonal
mp-556489,Ta2SnO6,2.2854,-2.9833550249629632,7.940150241922997,241.17186284728467,18,3,Monoclinic
mp-510459,MnVCuO4,1.116099999999999,-1.92740520684729,4.579780393842035,169.2693614053258,14,4,Orthorhombic
mp-542152,P2Pb3O8,3.531599999999999,-2.3310828860989,7.330675277951801,367.66009850964275,26,3,Monoclinic
mp-28346,SrSe2O5,3.2926,-1.9201661280859421,4.226076184374001,511.64899309910277,32,3,Triclinic
mp-774397,Li4Mn2Co5O12,,-1.6961201801824082,4.824292167571719,429.77192033887235,46,4,Monoclinic
mp-1178454,CeOF,0.0,-3.988052403333332,6.225936194427932,93.4103088222293,6,3,Tetragonal
mp-1076534,RbTaO3,2.002399999999999,-2.975669705966666,7.737080117438172,67.47978870917987,5,3,Cubic
mp-1097010,CuPbO2,0.0,-1.159154878749999,8.70758199938685,115.46708779668178,8,3,Orthorhombic
mp-1189105,Mn2FeSbO6,1.298899999999999,-1.901105844586207,5.657059755372711,225.12732084964765,20,4,Monoclinic
mp-17591,Sm2MoO6,2.2312,-3.143166101111113,6.72468283976315,486.61042794359037,36,3,Monoclinic
mp-19083,NaVO3,3.2386,-2.375747678275863,2.928057867409888,276.591046048342,20,3,Monoclinic
mp-1211279,La2Fe2S2O3,,-2.420657534444444,5.591567888349393,148.96980606290217,9,4,Tetragonal
mp-505145,Ag3BiO3,,-0.7834499885714281,8.276325591559287,931.8928544762629,56,3,Tetragonal
mp-505424,VCdCuO4,1.1168,-1.730580807857142,5.252080213104794,183.9440064781593,14,4,Orthorhombic
mp-549728,DyZnPO,1.2613,-2.053910819077379,6.843429365676406,133.39878131915347,8,4,Trigonal
mp-773074,LiZr2(PO4)3,4.3898,-3.139607035958994,2.993270859593413,526.2462641412424,36,4,Triclinic
mp-18949,VFeO4,0.0,-2.066525278333333,3.988090289126242,142.2202856225976,12,3,Orthorhombic
mp-1223257,La2CrMoO6,0.0,-3.006532805000001,6.678297568604317,129.72997323977208,10,4,Tetragonal
mp-996963,CdAgO2,0.0,-0.868751446666665,7.646034425444811,109.57771083259125,8,3,Monoclinic
mp-1227937,BaBiBrO2,1.6455000000000002,-2.227105777000001,6.40457295143044,118.80197845894786,5,4,Tetragonal
mp-18595,LuCu(BO2)5,0.7753999999999991,-2.81441601367647,4.428608524630033,339.3828453696567,34,4,Orthorhombic
mp-17598,Cu2Te3O8,0.0,-1.29066510076923,5.3706345895205985,394.4549188845999,26,3,Monoclinic
mp-28712,Si2Hg6O7,1.5122,-1.579683229999991,8.872319484074048,256.7279879190002,15,3,Monoclinic
mp-7611,Li2CaGeO4,4.1135,-2.604269733958333,3.4817825060824292,90.90020994915852,8,4,Tetragonal
mp-558048,NaV(GeO3)2,0.0,-2.2618929796379312,4.281328364473651,489.02079389626226,40,4,Monoclinic
mp-760343,FePO4,2.4854,-2.334121709107143,2.486147745711199,402.93093830084763,24,3,Tetragonal
mp-14116,CuRhO2,0.6553000000000001,-0.9612006149999991,7.024418962510328,46.91270234409874,4,3,Trigonal
mp-21302,Sr2MnGaO5,0.0,-2.675951816159004,5.053145172411138,499.36071379200683,36,4,Orthorhombic
mp-1518368,Ba2CeHfO6,,-3.6654516029999993,7.007365395148178,163.33345195564382,10,4,Cubic
mp-560513,Gd3Si2Cl5O6,2.531,-3.214715929687502,4.065901502759885,654.4155945584475,32,4,Monoclinic
mp-1047266,TiZn2WO6,0.0,-2.296455748333334,6.809145275275192,111.81912953698192,10,4,Trigonal
mp-12885,BaAl2Sb2O7,3.4109,-2.768880493749999,4.224100802316283,214.95522086953636,12,4,Trigonal
mp-1201514,K2RuO5,0.9515,-1.5180448496249999,3.150563901105908,546.5908324490557,32,3,Orthorhombic
mp-3107,Ga3PO7,3.1305,-2.429084078376625,4.797447718997489,121.8856094547577,11,3,Trigonal
mp-19935,ErFeO3,1.5703,-2.8641381045000003,8.111015951090808,222.00710582040696,20,3,Orthorhombic
mp-504674,Ba2EuReO6,0.0,-2.889526185750001,7.43430197137039,158.32362345178456,10,4,Cubic
mp-1191821,Nd2Tc2O7,0.0,-2.745416420909092,6.93972942726885,285.4514778186561,22,3,Cubic
mp-32311,Re2NiO8,3.963199999999999,-2.020867966136364,4.8750359854593,761.7680872976472,44,3,Trigonal
mp-17637,USO6,1.9501,-2.7364963206249993,5.003665128522428,485.9695811323955,32,3,Monoclinic
mp-1194999,NaCo2As3O10,1.1586,-1.671203278367457,4.18066867069311,417.5428586303667,32,4,Triclinic
mp-557531,Pb2S(O2F)2,3.7963999999999993,-2.173825614722221,6.688811429626198,272.31692217770956,18,4,Monoclinic
mp-1191856,In2As2Cl2O5,3.1511,-1.746976193030302,4.2273948581963,416.67286490717396,22,4,Triclinic
mp-632815,Li10Ge(PO6)2,4.4932,-2.519420708904761,2.557096924757111,514.2999443089553,50,4,Triclinic
mp-31629,Ta2CrO6,0.08610000000000001,-3.044736343851851,7.752359591971689,436.86795757385966,36,3,Monoclinic
mp-561748,CsV(MoO4)2,0.0,-2.212936793304597,3.427531989279639,488.0773189326617,24,4,Trigonal
mp-772991,Er2Bi2O7,0.37300000000000005,-2.544220898636363,8.147096204892943,704.787968268393,44,3,Tetragonal
mp-22495,SmNiO3,0.0,-2.4529482349999983,7.868814167394936,216.98020304035126,20,3,Orthorhombic
mp-8054,NaSc(GeO3)2,3.5612,-2.636928682137931,3.965731475609224,258.95618469322574,20,4,Monoclinic
mp-11613,Ba2CuSi2O7,0.1831,-2.9573345916666662,4.42974796506209,379.6341733484799,24,4,Tetragonal
mp-13196,SmSbO4,2.2974,-2.825157747500001,7.16439359578562,311.61683026468563,24,3,Monoclinic
mp-559933,Ba3In2Cl2O5,1.4236,-2.5790751206944442,5.578266375326418,235.91745759628125,12,4,Tetragonal
mp-17700,SnWO4,0.9171,-2.020210412916667,7.087114592527115,343.53422771533457,24,3,Orthorhombic
mp-755604,V3CrO10,0.0,-2.093440165714287,3.059644836276669,395.9864152750792,28,3,Tetragonal
mp-1194355,Fe3Sb2(BrO)4,2.3936,-1.423973968461538,4.221844412176652,625.1193205957086,26,4,Orthorhombic
mp-754777,NaLaO2,3.918799999999999,-2.991584209094828,4.884540328037931,65.91584988195733,4,3,Trigonal
mp-23096,LuSeClO3,4.336399999999999,-2.499800050251736,5.178255089330478,432.7555685493453,24,4,Orthorhombic
mp-560339,Ca2Zr(SiO3)4,4.8495,-3.449158389210526,3.080028557914803,512.9452504132635,38,4,Monoclinic
mp-1205547,Ba2GdTaO6,3.2148,-3.539904885733334,7.4093959224456,158.8618388803419,10,4,Cubic
mp-510672,MnPbO3,0.5499,-1.6433221259195392,8.22079444169452,375.8712283419961,30,3,Monoclinic
mp-19087,Na3Co2SbO6,0.8215000000000001,-1.781557512011494,4.858449750477542,138.282995400937,12,4,Monoclinic
mp-27791,SrBe3O4,4.1295,-3.112535916875,3.641867279149913,162.9176277463396,16,3,Hexagonal
mp-558347,K4Ba(SiO3)3,4.2288,-2.882499321705883,3.075085349186601,563.7266201559287,34,4,Orthorhombic
mp-558129,KNaSi2O5,4.4523,-2.904598702069923,2.568545311703118,512.6823291456072,36,4,Monoclinic
mp-1041636,CaCuP2O7,0.26779999999999904,-2.620108078571427,3.385743814872144,272.26595413925315,22,4,Triclinic
mp-19457,V6O13,0.0,-2.354573986052631,3.706002800499668,230.1458808126932,19,2,Monoclinic
mp-758600,MnOF,0.0,-2.3144493784770113,4.460455471536943,133.92532702266692,12,3,Orthorhombic
mp-1205823,Ba2ScTaO6,3.0173,-3.5931783102333332,6.892776027795513,143.7159044723548,10,4,Cubic
mp-37995,Ti3Zn2O8,1.8044,-2.891011295384615,4.450025178201096,150.1619593812529,13,3,Trigonal
mp-1745,Sm2O3,3.7443,-3.848228371499999,7.736961882448128,224.5300687010258,15,2,Monoclinic
mp-562767,Cs2Te(MoO4)3,2.575599999999999,-2.001408935887612,4.697336329406579,617.3805630921174,36,4,Hexagonal
mp-12022,HgB4O7,1.7969,-2.412195279930555,5.782094457860213,204.3789800622276,24,3,Orthorhombic
mp-30004,Rb4Br2O,0.5864,-1.6602146249999992,3.357421052489837,256.0374542851285,7,3,Tetragonal
mp-19080,Na2Mn3O7,1.405699999999999,-1.937155033462644,3.946251620931512,271.6524857617183,24,3,Triclinic
mp-1019741,HeSiO2,6.4897,-2.4250315421875,2.110454887575216,403.39665180196045,32,3,Monoclinic
mp-505212,Cs3AuO,1.3261,-0.866148916793104,5.366422164251121,378.54733206767725,10,3,Hexagonal
mp-37614,Al2NiO4,3.205599999999999,-2.802741493571429,4.533626381964133,258.8135604925488,28,3,Orthorhombic
mp-18629,NaTmGeO4,3.6137,-2.895737338054187,5.621673566356018,388.2042112465704,28,4,Orthorhombic
mp-5448,Pr3SbO7,2.7314,-3.265689170000001,6.761655076935686,322.43839662456156,22,3,Orthorhombic
mp-555606,Na10Be4Si4O17,3.9432,-2.711822081108374,2.7194226900310783,397.07412670929796,35,4,Cubic
mp-29946,IO2F,2.8952,-1.135413572499999,5.063208831531403,233.37980967516722,16,3,Orthorhombic
mp-622171,VSb2O5,0.0,-2.019535985625,4.951728891841146,502.2916089731545,32,3,Orthorhombic
mp-754998,Ce2SeO2,0.0,-3.311893650468749,6.671062463012567,97.37393548570698,5,3,Tetragonal
mp-20178,CeBO3,0.029300000000000003,-3.406526371833334,5.291666846074193,124.84650887509291,10,3,Monoclinic
mp-555251,SiO2,5.6355,-3.255319074166665,1.8597475365084972,214.59327273211113,12,2,Orthorhombic
mp-31113,Dy3GaO6,3.5913,-3.591464098749998,8.220838131178718,263.88947585457106,20,3,Orthorhombic
mp-505697,Bi6P4PbO20,3.333199999999999,-2.256616235437789,7.156813641776408,441.9941199058536,31,4,Triclinic
mp-754134,HfZrO4,3.5612,-3.877764332499998,7.099429191933504,156.10864868043683,12,3,Monoclinic
mp-18390,KV6O11,0.0,-2.455344464291667,4.245643898796309,407.33999201571584,36,3,Hexagonal
mp-1191974,CaGe(PO4)2,3.9027000000000003,-2.765207121190475,3.486033649043261,288.33913078571277,24,4,Monoclinic
mp-28890,K2CoO2,0.16990000000000002,-1.4238854814000002,2.826528752635311,397.44105063827726,20,3,Monoclinic
mp-6915,As2PdO6,0.0,-1.370038654999999,6.146695907882214,95.16345629442812,9,3,Trigonal
mp-1104131,NbPO5,3.1971,-2.9056814970918383,3.765281401120672,179.8250505138836,14,3,Tetragonal
mp-1080575,SrZrO3,3.4652,-3.657066389500001,5.402446184095341,139.44806583680602,10,3,Orthorhombic
mp-12625,U2TeO2,0.0,-2.589119901333323,10.439523369567272,101.10927607384278,5,3,Tetragonal
mp-760048,Li2CoOF2,0.18250000000000002,-2.491846323611111,3.829890018238369,219.9282852637654,24,4,Tetragonal
mp-552191,Ba2TbBiO6,1.7302,-2.826584474666666,7.383329571945535,166.10410357579744,10,4,Monoclinic
mp-29260,Ti(SeO3)2,2.4447,-1.9756995158912032,3.965678614826836,252.73007423132103,18,3,Monoclinic
mp-5696,La2Cu2O5,0.0,-2.524493586666667,7.092555683587889,227.053640375418,18,3,Orthorhombic
mp-20741,ReO3,0.0,-2.132610233750001,7.309905780354491,212.810887519815,16,2,Cubic
mp-19170,PrNiO3,0.0,-2.405585991833332,7.431405465962988,110.65153943462884,10,3,Trigonal
mp-1218098,SrNdFeO4,0.494299999999999,-2.853686715357143,6.100374137431689,95.7349852723629,7,4,Tetragonal
mp-27428,KBrO4,3.1089,-0.8378744545416671,2.830785629116412,429.3910213593171,24,3,Orthorhombic
mp-22937,Na4I2O,2.2131,-1.469234532931035,3.514775083663585,170.91532597430805,7,3,Tetragonal
mp-859783,VOF,2.5369,-2.774888465,3.856107875833951,74.0153413312483,6,3,Trigonal
mp-755789,Na2Be2O3,3.0523,-2.34413358682266,1.891965247181159,196.60389335302776,14,3,Monoclinic
mp-757056,TeWO6,1.6461000000000001,-1.718310138333333,6.693373022898309,101.07968837838713,8,3,Trigonal
mp-976952,NaPuO3,0.0,-2.82845516902586,7.027240892455187,74.43174874793523,5,3,Cubic
mp-4681,NaNbO3,2.3684,-2.842414990275862,4.507759326646763,241.49733830344042,20,3,Orthorhombic
mp-1104584,KMn2(MoO5)2,0.0,-1.922422811540804,3.45197180107594,240.92847971107068,15,4,Monoclinic
mp-715574,MoO3,0.7662,-1.865178323750001,3.279968128947787,291.4845448242327,16,2,Monoclinic
mp-8111,LaOF,4.204999999999999,-4.256708431666667,6.068164762890449,95.17644633652348,6,3,Trigonal
mp-1079416,ZrTi(PbO3)2,1.7537,-2.767506492333332,7.588402081948216,142.12467780668408,10,4,Tetragonal
mp-38284,Ce2Nd2O7,1.7118,-3.788480477272726,6.587313814974314,686.379042350217,44,3,Triclinic
mp-758373,LiCoPO4,,-2.398588616318026,3.070190850078563,695.9575977648491,56,4,Orthorhombic
mp-754501,Ca(CuO)2,1.529999999999999,-1.676793532,4.902772251905731,134.91451621856865,10,3,Tetragonal
mp-753256,Fe4O3F5,1.483,-2.152314018333333,4.260514809782664,142.7930857345651,12,3,Orthorhombic
mp-734913,Tl3S2O9,0.0,-1.551262083928574,6.101048338498133,447.0570682244723,28,3,Monoclinic
mp-30530,TlClO4,4.570699999999999,-0.6997980705555561,4.725332319723705,106.77091611134301,6,3,Cubic
mp-767438,YFeGe2O7,0.0,-2.468353752727271,4.723226745674206,282.6800380696238,22,4,Monoclinic
mp-1216360,VFe(CuO2)2,0.0,-1.5252759012500001,5.31929794370919,92.98875646577058,8,4,Trigonal
mp-23207,ClO2,0.9646,-0.352869884583334,2.372477043145755,377.6857587257459,24,2,Orthorhombic
mp-556523,LaPb6ClO7,2.1393,-1.904376837999999,7.518947831352811,675.5957553605919,30,4,Monoclinic
mp-11773,Nd3GaO6,3.6505,-3.4508841035,6.661618433303659,298.3485097131997,20,3,Orthorhombic
mp-731920,TlAsO4,0.297799999999999,-1.379970931805557,6.852349678030181,332.7718167910669,24,3,Monoclinic
mp-30993,LaIO,3.2887,-3.169535276666668,5.604425768232642,166.9949563986577,6,3,Tetragonal
mp-781615,HfCrO4,0.0,-2.973007412083333,7.238787075073748,270.2119475295838,24,3,Orthorhombic
mp-754323,TmBiO3,3.1128,-2.835879719000002,9.10093457425762,155.422468802458,10,3,Trigonal
mp-1078758,Sr2NiRuO6,0.0,-2.142298130499999,5.7307488190926446,249.7725962835352,20,4,Cubic
mp-546862,HgPb2(ClO)2,2.247799999999999,-1.356247624642857,7.465152115547622,159.6876182370391,7,4,Monoclinic
mp-16814,KTh2V3O12,3.300899999999999,-3.053849811513888,5.139192929571991,547.9939743498213,36,4,Monoclinic
mp-972439,Zn3(PO4)2,2.9952,-2.3335193772527463,4.242996425531455,302.26276373061995,26,3,Monoclinic
mp-558533,Nd3U(ClO2)3,1.4161000000000001,-3.500149829423076,6.702885604335248,432.5998875077094,26,4,Hexagonal
mp-1101654,NaEuO2,0.0,-2.623261980344828,5.936512679421615,115.77599334165474,8,3,Tetragonal
mp-1190424,Dy2Mo2O7,0.0,-2.911589593484849,7.73744630861035,269.92699975888564,22,3,Cubic
mp-3273,Si5P6O25,5.6022,-2.8717827075793663,2.7989738838811373,430.8632268123046,36,3,Trigonal
mp-540658,Na3Fe5O9,0.0,-1.76275977112576,3.867352120410466,422.66588827125565,34,3,Monoclinic
mp-35493,Zn2SnO4,0.8250999999999991,-1.909593755714286,6.390576451303078,162.93413001046156,14,3,Orthorhombic
mp-556507,Sr2FeBrO3,1.1631,-2.565466526071428,4.837273342753482,492.9324665122417,28,4,Tetragonal
mp-759764,W(OF)2,1.6949,-2.4835484759999993,4.346698773469095,193.94209853879482,10,3,Orthorhombic
mp-705333,LiMo(PO4)2,2.6869,-2.470748678343254,2.936197275655846,662.4149369809429,48,4,Orthorhombic
mp-561102,InBiO3,2.388399999999999,-1.7779738328333332,8.697008401781114,283.9517915160877,20,3,Orthorhombic
mp-1147560,KY(CuO2)2,0.0,-2.009003093406249,4.899746556596155,108.1418460449905,8,4,Tetragonal
mp-4181,Pr2CuO4,0.0,-2.937306323333335,6.9636096800251455,97.61552943730585,7,3,Tetragonal
mp-971,K2O,1.7072,-1.233878036499999,2.413811104778204,129.6009765025592,6,2,Cubic
mp-755004,CsInO2,1.9381,-1.729526690330459,6.598868928575688,140.77858860504216,8,3,Hexagonal
mp-755940,Mn3OF5,0.0,-2.710962766532568,3.941514877694952,232.3907971589211,18,3,Orthorhombic
mp-861975,PaO3,0.0,-3.081037021250002,11.181658408326806,41.438127854786046,4,2,Tetragonal
mp-1068843,Sm2BiO2,0.0,-2.896740072000001,8.358533039130073,107.61609480215499,5,3,Tetragonal
mp-7137,LiTbO2,4.5467,-3.270821998749999,6.568157048012014,200.09436990737922,16,3,Orthorhombic
mp-704325,Gd4Mo7O27,,-2.54450302388158,4.713632434151614,2441.420637241322,152,3,Monoclinic
mp-667291,ReHg2O5,1.4261,-1.504287073750005,7.616257134460916,582.0272004260341,32,3,Triclinic
mp-22432,Ti4Cu2O,0.0,-0.973988638333333,6.002231174009371,370.22829524052486,28,3,Cubic
mp-19072,Si(NiO2)2,0.0,-2.114110612142857,4.947911495854694,281.1957752423065,28,3,Orthorhombic
mp-1025437,CeBi2SeO4,0.424199999999999,-2.298157951542968,8.54290980117743,136.26446203026154,8,4,Tetragonal
mp-754001,VOF,0.5768,-2.788960975,4.091605952281135,69.75528532527515,6,3,Orthorhombic
mp-19123,Rb2LiVO4,3.965,-2.367439304166667,3.606254220187215,269.660361957834,16,4,Orthorhombic
mp-1218981,SmPaO4,2.295599999999999,-4.1352639825,9.255993692290097,79.90425427417692,6,3,Tetragonal
mp-11709,Sm(BO2)3,5.5275,-3.167531317749998,4.678906502101346,197.88413803356084,20,3,Monoclinic
mp-559032,GdMoClO4,2.4595000000000002,-2.669957121428571,4.541805743875453,257.8593298750831,14,4,Monoclinic
mp-1218765,Sr2MnCrO6,0.0,-2.5172899022931032,5.414197036562274,231.9704878005839,20,4,Tetragonal
mp-29710,Hg4P2O7,1.588499999999999,-1.7267410380219812,7.546349933445363,429.6619755647263,26,3,Monoclinic
mp-1042597,Zn(MoO2)2,0.0,-1.719850776428571,5.795027906671714,184.12644752266613,14,3,Triclinic
mp-617247,Cu2BiPO6,0.0,-1.753271382964285,6.265433241092248,490.88401973971776,40,4,Orthorhombic
mp-554263,Ca2BClO3,4.576599999999999,-3.213737082380951,2.697827417737893,429.4244073906004,28,4,Monoclinic
mp-555344,Hf2P2O9,4.9045000000000005,-3.397889916483517,5.593391285888949,334.23521816313985,26,3,Monoclinic
mp-1222734,LaU2O6,0.0,-3.846283821666667,9.56303379264324,123.4520723884749,9,3,Orthorhombic
mp-1192057,Ag2S2O7,2.301599999999999,-1.4055423298484842,4.598442833041431,283.0099298607328,22,3,Triclinic
mp-715584,MoO3,1.834299999999999,-1.9246418721875,4.419817946323175,216.31208088552106,16,2,Monoclinic
mp-1020654,SrBeB2O5,5.681,-3.126296300092594,3.6675065684897072,359.04920857027287,36,4,Monoclinic
mp-558688,Ba2Sc2B4O11,3.3548,-3.318065699035087,4.001619347384738,484.51787963920214,38,4,Monoclinic
mp-1192590,KBaAsO4,3.8409,-2.468250649607143,4.206142625089996,497.978226952054,28,4,Orthorhombic
mp-18827,AlVO4,3.0384,-2.796821249444444,3.322682056273803,425.55639226535754,36,3,Triclinic
mp-1181826,CoCuP2O7,0.0,-2.111097494025973,3.960963445383846,124.26804231003975,11,4,Monoclinic
mp-9986,CsAuO,1.3835,-1.061347121551727,7.071678835584058,324.8637387404581,12,3,Tetragonal
mp-553913,Fe2PO5,1.1341,-2.175769878705357,3.985931989919058,185.52092450901696,16,3,Monoclinic
mp-1019591,Ce3ZrO8,1.8144999999999991,-3.865893192499999,6.651243824433202,319.34668141758533,24,3,Monoclinic
mp-770936,Ba2Sc2O5,,-3.490404048055558,4.962298011798058,595.0581251559444,36,3,Orthorhombic
mp-975384,RbBiO3,0.0,-1.447628566500001,7.356434052251263,77.29908558651587,5,3,Cubic
mp-27343,Re4Cl8O9,1.023299999999999,-1.670459218333332,4.186171561685127,465.07730436606977,21,3,Triclinic
mp-1207172,SrPuO3,0.0,-3.235445856749998,7.589559929454946,83.05762881533012,5,3,Cubic
mp-1214040,Ca3Nd2Sb3O14,,-2.811031070227271,5.425483575444511,305.4475598011063,22,4,Monoclinic
mp-7914,NaScO2,3.979999999999999,-3.190776871594827,3.555175263658139,46.681725470193584,4,3,Trigonal
mp-4860,Gd2CuO4,0.0,-3.059107154285715,8.214409459374604,89.3589089478367,7,3,Tetragonal
mp-760341,Mn2OF3,0.0,-2.618601573977012,4.012767463017939,378.37221271961283,30,3,Orthorhombic
mp-3834,BaZrO3,3.0377,-3.639168969000001,6.143794292287296,74.74546324141521,5,3,Cubic
mp-23360,Zn(IO3)2,3.2595,-1.057101210555555,5.227838770760821,263.77233989647056,18,3,Monoclinic
mp-1019599,CePO4,0.0,-3.373268725773809,4.761500756936776,163.97004582902755,12,3,Tetragonal
mp-643084,Gd2O3,2.905699999999999,-3.8741220021666702,8.312236785643153,217.2492572800085,15,2,Monoclinic
mp-1194203,Sr2SnO4,2.681999999999999,-2.784608109999999,5.69115145157762,417.7614872160485,28,3,Orthorhombic
mp-1226790,Ce2PrO6,0.0,-3.611853731296294,6.701303455799227,128.14292315461122,9,3,Orthorhombic
mp-757147,Na2FeO3,0.050999999999999004,-1.558846403793102,2.508376719456594,198.36455067863528,12,3,Orthorhombic
mp-755072,Na2O,1.0343,-1.355596834252872,2.114311066787625,97.3541221495295,6,2,Orthorhombic
mp-1435359,CaVO3,0.2606,-2.928685933000001,4.10753889584289,224.8006192053436,20,3,Monoclinic
mp-616175,EuSO4,1.0685,-2.609153254166668,5.386262623005255,305.85798553296405,24,3,Orthorhombic
mp-866313,Ba3In(BO3)3,3.493699999999999,-2.971885077135417,5.218137301645016,447.56784824506747,32,4,Trigonal
mp-769319,LiNb(OF)2,,-3.170344275972223,3.840415988863625,293.7503800869917,24,4,Monoclinic
mp-505307,Na2Si4NiO10,1.3731,-2.829751909279919,2.811712460227667,445.30732056832585,34,4,Triclinic
mp-558858,BaTbMn2O6,0.0,-2.693193453752873,6.883728859570141,242.25181733329958,20,4,Orthorhombic
mp-9200,K3AuO,0.5612,-0.8797196933499991,3.845922408760981,142.59546003697025,5,3,Cubic
mp-705847,Li2(CoO2)3,,-1.544582696969696,4.6724003084584655,203.76678460742826,22,3,Triclinic
mp-1205877,CsTlO,1.3911,-1.156939997662837,6.823368307708186,171.9528395775273,6,3,Monoclinic
mp-704634,Ba2Nd2Fe4O11,0.0,-2.561513236842106,6.302565870196888,253.5931896096041,19,4,Orthorhombic
mp-556463,KGe2BO6,3.498,-2.3561772501416662,3.535320464962918,547.07937826546,40,4,Orthorhombic
mp-15748,Sr2CuSi2O7,0.0,-2.9785083429166663,3.92615015464902,344.2359543289889,24,4,Tetragonal
mp-778460,Li3Bi(PO4)2,,-2.54736228387755,4.350387882412151,1281.7336859065742,112,4,Monoclinic
mp-19188,Ba3Mn2O8,1.6908999999999992,-2.427450099297096,5.273663793647016,409.24304517266705,26,3,Trigonal
mp-1228045,BaSc8Ni2O15,,-3.456677979423077,4.415905862343403,642.5340921043706,52,4,Orthorhombic
mp-556123,Sr2Sc2B4O11,4.3474,-3.339275960614034,3.533979846369586,227.6037965293872,19,4,Triclinic
mp-1228392,Ba2CePbO6,2.3054,-2.8738340829999993,6.981437634787639,170.76873246930134,10,4,Trigonal
mp-972808,SiO2,5.5882000000000005,-3.265169314166667,2.246806325836915,177.62514985183805,12,2,Monoclinic
mp-34688,TiO2,1.9546000000000001,-3.493553009444445,3.774912931038938,70.26402113532312,6,2,Monoclinic
mp-554432,ReSbOF10,2.0016,-2.536002920961539,3.790679466063219,450.2806308328015,26,4,Monoclinic
mp-561076,La3GaS5O,1.196499999999999,-2.394744360999999,4.990060196658525,882.1899176050932,40,4,Orthorhombic
mp-13063,Tb2O3,4.1338,-3.942971762416667,8.871202260575703,68.48072821227865,5,2,Trigonal
mp-38070,Rb(TeO3)2,0.0,-1.637437328425925,5.180651287198674,279.9254081730395,18,3,Cubic
mp-27418,KAuO2,1.092299999999999,-1.116117736812499,6.507824846656682,68.39922788323224,4,3,Orthorhombic
mp-3962,LaPO4,4.486000000000001,-3.538097613829351,5.066875218931536,306.5886563439309,24,3,Monoclinic
mp-19299,CrBO3,0.0,-2.620118576833333,4.247466035697327,86.63825814730751,10,3,Trigonal
mp-555114,VCdClO3,2.698299999999999,-1.998744465833333,3.930926313798781,417.0286114932297,24,4,Orthorhombic
mp-1523158,BaCaZr2O6,,-3.6154813470000002,5.231646253277125,144.68786698106925,10,4,Orthorhombic
mp-753798,Rb2SnO3,2.121299999999999,-1.923212555000001,4.8604569804682445,230.706998435881,12,3,Orthorhombic
mp-998915,K2O,0.6523000000000001,-1.204323686499999,2.043060108305046,153.11946770450476,6,2,Orthorhombic
mp-510369,Ce5Pb3O,0.0,-1.030977366666663,8.151626364320922,545.1916151469636,18,3,Tetragonal
mp-559633,Cu6PbO8,0.0,-1.037421847333332,6.048084799489839,196.71159666844227,15,3,Cubic
mp-550722,Ba2Tl2CuO6,0.0,-1.7806951660606072,7.650187716268667,182.97237206632445,11,4,Tetragonal
mp-1103016,Ti3CuO8,0.0,-2.7189777024999993,4.003674840837911,139.0014769155928,12,3,Tetragonal
mp-29984,Na4MoO5,2.9246,-2.013313437051724,3.6158893629419833,492.10786857118114,40,3,Triclinic
mp-541275,Cs2U(Cl2O)2,2.3217,-2.698006853256704,3.987540841168678,282.1953084725205,9,4,Monoclinic
mp-13066,Er2O3,4.196899999999999,-3.997353955499998,9.79728716014426,64.83254837025989,5,2,Trigonal
mp-14190,NdPO4,5.3095,-3.416609378412696,4.281542704188022,278.327107982724,18,3,Hexagonal
mp-18911,LiVP2O7,0.0,-2.685813710238095,2.823206616484693,272.7082284031074,22,4,Monoclinic
mp-1210613,Mn2VPO7,1.598199999999999,-2.459959881409539,3.6348838816731073,138.78034354015122,11,4,Monoclinic
mp-752688,MnCdO2,0.0,-1.6154035507327582,6.535999181423456,101.292816989897,8,3,Tetragonal
mp-27250,CsTcO4,3.414399999999999,-2.165791816192528,4.060407205202105,482.41273723692234,24,3,Orthorhombic
mp-759652,Li4CoOF4,0.017400000000000002,-2.736769666583333,3.30710222003136,358.8907159548981,40,4,Tetragonal
mp-755159,Tl2Ge2O7,0.0,-1.624485564696972,9.041759750088069,244.64030360931707,22,3,Cubic
mp-1190593,Mn2ClO3,0.28099999999999903,-1.704430002227012,3.805804045255665,337.40835194613027,24,3,Orthorhombic
mp-18049,Ge5P6O25,3.5718,-2.416966496051587,3.40863480226151,462.325080275831,36,3,Trigonal
mp-760461,LuBO3,4.2791,-3.540390107166666,6.5969386013916544,117.68929086573688,10,3,Orthorhombic
mp-1218161,SrLaCoO4,0.5536999999999991,-2.747099146428572,6.188789376028636,93.7640214980128,7,4,Tetragonal
mp-23611,BaTa2Bi2O9,1.5762,-2.782548545690477,8.856651032724633,198.96095993754082,14,4,Tetragonal
mp-550763,CoSb2Br2O3,1.595799999999999,-1.461084595312499,4.652824481842632,728.4226282798674,32,4,Triclinic
mp-758228,Li13Mn8O24,,-2.016300131706257,3.672435785381153,413.1515865217272,45,3,Monoclinic
mp-9808,Rb3NbO8,2.3443,-1.679315607708331,3.9277193019025,201.79231382161697,12,3,Tetragonal
mp-17025,Sr3Y(BO3)3,4.4109,-3.32911240484375,4.026607495422499,435.64507315119073,32,4,Trigonal
mp-561008,Ca(PO3)2,5.5318000000000005,-2.960611952281746,2.8798297799064683,913.4516022845647,72,3,Monoclinic
mp-4409,Cu(RhO2)2,0.0,-1.049898804285713,6.904121345548678,160.3530148518342,14,3,Cubic
mp-973451,Nd2BiO2,0.0,-2.850434975000001,7.842336723559964,112.10871949501626,5,3,Tetragonal
mp-774105,Ca5Ge3O11,3.3456,-2.910897137631578,3.779358549643209,522.238893267415,38,3,Triclinic
mp-6281,NaCa3RuO6,0.43900000000000006,-2.569328564216301,3.99916425152482,282.5916039102002,22,4,Trigonal
mp-8137,NpSO,0.0,-2.652236148750001,9.736048476017947,97.23874606065928,6,3,Tetragonal
mp-14354,Rb2SrP2O7,4.712999999999999,-2.915331958690475,3.526033147592276,407.35939198692364,24,4,Monoclinic
mp-754403,ZrO2,3.4482,-3.765431895,4.74826681390781,86.18566787212191,6,2,Tetragonal
mp-758123,CoSbO4,2.114,-1.5383490141666671,5.426617836735293,149.75022622170027,12,3,Orthorhombic
mp-20958,Ba2LaReO6,0.0,-2.96140979275,7.042928649210734,164.04275611314202,10,4,Cubic
mp-22450,Li2PbO3,1.044,-1.788510993611109,7.013112294262959,127.42365027123795,12,3,Monoclinic
mp-774332,Na2Co2O3,0.0,-1.404653371108373,4.055334983367866,173.48774044385902,14,3,Monoclinic
mp-4307,BaIrO3,0.0,-1.975938002,8.826014378938,426.1880020632002,30,3,Monoclinic
mp-1193468,NaMnVO4,2.3623,-2.308823436687192,3.523311447592582,363.593228223254,28,4,Orthorhombic
mp-22243,LiNiAsO4,0.0,-1.814024209404762,4.408197751373217,308.2159768425614,28,4,Orthorhombic
mp-1174610,Li4MnCo2O7,,-1.838499842233169,4.143533230359206,250.52296877293216,28,4,Triclinic
mp-754010,ZnCu2O3,0.0,-1.128759614166667,6.08059218685493,131.35507358950417,12,3,Orthorhombic
mp-28144,SiBi2O5,2.7077,-2.280801145625002,7.882662591838353,221.6295420985327,16,3,Orthorhombic
mp-558647,Cu9Se4(Cl3O7)2,0.0,-1.028227847253787,3.951341307335115,556.6017660906532,33,4,Monoclinic
mp-561028,K2Cr2O7,2.7644,-1.927502611090906,2.76663056728745,353.1407675951838,22,3,Monoclinic
mp-22184,Ba2SmNbO6,2.8503,-3.3962468105,6.279674511953588,162.33847708042038,10,4,Cubic
mp-1218232,SrGdCoO4,0.8127000000000001,-2.7209781785714293,7.037677267794496,86.78255134245977,7,4,Tetragonal
mp-504549,UFeO4,0.7501999999999991,-2.873807404999998,7.739212901761455,307.1421503563383,24,3,Orthorhombic
mp-16978,Ba3MgSb2O9,2.6494,-2.697531417666667,6.120756014948521,446.9882727060557,30,4,Hexagonal
mp-20352,Ba3In2O6,0.598399999999999,-2.501897394848485,6.31645044621835,193.91205189949042,11,3,Tetragonal
mp-20966,Ba2UCoO6,0.0,-3.003749728999999,7.354325408348879,150.74076605920524,10,4,Cubic
mp-540618,K3IO5,1.2925,-1.508949936861111,3.199148646835452,673.1050001911308,36,3,Tetragonal
mp-754555,HoTlO2,1.4262000000000001,-2.722815777083333,9.808103947970533,67.94330023996899,4,3,Trigonal
mp-17237,Gd3RuO7,0.13890000000000002,-3.130438856363636,7.910143674629698,287.5202868873723,22,3,Orthorhombic
mp-778114,Sm2Ge2O7,2.5577,-2.969077287272726,7.026382691001053,263.74134904021594,22,3,Cubic
mp-4784,CaPtO3,1.2953000000000001,-1.991501694000001,8.18146661006258,114.94236831033714,10,3,Orthorhombic
mp-556993,NiBiPO5,3.8528000000000002,-2.117806550892858,6.348820348963618,396.1391584559697,32,4,Monoclinic
mp-753611,PCl3O,4.5483,-1.577910020928571,1.483014023190552,686.7475052446612,20,3,Orthorhombic
mp-30301,LiClO4,5.7447,-1.008014841805556,2.5571311802616483,276.3525149147863,24,3,Orthorhombic
mp-556102,Na2U(WO5)2,2.0214,-2.617479555850574,6.234617462886831,432.36988428904675,30,4,Triclinic
mp-755117,Ba2IrO4,0.0,-2.259269779999999,8.066736618047301,109.2793890851786,7,3,Tetragonal
mp-556932,TlPO3,,-2.24528113634524,5.55550921758248,2032.6740776389734,120,3,Orthorhombic
mp-1105194,Ho5(MoO6)2,0.0,-3.337745712368419,8.163765310126353,245.81818596010874,19,3,Monoclinic
mp-22334,FeGeO3,1.9617,-1.9167305910000012,5.191813043777707,225.78413030477273,20,3,Monoclinic
mp-4300,Yb2Si2O7,0.0,-3.58617321102273,6.236822823552138,136.9169728614623,11,3,Monoclinic
mp-555748,Bi2MoO6,0.282199999999999,-1.813270610555556,8.155507018528578,496.72356355481423,36,3,Orthorhombic
mp-6071,Sr3LiIrO6,0.0,-2.511016590757576,6.031371555052918,307.2616908003537,22,4,Trigonal
mp-545481,Ca2Cu(BrO)2,0.0,-2.260203145714285,4.171489837215984,133.55551405583833,7,4,Tetragonal
mp-554903,TbSeClO3,4.386799999999999,-2.486382203168402,4.624930274733975,461.49183931829657,24,4,Orthorhombic
mp-542967,SnSO4,4.1233,-1.834566469583332,4.179043784170355,341.35875205342626,24,3,Orthorhombic
mp-803628,Li4TiCo3O8,,-2.0685681454166662,4.2904944987815234,294.4704290444259,32,4,Triclinic
mp-29037,BaV3O8,1.9088999999999992,-2.63487402,4.271344991062743,325.11957351733884,24,3,Monoclinic
mp-18068,Ag2TeO3,1.627299999999999,-0.9061985770833321,6.658987119565562,390.34548632956637,24,3,Monoclinic
mp-555716,Tm2Ru2O7,0.0,-2.610419896363638,8.327393581301234,260.02817528143834,22,3,Cubic
mp-555561,BaU(SiO4)2,2.3906,-3.452390772916666,5.192805785800632,357.84443347449843,24,4,Orthorhombic
mp-23054,NaBiO3,1.096399999999999,-1.580260707275866,6.483681240488199,143.40569727537377,10,3,Trigonal
mp-1079477,Ba2VMoO6,0.40029999999999905,-2.6755853955,6.358909883132386,270.2922211372477,20,4,Cubic
mp-1080083,PrPOsO,0.0,-1.984140652827379,9.052547399393179,138.71626341817023,8,4,Tetragonal
mp-13971,Nd2SeO2,2.151099999999999,-3.376551367468747,6.798078463283028,97.57027340219378,5,3,Trigonal
mp-17753,Nd3RuO7,0.0,-3.0752952643181812,7.049400719165055,304.2421776008633,22,3,Orthorhombic
mp-510281,FeCuO2,0.8043999999999991,-1.3211116262499991,6.216869178480445,40.43653967417185,4,3,Trigonal
mp-4658,La(BO2)3,4.543200000000001,-3.191427007250001,4.211649163218267,210.80578096406194,20,3,Monoclinic
mp-754644,CrNi3(PO4)4,,-2.084695618690476,3.6953761372250993,273.1911978818218,24,4,Monoclinic
mp-756685,Co(CuO2)4,0.0,-0.835150149230769,4.8561699537095,150.83581745310724,13,3,Monoclinic
mp-760084,Cu8O7,0.0,-0.8315388423333321,5.970318423301649,172.54328033558244,15,2,Monoclinic
mp-557209,NiBiAsO5,2.8781,-1.64332654625,6.756864693188777,415.4182280166897,32,4,Triclinic
mp-559476,Dy(IO3)3,3.5241,-1.477085670320513,5.889194297896458,775.0708771099924,52,3,Monoclinic
mp-975646,PrZnSbO,0.1208,-1.8622293629166662,6.669451296114718,171.33395163684756,8,4,Tetragonal
mp-17262,BaCu2(AsO4)2,0.0,-1.790317039230768,4.7064962947230224,382.6369088455571,26,4,Monoclinic
mp-757953,ThNb4O12,0.9833000000000001,-3.195786453529411,5.263866309552163,250.99773149290735,17,3,Tetragonal
mp-1206026,Ba2DyMoO6,0.0,-3.036579568166666,6.7914966587256185,153.81428249410914,10,4,Cubic
mp-20641,MnCoO3,0.0,-1.6499188855862061,5.588165711348425,96.19991342161018,10,3,Trigonal
mp-557684,Er2V2O7,0.0,-3.250776504545453,7.418598338968387,245.50036780264819,22,3,Cubic
mp-770416,Dy2WO6,3.2102,-3.309871926342591,8.365057501738724,960.5236744808446,72,3,Orthorhombic
mp-1192238,Sm3TaO7,3.4493,-3.78970005430303,8.01352326447407,308.3488613785367,22,3,Orthorhombic
mp-11023,ScAuO2,1.7796,-2.563697553749998,8.187810568872301,111.10588952872253,8,3,Hexagonal
mp-1042146,AlBi(WO4)2,2.3077,-2.254597890833333,7.732715557621004,314.2264944747329,24,4,Monoclinic
mp-756420,Cr2PO5,0.6496000000000001,-2.461774253080357,3.8084418851000432,187.45429603092103,16,3,Monoclinic
mp-6662,NaSr3IrO6,0.0,-2.4649874742163,5.98025044027618,318.8008023428617,22,4,Trigonal
mp-997167,NiAuO2,0.0,-0.826287978749999,10.471172252880601,45.61749269697662,4,3,Trigonal
mp-20507,PbSO3,3.6415,-1.7169598629999991,6.15746392260508,309.8754760026049,20,3,Orthorhombic
mp-23022,KClO3,5.4717,-1.148729709449999,2.199650261164601,185.02780731565468,10,3,Monoclinic
mp-1227991,BaInO3,0.0,-2.141988192333333,6.285864600550045,158.57786982262536,10,3,Orthorhombic
mp-614803,Cs2TeO3,3.535199999999999,-1.826989690162835,4.59027903040515,319.36056887073374,12,3,Trigonal
mp-4243,CaIrO3,0.0,-2.101949517000002,8.14993901333421,114.21872186793517,10,3,Orthorhombic
mp-17619,Sc2Mn2O7,0.0,-2.805036003260187,4.695322840031684,220.52968669696315,22,3,Cubic
mp-21332,LiGdO2,3.280399999999999,-3.213841752708333,6.31790219151349,206.25886092763199,16,3,Orthorhombic
mp-2814,Yb2O3,0.0,-4.052655219750003,9.49797550007494,551.1761931198969,40,2,Cubic
mp-504598,Rb2PbO2,1.8864,-1.499867705,5.389060633470288,505.50122930644574,20,3,Triclinic
mp-770977,Ca2CeO4,2.260299999999999,-3.5070608728571413,4.2717876512400075,442.00771647413904,28,3,Orthorhombic
mp-32531,Ba2V3O9,1.5728,-2.8205224225,4.326376639891781,438.68275328185257,28,3,Monoclinic
mp-17468,SrZrSi2O7,4.7096,-3.504254258636362,3.776758207085525,610.2852852492078,44,4,Monoclinic
mp-28235,Tl(CuO)2,0.0,-0.8302822606666691,8.042811402369113,150.0875533571477,10,3,Orthorhombic
mp-755455,CuTeO4,0.0,-1.208201339444444,5.07275088229118,83.51995302430551,6,3,Monoclinic
mp-17522,K4Rb2Co2O5,1.0943,-1.396593309923077,3.326026338289419,524.4108496246805,26,4,Tetragonal
mp-752975,FeOF,1.2567,-2.1094359375,4.52311740103612,133.40182025653405,12,3,Orthorhombic
mp-549720,NbI2O,0.842599999999999,-1.621874311250001,5.271009533107264,228.5338164569104,8,3,Monoclinic
mp-557057,NbO2,0.28240000000000004,-2.897628194166666,5.7487495278992515,288.6331088235784,24,2,Tetragonal
mp-17201,Er2WO6,3.6554,-3.329502641944446,9.350345390635749,436.4157426566422,36,3,Monoclinic
mp-755969,Sr3La4O9,3.0779,-3.475891872812502,5.302258457892202,301.4243474579689,16,3,Trigonal
mp-19376,TiMnO3,1.7771999999999992,-2.918284943752874,4.697118378262631,106.62481101239541,10,3,Trigonal
mp-18050,Li2MoO4,4.1184,-2.273066940238093,3.093206343623273,559.8738745749837,42,3,Trigonal
mp-754478,HfZrO4,3.4356,-3.877154581666666,7.102128807366551,78.02465483346626,6,3,Orthorhombic
mp-558534,Tm3B5O12,5.3919,-3.376162679666668,6.902051775644415,724.5019834438367,80,3,Orthorhombic
mp-18840,BaMnO3,0.8952999999999991,-2.489944874252874,6.088581271505338,196.58101951817102,15,3,Trigonal
mp-7478,RbTmO2,3.663599999999999,-3.087397629375002,7.267878191305468,65.4358426479709,4,3,Trigonal
mp-17275,SrY2O4,3.7035,-3.698782460357143,5.339589150916533,409.79199475584693,28,3,Orthorhombic
mp-29775,Sr4PdO6,1.4647000000000001,-2.581484783181816,5.625669197151822,326.3988833354515,22,3,Trigonal
mp-1103973,Cr2CuO4,0.0,-1.936370315714286,5.108807551994644,150.51427845089722,14,3,Tetragonal
mp-28593,Li3BrO,4.277500000000001,-1.9342525819999992,3.148288892773074,61.56637904117181,5,3,Cubic
mp-20569,MnSnO3,0.877599999999999,-2.083893312586208,6.105962311348783,120.55503457779893,10,3,Trigonal
mp-230,SbO2,1.8897,-1.837491502916655,6.561858477656823,311.28070817486974,24,2,Orthorhombic
mp-867515,NaCoO2,2.1151,-1.5436083878448321,5.07938236090842,74.4860404992642,8,3,Hexagonal
mp-770554,Mn3Co3(SnO8)2,0.0,-1.544738684324713,5.175097224512714,267.9350962230178,24,4,Monoclinic
mp-17143,BaGd2O4,2.8146,-3.6056465425,7.525789184512779,455.25957680345056,28,3,Orthorhombic
mp-15887,Sr2YIrO6,0.0,-2.765954254999999,6.476107553925083,283.26092665553847,20,4,Monoclinic
mp-19345,ErMn2O5,1.0779,-2.657208089795258,6.9219810694281865,342.69483342028064,32,3,Orthorhombic
mp-27522,K2Zr2O5,3.8226,-3.140452207722222,4.100579194676006,551.7744276160222,36,3,Orthorhombic
mp-554822,CsSb(PO4)2,2.958,-2.4691884924117398,3.760385052430832,196.3334166894587,12,4,Trigonal
mp-28559,Na6Be8O11,3.6417,-2.547090591731034,2.50154612767694,256.2483303791318,25,3,Triclinic
mp-36033,PrOF,5.163699999999999,-4.072142553888889,6.2877646709654265,46.45496330601845,3,3,Cubic
mp-7646,Cs2PrO3,0.0,-2.176447823496168,4.838158333658502,312.1332051782869,12,3,Orthorhombic
mp-18809,Li2VGeO5,0.0,-2.379973534629629,3.600162607479585,401.20593991188707,36,4,Tetragonal
mp-504727,EuBrO,0.0,-2.719750043333333,6.3873462580562155,128.87777941189123,6,3,Tetragonal
mp-726661,CaPO4,0.0,-2.849100536190475,2.7870571755542493,321.8516555560924,24,3,Triclinic
mp-1192903,Bi3(AsO5)2,0.0,-1.6474406420000012,7.057358664387745,440.83266953586025,30,3,Triclinic
mp-19383,Ti4Mn(PO4)6,2.4649,-2.991900896832042,3.058258803092032,443.18970109848283,35,4,Trigonal
mp-622521,BaNd2(MoO4)4,3.4405,-2.619769921956522,5.088027747810795,695.5175640786565,46,4,Monoclinic
mp-19282,Sr2ZnWO6,3.4104,-2.663847809000001,6.575476112390377,131.44087599471703,10,4,Cubic
mp-3782,Nd3Sb5O12,3.1547,-2.606330456875,6.133949689643526,667.8588056383583,40,3,Cubic
mp-753361,Ca5MnO6,2.9678,-3.070912754827587,3.570492652537766,653.5657935712752,48,3,Monoclinic
mp-862794,K2Pu2O5,0.0,-2.788405569666666,6.779698712746448,158.2710033071972,9,3,Tetragonal
mp-504509,VFeO4,0.0839,-2.064779134444444,3.646150436407348,466.67356427051914,36,3,Triclinic
mp-12372,CaSO4,5.9683,-2.655401247499997,3.185267658757906,283.8904724940632,24,3,Monoclinic
mp-3463,CaTi2O4,0.0,-3.34637865595238,4.325428416806857,153.4144665959616,14,3,Orthorhombic
mp-541708,VCdAgO4,1.8437000000000001,-1.69539330845238,5.633823848959154,395.2151135091511,28,4,Orthorhombic
mp-754138,CsDyO2,2.835,-2.960836056580458,7.374515146656906,147.44496147583573,8,3,Hexagonal
mp-1104777,Gd3SbO3,0.24929999999999902,-3.137536690000002,7.8761978503856245,270.49839221397684,14,3,Monoclinic
mp-19385,YMnO3,0.0,-3.027483251919541,5.120548727866363,373.2740106140465,30,3,Hexagonal
mp-28253,LiBiO2,2.037,-1.8402508058333362,7.2671286989711135,226.5990844816449,16,3,Orthorhombic
mp-540828,FeClO,1.9133,-1.492954021666667,3.455486604643026,103.12384033276442,6,3,Orthorhombic
mp-16699,Li6Gd(BO3)3,0.12989999999999902,-2.807994058947367,3.154300719103671,790.3361865815406,76,4,Monoclinic
mp-3311,SrUO4,2.0862,-3.6691404925,7.21872852822157,358.52477315904844,24,3,Orthorhombic
mp-21395,CrO2,0.0,-2.046940156666667,4.637168014737258,60.1560316132143,6,2,Orthorhombic
mp-1178268,GdAlO3,1.8884999999999992,-3.613716829,7.399130733331266,52.11781860191401,5,3,Cubic
mp-1079971,Sr2ZnMoO6,2.4361,-2.561958846,5.5262161313912515,129.9849552138211,10,4,Tetragonal
mp-649619,As3Pb5ClO9,2.0202,-1.542091407638889,6.43465617847638,743.3276582519815,36,4,Hexagonal
mp-6785,K3UO2F5,2.713899999999999,-3.407082027431817,4.276179731481157,749.1755063234035,44,4,Tetragonal
mp-761568,Rb2CoO3,0.466999999999999,-1.451793599166666,4.450710953750569,207.3417057683434,12,3,Orthorhombic
mp-757397,V2Cu(PO4)3,0.019299999999999002,-2.450501182996032,3.306137359326086,452.3782326023111,36,4,Trigonal
mp-560549,AuSeClO3,1.3674,-0.915634184140625,4.926911402086227,484.4908108876168,24,4,Triclinic
mp-1342,BaO,2.0906,-2.8236427075,5.859229670745691,43.453575205003915,2,2,Cubic
mp-771320,V(SO4)2,0.8851,-1.907205246818181,2.816004033806978,429.9941473385065,33,3,Trigonal
mp-775968,Mn3Fe3(TeO8)2,0.325,-1.619000852380268,4.841383795744977,289.3243773237271,24,4,Triclinic
mp-7977,CsSmO2,2.9281,-2.890176996163792,6.686149632297675,156.5949418940752,8,3,Hexagonal
mp-558521,B2Se2O7,3.941799999999999,-1.903957732092802,3.578819755586034,541.0833060647883,44,3,Orthorhombic
mp-754261,La4FeO8,0.713499999999999,-3.246115302884616,6.626227655223765,741.2396530875476,52,3,Orthorhombic
mp-29892,LiSb3O8,0.974399999999999,-1.960145810277778,6.133481830045935,270.8505755335312,24,3,Monoclinic
mp-555332,BaCu(SiO3)2,0.0,-2.855667579499999,4.05751859330058,288.96349471129196,20,4,Tetragonal
mp-12929,SmAsO4,3.689199999999999,-2.81880786375,5.76741882279656,166.57691335198493,12,3,Tetragonal
mp-997095,NiAuO2,0.0,-0.8277594062500001,10.473006804058677,91.21900380881081,8,3,Hexagonal
mp-772548,SmCuO3,0.0,-2.378626029999999,7.685406908840517,113.17609099040732,10,3,Trigonal
mp-758340,Li4Mn3(SnO5)2,0.45670000000000005,-2.100086434059286,4.677288494796514,418.9200603059502,38,4,Triclinic
mp-3136,NaNbO3,1.5249000000000001,-2.800483741275862,4.222756528581366,64.44912652017267,5,3,Cubic
mp-559727,Tl2CuAsO4,1.611899999999999,-1.302458703020835,6.795651661550936,298.71286322424464,16,4,Monoclinic
mp-997029,TlCuO2,0.0,-0.9274780170833341,7.8099984034064995,127.53967452896775,8,3,Hexagonal
mp-23404,TlBrO4,3.028899999999999,-0.48934782888889006,4.974698536701701,465.02571240453307,24,3,Orthorhombic
mp-1344325,ZnNiP2O7,,-2.310477909253245,4.00381340850952,494.44518796326355,44,4,Triclinic
mp-1206273,Ba3UO6,2.157199999999999,-3.307360320999998,6.249826799458153,198.20911225772036,10,3,Cubic
mp-17507,NaVAsO5,1.5064000000000002,-2.158210942359914,3.8340402103302633,396.46339368257054,32,4,Monoclinic
mp-555147,SiO2,5.3545,-3.191422131666667,2.639877869344921,151.17718700140955,12,2,Monoclinic
mp-554409,Na7Fe4(PO4)6,,-2.441209892744202,3.285610955643042,964.4361728110987,82,4,Trigonal
mp-4434,TbAlO3,5.598200000000001,-3.739704172833333,7.628337563286275,203.66615099267239,20,3,Orthorhombic
mp-22330,TlVO3,2.9763,-2.008665790166668,6.069729515437828,331.92892040229884,20,3,Orthorhombic
mp-19028,Na3Fe(PO4)2,1.6539000000000001,-2.482099643815974,3.174670835946719,329.27278125293617,28,4,Monoclinic
mp-27457,Ba(PO3)2,5.2784,-2.979294522420632,3.871488099287435,506.58443674237094,36,3,Orthorhombic
mp-561681,CsSO3,5.111499999999999,-2.072047674931036,3.511228283711384,402.87071972123016,20,3,Hexagonal
mp-752761,Fe4O3F5,1.5808,-2.143498585833333,4.293422708618289,141.69861618458407,12,3,Monoclinic
mp-22942,BaBiO3,0.0,-2.233409576999999,7.826831503984306,167.31160052336443,10,3,Monoclinic
mp-5560,Cd3(BO3)2,1.4576,-2.086124205303029,5.783014579006111,261.2127321759273,22,3,Orthorhombic
mp-31901,Mn4Nb2O9,0.015499999999999,-2.541547874114944,5.231109530547419,348.8992460447404,30,3,Trigonal
mp-1344053,CoO2,,-1.04716461125,5.10520707221749,236.6150919489178,24,2,Orthorhombic
mp-7148,K2SrTa2O7,2.0748,-3.146543844513889,5.95797116278066,178.29230150335826,12,4,Tetragonal
mp-555109,TmNbO4,3.428,-3.5836585325,7.523607917553689,143.8318024581914,12,3,Monoclinic
mp-778873,BaCe2O4,0.0,-3.5022904546428553,6.556923640851477,487.81629366373306,28,3,Orthorhombic
mp-1207485,Y2MgTiO6,,-3.668897302833334,4.939824078791782,232.60483092211388,20,4,Monoclinic
mp-780334,LiMn2(BO3)2,,-2.430983300002612,3.14800766289405,494.6484652259445,44,4,Triclinic
mp-28262,Na5MnO4,1.1895,-1.663826793232758,2.958064127334832,525.1736518524915,40,3,Orthorhombic
mp-685257,CdPbO3,0.0,-1.375123976249999,8.462073206254711,577.0968158397645,40,3,Orthorhombic
mp-3637,YOF,4.9203,-4.214092868333336,5.237683534296327,78.5640656927165,6,3,Trigonal
mp-1218821,Sr2FeSnO6,0.0,-2.3751499795,5.6637931009250675,130.69934266020445,10,4,Tetragonal
mp-27345,Na3BiO4,0.9732000000000001,-1.7188922086422411,5.503417807509485,206.35062909896567,16,3,Monoclinic
mp-759894,Bi7(O2F3)3,2.667699999999999,-2.287250153181819,8.07571430817181,711.3859672999411,44,3,Orthorhombic
mp-29327,SmBrO,4.5207,-3.310946965000001,6.38194260020587,128.15220129386657,6,3,Tetragonal
mp-6551,Mg3Fe2(SiO4)3,2.711699999999999,-2.782252023124999,3.735064487022708,819.5484408041424,80,4,Cubic
mp-1205330,Ca3SiO,0.056599999999999005,-1.598687663999999,2.615034647289244,208.68400586094293,10,3,Orthorhombic
mp-10970,LiErO2,4.110799999999999,-3.321671447083332,6.899877339344435,198.4969564218786,16,3,Monoclinic
mp-558538,HoSeO3F,4.2961,-2.816129303723958,6.236593457122288,331.10375708656767,24,4,Monoclinic
mp-1190911,Rb3V5O14,2.2424,-2.4097787819318333,3.505977559403235,348.16720829585125,22,3,Trigonal
mp-1220787,NaLaZr2O6,3.7171000000000003,-3.543043847637931,5.247630867534868,139.33929273125145,10,4,Orthorhombic
mp-1200403,Nb4Ag2O11,2.0845,-2.521583730784312,5.886136770751405,430.70060378332965,34,3,Trigonal
mp-18282,ScZnMo3O8,0.0,-2.2432700153846152,5.255251054229186,332.52174749703545,26,4,Hexagonal
mp-1080453,NdAsRuO,0.0,-2.01408071,7.846099307505451,142.31989937879837,8,4,Tetragonal
mp-1193367,NaCa2(SiO3)3,0.2757,-3.122645448425288,2.78699128407678,394.90431931556265,30,4,Triclinic
mp-642823,Dy2V2O7,0.0,-3.235672241666665,7.155065729492861,250.12469022446055,22,3,Cubic
mp-777351,Li24TiCr11O36,,-2.294569948518519,3.556131658645482,636.1676743768652,72,4,Monoclinic
mp-11112,Tb(BO2)3,5.0742,-3.161162693416665,4.846987080747697,196.89088516178546,20,3,Orthorhombic
mp-1178510,BaPdO3,0.0,-1.685291061,6.885721971520744,70.35635538244601,5,3,Cubic
mp-5373,Y2Ti2O7,2.7208,-3.74501564060606,4.968312031934068,257.71598821917945,22,3,Cubic
mp-13067,Tm2O3,4.1535,-4.021751758250004,10.070075109083408,63.62878032845362,5,2,Trigonal
mp-559460,Cs2Ti(Si2O5)3,3.290199999999999,-3.191050216985153,3.326545470149974,720.9949632207476,48,4,Monoclinic
mp-759756,Co2OF3,0.6714,-1.9497441123333332,4.551640384774505,348.15156661572263,30,3,Orthorhombic
mp-756216,EuSeO4,0.0,-2.076072044557291,4.592419756053981,213.27703668140998,12,3,Orthorhombic
mp-22112,Ba2CoWO6,0.0,-2.5761506235000002,7.295238185384703,279.25444460810326,20,4,Cubic
mp-3376,Sr2SnO4,2.578,-2.779963077857142,5.695165445731112,104.36676146805182,7,3,Tetragonal
mp-1095337,SmVO4,2.9494,-3.1519544125,5.936007584561182,148.42956772144584,12,3,Tetragonal
mp-28295,CsIO3,3.091199999999999,-1.372726376931034,5.013695697484159,203.89247464229052,10,3,Orthorhombic
mp-10301,Sr2ScIrO6,0.0,-2.806069953499994,6.588896594066529,128.12972739008868,10,4,Monoclinic
mp-3721,SrHfO3,4.0578,-3.8082743569999993,7.693023958111824,135.60049749179666,10,3,Tetragonal
mp-761314,Ga2NiO4,0.0,-1.957979862142857,5.908280206233962,147.34870862828782,14,3,Trigonal
mp-27649,BaU2O7,1.722699999999999,-3.638299954999999,7.841887287820436,307.2022877797094,20,3,Tetragonal
mp-12932,TbTaO4,4.0177,-3.73093175483333,9.043361300753336,148.31726141900378,12,3,Monoclinic
mp-18737,Nd2NiO4,1.3124,-2.975133164285714,7.275336223760346,187.69500947032682,14,3,Orthorhombic
mp-758560,FeOF,1.1941,-2.110881933333333,4.499527128762301,67.05061190487797,6,3,Orthorhombic
mp-1020141,Na2Al2Si3O10,4.4513,-3.128102243397567,2.527122485539882,452.32957123734644,34,4,Monoclinic
mp-5065,Al2SiO5,5.403799999999999,-3.3768698634375,3.677083913881021,292.7134847203847,32,3,Triclinic
mp-882,Ti6O,0.0,-0.9049613478571411,4.716091494120648,213.51484396580418,14,2,Trigonal
mp-780089,Li3MnSi2O7,0.035699999999999,-2.696745117917772,2.894809908856283,559.6936984564657,52,4,Orthorhombic
mp-540996,NdGeBO5,4.0084,-2.973140654270834,5.238726063848156,390.11871143866955,32,4,Monoclinic
mp-572430,BaCr2O7,,-2.105444868875,3.646639418585245,1287.0882869870213,80,3,Monoclinic
mp-29254,PrIO,3.6584,-3.020284710555554,5.899439242819084,159.77115692301732,6,3,Tetragonal
mp-12286,Sr2Ta2O7,2.9098,-3.499442949515151,6.962880594445972,309.61562534989,22,3,Orthorhombic
mp-1216598,Tm2CuO4,0.0,-3.12024677857143,9.071697030591393,85.19187078989548,7,3,Orthorhombic
mp-559243,Nd2Ta2Cl2O7,3.0833,-3.436312331128205,7.068974004657089,195.74220855046332,13,4,Monoclinic
mp-561068,BiAsO4,2.8719,-1.771183774166667,7.622289572065359,151.58198113378094,12,3,Tetragonal
mp-20067,Na5OsO6,0.0,-1.7899567564080452,4.741232334173,140.5050675113728,12,3,Monoclinic
mp-30304,Bi3SbO7,2.168599999999999,-1.7795944595454571,8.752918572910259,326.5701562513721,22,3,Triclinic
mp-4340,TbPO4,5.8675,-3.500272270218253,5.849037331367714,144.16232459186668,12,3,Tetragonal
mp-864911,AcMnO3,0.0,-2.973630023086206,8.802373253340264,62.241398829787876,5,3,Cubic
mp-559941,Ba2V3BiO11,3.0455,-2.653477465588236,4.870527809418914,1107.977481446702,68,4,Monoclinic
mp-29332,Pt(PbO2)2,0.523799999999999,-1.2831919528571412,9.682527212341977,462.004384975345,28,3,Orthorhombic
mp-557118,SiO2,5.4995,-3.253756126666667,2.432188291571348,164.08651899931755,12,2,Orthorhombic
mp-28932,Sn4OF6,3.2029,-2.403453935227274,4.771547648420082,841.9436354229975,44,3,Orthorhombic
mp-972117,SrTeO3,3.6116,-2.381025315,5.096457796406144,343.049326886097,20,3,Monoclinic
mp-1047016,Zn(AgO2)2,0.22429999999999903,-0.710419560476189,5.806702663171706,197.40064828822324,14,3,Tetragonal
mp-10517,LiScP2O7,4.7646,-3.083152960692639,2.606894607034437,287.7113126677389,22,4,Monoclinic
mp-19093,Ba2UNiO6,1.6246,-3.084455379999998,7.379536273293804,150.17182867549965,10,4,Cubic
mp-558777,KNd(SO4)2,5.4101,-2.546446670395833,3.940770120692553,316.4229893221644,24,4,Triclinic
mp-752458,Dy3Y5O12,,-3.973016534250001,6.265170284338284,595.8281869562794,40,3,Triclinic
mp-1174218,Li4Mn3CoO8,,-1.993077704195402,4.152663681180681,151.75450445234014,16,4,Monoclinic
mp-8133,LaPO4,4.8969000000000005,-3.503194310496016,4.000105933225622,291.2634986110053,18,3,Hexagonal
mp-14355,Cs2SrP2O7,4.853499999999999,-2.9025204757163383,4.033399184820502,434.23696383718084,24,4,Monoclinic
mp-4651,SrTiO3,1.848799999999999,-3.551662291666667,5.093987781835845,119.62507795144641,10,3,Tetragonal
mp-1078394,Ba2LuBiO6,1.4518,-2.8643274956666662,7.83673620626421,159.89298267674369,10,4,Trigonal
mp-17392,Sr2ZnGe2O7,3.1157999999999992,-2.601126258333332,4.490112389139581,368.28636389096346,24,4,Tetragonal
mp-25963,LiFe(PO3)4,,-2.512676362328042,2.824919457638871,445.18275832849207,36,4,Monoclinic
mp-554382,K2CdP2O7,3.779499999999999,-2.5201779436488083,3.476275939747882,348.27560386994526,24,4,Monoclinic
mp-18725,YCrO3,2.4831,-3.191012650500001,5.719311184536888,219.38031951097574,20,3,Orthorhombic
mp-223,GeO2,3.2493,-2.076682903888889,4.286376745965896,121.61097279585222,9,2,Trigonal
mp-8275,CdGeO3,1.4099,-1.836166631999999,6.5129473542720255,118.83630558937064,10,3,Trigonal
mp-556843,NdAsO4,3.9017,-2.7786037754166673,5.703002988759427,329.7913297061893,24,3,Monoclinic
mp-1222800,LaGd(ClO)2,3.0539,-3.531898987500001,5.8518186889663575,113.23918314700774,6,4,Tetragonal
mp-669353,Cs2TeO4,2.846899999999999,-1.7969345708538582,4.551886565081376,667.4548489688699,28,3,Orthorhombic
mp-721324,Gd2(MoO4)3,1.3237,-2.6352809873529432,4.479887009938853,588.8485279089374,34,3,Tetragonal
mp-23086,ErSeClO3,4.3487,-2.495219490390624,4.894251821253688,447.4066853826971,24,4,Orthorhombic
mp-773064,VRhO4,0.209399999999999,-1.805833821666667,5.679972507874327,127.37366888531922,12,3,Tetragonal
mp-647520,Sb2Pb2O7,0.0,-1.736012202272726,7.994137475059247,319.85320940033415,22,3,Cubic
mp-754069,Co2HgO4,0.0,-1.018324116785715,7.538728274537547,168.484595397094,14,3,Cubic
mp-675464,CdIn2O4,0.0007000000000000001,-1.76422139190476,6.691945251966319,201.5117863924102,14,3,Orthorhombic
mp-19216,Zn2Mo3O8,0.09440000000000001,-1.862553625,5.548334056425125,327.19939876346217,26,3,Hexagonal
mp-16928,Ba6Lu2(WO6)3,2.9903,-3.116453225632183,7.615227482729538,439.0332401427262,29,4,Trigonal
mp-770931,CuTeO4,0.38530000000000003,-1.150493004444444,5.091052751769069,166.43941284864601,12,3,Orthorhombic
mp-7006,SrNbO3,0.0,-3.174769312999998,5.629866643903787,67.40372672579457,5,3,Cubic
mp-1043685,MgTi2(PO4)3,,-3.035696571699736,2.995861554098542,448.912880185191,36,4,Trigonal
mp-9197,Li3AsO4,4.1268,-2.2690334671875,3.212282621281307,165.1524445123854,16,3,Orthorhombic
mp-510070,Sr3NiRhO6,0.0,-2.293177183181817,5.697983635468948,303.3481362386874,22,4,Trigonal
mp-1210788,Mn2Tl2(SO4)3,,-1.925438820790987,4.788223378934022,1119.2239315011136,76,4,Cubic
mp-18701,Ba3YRu2O9,0.0,-2.621688098,6.251327534404966,449.9883265537637,30,4,Hexagonal
mp-704645,CuO,0.0,-0.9425302874999991,5.938478413978436,44.485551705434986,4,2,Monoclinic
mp-669389,Sr3InRhO6,1.5007000000000001,-2.485689400151514,6.03596606342515,317.2428204220284,22,4,Trigonal
mp-15108,RbSnAsO5,2.0723,-2.022742533281251,4.658683095446553,1023.9693727323827,64,4,Orthorhombic
mp-21496,LiLa4CuO8,0.7702,-3.167302960238095,6.734535403686981,185.93996616854886,14,4,Orthorhombic
mp-1199037,NaNbO3,1.7575,-2.802342078525861,4.1940972084074755,519.1161887785881,40,3,Orthorhombic
mp-715557,W3O8,0.0,-2.139502694545453,8.384788788983034,269.14489186205674,22,2,Monoclinic
mp-554138,Pr2SbO5F,3.5176,-3.232925002037037,6.8715465092940295,485.7935751513803,36,4,Monoclinic
mp-1101448,NbVO4,0.0,-2.813911977500002,5.131155595643436,134.52546231467366,12,3,Orthorhombic
mp-5363,Hg2TeO5,0.5348,-1.055440153333335,9.239254003901918,437.6535122513683,32,3,Orthorhombic
mp-997084,RbAgO2,0.6814,-0.9608348172916661,5.037523704619208,74.27801046799881,4,3,Orthorhombic
mp-28971,Rb2Si2O5,4.0396,-2.889471357500001,3.230411205342968,631.4459588922309,36,3,Monoclinic
mp-754584,Na5CuO4,0.0,-1.344127633189654,2.7705773916009093,290.6745589011933,20,3,Orthorhombic
mp-552098,Bi2SeO2,0.36869999999999903,-1.351369364468753,9.470403686972716,92.74067800283997,5,3,Tetragonal
mp-560805,Ba2CuSi2O7,0.079599999999999,-2.9444711900000002,4.494137136004455,374.19501362915025,24,4,Monoclinic
mp-1106337,MnPbO3,0.0,-1.638228624586207,6.675021473471323,308.609254869293,20,3,Monoclinic
mp-12642,Ba2TmNbO6,2.8502,-3.4924325310000013,6.846627913372658,153.40047852113267,10,4,Cubic
mp-1194202,BaHoFe4O7,0.07889999999999901,-2.239383223846152,5.6218347705724945,376.6794113055096,26,4,Monoclinic
mp-558272,Na3ThP3O11,4.9779,-2.974830912114804,4.027611399383289,469.94495817701704,36,4,Triclinic
mp-560112,Fe2TeO5,1.8884999999999992,-1.6019529020833332,5.066925946439304,418.5484789491309,32,3,Monoclinic
mp-542297,Eu2SO6,0.0,-2.727015809722224,6.371289300564038,225.17742994140593,18,3,Monoclinic
mp-22557,Ba5Co5O14,0.0,-2.053313538333332,6.044604621845698,331.11105401949004,24,3,Trigonal
mp-18767,LiMnO2,0.35000000000000003,-2.144589729066092,4.232311098553819,73.66558151360204,8,3,Orthorhombic
mp-6167,Ba2NdNbO6,2.987299999999999,-3.374360572749999,6.162807452590849,163.76848158667022,10,4,Monoclinic
mp-984788,Ba4Er(RuO4)3,0.0,-2.5291382745,6.749849526915936,298.1090296312807,20,4,Trigonal
mp-754287,V4O7F5,1.521399999999999,-2.5246409343750003,3.232024112316089,211.03578888037754,16,3,Triclinic
mp-4584,Tl3BO3,1.303,-1.6444112220238152,7.947793654931188,280.78593510415857,14,3,Hexagonal
mp-850280,Na8SnO6,1.7356,-1.630428347735632,3.327180053195096,198.94674608483442,15,3,Trigonal
mp-3540,Li2SnO3,3.1283,-2.224686791527778,5.046885843499877,237.67296621645062,24,3,Monoclinic
mp-9126,Sr(SbO3)2,2.7881,-2.3862711166666672,5.429785994049993,130.62700440571982,9,3,Trigonal
mp-504567,Mn3(CuO4)2,0.0,-1.516291251830238,5.054043456750977,137.96133271343763,13,3,Monoclinic
mp-1206702,YbEu2TaO6,0.0,-3.444488859483334,8.918913136229042,140.36472545563853,10,4,Cubic
mp-849872,Bi2TeO2,0.0,-1.2661092213333331,9.458604299637601,101.39553878225085,5,3,Tetragonal
mp-754067,Cr2OF2,0.0,-2.396633700000001,2.7995102821330393,187.42272358948964,10,3,Orthorhombic
mp-755719,V4O5F7,1.555499999999999,-2.7423621568749983,3.536767619481162,195.66812316424253,16,3,Triclinic
mp-572929,U2Cu2As3O,0.0,-1.051773737812499,10.201280266061298,274.74045659222224,16,4,Tetragonal
mp-3667,P2S2O3,3.974,-1.6723136198979591,2.041203126683348,566.44933856898,28,3,Tetragonal
mp-7784,SbAsO4,3.0829,-1.727386795416666,4.805511141611434,180.15481920405284,12,3,Monoclinic
mp-19260,Li2WO4,3.968,-2.352370269523809,6.030274476278612,144.13792360917915,14,3,Monoclinic
mp-6684,NaCdPO4,2.9173,-2.38876374228888,4.098152206909577,373.37990834149053,28,4,Orthorhombic
mp-9890,TaAgO3,1.9156,-2.405688931799999,8.945674399821078,125.0421701330729,10,3,Trigonal
mp-554948,NaI(OF)2,4.268599999999999,-1.818324551896552,3.680282393858349,198.42807699193037,12,4,Orthorhombic
mp-769962,Li4TiFe3O8,,-2.246014116666666,4.054836852616296,151.99814320728188,16,4,Monoclinic
mp-20489,SrPbO3,0.7941,-2.155550595499999,7.669326838228552,296.90377048683945,20,3,Orthorhombic
mp-1191720,TlAgTeO3,2.254299999999999,-1.085615026527778,7.0920197906977585,456.9042441430568,24,4,Orthorhombic
mp-11183,Pr(BO2)3,5.3984,-3.158382339916666,4.346364834995794,205.80172654016525,20,3,Monoclinic
mp-623854,NaNb3O8,2.4842,-2.9586486913649424,4.115969643201572,346.71803846588824,24,3,Orthorhombic
mp-617266,SrNb4O6,0.0,-2.706064196363636,6.321397120028324,291.7079506531178,22,3,Tetragonal
mp-1042827,Zn2Co3O8,0.0,-1.295767322307692,5.184961343857002,279.01926337789723,26,3,Hexagonal
mp-21059,Sr4Fe4O11,0.0,-2.295680029210527,5.42460107771318,229.53961905854138,19,3,Orthorhombic
mp-27704,K3V5O14,2.2837,-2.402736184170454,3.030567025682187,326.5630860734463,22,3,Trigonal
mp-1101401,RbPrO2,3.3978,-2.867727654791665,5.5710898960697115,77.01195707345421,4,3,Trigonal
mp-556287,NaBi2Sb3O11,,-1.9041289637576062,7.270416545949327,897.3468096812543,68,4,Cubic
mp-556010,LuMoClO4,2.8871,-2.686787826666666,5.104009547211787,240.98437031653825,14,4,Triclinic
mp-4788,K(OsO3)2,0.0,-1.618278285249993,6.575930828779535,260.3733958309081,18,3,Cubic
mp-1172828,WO3,1.4645000000000001,-2.183259834375,7.123731649718419,432.331151323412,32,2,Orthorhombic
mp-997010,TlAgO2,0.0,-0.817037913750001,8.767590575771955,130.39866925775988,8,3,Hexagonal
mp-15335,Lu2Cu2O5,0.28399999999999903,-2.66516158287037,8.128488232477437,455.1687477624945,36,3,Orthorhombic
mp-643409,Ba4Y(CuO3)3,0.0,-2.379512943235294,6.095671491555105,530.0316915916989,34,4,Cubic
mp-18433,NdTaO4,3.6123000000000003,-3.661364406638908,8.1331367109615,317.84096972111763,24,3,Monoclinic
mp-554623,Sm2Ta2Cl2O7,3.1249000000000002,-3.443359100743589,7.292768145745241,192.52153802468575,13,4,Monoclinic
mp-755869,Dy2Mn2O7,0.9041,-2.893416257199581,7.492719257538114,242.39587966859267,22,3,Cubic
mp-557840,NaLa(SO4)2,4.1818,-2.541620686364942,3.7773526227945062,311.2575544320919,24,4,Triclinic
mp-542882,Cr(AgO2)2,1.3899,-1.109907690833332,5.371075836693823,410.23497516371094,28,3,Orthorhombic
mp-1047152,IrWO6,0.0,-1.558045056249999,7.478805761303677,209.62253526550109,16,3,Monoclinic
mp-18792,Ca3(CoO3)2,1.348999999999999,-2.391797552272727,4.5159537479062255,245.69816379446956,22,3,Trigonal
mp-557177,Li2Al(BO2)5,5.6317,-2.909059632222222,2.196273762894759,770.9279891475237,72,4,Monoclinic
mp-1042908,Ca3V6(FeO6)4,1.7641,-2.415481845135134,3.292369493907928,521.1291348023095,37,4,Triclinic
mp-1105866,LuNiO3,0.099499999999999,-2.534079793833333,8.93078999991922,209.4798371692059,20,3,Monoclinic
mp-555305,NaNb(OF)2,3.1273,-3.151360197313218,3.61480359770582,341.57376922100036,24,4,Monoclinic
mp-1218184,SrLaAlO4,2.8439,-3.549168227857143,5.802906805049528,90.85598375404933,7,4,Tetragonal
mp-556386,KNa3WO5,3.5954,-2.117101610638792,3.985644904680984,309.8932017960606,20,4,Monoclinic
mp-1178520,CaEu4O5,0.0,-3.140408546500002,7.535059923378748,160.41781692257504,10,3,Tetragonal
mp-555580,SrZr4(PO4)6,4.3718,-3.2585601770816313,3.293908308969071,515.3884922947836,35,4,Trigonal
mp-860789,Li2Mn(PO4)2,,-2.459901432606416,2.8496663161580402,301.5691237038584,26,4,Triclinic
mp-546142,Na2UO4,2.0379,-2.987039873251229,4.884324656788869,118.31270025094813,7,3,Orthorhombic
mp-12671,Er2SO2,3.0733,-3.608096235499999,8.386251591429273,78.92210756140057,5,3,Trigonal
mp-1207285,Ba2GdReO6,0.0,-3.008614165249999,7.6756756787069484,154.48844962765733,10,4,Cubic
mp-1193130,Na5Nd4Si4O17,0.054999999999999,-3.153908374729885,4.459868128634633,400.71878162677814,30,4,Tetragonal
mp-27193,RbIO3,2.8369,-1.3725295435,4.684210199306742,92.3005840532074,5,3,Trigonal
mp-16882,ZnMoO4,3.5481,-1.920064570277778,4.345726817930093,516.641080081122,36,3,Triclinic
mp-758492,LiSb3(PO5)2,,-2.23087349203869,4.561162450576479,216.31110351856933,16,4,Triclinic
mp-5076,SrZrO3,3.5667,-3.652363501500001,5.40852623021807,139.29130396935383,10,3,Tetragonal
mp-976923,NaReO3,0.0,-2.072553317775862,7.268790548020449,58.755619851879835,5,3,Cubic
mp-770412,ScMn2O5,0.0,-2.518295824482759,4.046179852410718,192.74611906307683,16,3,Orthorhombic
mp-12978,SnO2,0.9607000000000001,-2.090510536666666,7.005788961346521,142.88631956296106,12,2,Orthorhombic
mp-19381,DyCrO3,2.4922,-3.220740385333334,7.978148620394884,218.53793938887344,20,3,Orthorhombic
mp-758011,Li2Fe4Si4O13,,-2.5485584461594213,3.598906782439083,514.5508508337583,46,4,Triclinic
mp-780618,Na2BiO3,0.0,-1.65408734545977,6.119589695622957,328.8284670347229,24,3,Monoclinic
mp-18995,Ba2FeMoO6,0.0,-2.4978201220000003,6.3484488122432,136.65139581841586,10,4,Cubic
mp-559589,V2Ni(TeO5)2,0.8779999999999991,-1.8524438802222232,5.156762771683319,370.80986072966584,30,4,Triclinic
mp-1181502,CsO2,0.0,-0.9785747765517251,4.359741845108314,62.808753879690805,3,2,Orthorhombic
mp-7976,RbGdO2,3.0036,-2.979642334375001,6.437181326797368,70.8660550922345,4,3,Trigonal
mp-29146,VSbO4,0.5192999999999991,-2.235131224999993,5.94239454971778,264.57220185605274,24,3,Tetragonal
mp-757616,LiSn(PO3)4,0.0,-2.464901852883596,2.588664818000668,566.4638399125257,36,4,Monoclinic
mp-3255,SrCu2O3,0.0,-1.682521740833333,5.498802964218518,158.66746022106182,12,3,Orthorhombic
mp-1017564,Eu2O3,0.0,-3.4451725570000002,8.077829720008786,72.34458065048803,5,2,Trigonal
mp-6495,BaEr2ZnO5,3.0633,-3.283035360833333,8.168360362818355,501.92173404272677,36,4,Orthorhombic
mp-14100,Cd(RhO2)2,0.8366999999999991,-1.207960801428568,7.419559621718397,171.08578141548205,14,3,Cubic
mp-21579,V2O3,0.0,-2.53454769325,4.537545604148263,438.79860992930867,40,2,Cubic
mp-554108,LiRe(OF2)2,3.1439,-2.613271225104167,4.712754945381044,212.2136312122714,16,4,Tetragonal
mp-556084,KClO3,5.5725,-1.14875320695,2.198744989889655,370.2079746001091,20,3,Orthorhombic
mp-4602,Tb2Ti2O7,2.7256,-3.775055662045519,6.729483478847888,259.38007148286476,22,3,Cubic
mp-554718,Bi(BO2)3,3.858599999999999,-2.58729035375,6.36254411187319,352.2378121092449,40,3,Orthorhombic
mp-755634,Y2HgO4,1.2172,-2.9200823325,6.402263498057453,229.48799933316982,14,3,Cubic
mp-559299,VPO5,1.7727,-2.4799222699489762,3.33354756313978,161.3066148420819,14,3,Tetragonal
mp-1047490,YFe(WO4)2,2.4675000000000002,-2.432852343333333,6.606963035865896,321.9186998687213,24,4,Triclinic
mp-1226138,Cs2W(OF2)2,3.1768,-2.688816068812262,5.426482313035197,170.642500799889,9,4,Monoclinic
mp-772510,YTh4O10,0.0,-4.116839210666666,8.958830334840941,218.16921470953162,15,3,Tetragonal
mp-556798,AgHg2PO4,1.1892,-1.5083162942261912,7.613776461170054,526.9385487251272,32,4,Orthorhombic
mp-1042152,YSn(WO4)2,0.0,-2.431070379166666,7.386095875441222,316.2272148668448,24,4,Monoclinic
mp-21241,Cr2ReO6,0.08019999999999901,-2.216127602500001,6.587886457466403,194.68850451185764,18,3,Tetragonal
mp-557448,Ba2CaUO6,2.1948,-3.550436109999999,6.39047624557279,337.1538572711704,20,4,Monoclinic
mp-556918,NbPO5,2.2614,-2.9297376160204083,3.276007915397064,413.36403063815254,28,3,Orthorhombic
mp-555070,BaBe2(BO3)2,5.3821,-3.120560616212121,3.6416408611511732,248.94105399470672,22,4,Orthorhombic
mp-22354,Mn2Tl2O7,0.0,-1.493021963411704,8.606347402214437,243.35523552702182,22,3,Cubic
mp-1227238,CaBiIO2,1.553,-2.168917279,6.122036427857116,110.65538382421856,5,4,Tetragonal
mp-562466,SrCoO3,0.0,-1.926445247999999,4.9740322030934,259.7974268506855,20,3,Triclinic
mp-556391,Ba2Mn2Bi2O,0.0,-1.049723959408868,6.395141285535727,425.05240822491294,14,4,Hexagonal
mp-555839,MnNi(BiO3)2,0.0,-1.621011599793104,8.713287830275533,239.20602258908832,20,4,Monoclinic
mp-17559,Y2TiO5,3.279299999999999,-3.848928632604167,4.729269491188135,429.3148804533705,32,3,Orthorhombic
mp-4355,YTiO3,0.0,-3.602780869166666,5.211419462472947,235.49787086691995,20,3,Orthorhombic
mp-23614,SrNb2Bi2O9,2.5807,-2.6803581721428573,6.798632743194401,408.08048554871783,28,4,Orthorhombic
mp-558655,Re2PbO6,0.0,-1.923993715740742,9.437474701150673,356.6242554900199,27,3,Trigonal
mp-776199,AgClO3,3.113099999999999,-0.396924448333332,4.111923887247284,309.0459323760985,20,3,Monoclinic
mp-554038,CaTa2O6,2.4405,-3.408302982462963,6.8196806414842595,485.00740615389486,36,3,Cubic
mp-540763,TiMn2O4,1.387999999999999,-2.67569474631363,4.535129077234599,324.76171868904254,28,3,Tetragonal
mp-18879,V2ZnO4,0.0,-2.26858577857143,4.884105583373857,157.27154540053226,14,3,Cubic
mp-18740,V2Cd2O7,2.5598,-2.076633188636363,4.666466122765736,156.1095265204487,11,3,Monoclinic
mp-23126,KAs4IO6,2.3379,-1.660899759354167,3.9149699948605132,238.23958634546827,12,4,Hexagonal
mp-18494,Nd2MoO6,2.6647,-3.105778840833333,6.055464340605591,526.966586025221,36,3,Tetragonal
mp-7950,ThSeO,0.769,-3.304229294114581,9.41536851374871,115.34164726873333,6,3,Tetragonal
mp-555741,RbAu(SO4)2,1.7149,-1.681593854374999,4.131686122630421,190.7271463427782,12,4,Triclinic
mp-754240,CaSm2O4,3.8425000000000002,-3.627494344285714,5.539402778780739,242.6900280162469,14,3,Cubic
mp-510262,Cs3O,0.0,-0.9187472859913781,2.695238305760666,511.0135993559472,8,2,Hexagonal
mp-9489,NaSmTiO4,2.4179999999999993,-3.348860017101805,5.194188785211756,182.3613357656621,14,4,Tetragonal
mp-754806,Ni5O6,0.0,-1.06833911,6.200943768911236,104.29367122360046,11,2,Monoclinic
mp-573037,Tb2MnNiO6,1.8813,-2.850117359626436,7.7698790147364605,225.46006935361137,20,4,Monoclinic
mp-1101806,Sr3Co2(ClO2)2,0.0,-2.356794768181818,4.605587928670804,371.8195181880623,22,4,Tetragonal
mp-30545,Mg2VO4,0.0,-2.7895048285714292,3.604350588449166,150.69547936185745,14,3,Cubic
mp-1595,Nb2O5,2.171,-3.026667726428572,4.376949510667836,100.8436331485631,7,2,Monoclinic
mp-15051,Nd(PdO2)2,0.0,-1.94622754892857,7.96336079474406,175.60905350660403,14,3,Tetragonal
mp-17194,ErCu(WO4)2,1.087899999999999,-2.386358747083333,7.950176371928906,303.47723038468683,24,4,Monoclinic
mp-27548,CuTe2O5,0.1303,-1.329466686979167,5.4816671286372,483.15836295437055,32,3,Monoclinic
mp-505819,TlFeO3,0.7036999999999991,-1.356483360166667,8.617568623575883,237.57148540071753,20,3,Orthorhombic
mp-755614,CoBiO4,0.5144000000000001,-1.21933431,6.6335167614449855,166.17173838853245,12,3,Orthorhombic
mp-561177,Gd3BWO9,3.2389,-3.338328356369049,7.549914787143497,356.4791368221226,28,4,Hexagonal
mp-768499,FeNiO3,0.38419999999999904,-1.275920116,5.296360279461146,101.91843447621245,10,3,Trigonal
mp-22338,EuOF,0.0,-3.558056101666668,7.311002024746327,84.9288174520381,6,3,Trigonal
mp-6479,KDy(PO3)4,5.2774,-2.91866654597156,3.459182647672711,496.82601510300594,36,4,Monoclinic
mp-545665,WO3,1.1401,-2.179940107916668,6.392982410369374,180.65577074283593,12,2,Hexagonal
mp-19361,Cr2(SO4)3,0.0,-2.014279678382353,3.106986809406599,419.20371799941165,34,3,Trigonal
mp-1019512,AlPO4,5.2949,-3.035414427857143,3.216630912426728,755.4769990519372,72,3,Monoclinic
mp-760093,LiTi8O16,0.0,-3.3808290841999993,3.727683251444045,575.418015534396,50,3,Orthorhombic
mp-19183,Li2NiO2,0.6210999999999991,-1.631057823333333,3.582157063309004,48.47625087048349,5,3,Orthorhombic
mp-763976,V4O7F5,1.3889,-2.519886328125,3.258597546035697,209.31481982266124,16,3,Triclinic
mp-757798,Bi12PO20,0.0,-1.75161822256494,8.989665201523614,528.0538296491349,33,3,Cubic
mp-1194592,AgI3O8,,-0.753021275972222,4.979406561017461,822.4673908574347,48,3,Tetragonal
mp-1019586,CaAl2SiO6,4.536299999999999,-3.4282218700000002,3.332279482621502,217.38976388544526,20,4,Monoclinic
mp-560445,SrEr2O4,3.766499999999999,-3.7788546217857153,8.129407715950551,397.19850875785056,28,3,Orthorhombic
mp-1147558,Ba4Mg(BiO4)3,,-2.314841754749999,7.175433590622696,322.26327041735715,20,4,Cubic
mp-1105510,Mn2CrSbO6,1.4196,-2.078288352086206,5.665204365680683,222.54734826941475,20,4,Monoclinic
mp-755465,Hg2Pt2O7,0.0,-0.8439466536363641,11.225636569881635,267.25213508078383,22,3,Cubic
mp-779609,V4OF11,1.4304000000000001,-3.1304188846875,3.2835288754588943,433.65084156312076,32,3,Triclinic
mp-760432,Cu2O3,0.136,-0.851877498249999,5.954172764725702,97.66062516736574,10,2,Orthorhombic
mp-29532,Ca11(ReO6)4,,-2.90627010025641,5.060365606877377,1030.1631210164414,78,3,Tetragonal
mp-17967,NaMnPO4,3.061,-2.5614851319933143,3.4520671036617943,332.67700560206526,28,4,Orthorhombic
mp-19417,TiFeO3,2.7436,-2.717671577666666,4.907110856305436,102.67577859097742,10,3,Trigonal
mp-31126,Na3CoO3,0.8294,-1.5625870084482751,3.110522646850554,187.80765940023784,14,3,Triclinic
mp-19247,ScVO4,2.6851000000000003,-3.041869945833333,3.743053187023003,141.86916440353752,12,3,Tetragonal
mp-1178209,FeSbO4,1.4272,-1.8058337441666672,5.183199498864777,154.80421156083295,12,3,Tetragonal
mp-985586,Na3BrO,1.8815,-1.615873120827586,2.93902544973586,93.15250142153529,5,3,Cubic
mp-22526,LiCoO2,0.6623,-1.745659770833334,5.121430775621985,31.733696867729034,4,3,Trigonal
mp-22781,Mn2GeO4,0.0,-2.083563204408867,4.89961211396343,334.1861381476509,28,3,Orthorhombic
mp-18571,BaCrO4,2.9695,-2.46133507083334,4.5086112331488515,373.1959993673475,24,3,Orthorhombic
mp-14968,Dy2Ru2O7,0.0,-2.595822591666666,8.118628339937965,261.4505604454739,22,3,Cubic
mp-1194365,Th(BO2)4,4.4289,-3.16157274128205,5.946034519419019,225.24512520550826,26,3,Monoclinic
mp-772094,Lu2WO6,2.8266,-3.296970305925926,9.4109741572072,444.4846345210442,36,3,Monoclinic
mp-760533,SmZr4O9,0.0,-3.666831877857142,6.21340427094529,176.1854417068123,14,3,Orthorhombic
mp-14676,NdTa7O19,,-3.418825040697567,8.445368402415893,674.3581695358869,54,3,Hexagonal
mp-559316,CsV(SO4)2,0.0,-2.191323815804598,3.229676244593244,773.2248050915675,48,4,Trigonal
mp-760157,W7(OF5)6,3.4889,-2.6882984611627903,4.529966226898927,715.8437492805781,43,3,Triclinic
mp-29909,Ba4I6O,3.9787,-2.271982365909091,4.883525610679497,902.2555337837325,22,3,Hexagonal
mp-29505,Cs3BiO3,3.0476,-1.608117970923647,5.458755752174678,797.8426873403475,28,3,Cubic
mp-1197030,BaSm2Ti3O10,1.953,-3.6561050765625,5.767367527480549,427.06677130019625,32,4,Orthorhombic
mp-540794,Ba3SrNb2O9,3.2445,-3.247779618,5.304963726455043,519.2363435310318,30,4,Hexagonal
mp-1042739,CaCoAs2O7,,-2.044447314318182,3.976560704052045,602.7377833082218,44,4,Monoclinic
mp-546794,SiO2,5.689599999999999,-3.267183893333333,2.223612886125405,89.73893630609501,6,2,Tetragonal
mp-756077,VOF3,2.876,-2.6862706595,2.879183689676638,285.9154176110699,20,3,Triclinic
mp-553278,Nd4Se3O4,1.323299999999999,-3.134966523366476,6.616116092586185,220.32517157254347,11,3,Orthorhombic
mp-7264,Nd(PO3)3,5.4867,-2.987418768956045,3.625558573978803,349.1476126124611,26,3,Orthorhombic
mp-997009,BaAuO2,1.1892,-1.783481409999999,8.029159431668086,151.5084595587855,8,3,Monoclinic
mp-1205665,Ba2EuRuO6,0.0,-2.6238421995,6.723805241460488,154.02770815592885,10,4,Cubic
mp-3120,Tm2Cu2O5,0.0,-2.646454218333334,7.7794681304177224,465.28789391413255,36,3,Orthorhombic
mp-4280,GaCuO2,0.728699999999999,-1.6747150606249912,6.266838422570757,43.7914016360515,4,3,Trigonal
mp-23083,KAs4BrO6,2.738699999999999,-1.7075144468541672,3.739056918091068,228.5749412938226,12,4,Hexagonal
mp-505168,DyCu(WO4)2,1.2412,-2.379824535972221,7.3819267796348385,162.34870428404807,12,4,Triclinic
mp-1018886,PdO2,0.0,-0.7275267350000001,7.144507572307173,64.3430838656573,6,2,Tetragonal
mp-622108,Ba2TmCu3O7,0.0,-2.1958138603846162,7.035325660398206,176.12984242319212,13,4,Orthorhombic
mp-1223800,K2NbO3F,1.2576,-2.8779088363571432,3.5209345091915,112.29225042744838,7,4,Tetragonal
mp-755480,KRbO,1.2445,-1.089603731583333,3.02128542244726,154.5133752885188,6,3,Tetragonal
mp-780721,Na4Bi2O5,2.691799999999999,-1.647489648456113,5.032046513419082,778.6732637642848,44,3,Monoclinic
mp-756428,LaTh4O10,0.0,-4.126057385666665,9.167964130746354,222.2486118112089,15,3,Tetragonal
mp-849292,V4O5F7,1.6077,-2.739119363124999,3.274448207936131,211.34329762635937,16,3,Triclinic
mp-558387,TeOF2,4.2002,-2.116769906666666,5.047810659288489,238.95317429838892,16,3,Monoclinic
mp-16964,SiO2,5.6779,-3.2607024966666662,1.956706232252906,611.8792444208717,36,2,Orthorhombic
mp-1190931,NaFe(MoO4)2,2.1186,-1.9753325826149442,3.4992656383474072,378.40709946501926,24,4,Monoclinic
mp-542314,NdCuSO,1.617999999999999,-2.261039174999999,6.463398253799101,131.4642510953574,8,4,Tetragonal
mp-29488,Na2ZnO2,1.4567,-1.6469667305517222,3.6909986017271583,258.03345167702247,20,3,Monoclinic
mp-5957,EuTaO4,0.0,-3.351891591222222,8.605990934639781,153.16857813340897,12,3,Monoclinic
mp-9745,Ba3NaRuO6,0.528099999999999,-2.445419504216302,5.728096149603655,366.44720469831395,22,4,Trigonal
mp-541611,La4Ru6O19,0.0,-2.318610322931035,6.481130307486791,375.6136305505552,29,3,Cubic
mp-555191,La3Si2Cl3O7,3.8686,-3.463876167000001,4.602591214815542,498.7775974946855,30,4,Monoclinic
mp-561224,TeO2,2.977999999999999,-1.494220703888888,5.9391630792713554,178.48982346178914,12,2,Orthorhombic
mp-17102,Ba4Ir3O10,0.0,-2.146047897647069,8.244807490194804,517.9927358767272,34,3,Monoclinic
mp-6254,Ba2TbNbO6,2.9923,-3.451506916666666,6.576068934851411,157.18446770642552,10,4,Tetragonal
mp-3530,Au(OF3)2,0.0,-0.947851747777778,3.446763372619445,165.22500179346437,9,3,Triclinic
mp-19266,Sr2FeWO6,1.768399999999999,-2.663015328,6.40521847653465,264.9105406068737,20,4,Monoclinic
mp-1223259,La2CoNiO6,0.9971999999999991,-2.572758715,6.968088919819693,117.11177298546602,10,4,Trigonal
mp-776441,VOF3,1.8397000000000001,-2.649892991999999,3.013749813134977,273.14908604060963,20,3,Triclinic
mp-1077953,Eu4As2O,0.0,-1.718471108571427,7.088426191228554,181.24710851380888,7,3,Tetragonal
mp-1101696,Na5VO4,,-1.791076403439655,2.539421427668903,601.2990388729111,40,3,Orthorhombic
mp-1078286,CeMnAsO,0.0,-1.889391043857759,6.464805565606248,146.91013657752939,8,4,Tetragonal
mp-38802,Ga2CoO4,0.47069999999999906,-1.938851103214287,6.173647769358231,282.2881606101674,28,3,Orthorhombic
mp-973981,LuBrO,4.3956,-3.3570168455555542,7.40891788353334,121.41877889759029,6,3,Tetragonal
mp-36262,BrO2F,2.897999999999999,-0.639116652499999,3.2972350326281132,131.8477813243962,8,3,Monoclinic
mp-1192209,As3Pb2BrO6,3.2587,-1.616680986458334,5.7306819540038,472.3513247775134,24,4,Monoclinic
mp-635713,TiZnO3,3.1234,-2.725401510666666,3.613922060579641,148.20580247472665,10,3,Triclinic
mp-760321,VOF,1.5228000000000002,-2.767011658333333,4.358340707315889,130.97238596371093,12,3,Orthorhombic
mp-6680,RbCa2Ta3O10,2.202499999999999,-3.3154395099687513,6.062365851477021,237.8797625030067,16,4,Tetragonal
mp-23489,CsIO4,2.5553,-1.167899420359194,4.27096065783515,503.58229283847345,24,3,Orthorhombic
mp-20758,Cr2CoO4,2.606,-2.132410751428586,5.183634917332189,145.38620266155158,14,3,Cubic
mp-998552,BaHfO3,3.5394,-3.786714650999999,8.332451498508037,72.50319461578196,5,3,Cubic
mp-1104306,Rb3(SeO4)2,0.0,-1.58927892670673,3.556663426728154,253.1983248896409,13,3,Trigonal
mp-556553,SiO2,5.1327,-3.187129669999999,2.5595497004538172,155.9216881954196,12,2,Monoclinic
mp-27702,InClO,2.364499999999999,-1.814578640555555,4.515925264596758,122.27770773078213,6,3,Orthorhombic
mp-698096,La5FeRe3O16,0.0,-2.953135516099999,7.801494630995528,666.2099452441853,50,4,Triclinic
mp-621994,NdOsO4,0.0,-2.47005434583334,8.507117148945575,622.2313162662745,48,3,Orthorhombic
mp-4122,GaPO4,4.439100000000001,-2.59967003924603,3.5632775967295283,230.24988768832185,18,3,Trigonal
mp-23123,FeMoClO4,1.5746,-1.746362022857142,3.22211784777339,258.95175063753993,14,4,Tetragonal
mp-28009,Ca4Fe9O17,0.16140000000000002,-2.115603673499999,4.220085036944616,367.87155980012705,30,3,Monoclinic
mp-3468,NaAsO2,3.7378,-1.857372651282327,3.499015464621543,493.21510789353823,32,3,Orthorhombic
mp-540583,SrCr2O4,0.0,-2.667741410714283,4.79301137331913,354.2241197828693,28,3,Orthorhombic
mp-22796,EuVO4,0.0,-2.825414495833325,5.203777281123206,170.33896748593494,12,3,Tetragonal
mp-19189,K2Co(SeO3)2,0.0,-1.607684705380681,3.791136117091015,342.56089129347,22,4,Trigonal
mp-768381,CoTeO4,0.7254,-1.354885936944445,5.077649157140572,163.86172404165526,12,3,Monoclinic
mp-753173,HoIO,3.4546,-3.092498383333333,7.119990287353348,143.5874707408288,6,3,Tetragonal
mp-1205362,NbAgO3,0.9891999999999991,-2.167828127333333,6.498195050477723,254.284099930991,20,3,Orthorhombic
mp-18794,Sm2TiMnO6,1.6792,-3.436049351626438,6.644904021153874,249.6574431734069,20,4,Monoclinic
mp-1194343,TmMoBrO4,1.9246,-2.595650299285715,5.459560148494112,497.3207976641021,28,4,Triclinic
mp-11344,PrO,0.0,-3.039014093333332,7.9558278104353795,32.74961356104325,2,2,Cubic
mp-1192808,GdWBrO4,0.6918000000000001,-2.657839921071428,6.281265645865158,512.8568312043838,28,4,Triclinic
mp-1202623,BaLa2Ti3O10,2.0536,-3.6812204284375,5.470858048323579,436.306010786732,32,4,Orthorhombic
mp-1020057,LiLaO2,3.7336,-3.172525210208333,5.558971731601202,212.49902529003253,16,3,Monoclinic
mp-768175,Dy2SO2,2.8611,-3.572321393166665,7.874163920749986,164.09504445224061,10,3,Hexagonal
mp-18576,Tm2Cu(B2O5)2,0.6744,-3.035146655392158,6.493391273659868,309.25256859142553,34,4,Monoclinic
mp-22230,BaPbO3,0.199299999999999,-2.108850153,8.185414704735301,159.25972054852807,10,3,Orthorhombic
mp-555836,Sn2PClO4,2.570599999999999,-2.139350682455357,4.305764312204171,283.72195468212544,16,4,Orthorhombic
mp-20435,V(PO3)3,0.0,-2.646898171071442,2.964676633082267,322.46244310658483,26,3,Monoclinic
mp-757208,Li3V2CrO6,,-2.464114564166667,3.991598417880612,225.2257804825418,24,4,Monoclinic
mp-1206996,La3AlO,0.0,-1.473911112000002,5.994536311154249,127.34019222510247,5,3,Cubic
mp-30058,TlSbO3,2.4362,-1.711936398666663,6.962178239709538,178.47189652307534,10,3,Trigonal
mp-1206631,NiPb2WO6,2.7937000000000003,-1.731523378999999,9.520338987213442,262.65227508947606,20,4,Cubic
mp-754269,Nd3SbO7,2.7436,-3.300930162045453,7.00726538691372,315.87759417381824,22,3,Orthorhombic
mp-776975,NbO2,0.0,-2.8255609466666662,6.153278652770998,269.65777786423155,24,2,Orthorhombic
mp-559838,HoMoO4F,3.7444,-2.998061516785714,5.6882299740288484,401.5333177236311,28,4,Monoclinic
mp-561472,Hg2PO3F,1.452,-1.88880420352041,6.254725514231465,530.0687805636511,28,4,Orthorhombic
mp-540872,AgSbO3,0.094599999999999,-1.444474670333332,6.786835394315514,271.7080679491053,20,3,Cubic
mp-542833,Zn3(BO3)2,2.6968,-2.274198815984848,4.045358984435142,515.3090735115295,44,3,Monoclinic
mp-755490,Na2FeO3,0.6359,-1.571419339209769,3.108278056760298,320.1599160702937,24,3,Monoclinic
mp-8042,ZrGeO4,3.750099999999999,-2.964421039166666,6.013205869529266,125.84737552236936,12,3,Tetragonal
mp-557087,NaSbMoO5,3.3686,-2.009563161422413,3.9073806192434963,545.1354351389293,32,4,Monoclinic
mp-8869,Y2S2O,2.556399999999999,-2.934728989499999,4.438449242256982,386.0098426755674,20,3,Monoclinic
mp-2311,NbO,0.0,-2.287660930833333,7.068081569952337,76.75730697732924,6,2,Cubic
mp-11691,Nd2HgO4,2.2099,-2.933779668928569,7.8592435007475565,233.7112976177955,14,3,Monoclinic
mp-1080507,Ca2TiMnO6,0.8750000000000001,-3.025512895376438,4.170439167013813,444.2886869136165,40,4,Tetragonal
mp-1076319,Ca2Fe2O5,0.0,-2.409665003333333,3.8929755649934723,231.90791411119517,18,3,Orthorhombic
mp-1215773,Zn3In2O6,0.5347000000000001,-1.810975869393939,5.912989826492473,146.55325755675713,11,3,Trigonal
mp-769610,Ca5Ta4O15,3.2814,-3.4342318383055552,6.207780851489616,622.8164285980846,48,3,Trigonal
mp-18779,Na2CrO4,2.8731,-1.983148568965516,2.863108335652559,187.88174168847823,14,3,Orthorhombic
mp-556400,Cs2K2TeO5,2.024899999999999,-1.781646286047701,4.304577033392288,851.150596926891,40,4,Tetragonal
mp-19155,CrHgO4,1.931,-1.299659134583334,6.162611441788328,341.2187230459051,24,3,Monoclinic
mp-18806,Ni3(BO3)2,0.0,-1.976881564393941,4.908549671099364,198.71368603121311,22,3,Orthorhombic
mp-1218323,SrCeAlO4,0.0,-3.479069572857142,5.978883262075594,88.51802511668477,7,4,Tetragonal
mp-560742,Ba2TeP2O9,3.4372,-2.854489903282313,4.4992167772745475,448.937436914732,28,4,Triclinic
mp-1205837,Ba2HoMoO6,0.0,-3.046044359499999,6.859162052967165,152.88526773816693,10,4,Cubic
mp-559159,Cu4As2O9,0.0,-1.239467006,5.027970261226953,361.97970989048207,30,3,Triclinic
mp-554354,Mn(RhO2)2,0.9305000000000001,-1.377220136133004,6.74114306428113,159.9890361701698,14,3,Cubic
mp-551613,Ba2CuWO6,0.0,-2.444460666,7.255948844691283,141.4389225651285,10,4,Tetragonal
mp-763787,Fe8O9,1.4134,-1.486613475588236,5.334808065625745,183.88123433988878,17,2,Triclinic
mp-753693,Ho2Ge2O7,3.8463000000000003,-3.052110930909096,6.369657476285525,153.063645835631,11,3,Monoclinic
mp-559554,Li2TeO3,3.9576000000000002,-2.010652673055556,2.012391630712951,312.7018316367285,12,3,Monoclinic
mp-1443298,YTiO3,0.0,-3.582761353666667,4.716708575643251,130.09900526231206,10,3,Hexagonal
mp-754809,MnNbO4,0.0,-2.557473098821839,4.518847310317398,155.6910133506794,12,3,Tetragonal
mp-1192094,Mn3ZnO7,0.0,-1.816294319435735,4.85991089999142,233.85939478797818,22,3,Trigonal
mp-2229196,MgMnV4O12,,-2.35866924071839,2.934394006459592,268.79795954301187,18,4,Triclinic
mp-542807,Cu2Te2Br2O5,0.06010000000000001,-1.151411038484848,5.049402621508427,409.1637958575239,22,4,Tetragonal
mp-684583,CsO2,0.0,-0.9312647415517241,3.375401193427431,162.25031445838073,6,2,Orthorhombic
mp-755658,CePrO2,0.0,-3.127297067916666,8.092547751403938,128.4604114588437,8,3,Tetragonal
mp-19166,Sr3NiPtO6,0.0,-2.27420212340909,6.632996192966924,613.4798385672366,44,4,Trigonal
mp-1226476,CeUO4,0.0,-3.893451398333331,9.127118850743084,80.4410376227112,6,3,Tetragonal
mp-1077718,NdO2,0.0,-3.069782185833332,6.420792814431336,45.579220820062616,3,2,Tetragonal
mp-1047867,Ba2YTi3O7,0.0,-3.176756771153845,5.608653645017807,183.31205147308012,13,4,Orthorhombic
mp-6135,Ba2PrIrO6,0.0,-2.67204645016668,7.413182993896305,157.64428931345427,10,4,Cubic
mp-768883,Sn2(SO4)3,0.0,-1.756875931617646,3.1800628120220162,548.9151235064579,34,3,Trigonal
mp-1220387,NbAgO3,1.024299999999999,-2.165201552333332,6.458777991663299,127.91798090285629,10,3,Tetragonal
mp-27536,UBrO2,0.0,-3.16903279625,6.767466200933099,171.72609595509266,8,3,Orthorhombic
mp-555093,CuB4O7,0.1935,-2.456103448888888,3.9510599448684642,183.9012179955316,24,3,Orthorhombic
mp-554803,VPbClO3,2.3699,-2.049469373749999,5.477167228707442,414.249190890039,24,4,Orthorhombic
mp-19295,LuVO4,2.6237,-3.1774186311111112,7.257990291740535,132.65391254200804,12,3,Tetragonal
mp-1040880,LaCrCuO6,0.607,-2.004698488333334,4.27525759127092,136.11481657328795,9,4,Triclinic
mp-29291,I2(OF2)3,2.3164,-1.458746625681818,3.648562333724165,756.9535917932596,44,3,Monoclinic
mp-541459,KSnPO5,3.0231,-2.503160578205357,3.689046955662739,967.8773690857989,64,4,Orthorhombic
mp-1227424,BiPbO2F,2.1578,-1.904343308999999,8.585313269196057,90.35973840786791,5,4,Monoclinic
mp-759807,V4O5F7,0.557199999999999,-2.743667558749999,3.34182472182503,207.08227982526063,16,3,Monoclinic
mp-1191507,Eu4I6O,1.200199999999999,-2.111709546363637,6.053299638415513,760.020280502254,22,3,Hexagonal
mp-8610,Li8PtO6,2.1611000000000002,-1.913959471111112,4.594222522367486,125.27838741148403,15,3,Trigonal
mp-16825,Gd3OsO7,0.0,-3.143916357272725,8.820576345263536,291.4133957228595,22,3,Orthorhombic
mp-754491,Fe2HgO4,1.1461000000000001,-1.362688660357143,7.051616899407224,177.2142938562111,14,3,Cubic
mp-27184,B10(Pb2O7)3,3.259,-2.458742290180167,6.121501541130263,457.70195937176595,37,3,Triclinic
mp-545850,VBiO4,2.8103,-2.151046075833334,6.268501491288367,171.6138968559096,12,3,Tetragonal
mp-754039,Y2V2O7,0.48689999999999906,-3.138781466818181,3.93827109342696,165.1530232013852,11,3,Monoclinic
mp-540795,Ba3SrTa2O9,3.8005,-3.388359977311111,6.490422184260386,514.498945371465,30,4,Hexagonal
mp-17268,Lu2Cu(B2O5)2,0.6675,-3.037570600588235,6.701590098015768,305.6242823262597,34,4,Monoclinic
mp-27980,U(OF)2,2.1045,-3.674992431999997,6.323583099953045,80.88558889288106,5,3,Trigonal
mp-754589,VOF,0.0,-2.844892315,4.34259899994952,131.4471544083543,12,3,Tetragonal
mp-761066,NaNiPO4,0.9552,-2.27424939228888,3.846115544932611,152.5392292849025,14,4,Orthorhombic
mp-19272,TbCrO4,0.2967,-2.778189815277777,5.732631960501637,159.26849161885184,12,3,Tetragonal
mp-1020109,LiMg3P3O11,5.3095,-2.972969114570104,2.805765482529517,825.6532529094421,72,4,Orthorhombic
mp-754109,PrAsO4,3.7516,-2.79469663736112,5.972835551901063,155.59223496810412,12,3,Tetragonal
mp-1095141,Sr2MnMoO6,1.1037,-2.642036615293104,5.761572487672342,486.62932072688625,40,4,Tetragonal
mp-9793,Ba3BAsO3,1.523299999999999,-2.533021692708333,4.761689830950284,380.6109995298713,16,4,Hexagonal
mp-552307,Li2Co(WO4)2,2.6607000000000003,-2.151807988205127,6.6012086433302635,286.0083844912752,26,4,Triclinic
mp-1215661,YbNb(PbO3)2,0.0,-2.46058168175,8.96752799679033,143.75728915753172,10,4,Cubic
mp-22774,Fe3BO6,1.1726,-1.987397490416667,4.699612746858982,387.7394137457627,40,3,Orthorhombic
mp-22569,InPO4,2.7323,-2.46533499438492,4.674507635470735,298.09636310328403,24,3,Orthorhombic
mp-753318,DyBO3,4.514,-3.464002388166665,6.097586218203746,120.53706474895905,10,3,Orthorhombic
mp-759739,V2OF5,,-2.96822932125,3.762443082814814,281.85379254949794,24,3,Trigonal
mp-4179,YbPO4,0.0,-3.372331683829365,6.562291904664111,135.63655605669192,12,3,Tetragonal
mp-754549,Na2CuO2,0.0,-1.329767022551723,3.732199779792418,125.93468030624858,10,3,Orthorhombic
mp-19192,Y2MnNiO6,0.0,-2.822945541793103,5.741904195255151,224.09238417801222,20,4,Monoclinic
mp-753200,VOF,0.0,-2.809291996666667,4.503543608546941,126.74958452641786,12,3,Orthorhombic
mp-510450,Fe7(AsO4)6,1.5249000000000001,-1.698793269594594,4.505729198011462,451.2508613083494,37,3,Triclinic
mp-1095420,ZnMoO4,2.300799999999999,-1.920267846666667,5.722572048722729,130.77924738719673,12,3,Monoclinic
mp-558681,PClOF2,5.4542,-2.417952761678572,2.21974976849866,720.683191887475,40,4,Orthorhombic
mp-27130,Li2W2O7,3.7425,-2.28143384151515,6.036840607540698,271.5234877996981,22,3,Triclinic
mp-752462,Cr(CoO3)2,0.0,-1.314804237777778,4.362174680499507,101.20389607996164,9,3,Monoclinic
mp-9712,Ba3BPO3,1.4667000000000001,-2.495422235476191,4.5159535129146615,369.0023197671224,16,4,Hexagonal
mp-29839,Bi2SeO5,2.8422,-1.58014964341797,7.487185439035461,511.80489807146506,32,3,Orthorhombic
mp-1190949,Ba2ZnGe2O7,3.1063,-2.580144032916666,4.883773881701824,406.2040698126343,24,4,Tetragonal
mp-6121,BaY2ZnO5,3.0989,-3.226324356388889,5.9298583446920645,515.8655885600521,36,4,Orthorhombic
mp-4529,K2SO4,5.2168,-2.271758034928568,2.711376435408318,426.8890235083382,28,3,Orthorhombic
mp-5938,SrCu2O3,0.0,-1.682506647500001,5.509339820316935,79.1820008425626,6,3,Orthorhombic
mp-1101682,Na5SbO5,1.6264,-1.84097548562696,3.719829906037955,141.37808551788467,11,3,Monoclinic
mp-771282,Li24Ti7Cr5O36,,-2.6663822654629623,3.435521717133916,646.5267865493372,72,4,Triclinic
mp-505042,Cu(BiO2)2,0.0,-1.451445688214286,8.675057944387532,417.6716158020524,28,3,Tetragonal
mp-752755,NaSbO3,1.438,-2.019996428775863,5.217487862409671,245.37903407747345,20,3,Orthorhombic
mp-3756,SmTaO4,4.053599999999999,-3.695782886222223,8.48718725140709,154.68497944881258,12,3,Monoclinic
mp-760513,La2UO6,1.739799999999999,-3.892252445555556,8.020941010490947,126.66568600345036,9,3,Orthorhombic
mp-24971,BaDyFe2O5,0.0,-2.563711889074074,6.682627268448378,244.26865841653878,18,4,Orthorhombic
mp-1042795,ZnNiAs2O7,2.065699999999999,-1.629026573636363,4.8216055371887,531.6658670439186,44,4,Monoclinic
mp-755317,Y2TeO6,3.0839,-2.9844200373148153,5.434411482980314,367.96284222526214,27,3,Trigonal
mp-561744,Na4CoAuO5,0.8874000000000001,-1.4323775468652031,4.755493934660065,298.8002292988095,22,4,Orthorhombic
mp-23526,KClO4,5.5614,-1.083206086625002,2.603074303813576,353.52945668497256,24,3,Orthorhombic
mp-14853,Ba3Er4O9,3.2746,-3.6008915221874993,7.655472587205713,265.71574722085944,16,3,Trigonal
mp-1191185,Sr3ZnCoO6,0.0,-2.387327803181819,5.47568264268198,293.0667083111785,22,4,Trigonal
mp-559580,SrV2(PO5)2,1.8276000000000001,-2.815497741619047,3.814452296706293,358.2268974398177,30,4,Orthorhombic
mp-552992,DyBi2BrO4,1.329,-2.415745113333333,8.423513003242995,142.79458737857396,8,4,Tetragonal
mp-636813,Pb3O4,0.992599999999999,-1.4143496653571401,9.601315157282649,237.14701165780835,14,2,Orthorhombic
mp-28917,Ba2Ti13O22,0.0,-3.366161980765756,5.01283596786476,827.4225799257893,74,3,Orthorhombic
mp-546711,CsClO4,5.3228,-1.088036674525862,3.193209835542204,120.83023710071106,6,3,Cubic
mp-1191878,Eu2Mo2O7,0.0,-2.649039712272727,7.037502024413294,286.8296026705798,22,3,Cubic
mp-760866,Na5Mn11O24,0.0,-1.828317825603449,3.847599917872697,476.1395801642894,40,3,Monoclinic
mp-1056,Tb2O3,3.9006,-3.9821810734166663,8.013812686078552,606.4592869538722,40,2,Cubic
mp-549970,Ba2ZnReO6,0.0,-2.533858086249999,7.462941895006575,138.45715021899306,10,4,Cubic
mp-18832,K2VO2F3,2.9836,-2.797603298375,2.883858828483186,502.40585439639824,32,4,Orthorhombic
mp-550959,KNiIO6,1.751799999999999,-1.064183162472221,3.987068432551869,133.5624281002173,9,4,Trigonal
mp-541512,Ba3Cr2WO9,0.0,-2.768121193,6.709099630020086,417.6941449288344,30,4,Hexagonal
mp-549711,CaFeClO2,0.6341,-2.374016877,3.207330368787457,169.168876731912,10,4,Monoclinic
mp-1206179,Ba2PuTiO6,0.23339999999999902,-3.401734061208331,7.344216182813458,149.79624749836995,10,4,Cubic
mp-621945,La2Ge2O7,3.7144,-3.036669459090908,5.657920752336456,314.08444009142926,22,3,Triclinic
mp-28641,ThB2O5,4.8178,-3.414352945104166,5.447400075671147,406.836711297463,32,3,Monoclinic
mp-22999,Hg3(ClO)2,0.3047,-0.7995625253571451,7.975232298102578,293.44349879988687,14,3,Monoclinic
mp-1221411,Na(FeO2)2,0.1915,-1.5977234073399011,3.764909843129828,87.62800361362547,7,3,Triclinic
mp-753550,Mn5O5F,0.0,-2.082217907241378,3.9988401496729873,155.17489097527613,11,3,Trigonal
mp-551470,Tl2O,0.5194000000000001,-0.814049282222227,9.872476803873909,142.89029008133875,6,2,Monoclinic
mp-686050,CePaO4,0.0,-4.114417969166666,8.832993266649694,163.60993143262,12,3,Tetragonal
mp-2457,Tb2O3,3.940699999999999,-3.957248751083333,8.71619040471529,209.0958421218016,15,2,Monoclinic
mp-552663,LiScAs2O7,3.451899999999999,-2.372905768939393,3.6425285411435,143.0244767026125,11,4,Monoclinic
mp-651814,CsV3O8,2.070599999999999,-2.375250615387931,3.885845929633331,353.5944502204158,24,3,Monoclinic
mp-541612,La4Os6O19,0.0,-2.329128395689655,8.92286154959841,372.3831021545135,29,3,Cubic
mp-1192307,NaSO4,0.0,-1.808147181479884,2.390134575984087,330.84515348569374,24,3,Triclinic
mp-764387,MnOF,0.0,-2.340826035560345,4.389518167518892,272.1792847861851,24,3,Monoclinic
mp-1219918,PmPaO4,2.263199999999999,-4.125307299583333,9.071416922347858,80.54891428833504,6,3,Tetragonal
mp-562442,Cs2SeO4,3.8216,-1.804141575950585,4.447081749564179,610.5361744897551,28,3,Orthorhombic
mp-505216,Gd2Ru2O7,0.0,-2.5492147572727273,7.7791029096039015,268.37909632860135,22,3,Cubic
mp-17487,NaErGeO4,3.618299999999999,-2.886538843768471,5.759105671192094,377.00824921041374,28,4,Orthorhombic
mp-18988,Li2MnO3,1.368399999999999,-2.180112729932952,3.969588299469367,195.46738339598636,24,3,Monoclinic
mp-1078912,Sr2HfFeO6,0.0,-2.9756634325,6.441588862357045,260.6565176991025,20,4,Cubic
mp-17950,Nd2(WO4)3,3.9516,-2.726176271176469,6.632313850701357,516.7641464448997,34,3,Monoclinic
mp-1078671,Sr2CaWO6,3.460499999999999,-3.028352509999999,5.717742218579051,143.80208022096147,10,4,Tetragonal
mp-754608,VSiO3,0.0,-2.8087977035,3.983450374027556,211.80663719870822,20,3,Monoclinic
mp-556902,KLi4NbO5,3.7769999999999992,-2.498094743234849,3.178781581344267,250.49866955724949,22,4,Triclinic
mp-1215909,YBi(OF)2,2.1794000000000002,-3.1373429183333332,7.049761159717614,86.6528922903256,6,4,Tetragonal
mp-1217119,Ti2MnNiO6,2.2676,-2.771451773959771,4.696486016817715,215.93390090199202,20,4,Trigonal
mp-22987,BiIO,1.472999999999999,-1.334933545,7.58848827566523,154.0010489653947,6,3,Tetragonal
mp-22614,NaFe(GeO3)2,1.5846,-2.045677166637932,4.333860490983809,245.30420550006195,20,4,Monoclinic
mp-766232,MgV3O8,1.8235000000000001,-2.513125565,3.228913396412301,627.6681004793452,48,3,Monoclinic
mp-754411,TaFeO4,0.0,-2.637937519555554,7.476544529990702,267.22202530745153,24,3,Orthorhombic
mp-31516,Co(ReO4)2,0.0,-2.035404187727273,5.262184891058999,353.01302319546136,22,3,Trigonal
mp-510421,CrO3,2.2699,-1.5112073775,2.885052569636943,115.10670088636584,8,2,Orthorhombic
mp-1191467,Cs2CuP2O7,0.0,-2.406190851966337,3.590727207216421,465.5044186096572,24,4,Monoclinic
mp-8872,RbNa2BO3,2.9274999999999993,-2.245913919203612,3.153660473874979,200.356644332597,14,4,Orthorhombic
mp-2452,P2O5,5.2021,-2.43823965132653,2.716422359987066,173.54033810343364,14,2,Orthorhombic
mp-11321,Y3TaO7,3.5002,-3.826173611575757,6.351631330500354,292.63012543368086,22,3,Orthorhombic
mp-1178416,CrO,0.0,-1.8794044475,4.499373304647302,50.18884918323131,4,2,Monoclinic
mp-16137,K4CaU3O12,2.1025,-3.2736511924499982,5.606932805088277,326.5294277134686,20,4,Cubic
mp-11107,Ac2O3,3.522599999999999,-3.737668289999997,9.109129867325775,91.51122386046316,5,2,Trigonal
mp-777985,Li5Mn6(BO3)6,,-2.468772250121511,3.160870288096112,753.538971235298,70,4,Monoclinic
mp-27608,Be4TeO7,1.280699999999999,-2.572461434305555,4.20638126158646,108.81526870103222,12,3,Cubic
mp-755095,V2O3F,0.0,-2.6080591,4.248046561739236,66.01414899527187,6,3,Orthorhombic
mp-753704,WOF4,4.874,-2.625666420833332,4.557254126238713,201.01204845050404,12,3,Triclinic
mp-1221712,MnCu(AgO2)2,0.0,-1.037204460158045,6.530360312851537,101.25882632329568,8,4,Monoclinic
mp-8469,Li8IrO6,0.0,-1.924912261777776,4.565316982503063,125.02878238146396,15,3,Trigonal
mp-560278,Er3B5O12,5.3497,-3.365137111291666,6.609481241612259,751.5217911833695,80,3,Orthorhombic
mp-20302,Fe2BO4,1.1644,-2.057117998095238,4.295624504024495,288.37549546154725,28,3,Orthorhombic
mp-1225510,DyPaO4,2.400399999999999,-4.182926425277777,9.87899812002285,76.90579637600867,6,3,Tetragonal
mp-1192442,CeMoO4F,0.1015,-2.927288004642857,4.967810313446201,426.5849798303299,28,4,Monoclinic
mp-9319,Ba2PrPtO6,0.0,-2.559795649166667,7.277311380070481,161.24179231093254,10,4,Cubic
mp-555342,Na2CaSiO4,3.3314999999999992,-2.794432052532327,2.758938874281041,428.87429284570305,32,4,Cubic
mp-1174371,Li4Co3O7,,-1.670968553809523,4.200891868032701,250.26077423770437,28,3,Monoclinic
mp-17350,La2TeO6,2.962399999999999,-3.003671611018521,6.142691479889501,542.1769783332608,36,3,Orthorhombic
mp-1022963,IrO3,0.0,-0.9383537137499991,8.064269838293201,98.92692878331474,8,2,Orthorhombic
mp-23116,CuBiSeO,0.30060000000000003,-0.950861200585937,8.627813976854387,141.45518875529484,8,4,Tetragonal
mp-37381,SmOF,5.508699999999999,-4.145513748333334,7.129060374869566,43.1745359595704,3,3,Cubic
mp-768889,YHoO3,3.0775,-3.901504207333332,6.589520282530561,456.3680585577812,30,3,Hexagonal
mp-989196,SbClO,1.8554,-1.5609279999999992,5.055665759412736,113.78361256736102,6,3,Tetragonal
mp-1017,Zr3O,0.0,-1.538735771875001,6.699842819825176,143.58864502115784,8,2,Hexagonal
mp-557812,Ti3O,0.0,-1.565612353541665,4.890996522584021,325.1149715865706,24,2,Trigonal
mp-755584,CrPtO2,0.0,-1.654502145625,10.298631066389376,44.99835105523658,4,3,Trigonal
mp-1205671,Ba2TaFeO6,1.862299999999999,-3.006213886233333,7.311908458103994,275.90151133954373,20,4,Cubic
mp-3789,Zn2SiO4,2.7537000000000003,-2.44712343857143,4.24570923859573,523.0730091077116,42,3,Trigonal
mp-19164,BaDy2CoO5,1.3935,-3.143562266481481,8.147628892839712,122.5400757083151,9,4,Orthorhombic
mp-1187025,SmAlO3,4.0771,-3.692610324999999,6.981513734627289,214.38642301701807,20,3,Orthorhombic
mp-6788,La3Ga5SnO14,3.311399999999999,-2.8321901120652173,5.833618599596974,315.4015074476249,23,4,Trigonal
mp-645774,SnSO4,4.1081,-1.8322906520833322,3.942346610996089,361.8538174604038,24,3,Triclinic
mp-1206367,Ce3AlO,0.0,-1.405291576999998,6.840366415089138,112.47581730920871,5,3,Cubic
mp-1105634,Ni5(AsO6)2,0.0,-1.237014970263157,4.9793228132953935,211.86524557342378,19,3,Monoclinic
mp-775340,Li2Cr(Si2O5)3,0.0,-2.945103616527777,2.748854940980099,573.1331965191906,48,4,Orthorhombic
mp-1218152,SrLaGaO4,3.0765,-3.108689003214286,6.248073633508095,95.74193710137926,7,4,Tetragonal
mp-22025,Co2As2O7,0.0,-1.559130100454545,4.637033961987623,271.9478179639314,22,3,Monoclinic
mp-554231,Nd5Cu5O13,0.0,-2.435957004891304,7.515028207887993,275.52519754059523,23,3,Tetragonal
mp-755123,Li5Mn3Nb2O10,,-2.432722977272989,4.347920423919274,416.53704041797903,40,4,Triclinic
mp-560270,CsCrClO3,2.8096,-1.818505302859195,3.121990414279008,570.9309370348934,24,4,Orthorhombic
mp-560049,CuSeO3,0.0,-1.093140096468751,4.753581998234577,399.2858436886513,30,3,Triclinic
mp-768227,DyNbO4,3.250899999999999,-3.494730271944443,5.575621080449109,190.25065698144726,12,3,Monoclinic
mp-21892,Al2PbO4,3.9425,-2.893783590000014,5.442065384399076,198.43275274147894,14,3,Orthorhombic
mp-7863,Rb2Sn2O3,1.219599999999999,-1.720435254285714,4.648829762417636,163.00732696593104,7,3,Trigonal
mp-8851,BaCuP2O7,0.0,-2.6480144217532473,4.145291017145562,300.291171947674,22,4,Triclinic
mp-1228086,Ba2ZrWO6,0.0,-3.054233885,7.208945166068405,148.73659909539177,10,4,Cubic
mp-551086,CrFe(BiO3)2,0.0,-1.823415379,8.13499285031353,253.84665670742964,20,4,Trigonal
mp-1205836,Ba2LuMoO6,0.0,-3.081216235666667,7.155493593816595,148.8829683373522,10,4,Cubic
mp-764512,Li5Fe8(BO3)8,1.4401000000000002,-2.274294459555555,3.242385383258991,487.5210832327659,45,4,Triclinic
mp-1226546,CeUO4,0.0,-3.905628621666665,9.088592673517981,80.78202393191766,6,3,Trigonal
mp-18195,Lu2SiO5,4.567500000000001,-3.839805311354167,8.025175841140653,379.0841753265798,32,3,Monoclinic
mp-23407,Hg(IO3)2,2.6932,-0.8044650508333331,6.4140777698363625,284.9834370398994,18,3,Monoclinic
mp-19017,LiFePO4,3.922399999999999,-2.4798960147108833,3.683145802977754,284.49838986332463,28,4,Orthorhombic
mp-505090,Na(CuO)2,0.0,-1.1225372807758611,5.140083914574493,235.28946498394828,20,3,Orthorhombic
mp-1205585,Ba2HoUO6,0.8731999999999991,-3.666247560499999,7.563233708285042,169.8491761930532,10,4,Cubic
mp-561387,TbMoO4F,3.7732,-2.99779725702381,5.46356584297131,410.74418590905367,28,4,Monoclinic
mp-557100,Lu(PO3)3,5.6628,-3.027653243507326,3.738160623135842,365.9273594793842,26,3,Monoclinic
mp-1183253,Ba2Fe2O5,0.0,-2.287857762222221,6.00378674449831,257.96300961786386,18,3,Tetragonal
mp-20841,Ba2CaIrO6,0.0,-2.537359926,6.598059773468753,151.74375893845558,10,4,Cubic
mp-12670,Ho2SO2,3.028299999999999,-3.592784443499997,8.143588264782313,80.32416431677409,5,3,Trigonal
mp-554638,Ca2Ru2O7,0.0,-2.163831028181818,4.881430468699996,268.25617684743986,22,3,Cubic
mp-759165,Na4FeO5,0.0,-1.432132143801724,2.981223836214193,507.5400020304165,40,3,Tetragonal
mp-694547,MnPO4,0.0,-2.357092580706759,2.687652656507832,555.7200842264732,36,3,Trigonal
mp-19395,MnO2,1.1467,-1.80582994014368,4.284801280941089,134.76660221473986,12,2,Tetragonal
mp-30900,TaBiO4,2.9755000000000003,-2.704939912888891,9.06722992281538,332.52125003872845,24,3,Orthorhombic
mp-505647,KGd(WO4)2,3.247499999999999,-2.660793796020833,6.830886023285689,336.451831530495,24,4,Monoclinic
mp-18884,Na4CrO4,0.0,-1.899031763390803,2.860806117999505,241.41007546306037,18,3,Triclinic
mp-755089,ZrO2,3.959599999999999,-3.785647493333332,5.7071390438752285,143.41075044626993,12,2,Orthorhombic
mp-977123,NaTiO3,0.0,-2.639808749942529,3.321188014547365,59.42551848449956,5,3,Cubic
mp-28653,NdTa3O9,3.2129,-3.507712333807692,8.231569580976258,335.30451086477535,26,3,Monoclinic
mp-558382,Li2SO4,5.9904,-2.256338859166667,2.565863125741962,142.30478752362748,14,3,Orthorhombic
mp-554770,Sm2Mo2O7,0.0,-2.8820770345454623,7.136205449411194,281.3694063376822,22,3,Cubic
mp-759707,Sb4O5F2,3.0228,-1.953611039090908,5.332646453483244,753.6087613568683,44,3,Orthorhombic
mp-18833,Sr3Cr2O8,0.0,-2.62652591153846,4.557079971467304,180.31578222246094,13,3,Trigonal
mp-997007,AgPtO2,0.055499999999999,-0.651536824166665,10.121919952618493,109.89994457580165,8,3,Monoclinic
mp-755760,CuBi(PO4)2,0.0,-2.093222128273809,4.394919792017389,349.47079074941223,24,4,Monoclinic
mp-23085,Ba2Cu3(ClO2)2,0.0,-1.8920105490909092,4.474477441729847,222.74070087078584,11,4,Tetragonal
mp-20589,MoO3,1.9487,-1.897016256562501,4.6575674348022265,205.27024685900946,16,2,Orthorhombic
mp-884346,Sr3InNiO6,0.0,-2.40423364469697,5.7072935938617455,309.7851950881468,22,4,Trigonal
mp-540284,CuPO4,0.12580000000000002,-1.837937719107142,3.412161274279835,77.14297513411933,6,3,Tetragonal
mp-558456,Hg3Se4O5,1.8293,-0.822829030989585,6.3185120561249715,524.3530064986746,24,3,Triclinic
mp-1193494,MnAgPO4,0.0,-2.118772164177222,4.735454654695391,361.5701706645914,28,4,Triclinic
mp-26992,Co(PO3)3,1.2056,-2.281980414725275,3.3794920486760063,581.4707651236212,52,3,Orthorhombic
mp-505808,BaEr2CuO5,0.0,-3.108483970833333,8.234250123383598,496.40261095053245,36,4,Orthorhombic
mp-777859,V6O5F19,2.0143,-2.730842753333333,2.907440117437959,426.4178873566188,30,3,Triclinic
mp-29558,Bi3ClO4,2.306999999999999,-1.664051822500002,7.652897327188869,315.22753017280235,16,3,Monoclinic
mp-1227501,BaSrSm4O8,,-3.589509130714286,6.892302278375803,459.87214824858665,28,4,Orthorhombic
mp-28318,HgTeO3,2.2362,-1.169260638333333,7.92879504664172,315.1425652040373,20,3,Triclinic
mp-756788,Mn3FeO8,0.0,-1.6426810723994252,4.398761760546868,263.2350536460816,24,3,Hexagonal
mp-622105,Ba2DyCu3O7,0.0,-2.188257008974358,6.882202309272525,178.49613941731377,13,4,Orthorhombic
mp-977107,NaRuO3,0.0,-1.518621671275862,4.939095335518074,57.84641929357169,5,3,Cubic
mp-753904,Mn7O7F,0.0,-2.032214755701147,4.039520471460775,211.9331707107437,15,3,Trigonal
mp-548615,Ba2ZnWO6,3.3679,-2.6546294450000003,7.3048393168430295,140.91578560646107,10,4,Cubic
mp-27356,AsO2,3.3759,-1.584565949166665,4.294033853664787,330.77615550696345,24,2,Orthorhombic
mp-561170,Ba3ZrRu2O9,0.0,-2.678928534000001,6.5023964714069855,433.79747538071734,30,4,Hexagonal
mp-726705,SrO2,2.782499999999999,-2.1948767725,3.994392053062044,198.91056046693646,12,2,Orthorhombic
mp-1294264,Zn2CoWO6,2.373999999999999,-1.810825605999998,6.958004651418526,112.06783923739799,10,4,Triclinic
mp-21084,In6Ga2PtO8,0.567199999999999,-1.775095592058822,7.282410625059173,262.5503984355064,17,4,Cubic
mp-771193,Ba3Y2O6,2.5398,-3.253627883636363,5.572481774381474,817.4308238988216,44,3,Orthorhombic
mp-22428,SrCeO3,2.2817,-3.614131642999999,5.743441228739315,318.88019245785824,20,3,Orthorhombic
mp-1186515,PrCuO3,0.0,-2.312583337333333,7.366070383638502,56.9104200105911,5,3,Cubic
mp-759705,V2OF7,0.9368999999999991,-2.770625508,2.402040245616176,346.856357832618,20,3,Monoclinic
mp-18301,RbMnO4,2.137099999999999,-1.469840426738501,3.337240278030764,406.82705168644196,24,3,Orthorhombic
mp-606393,NbBr3O,1.9659,-1.819446558499999,4.169097179610413,555.4137196249857,20,3,Tetragonal
mp-1193015,CsVOF4,3.5464,-2.949024023165025,3.355940413090739,545.9489515692186,28,4,Orthorhombic
mp-559067,KNa2AuO2,2.0479,-1.313027489168102,4.625842171150856,225.46424865334913,12,4,Orthorhombic
mp-607467,CaMoO3,1.105,-2.619377736499999,4.859133129267733,251.53959017651147,20,3,Monoclinic
mp-9359,ZnSi(AgO2)2,0.607499999999999,-1.764212550416665,5.70457651359044,217.2853685254343,16,4,Monoclinic
mp-20370,UCuPO,0.0,-1.712338136160712,9.928998497345166,116.58329695565251,8,4,Tetragonal
mp-556069,Tb11O20,0.0,-3.455036693333331,7.722421226118004,444.71439074794444,31,2,Triclinic
mp-18996,TlV3O8,2.002999999999999,-2.191476307361112,4.948951333518091,325.6037420593376,24,3,Monoclinic
mp-19086,BaCoO2,0.39670000000000005,-2.074947819166665,5.615032013268026,202.50978673214274,12,3,Trigonal
mp-849736,Mn(PO3)5,0.0,-2.301673885292634,2.439823910707087,612.2629645710132,42,3,Monoclinic
mp-1227324,Ca2MnO3,1.7349,-2.84006221882184,3.823571693457356,318.06054651386575,24,3,Tetragonal
mp-557506,Na3Ca2BiO6,1.5495,-2.278402140344827,4.513884909319581,334.10434933193346,24,4,Orthorhombic
mp-8299,Sr4As2O,1.192399999999999,-1.701555782857144,4.4446981268313,192.89810551874788,7,3,Tetragonal
mp-560904,CdHg2SO6,1.3352,-1.3807889647500011,6.794201478790207,313.64653541813226,20,4,Triclinic
mp-753856,HfFeO3,2.9099,-2.941841794000001,7.960036505344464,235.5895267984845,20,3,Orthorhombic
mp-1216625,TiOF2,2.054999999999999,-3.568734357083334,2.935439226414654,57.62266585329253,4,3,Tetragonal
mp-1206029,Ba2TmTaO6,3.4065,-3.612670555733333,7.8808103284794075,151.8209801441106,10,4,Cubic
mp-1597,UO2,0.0,-3.75044424,11.055276852979338,40.559053154665804,3,2,Cubic
mp-849770,CoPO4,1.0727,-2.09047651577381,2.787119341302632,183.38972833995822,12,3,Monoclinic
mp-3098,AlCuO2,1.8148,-2.417624361249986,5.146334199359751,79.06978600731826,8,3,Hexagonal
mp-1084785,KAlO2,2.9467,-2.843528194312499,2.489069746339283,130.8628745608826,8,3,Cubic
mp-686057,LiNbO3,3.0381,-2.888663548416666,4.409493062654657,445.40877225707146,40,3,Triclinic
mp-5634,NdOF,4.5028,-4.1572077274999995,6.661372344513793,89.36137483695028,6,3,Trigonal
mp-1228487,Ba2In2O5,0.48199999999999904,-2.364213714259259,6.165575622040575,157.36266150692407,9,3,Orthorhombic
mp-997036,CdAuO2,0.8955000000000001,-0.8891108574999991,9.751712740282583,116.260355946894,8,3,Triclinic
mp-850913,LiVOF3,1.656499999999999,-2.949631603055556,2.896579995800945,600.2293842518814,48,4,Triclinic
mp-1205495,Ba3MoO6,2.2259,-2.673427223,5.543314869868342,180.90771663550058,10,3,Cubic
mp-17113,Sm2Ru2O7,0.0,-2.54245442181818,7.48961518735273,272.64206522911485,22,3,Cubic
mp-3199,CuSe2O5,0.0,-1.133686287460938,4.479186322604868,223.51876103395378,16,3,Monoclinic
mp-550635,LuBi2IO4,1.4425000000000001,-2.334368720208334,8.81156484290883,147.7127098202603,8,4,Tetragonal
mp-756858,LiV3O8,,-2.318446550277778,3.29534898590441,290.00745367247936,24,3,Monoclinic
mp-1265,MgO,4.4292,-3.03830917,3.628903381952319,18.4427700910204,2,2,Cubic
mp-19313,Zn(FeO2)2,1.6686,-1.7450259114285722,5.335785441202922,150.06237695876197,14,3,Cubic
mp-541007,BaDy2MnO5,1.696699999999999,-3.290913837084927,7.569631877395537,524.0820028152518,36,4,Orthorhombic
mp-16801,GdSO4F,0.22260000000000002,-2.965592414642858,4.598269416797423,393.3506439851639,28,4,Orthorhombic
mp-1020628,SrGe(PO4)2,4.0991,-2.793862971190475,3.974260729692471,292.6457743887054,24,4,Monoclinic
mp-557348,BaV2(P2O7)2,2.0462,-2.853949163503401,3.258590569566159,598.3549630193056,42,4,Triclinic
mp-757914,Li3Ti2(PO4)3,0.0102,-2.833888380779762,3.146767818353005,847.4199062608341,80,4,Cubic
mp-861504,PrBO3,4.6526,-3.446497388666666,5.542315602904406,239.34951052552847,20,3,Orthorhombic
mp-28510,Li3BiO3,2.4379,-1.959947816785713,5.408113280673483,682.38276178496,56,3,Triclinic
mp-23018,BiSbO4,2.4246,-1.8414490133333272,8.368756310551321,156.6488127381902,12,3,Monoclinic
mp-556308,CrHg(PbO3)2,2.0918,-1.500121868250001,6.983851287280495,362.82623906657903,20,4,Triclinic
mp-754663,Na2Be2O3,4.267200000000001,-2.404590689679803,2.872202646620022,129.5060897329676,14,3,Monoclinic
mp-16779,Ho2Ni(B2O5)2,3.531799999999999,-3.085675563627449,6.323378316328104,310.81290808915134,34,4,Monoclinic
mp-773516,Li3NiO3,,-1.716244253571428,3.030585174811293,279.4747055740574,28,3,Tetragonal
mp-14921,Zn4B6SeO12,1.8571,-2.439133157710597,4.2524856964834,233.29814765705282,23,4,Cubic
mp-559426,Pr2Zr2O7,3.462099999999999,-3.829410627575757,6.155665899553252,310.90080704451583,22,3,Cubic
mp-556313,V2CdO6,2.2767,-2.136105073888889,4.9247888692372275,418.49455468798175,36,3,Orthorhombic
mp-18331,GdCrO3,2.6309,-3.173304159499999,7.60771859687336,224.59516837845578,20,3,Orthorhombic
mp-6109,CaTiSiO5,2.985499999999999,-3.476201650416667,3.416464100691664,381.10902065329077,32,4,Monoclinic
mp-552008,DyBi2ClO4,1.3739,-2.466786182708333,8.189800366409605,137.8567719620325,8,4,Tetragonal
mp-7959,KErO2,3.9606,-3.138044281812497,6.372068321298157,62.11477904112952,4,3,Trigonal
mp-30005,Rb6Br4O,1.5308000000000002,-1.8059535045454562,3.431638601686154,821.0877493792486,22,3,Trigonal
mp-555515,CuAg4TeO6,0.0,-0.7985137456944431,7.312670614307011,326.3619206690208,24,4,Monoclinic
mp-13676,TlPO4,0.7150999999999991,-2.058387272162699,6.328957490295017,157.08435766303973,12,3,Orthorhombic
mp-23114,Sr2Co(BrO)2,0.3275,-2.344424367857143,4.84201840479587,584.3483970130786,28,4,Tetragonal
mp-753691,Y2Bi2O7,0.123699999999999,-2.514923455,5.755236119551597,204.2100250688997,11,3,Monoclinic
mp-505552,Cd2Ru2O7,0.0,-1.4011993481818181,6.846523377160269,261.43501828514667,22,3,Cubic
mp-557147,BaMo4(PO8)2,1.7387000000000001,-2.3266398886645963,4.21448226688,330.58240038212637,23,4,Tetragonal
mp-1226589,CeNdAl2O6,0.0,-3.6487381167499997,6.59966380340783,109.27846624934926,10,4,Monoclinic
mp-20167,V2FeO4,0.0,-2.184794608571427,4.580956136955703,160.74549061716334,14,3,Cubic
mp-12866,SrSnO3,1.6118000000000001,-2.633699613500002,6.335096060087697,133.32770579400238,10,3,Orthorhombic
mp-850192,Co5SnO12,0.9953999999999991,-1.153269344722221,4.783191627961474,210.16061633635678,18,3,Monoclinic
mp-31238,Ba3(SbO3)2,2.9311,-2.57293931060607,5.503428570074368,680.2436564365897,33,3,Triclinic
mp-554839,MnBiAsO5,1.9431999999999992,-1.87188020599138,5.964968448436672,466.3865579668446,32,4,Triclinic
mp-764736,V4O5F7,1.417,-2.7458714756249982,3.515178292194004,196.86986680269112,16,3,Triclinic
mp-754624,Al2O3,5.6671,-3.351824882000001,3.806598544022501,88.95641731038351,10,2,Trigonal
mp-753222,Fe2CoO4,1.5511,-1.5725015085714271,5.172426779272635,150.6437935459906,14,3,Cubic
mp-1346,B6O,1.856399999999999,-0.8052726050000011,2.621773527017992,102.43459585845005,14,2,Trigonal
mp-1221455,MoCl2O,0.0,-1.52618219375,3.268317076912384,92.89855381318714,4,3,Orthorhombic
mp-1077904,CdPb2(ClO)2,2.435499999999999,-1.552727685714284,6.439247833462596,162.38972529078478,7,4,Monoclinic
mp-505368,As2Pb3O8,3.3141,-1.733542170769229,7.469210966750883,399.9224570972038,26,3,Monoclinic
mp-1192895,BaDyFe4O7,1.7414,-2.224183886666665,5.543352263179882,380.5563906229709,26,4,Monoclinic
mp-754959,CrAgO4,0.0,-1.195661571944445,4.456197339842565,166.83795717468635,12,3,Orthorhombic
mp-766163,TiSn9O20,1.126299999999999,-2.233100057611111,6.643121673429107,359.00906967399203,30,3,Monoclinic
mp-754818,NaTaO3,2.713899999999999,-2.976234489742528,5.786157219214491,289.20701886028814,20,3,Cubic
mp-1222162,Mg4CuO5,,-2.5799940795,4.157863268429834,96.15428441993812,10,3,Tetragonal
mp-556450,PrB2ClO4,5.0695,-3.091260808124999,4.11700596226536,211.3324312813298,16,4,Triclinic
mp-1080812,TmSb(PbO3)2,2.731,-2.318154242,9.216189119593656,144.33756040914176,10,4,Trigonal
mp-557663,MnB4O7,2.4538,-2.692985608091476,3.609142277909185,386.8049477489525,48,3,Orthorhombic
mp-505209,Rb2MnO4,0.6351,-1.721545900418719,3.75464450763475,512.7969112683886,28,3,Orthorhombic
mp-555021,TePbO3,2.6752000000000002,-1.5481725493333331,7.42171917065387,342.58982379046694,20,3,Tetragonal
mp-15960,Li5AlO4,4.662000000000001,-2.496202980041666,2.309591473156702,722.9102622621566,80,3,Orthorhombic
mp-770859,Mn3Co3(CuO8)2,0.06909999999999901,-1.173627785574712,4.861787865809381,247.51927724701412,24,4,Monoclinic
mp-607026,V2PbO6,2.256499999999999,-2.183896452777778,5.60862072270572,479.72590911826666,36,3,Orthorhombic
mp-1103698,KCu2(SO5)2,0.0,-1.497593196816666,3.04352199330484,212.95464426687167,15,4,Monoclinic
mp-761704,Bi4O5F2,2.540999999999999,-1.905405160000001,7.488639672636059,846.0889388746516,44,3,Monoclinic
mp-20778,Dy2Be2GeO7,4.4691,-3.2864306352777772,6.547064954822388,267.6620202355493,24,4,Tetragonal
mp-640147,Fe(NiO2)2,0.0,-1.308646009285712,5.735739823215809,137.3593289052701,14,3,Cubic
mp-759721,V6O7F5,0.7526,-2.743903500000001,4.173160972532724,203.98289583083198,18,3,Triclinic
mp-1193237,BaAl5O9,0.0,-3.28386064,3.631104268191295,380.69135482803244,30,3,Hexagonal
mp-554142,Ge(TeO3)2,3.8876,-1.697089002592593,5.153547951913594,273.13101832525814,18,3,Monoclinic
mp-622018,BAs5(Pb3O10)2,2.9414000000000002,-1.819980404895833,5.841255292602802,553.9456652490212,32,4,Tetragonal
mp-27986,Np(OF)2,0.0,-3.418890235749999,6.353201316387692,80.2395788068002,5,3,Trigonal
mp-559809,Rb4Fe2O5,0.195699999999999,-1.640588151363636,4.020382882787535,440.7511728288283,22,3,Monoclinic
mp-556517,K2PbO2,1.9147,-1.536198562399998,4.685353322575296,449.95322655363185,20,3,Triclinic
mp-1237229,ReO3,0.0,-2.1287754475,7.226570013802376,215.26499208231525,16,2,Cubic
mp-3444,ErTaO4,4.050700000000001,-3.7420844770555473,9.506922858695782,143.99646502684246,12,3,Monoclinic
mp-759473,Na5Ti3O8,0.0,-2.716890297931034,3.6004848815793,178.27408575768308,16,3,Trigonal
mp-1223498,KLaTa2O7,2.2635,-3.383187081083332,6.322273607692245,171.21967981297666,11,4,Orthorhombic
mp-5548,Ta2Cd2O7,2.0269,-2.681269108606061,8.229125851151258,281.98406093907164,22,3,Cubic
mp-1096995,HfSO,1.0651,-2.904933095833333,9.243893394595434,81.39480105429922,6,3,Tetragonal
mp-510305,MnVSbO6,0.686199999999999,-2.147939474770114,5.16546956027896,416.1558779949416,36,4,Orthorhombic
mp-1038247,Mg30AlSiO32,,-2.928456867343749,3.440036898496582,625.6872273603957,64,4,Tetragonal
mp-769228,Cs5YO4,1.624099999999999,-1.8681350853275882,4.686121144039074,579.3173439785865,20,3,Orthorhombic
mp-1199654,Ag3P3O10,0.0,-1.778204710245535,4.096521134412124,467.3886753972095,32,3,Monoclinic
mp-4530,Cd2SiO4,1.462999999999999,-2.215267584285709,5.965081773206399,176.43791618028882,14,3,Orthorhombic
mp-555528,Ca2Th(Si2O5)4,4.986599999999999,-3.431682531935484,3.299103863622584,431.28668459417554,31,4,Tetragonal
mp-1041219,CaBi3P3O13,2.868999999999999,-2.47481880519643,4.862347002510171,661.1169618755355,40,4,Monoclinic
mp-10688,CeO,0.0,-3.232231492499998,8.465653204880008,30.62205766336492,2,2,Cubic
mp-558825,K4Mn(MoO4)3,3.0225,-2.181457497596552,3.028543555666765,757.903372545538,40,4,Triclinic
mp-770465,Ba4Ce2O7,0.0,-3.170560312692306,5.768435926529657,542.0731021079657,26,3,Orthorhombic
mp-558871,SrVClO3,2.189,-2.737379994583333,3.807880277654851,387.2608745550077,24,4,Orthorhombic
mp-557137,KCoO2,0.0,-1.4796058580624991,3.799749713878031,113.64979324843685,8,3,Tetragonal
mp-1275013,Li4TiCo3O8,,-2.078398211666666,4.301491910566845,293.717571051401,32,4,Triclinic
mp-4049,U2P2O9,0.0,-3.236731307252748,5.571091772839606,406.5585693461944,26,3,Orthorhombic
mp-9595,NbInO4,3.0277,-2.623428141944451,6.119882493342202,147.4554335102898,12,3,Monoclinic
mp-753992,CoAgO3,0.0,-0.731104968333333,6.328664865807177,112.71986320984168,10,3,Trigonal
mp-27927,NbAlO4,3.3835,-3.226094881666666,4.269971267181024,143.02161223622852,12,3,Monoclinic
mp-22726,Sr2LuIrO6,0.0,-2.827100211166667,7.7310442150247916,274.2506666962579,20,4,Monoclinic
mp-770381,Li3V3(BO5)2,0.0,-2.549203954351852,3.379295288183927,349.14316174132495,36,4,Monoclinic
mp-780659,Li3Mn4(BO3)4,,-2.460026465147427,3.130086238166421,504.8451199281552,46,4,Triclinic
mp-26535,Li3Mo2(PO4)3,2.727,-2.539204996196429,3.711205152100133,445.3068896194273,40,4,Monoclinic
mp-1205611,Ba2UCrO6,0.9356999999999991,-3.282478179999999,7.354625833287631,149.16834024125487,10,4,Cubic
mp-13530,SmAsO4,3.732199999999999,-2.798526974583333,6.551101494662575,146.64996814540618,12,3,Tetragonal
mp-14411,K4GeO4,2.7733,-1.953662920722222,2.945854776662261,330.35511116971674,18,3,Triclinic
mp-765691,Mn6O5F7,,-2.439321150977011,4.174258057157004,215.85438326531627,18,3,Orthorhombic
mp-1439,TiO2,2.5281000000000002,-3.503531851111111,4.307081249474625,123.16487505448308,12,2,Orthorhombic
mp-768357,Ba2Ti11O24,2.574,-3.485564316666666,4.221204009618479,466.2252856378851,37,3,Triclinic
mp-759560,LiTi6O12,0.0,-3.360936412807018,3.727624130505046,433.11635471330226,38,3,Monoclinic
mp-14551,Sr2CaUO6,2.2089,-3.5751812629999993,5.831040950939578,312.87930745311166,20,4,Monoclinic
mp-541485,Ba3CaRu2O9,0.0,-2.4771969606666673,5.74630758825017,461.3159442492377,30,4,Hexagonal
mp-19344,Cr2NiO4,0.0,-2.033889613571428,5.016092998753867,150.08346513328723,14,3,Tetragonal
mp-558672,Si3Bi2O9,3.5103,-2.710729046428571,5.617534064470441,382.03955434419566,28,3,Hexagonal
mp-554440,CuSeO3,0.021500000000000002,-1.08423761521875,4.7113123288546195,537.1576229645312,40,3,Monoclinic
mp-1079306,Sr3Fe2O5,0.0,-2.3785089295,5.137498482680337,293.836797675136,20,3,Orthorhombic
mp-1227726,Ca4Mn2Al2O11,,-2.898616175308529,3.8436193869265303,432.1497573917944,38,4,Monoclinic
mp-12637,Ba2NdNbO6,2.849999999999999,-3.35878035975,6.090547403620582,165.71147910643413,10,4,Cubic
mp-1221988,Mn5CrO8,,-2.1077263806896562,4.860093053943926,155.35020147630195,14,3,Monoclinic
mp-18735,Ba2Co(BO2)6,0.0,-2.865107833333334,3.888347325129648,504.30610201845434,42,4,Trigonal
mp-780415,NaEuO2,0.0,-2.602592354094828,5.761691023318068,59.644438556647664,4,3,Trigonal
mp-6097,Li3Al(BO3)2,4.8248,-2.848371881527777,2.288395003153186,240.0732842700453,24,4,Triclinic
mp-8516,CdSO3,3.334699999999999,-1.6321763404999992,4.253057560808945,300.59403038203004,20,3,Monoclinic
mp-22697,Ni3(PO4)2,3.7408,-2.111297404560441,4.436594938184511,273.9918216747897,26,3,Monoclinic
mp-769173,PrOF,4.437099999999999,-4.12563557388889,6.353054152410427,91.95510381593472,6,3,Trigonal
mp-560403,InAg(WO4)2,2.3704,-1.902841799861112,7.875032218304937,302.9491526053027,24,4,Monoclinic
mp-19128,CoO,0.7120000000000001,-1.27141856625,5.374821193673203,46.30051749653841,4,2,Hexagonal
mp-552200,Ba2TaBiO6,2.6759,-2.936263530733333,7.706379124545065,163.88638437738652,10,4,Cubic
mp-759601,MnOF,0.15989999999999902,-2.357287176810345,4.408896554422942,135.49148870284972,12,3,Tetragonal
mp-755778,V4CrCoO12,0.09199999999999901,-2.203079149999999,3.39328978041158,247.9527039469584,18,4,Monoclinic
mp-21861,Cu3TeO6,0.0,-1.101362166916668,6.326545321327956,434.899218447536,40,3,Cubic
mp-1020656,RbY(PO3)4,5.4849,-2.913778739503968,3.253249566237614,1000.9663921607379,72,4,Monoclinic
mp-559188,Hf(MoO4)2,2.9530000000000003,-2.490040391818182,5.581041643290187,296.5592937400318,22,3,Monoclinic
mp-554505,KHo(PO3)4,5.3316,-2.9164901039345232,3.554742664740118,485.74070637870284,36,4,Monoclinic
mp-23642,VBiPbO5,2.9292,-2.021756554999999,7.198746566237126,252.4084711597533,16,4,Triclinic
mp-557027,Rb2Be2Si2O7,4.3938,-2.974367648076923,2.9984446370719713,395.55370542344554,26,4,Orthorhombic
mp-546350,TmBi2BrO4,1.360199999999999,-2.428541616875002,8.65940498370539,140.13853410567432,8,4,Tetragonal
mp-1104363,K3ScV2O8,3.0893,-2.697545394053572,2.9507091581707092,220.67425444835692,14,4,Trigonal
mp-755650,Gd3YO6,2.9924,-3.820042391000001,7.30512946795697,298.5290593626513,20,3,Orthorhombic
mp-704204,Li2MoP4O13,0.0,-2.555278688261906,2.612476692191872,561.5173253600366,40,4,Triclinic
mp-1105819,InRhO3,0.32219999999999904,-1.471645816833333,7.640177340224572,231.0110061819039,20,3,Orthorhombic
mp-753581,LaUO4,0.0,-3.867749814166664,8.780931131369933,83.38350085534267,6,3,Tetragonal
mp-1272890,La2ZnCoO6,0.0,-2.653802820000001,6.917681512754127,239.1543358424413,20,4,Trigonal
mp-1819,SbO2,2.028799999999999,-1.839006646249989,6.645553853260452,153.68018971557615,12,2,Monoclinic
mp-559723,Cr2B(PO4)3,2.4621,-2.647064651560844,3.114343026628351,426.2511632939226,36,4,Hexagonal
mp-1105765,NaNbO3,1.865,-2.819604603275862,4.409082467416359,246.90213602096873,20,3,Orthorhombic
mp-5985,HoTaO4,4.040599999999999,-3.736251755388878,9.3492528753811,145.59768302901625,12,3,Monoclinic
mp-780625,Tb5O9,0.0,-3.467706582738095,7.661994877400494,203.42188233733566,14,2,Tetragonal
mp-10559,Gd3AuO6,1.5063,-3.089925464999999,8.987227128426396,141.29338689390778,10,3,Triclinic
mp-20694,K2Pb2O3,1.6906999999999992,-1.5614089427857092,5.971810365572381,300.63874424946636,14,3,Cubic
mp-754113,TmClO,5.297899999999999,-3.547094703333334,5.16562656790815,141.69068199164695,6,3,Orthorhombic
mp-558992,In7GeIrO8,0.41029999999999905,-1.642977864803921,7.260623975966256,273.6630975407977,17,4,Cubic
mp-1008500,BaO,2.3602,-2.804754410000002,6.059770600663804,84.03106121319118,4,2,Hexagonal
mp-754451,V5O12,1.3306,-2.2905396500000013,3.142098439645079,236.07258444001098,17,2,Monoclinic
mp-25587,LiNiO2,,-1.4595396008333321,4.304349459206554,37.665097672403284,4,3,Monoclinic
mp-766395,P4WO12,2.8551,-2.460413754621848,2.947437988895547,563.0772334469997,34,3,Monoclinic
mp-628588,Fe4Si2Sn7O16,0.0,-1.921594353620688,5.780447332441839,785.1107134629672,58,4,Trigonal
mp-550908,SrHfO3,3.6763999999999992,-3.801078973999998,7.670305811826364,136.00212319147215,10,3,Tetragonal
mp-7534,K2Cd2O3,0.6513,-1.405377440642856,4.535901711324128,257.00605812411413,14,3,Monoclinic
mp-7232,Cs2HgO2,2.068899999999999,-1.285047978362071,5.781781763415479,143.1413728166855,5,3,Tetragonal
mp-556369,CdHg2SeO6,0.9505999999999991,-1.070476693234376,6.920166112884197,330.44289349560876,20,4,Triclinic
mp-775025,MnCu(PO4)2,0.0,-2.157938219351395,3.256790184831079,314.5150102055334,24,4,Monoclinic
mp-645435,Cu3Sn4PbO12,0.5396999999999991,-1.6325775295,7.420980019934427,238.23369039119132,20,4,Cubic
mp-28713,Na2Te2O5,2.9290000000000003,-1.7431334201213242,4.68896409500429,539.9559653055198,36,3,Monoclinic
mp-755363,Ba3SiO,0.421699999999999,-1.316792708000001,4.805034837985734,630.4347580643596,20,3,Orthorhombic
mp-9774,Ba4Sb2O,0.6382000000000001,-1.6512220507142832,5.170461309333541,259.7620242147456,7,3,Tetragonal
mp-3082,CaSO4,5.684,-2.656896087638887,2.5657350833097903,264.3298444606969,18,3,Hexagonal
mp-5525,KAlO2,3.999399999999999,-2.909401789781249,2.857351252039713,911.9685842080944,64,3,Orthorhombic
mp-756693,Fe13O15,0.0,-1.4855365237499991,5.281951338778727,303.6833894363142,28,2,Triclinic
mp-17250,K3SbO3,3.2348,-1.8156306434642842,3.254670696551955,585.8201112752612,28,3,Cubic
mp-505421,Mn2CuO4,0.0,-1.665176083694581,5.10312110400582,154.5111951646961,14,3,Cubic
mp-1202716,S2I2O11,,-1.237320586500002,3.75051360362427,874.7537361651671,60,3,Orthorhombic
mp-558170,Rb3PO4,3.664799999999999,-2.496436364642857,3.838749884711895,607.9807612806402,32,3,Orthorhombic
mp-27247,Na3NbO4,3.768899999999999,-2.504653314579741,3.866220339482795,388.04970811351325,32,3,Monoclinic
mp-1047036,Ca(AgO2)2,0.9283000000000001,-1.34347086119048,5.971042213470892,177.87860175209863,14,3,Tetragonal
mp-755007,CeOF,0.0,-4.082741916666667,6.314965882933889,92.09339106655892,6,3,Trigonal
mp-20334,CoCu2O3,0.0,-0.9811618024999991,6.117652859039323,127.04381855262282,12,3,Orthorhombic
mp-560515,K4Ru2Cl10O,0.5983,-1.6959253467058821,2.612544284859128,463.3938403697714,17,4,Tetragonal
mp-6598,K2Cu(PO3)4,0.8983000000000001,-2.480498010161653,2.745949301144008,553.479437259142,38,4,Monoclinic
mp-20977,CuTeO3,0.0,-1.214753712333333,6.242933004887723,254.4370002624723,20,3,Orthorhombic
mp-510453,Ag3RuO4,0.0,-0.7097687249999981,7.231418859075018,448.85204116922824,32,3,Tetragonal
mp-1216431,VCr(CuO2)2,0.9177000000000001,-1.818342671874999,5.210951629453226,187.39135841652086,16,4,Monoclinic
mp-29455,Ga4GeO8,2.056899999999999,-2.232362397307692,5.607684262319922,141.9968764018625,13,3,Monoclinic
mp-1192793,PrMoBrO4,2.1545,-2.581199796309524,4.540113891863944,557.033606876395,28,4,Triclinic
mp-870306,V6O13,0.0,-2.393452459736842,3.7046699847148963,460.457359135563,38,2,Monoclinic
mp-556882,SiO2,5.6423,-3.262027181458334,2.6006450554793012,613.8312638612458,48,2,Monoclinic
mp-755673,DyWO4,1.9468,-2.9821638769444423,9.333245844469355,146.01171482023128,12,3,Monoclinic
mp-1581,As2O3,3.6306000000000003,-1.6246828995,3.904404431828516,336.5669509159764,20,2,Monoclinic
mp-1042561,Ca2Sn3O8,2.0574,-2.501429244615384,4.8876335284215635,383.421126686039,26,3,Hexagonal
mp-675755,TiCu3O4,0.0,-1.7098972279166662,4.82447029698279,104.1186605215957,8,3,Monoclinic
mp-555399,SrFe3(PO4)3,0.0,-2.5664998925751883,3.759658307704084,477.0677240153819,38,4,Orthorhombic
mp-556898,VZn2P2O9,2.6012999999999993,-2.438928385306122,3.414727981915771,377.0688009386184,28,4,Tetragonal
mp-760012,NaCr4O8,0.0,-2.10426133856764,4.108519423510123,145.08454261923316,13,3,Tetragonal
mp-6812,KBaPO4,4.950299999999999,-3.040540147413266,4.101430917901828,439.5195421468979,28,4,Orthorhombic
mp-977408,NbTlO3,0.1116,-2.362471505666668,8.267313088456405,69.35312692633802,5,3,Cubic
mp-16036,Tb2TeO2,1.1715,-3.3274110779999972,8.212666351732242,96.53668043039539,5,3,Tetragonal
mp-1043355,CaV(GeO3)2,0.0,-2.468609756,4.336431178828326,254.49052498054255,20,4,Monoclinic
mp-29910,Sr4I6O,3.5855,-2.185332644090906,4.746417358496219,789.1983364752082,22,3,Hexagonal
mp-757717,Li2MnP2O7,3.266999999999999,-2.609082350740285,2.9650811354750983,543.8206102907727,48,4,Monoclinic
mp-19380,CrHgO4,1.3635,-1.297561129583334,5.82283415173722,180.564854845448,12,3,Orthorhombic
mp-17161,K6CdO4,1.5819,-1.336884909863634,3.163811940696736,431.4282342330357,22,3,Hexagonal
mp-1225305,EuPaO4,0.0,-3.829737407500008,9.348165408135902,79.40133125647847,6,3,Tetragonal
mp-28952,PdSO4,1.0661,-1.4070624454166651,4.06194308272783,165.55144213440974,12,3,Monoclinic
mp-6661,BaTi(SiO3)3,3.0661,-3.385292812738096,3.6597912188685973,375.18082283206513,28,4,Hexagonal
mp-9721,Ca3GeO,0.0,-1.7046520699999999,3.309284015030698,104.80890703191913,5,3,Cubic
mp-9417,Sm(CuO2)2,0.0,-2.047060307142881,7.164790760803668,158.27130728695403,14,3,Tetragonal
mp-18373,ZnSe2O5,3.0515,-1.372878197773443,4.690653331240539,429.5219768733596,32,3,Orthorhombic
mp-2219135,MgV4O8,,-2.527921701923077,4.085097317298432,144.73629132214253,13,3,Monoclinic
mp-644707,La5MnOs3O16,0.0,-2.790260330917241,7.860646171740136,332.95630029298536,25,4,Triclinic
mp-1192780,Cr2FeO4,2.321399999999999,-2.098097386428572,4.900285424784327,303.39982074081445,28,3,Orthorhombic
mp-1194095,TiAg2(IO3)6,2.433299999999999,-1.038760822469136,5.318920981194354,409.9177351615565,27,4,Trigonal
mp-759859,MnNi3O4,0.9829999999999991,-1.361572037241379,6.194925178958791,79.07849114181673,8,3,Orthorhombic
mp-8724,K2TeO3,3.5774,-1.8609693726944432,3.498862617261029,240.8989585477587,12,3,Trigonal
mp-21394,EuO,0.0,-3.123422545000004,8.494324767289008,32.83483915437547,2,2,Cubic
mp-12832,Ba3CaRu2O9,0.0,-2.462047541666667,6.030460534869988,219.78945850752817,15,4,Trigonal
mp-13554,SnHgO3,0.0,-1.453517254500001,9.218080204353802,132.32972520759614,10,3,Trigonal
mp-1195181,Co4Se3Cl2O9,,-1.296382262473958,3.9299078879051423,1162.0046666373848,72,4,Orthorhombic
mp-765578,Li2VSi4O11,0.9102999999999991,-2.953077762592593,2.6731343948409823,438.76144147430193,36,4,Tetragonal
mp-30547,RbCr3O8,1.8319,-1.948668683124999,3.296526269352012,372.20289888771185,24,3,Monoclinic
mp-3593,Ta2Sn2O7,1.4862,-2.659286476333332,7.652071511427247,308.71656966098647,22,3,Cubic
mp-867613,LiTi4O8,0.0,-3.333029768461538,3.880364221959116,419.0381839944948,39,3,Triclinic
mp-22402,BaInCo4O7,0.0,-1.656284697051282,5.634728734989058,353.56218957828304,26,4,Hexagonal
mp-13934,Ba2TmReO6,0.0,-3.07167965825,8.099725965829986,148.7958145374135,10,4,Cubic
mp-1002570,KMnO2,1.9757999999999991,-1.9180038706702591,3.706544439040743,225.855953413319,16,3,Monoclinic
mp-684017,Y2Te4O11,3.270199999999999,-2.286451440098038,5.851989556892353,490.44733116954774,34,3,Monoclinic
mp-763057,Mn(CoO3)2,1.068,-1.2939049508812261,4.404192687977071,101.34758383090173,9,3,Monoclinic
mp-21348,Ba2EuTaO6,0.0,-3.332704743233333,7.286586155442499,160.33470637735425,10,4,Tetragonal
mp-556995,Nd2O3,3.6365,-3.773280861666664,7.102868648668398,235.9927513598033,15,2,Monoclinic
mp-754126,CuAuO2,0.0,-0.675147459999999,9.927749746999856,48.926148223663034,4,3,Trigonal
mp-755329,Li3Fe(OF)2,,-2.4890234628125,3.316583324142303,293.7247453460286,32,4,Monoclinic
mp-766984,Li2Fe(Si2O5)3,0.33240000000000003,-2.854503483194444,2.555092257841281,621.5988921121095,48,4,Monoclinic
mp-550117,Sm4Se3O4,1.289099999999999,-3.165801031548299,7.086341740300261,211.4396511192339,11,3,Orthorhombic
mp-18863,PrCrO4,0.297199999999999,-2.726160331111111,4.862926478652921,175.44773905586615,12,3,Tetragonal
mp-757044,Mn3NiO8,0.8148000000000001,-1.487912116149425,4.333137546860845,134.7023991673421,12,3,Trigonal
mp-559031,Eu4Br6O,0.8538000000000001,-2.567701471363641,5.846334218669394,626.7306919350134,22,3,Hexagonal
mp-755264,TiO,0.0,-2.827090324166667,5.491461420617172,19.312282126746364,2,2,Hexagonal
mp-549487,Sr2Cu(IO)2,0.0,-2.040133024285713,5.111788396202683,170.4116704069578,7,4,Tetragonal
mp-558920,NaNbO3,2.4098,-2.843007565775861,4.512102215045941,482.5297952992486,40,3,Orthorhombic
mp-27453,Li7SbO6,3.497199999999999,-2.146406998095237,3.283949545081623,134.6773495632612,14,3,Trigonal
mp-1274023,La2ZnFeO6,0.0,-2.738182359000001,6.645870131330167,123.69617208707156,10,4,Trigonal
mp-5777,BaTiO3,2.2929999999999993,-3.492277977666666,5.905237274567591,65.57310741671338,5,3,Orthorhombic
mp-997002,KAuO2,1.4264000000000001,-1.1440430680624991,5.84885224780643,152.21112650864933,8,3,Orthorhombic
mp-1191890,Gd3NbO7,2.3502,-3.688097532727276,7.420015691591596,302.8584914350878,22,3,Orthorhombic
mp-28430,Na2TbO3,0.0,-2.441350567820881,4.8488783571481395,346.43513628143535,24,3,Monoclinic
mp-16185,Mn6AgP7O24,,-2.503213723993497,3.681308044047892,936.6969794435381,76,4,Monoclinic
mp-510250,SrV13O18,0.0,-2.382286843749999,4.60127322357733,374.5459632214904,32,3,Trigonal
mp-554944,TiSO5,2.104899999999999,-2.5393963802976183,2.768488503080561,383.70157880268215,28,3,Orthorhombic
mp-5427,Mg2P2O7,5.3203,-2.977209820616883,3.170600125836908,116.55789889497309,11,3,Monoclinic
mp-31908,Mn3Nb6O11,0.240599999999999,-2.450766437689654,6.002198869456395,497.0086128960751,40,3,Trigonal
mp-29326,La3(ReO5)2,0.0,-3.065446080666686,7.853806635263244,200.6744289822777,15,3,Monoclinic
mp-849342,Mn2OF3,,-2.630573663310345,4.024745817263496,377.24611020124007,30,3,Orthorhombic
mp-13369,Ba3CaIr2O9,0.0,-2.359971554333334,7.684221470169044,211.88066617255586,15,4,Trigonal
mp-760177,Co3OF5,0.0,-2.078215363888889,4.675999227437128,204.4004615622427,18,3,Orthorhombic
mp-753708,TiOF,0.0,-3.422749602777779,3.9137211916773023,140.63366930923289,12,3,Monoclinic
mp-19926,La2Be2GeO7,4.130699999999999,-3.272402461250001,5.460089745263627,292.24466109060614,24,4,Tetragonal
mp-1078354,Sr2CrOsO6,0.0,-2.492751817999999,6.877528399813901,123.97252194657221,10,4,Trigonal
mp-17836,BaNd2BeO5,3.875499999999999,-3.436739420555556,6.868729707875828,497.8382093008551,36,4,Monoclinic
mp-566333,Na3Fe2Mo5O16,0.7362000000000001,-1.940355878812997,4.362194518957788,697.646325455181,52,4,Trigonal
mp-754243,Cr4OF11,0.9415,-2.8806371175,3.612599964839282,199.0138280091328,16,3,Monoclinic
mp-1205677,Sr2NbGaO6,3.2457,-3.05934915075,5.6462200875672774,127.59883004512733,10,4,Tetragonal
mp-1042375,CaCr2O7,2.6242,-2.001828125999999,2.242163352862383,379.2833346287357,20,3,Monoclinic
mp-553912,NaZr2(AsO4)3,3.7453000000000003,-2.502631145771073,3.495123643852231,591.2121140594635,36,4,Trigonal
mp-554141,Ca3SiO5,3.2699,-3.377418933518519,2.959187811183169,384.35728854377,27,3,Trigonal
mp-12631,SrTcO3,0.0,-2.3778703065,6.235672386085119,62.21175901326076,5,3,Cubic
mp-755148,CuSb(PO4)2,0.0,-2.106167429523809,3.989415644574303,312.38417924251735,24,4,Monoclinic
mp-755442,Mn4CoO8,0.0,-1.732441105517241,4.453843833632094,151.62385742298,13,3,Monoclinic
mp-3430,Pr2Ru2O7,0.0,-2.480425498484847,6.795146905195361,291.26672230636404,22,3,Cubic
mp-37307,Na(WO3)2,0.0,-2.178079369042147,7.130114077049407,113.34014824296185,9,3,Cubic
mp-1079351,Sr2CuMoO6,0.0,-2.362045463,5.584710653568779,128.06954852757858,10,4,Tetragonal
mp-1216344,VGa(CuO2)2,0.0,-1.7634390084375,5.543087762531899,186.78393141163758,16,4,Monoclinic
mp-622497,V3O5,0.0,-2.518041229687499,4.444064038144065,347.9780606004661,32,2,Monoclinic
mp-553961,ScNbO4,3.3026,-3.466261806666667,4.713655860090216,142.22346585957226,12,3,Monoclinic
mp-767780,KV4O10,0.0,-2.350430812483333,3.01902985333518,443.16351805203084,30,3,Orthorhombic
mp-27726,SO2,2.8367999999999993,-1.521880410833333,2.037555773121775,104.41966208548168,6,2,Orthorhombic
mp-997088,KAgO2,0.9659000000000001,-1.021018559729165,3.9826040830217133,149.23847112129258,8,3,Orthorhombic
mp-15359,GdAl3(BO3)4,2.8774,-3.239803282333334,4.215504678245331,186.490449257164,20,4,Trigonal
mp-1042041,MnZnP2O7,2.4648,-2.484950887474249,3.808094880834071,513.3072257292033,44,4,Triclinic
mp-560888,CuMoO4,0.0,-1.5608580725000012,5.261089253529702,141.07468269823855,12,3,Triclinic
mp-617,PtO2,1.6099,-0.8708263916666651,10.633759523269788,35.46063458814853,3,2,Trigonal
mp-755177,EuSeO3,0.08659999999999901,-2.250813653468751,6.238942248256981,148.47427375094398,10,3,Monoclinic
mp-19300,La2MoO6,2.792399999999999,-3.17774589388889,5.660250193540541,551.2362760159293,36,3,Tetragonal
mp-553956,P2Pb3O8,3.2968,-2.300271062252746,7.290286276468711,184.8484882914275,13,3,Monoclinic
mp-1102197,CsSeO4,0.0,-1.309644827833153,3.4916406440546393,262.3874684764295,12,3,Tetragonal
mp-818591,MnV2(PbO4)2,1.646,-2.091753955610079,5.538823004196642,419.2500428138381,26,4,Monoclinic
mp-555318,K2Zn(SiO3)2,3.9235,-2.734427540409092,3.000601134353356,327.36281788504044,22,4,Orthorhombic
mp-765742,Na3V5O10,0.0,-2.4005041430076632,3.668041737066508,437.91991987235053,36,3,Triclinic
mp-14232,LiBO2,7.281099999999999,-2.7561545387499997,2.902264916526238,56.93012138497963,8,3,Tetragonal
mp-28166,K3BrO,0.8913000000000001,-1.56421230635,2.532004578426728,139.8196942845503,5,3,Cubic
mp-780740,Fe4OF7,0.11509999999999901,-2.403627041249999,4.215312455929537,293.3742098220077,24,3,Monoclinic
mp-18334,NaHoGeO4,3.6138,-2.878158338768471,5.440953271053589,396.2105135378259,28,4,Orthorhombic
mp-23084,BiPbClO2,2.073699999999999,-1.679936678,7.836737092505119,204.95523902001557,10,4,Orthorhombic
mp-23352,Ge(Bi3O5)4,2.3762,-1.696776255303031,9.20431899497497,523.256044854023,33,3,Cubic
mp-555784,Na2U(MoO5)2,2.2616,-2.501336907183907,4.068349000774147,1038.1682076913469,60,4,Orthorhombic
mp-9298,Sr(AuO2)2,1.2361,-1.477021438571423,9.18090712987911,197.3461446556185,14,3,Tetragonal
mp-1078159,Ce2Fe(SeO)2,0.0,-2.465926162098213,6.393907933642377,136.6044966290209,7,4,Monoclinic
mp-1221355,Na2GeTeO6,2.7979000000000003,-1.9455194344425282,4.526803773271348,125.53292867417649,10,4,Trigonal
mp-1445093,Ca2CrWO6,1.6023,-2.768342862999999,5.666228061037442,120.73693325973831,10,4,Triclinic
mp-6332,Li2TiSiO5,3.215299999999999,-3.102775733333333,2.993752574904439,188.40023243956938,18,4,Tetragonal
mp-17510,LiGa(WO4)2,3.4505999999999992,-2.23247940798611,6.987964939238285,272.00811944834595,24,4,Monoclinic
mp-757196,Hg2W2O7,2.2155,-1.675195252272728,7.826447418872679,373.7827368300093,22,3,Triclinic
mp-542832,Ba3Lu4O9,3.1681,-3.648600351354167,8.179870873053057,254.9401319047029,16,3,Trigonal
mp-755001,Er2TeO6,2.4522999999999993,-2.983673472407407,7.489576914482563,247.48280855222305,18,3,Tetragonal
mp-752932,RbMn4O8,0.0,-1.9249455614788331,5.070953941113968,141.86102634490152,13,3,Monoclinic
mp-13939,Sr2ErReO6,0.0,-3.03235778425,7.214921568615361,143.77741051422953,10,4,Cubic
mp-756317,Al2HgO4,1.346099999999999,-2.5423616575,6.7377756683973615,157.0149765191886,14,3,Cubic
mp-778111,Li3Bi3P8O29,,-2.283946875863786,3.551491933481821,1271.3328204458705,86,4,Monoclinic
mp-774520,TiAlO3,0.0,-3.298947951666666,4.169728033310165,97.84417929423466,10,3,Trigonal
mp-1102963,VO2,0.0,-2.479511370000001,4.465187981414028,123.37720957665863,12,2,Monoclinic
mp-772146,LiFePO4,,-2.41090257292517,2.518254437953745,1248.3040253436216,84,4,Hexagonal
mp-1094048,Sr2TiFeO6,0.0,-2.865295790333333,5.084611234531497,122.45114472680666,10,4,Cubic
mp-6122,Ba2NdSbO6,3.7321,-3.01343531975,6.495506432835607,162.7565447672368,10,4,Trigonal
mp-558558,Ca3WCl2O5,3.9325,-2.925349647954545,3.943272293534344,766.3757678040632,44,4,Orthorhombic
mp-20210,Ag2PbO2,1.3818000000000001,-0.817315429666662,8.574442803523121,176.20682525541724,10,3,Monoclinic
mp-689140,PbWO4,3.6216,-2.000066452499999,7.921940614496034,190.7632860032423,12,3,Triclinic
mp-996978,CuAuO2,0.0,-0.6980129299999991,9.650563171907995,50.33142076755258,4,3,Monoclinic
mp-775024,MnNi3(PO4)4,0.0,-2.063426344854269,3.67487696113961,276.04446594645435,24,4,Monoclinic
mp-557464,MoSeCl7O,2.4435000000000002,-1.130990043734375,2.412262153694383,604.4894839236944,20,4,Triclinic
mp-18466,Nd2SiSeO4,2.6009,-3.380635908730468,6.060402920410363,503.6382641434911,32,4,Orthorhombic
mp-1100613,Li9Mn2Co5O16,,-1.82165782643319,4.194851671769492,286.2013419738156,32,4,Monoclinic
mp-36734,CeThO4,1.6536,-4.140328989999998,8.605557288249912,84.16036825195879,6,3,Tetragonal
mp-546936,Co(RhO2)2,0.0,-1.1643603814285681,7.102123904908717,153.72544909964498,14,3,Cubic
mp-1104182,MoPO5,1.2299,-2.352970009948979,3.7229608120335342,184.57535329967894,14,3,Monoclinic
mp-28136,Hg2IO,0.9192,-0.541214396250005,8.55951947774711,422.20712225294795,16,3,Monoclinic
mp-18722,Cs2LiMnO4,1.818,-1.88183337694684,4.154833555272912,626.1742792153523,32,4,Orthorhombic
mp-754757,SbRhO4,0.0,-1.5651373466666652,7.150870686610233,134.06377366980044,12,3,Tetragonal
mp-19242,YNiO3,0.0,-2.465712242,6.185143049224782,210.04992412781706,20,3,Orthorhombic
mp-553991,Ti(GaO2)4,2.361199999999999,-2.55084869948718,5.170914622398334,146.0355024098595,13,3,Monoclinic
mp-776661,NbV3O10,1.5159,-2.420244780714285,3.310470191808717,203.51248447988607,14,3,Tetragonal
mp-3916,K2(SO2)3,3.5394,-1.8633776349545452,2.168481965225365,828.2104151014755,44,3,Orthorhombic
mp-14735,La2CuSnO6,0.0,-2.773569056,6.879129703265918,536.9079749350874,40,4,Monoclinic
mp-14748,La4Mo2O11,0.33539999999999903,-3.192806333529413,6.087703014558142,1007.6049942603911,68,3,Tetragonal
mp-19315,Sr2MnWO6,1.8985999999999992,-2.767879497793102,6.2616248244276225,270.50452053560474,20,4,Monoclinic
mp-1221840,Mn2NbFeO6,1.506,-2.284717352586207,5.070964780125192,116.12519818552984,10,4,Trigonal
mp-756043,Mn3CrO8,0.776799999999999,-1.791604477816092,4.068002368748936,140.74792571214545,12,3,Trigonal
mp-1106150,CeMn4(CuO4)3,0.0,-1.884282891086206,6.006265962896251,205.27705080281163,20,4,Cubic
mp-18137,TaVO5,2.171999999999999,-2.889145934976198,4.47173837080606,463.2645967944659,28,3,Orthorhombic
mp-768762,Ho2TeO6,3.0134,-3.028521803518517,7.890639716707113,465.8872130019528,36,3,Orthorhombic
mp-559377,IOF3,3.637,-1.647007456999999,4.34973787356924,305.2507904627409,20,3,Orthorhombic
mp-6126,LiCdBO3,2.115599999999999,-2.30400035625,4.344979659816659,204.26583499690264,18,4,Hexagonal
mp-556878,BiPPbO5,3.3519,-2.225278606205357,6.876884142495284,254.57898675226537,16,4,Triclinic
mp-541282,KZr2(AsO4)3,3.996,-2.523060768041666,3.439563591700532,616.3157238148967,36,4,Trigonal
mp-17502,SrVPO6,2.4421,-2.874451254404762,3.697414918017325,477.00970320817055,36,4,Monoclinic
mp-555118,NaPO3,5.081,-2.636709199704434,2.576333377070539,788.6158193446041,60,3,Orthorhombic
mp-754359,Y6TeO12,2.725399999999999,-3.531711268771929,5.500461373607832,257.52133441865516,19,3,Trigonal
mp-2340,Na2O2,1.7361,-1.2980963948563211,2.6929727082185853,144.24885606779526,12,2,Hexagonal
mp-28433,RbClO4,5.4759,-1.09439221125,3.111403665132125,394.75974239443593,24,3,Orthorhombic
mp-18956,SmCrO4,0.0,-2.755208639166667,5.302560385578027,166.82157004242873,12,3,Tetragonal
mp-20798,MnGeO3,1.6731999999999991,-2.135882778586207,5.593280875660874,104.25051788767347,10,3,Trigonal
mp-30962,K4Ge9O20,3.0665,-2.17915325890909,3.847158879398164,975.599746308257,66,3,Tetragonal
mp-1221688,MnFe4CuO8,,-1.589032732709359,4.9029110461941325,159.13395629140024,14,4,Cubic
mp-30957,Pr(PO3)3,5.4848,-2.984249975815019,3.54215951520362,354.2419471037775,26,3,Orthorhombic
mp-20406,Lu2V2O7,1.1751,-3.262010215303032,7.810326093317635,239.7424049810559,22,3,Cubic
mp-21908,Co(SbO3)2,0.0,-1.811366018333333,6.544156291520251,404.41645284406513,36,3,Tetragonal
mp-556549,Bi2O3,2.2769999999999992,-1.625217435500002,8.701621819160167,355.67766056215333,20,2,Orthorhombic
mp-8075,NaBe4SbO7,3.385899999999999,-2.709880308567638,4.168553044774736,233.26864928375045,26,4,Hexagonal
mp-22632,Co3(BO3)2,0.0,-2.2781895807575783,4.724368672688672,206.966305922912,22,3,Orthorhombic
mp-20727,Sb2PbO6,1.926499999999999,-1.9003055799999982,6.885286752275585,131.85274240769567,9,3,Trigonal
mp-1105118,As2O3,3.4494,-1.60472173,3.754348899841178,350.01901256938044,20,2,Monoclinic
mp-9421,Ho(CuO2)2,0.0,-2.085447309285714,7.889780536107496,149.8609455465218,14,3,Tetragonal
mp-765508,V3(O2F)2,1.251999999999999,-2.659270063333333,3.894184634367968,108.65862528733551,9,3,Triclinic
mp-12647,TbNbO4,3.5124999999999993,-3.566975817777776,6.980271797904842,150.26547848767675,12,3,Monoclinic
mp-756542,MnVO4,1.6862,-2.122967532155172,3.839687571315276,146.93259831989113,12,3,Orthorhombic
mp-754053,FeOF,0.005099999999999,-2.099655274166667,4.417225340213007,136.59979920859666,12,3,Monoclinic
mp-555586,LuPO4,5.9929,-3.419835261051587,7.104345538412041,126.18845557312346,12,3,Tetragonal
mp-1191155,TiP2PbO8,2.5872,-2.808509416051586,4.4771476958457335,330.10125281529037,24,4,Monoclinic
mp-8409,KYO2,3.973899999999999,-3.075378259312499,4.145686844635891,64.0885718587318,4,3,Trigonal
mp-8109,EuB4O7,2.1466,-2.982551635972221,5.062560224715145,201.52803667108026,24,3,Orthorhombic
mp-9650,MgTa2O6,2.8397,-3.325803555518519,7.785037426935283,205.7041419513851,18,3,Tetragonal
mp-1019781,K2Na3P3O10,4.3865,-2.638942295142583,2.478578077737644,536.073854723739,36,4,Monoclinic
mp-8323,Dy2S2O,2.170099999999999,-2.9619900201666662,6.785800928576103,396.55345201491536,20,3,Orthorhombic
mp-19405,Ni(AgO)2,0.0,-0.610143178666665,8.221194800002008,61.893273885618235,5,3,Trigonal
mp-540636,WOF4,3.109,-2.65028594,5.557744345852476,329.65279804868214,24,3,Monoclinic
mp-7118,Rb4SnO4,2.1626,-1.770764335,4.272468912595887,407.76591180900647,18,3,Triclinic
mp-22616,CoSeO3,1.851999999999999,-1.2813296369687501,5.262400707726104,234.63049713342954,20,3,Orthorhombic
mp-760382,ThUO4,0.0,-4.010769561666664,10.456906360232054,84.80855159462767,6,3,Tetragonal
mp-559430,Na6U2Mo4O21,2.0982,-2.490502361614419,4.473223184725217,495.10915340559245,33,4,Triclinic
mp-554812,CuB2(PbO3)2,0.0,-2.036385760757575,6.849773710354806,288.75638661790555,22,4,Monoclinic
mp-561426,Ba2CrO4,0.0,-2.731699179285714,5.200506263440646,498.94047561305496,28,3,Orthorhombic
mp-29204,P4(S2O)3,3.2175,-1.137337071813185,2.050817223511893,589.9175779068917,26,3,Monoclinic
mp-753712,YIO,3.4078,-3.048536466666665,5.229788367358784,147.20637587559176,6,3,Tetragonal
mp-13936,Sr2GdReO6,0.0,-2.9614581922500003,6.869275176736544,148.5924465710668,10,4,Cubic
mp-1016119,NaMnO2,0.0,-1.928926117952587,3.79356559021995,192.47057485084997,16,3,Monoclinic
mp-675296,Mn2CuO4,0.0,-1.647394257980296,4.9845715935941985,158.18597968648515,14,3,Orthorhombic
mp-759386,Ce2Th2O7,0.0,-4.051168095909089,8.137071115920252,174.74667380757063,11,3,Tetragonal
mp-558516,TmSeClO3,4.336799999999999,-2.500065102890626,4.994306858473255,440.671359157769,24,4,Orthorhombic
mp-6667,CaBPO5,5.3231,-3.086029206517857,3.050019064513221,264.3666669878414,24,4,Trigonal
mp-18900,MgV2O4,0.0,-2.619252364285716,4.006090331712921,157.66525093293484,14,3,Cubic
mp-1067935,Ho2SbO2,0.0,-3.041918071999998,8.376241917580964,95.87461553631186,5,3,Tetragonal
mp-755017,V3CoO8,0.0,-2.167185677499999,3.902098552360138,144.58193394339423,12,3,Monoclinic
mp-10966,Tb2Cu(GeO3)4,0.7162000000000001,-2.518235522807017,5.485205957419034,261.54385221928334,19,4,Triclinic
mp-1216423,VAg3HgO4,1.459699999999999,-1.150673211944445,7.260232839310607,146.18077699714388,9,4,Triclinic
mp-31517,Ta2CoO6,2.004,-2.908913289962972,8.399308430563199,408.70445450679466,36,3,Tetragonal
mp-754936,DyAlO3,5.165999999999999,-3.717985083333332,7.607648740204467,103.67050239510857,10,3,Trigonal
mp-1205713,Ba2YUO6,0.8651999999999991,-3.642864564999999,6.745439182498907,171.72601799832464,10,4,Cubic
mp-759725,VOF3,3.0935,-2.6648330715,2.943647830337035,279.6540396337506,20,3,Orthorhombic
mp-560000,Ce2Ti2SiO9,0.0,-3.603050980476188,5.231618843528252,347.9045345490127,28,4,Monoclinic
mp-775831,TiMn2O6,1.442,-2.286120496577267,3.930600351087177,107.19592384090106,9,3,Monoclinic
mp-19975,Sr2PrO4,0.0,-3.063741813095237,5.180553287002321,243.69830928722607,14,3,Orthorhombic
mp-12046,Rb3Na(RuO4)2,0.5102,-1.7055348624199511,3.760934837217887,269.1207673619667,14,4,Trigonal
mp-1102092,NaFe(SO4)2,2.0944,-1.951292639489942,2.901260061136968,620.3368260587436,48,4,Monoclinic
mp-562797,Ti2Co(PO5)2,1.9118,-2.888954799896824,3.484795654824523,717.8308890002013,60,4,Monoclinic
mp-765596,LiV2O5F,2.1494,-2.434343463148149,3.4910447230976462,395.40282658412065,36,4,Orthorhombic
mp-10476,NaEr(SO4)2,5.7302,-2.535232650114942,3.963036039306301,320.43458991682076,24,4,Monoclinic
mp-758245,Li3SiBiO5,3.2412,-2.422078969499999,4.634553262170277,484.2518406967758,40,4,Orthorhombic
mp-867719,FePtO2,0.0,-1.1735585437499991,9.803321677415095,95.8476484576746,8,3,Trigonal
mp-504863,KNa2FeO3,0.5024000000000001,-1.681918880715516,2.880739991555273,435.5974728037246,28,4,Orthorhombic
mp-1194840,NaAsW2O9,,-2.065663175298409,5.395889795069054,750.3795332259659,52,4,Orthorhombic
mp-1191288,Eu2Ta2O7,0.0,-3.470849617242424,8.298493506217564,311.28535924692943,22,3,Orthorhombic
mp-30026,Sr3Te4O11,3.180799999999999,-2.255353783981483,5.253092742498492,600.1311730328085,36,3,Triclinic
mp-556821,RbEu(SO4)2,0.0,-2.382658171875,3.9550695696140212,360.69968797090337,24,4,Monoclinic
mp-1193512,Cu3(I3O10)2,0.002899999999999,-0.6949368224137931,4.7844590994727945,441.49053392920723,29,3,Triclinic
mp-556721,Ba5Re3BrO15,2.54,-2.773144637604167,6.037700248972867,860.9219648061186,48,4,Hexagonal
mp-1194395,V3As2O9,2.6361,-2.145341066428572,3.766343753626255,393.8568793744842,28,3,Tetragonal
mp-22751,BaPr(CoO3)2,0.0,-2.185877159166666,6.764097731223698,120.80650755855041,10,4,Tetragonal
mp-540635,BaSn(GeO3)3,2.7866,-2.35182028357143,4.623335565565327,443.892838197006,28,4,Hexagonal
mp-559332,BiTeIO3,2.3576,-1.4077099144444452,6.311033572369254,538.319189654159,24,4,Monoclinic
mp-559125,Cr2HgO7,1.9827000000000001,-1.382997421083334,4.880735339812657,425.18841637046035,30,3,Trigonal
mp-1104706,NaCaSiO4,0.0,-2.813628633768472,2.717169676406085,189.63414901431864,14,4,Orthorhombic
mp-754826,CsScO2,2.9595000000000002,-2.976672738663793,3.777341310414576,184.51125913256803,8,3,Cubic
mp-559270,RbBa4Sb3O,0.9417000000000001,-1.436434523055554,4.892431148849621,689.7181798128298,18,4,Tetragonal
mp-30975,Na3BO3,2.9485,-2.258836155472085,2.562876732148677,331.1609980746672,28,3,Monoclinic
mp-560035,Tl4Ni7(PO4)6,3.1027,-2.048073108565622,5.771332092456188,517.3860203196244,41,4,Monoclinic
mp-1192651,BaFeO3,0.0,-2.1502811303333322,6.361031509429975,377.7430168733332,30,3,Hexagonal
mp-1101329,Tb2SeO2,1.823,-3.442266073135417,7.850418425992266,90.70279929559442,5,3,Tetragonal
mp-756468,CaY2O4,3.1247,-3.692362177142857,4.611770362067422,202.9957423198995,14,3,Orthorhombic
mp-768247,PtO3,0.0,-0.6081255025000001,9.105315939524148,88.66194038208619,8,2,Trigonal
mp-3955,AlPO4,5.6177,-3.127119481884919,2.61430889495698,232.3836591637565,18,3,Trigonal
mp-18906,CrPO4,1.8393000000000002,-2.5912052834126973,3.9544293760455993,246.85757560712278,24,3,Orthorhombic
mp-19319,ErMnO3,1.0455,-3.048090045586206,8.192693324289696,219.05849135196715,20,3,Orthorhombic
mp-1205575,Sr2ScOsO6,0.0,-2.894027930499999,6.3409401909814225,132.61977056177497,10,4,Cubic
mp-1206839,Eu2ErTaO6,0.6359,-3.502433621733334,8.536685199578253,145.52501214954464,10,4,Cubic
mp-561449,OsOF4,0.6811,-1.936981908333332,5.602506342606207,334.59477568744416,24,3,Monoclinic
mp-752726,BaLa2O4,2.683,-3.540930698571429,6.031919360494716,263.804349765456,14,3,Orthorhombic
mp-622026,Cu2WO4,1.3371,-1.444037695357142,6.783317183291541,367.1273102535993,28,3,Triclinic
mp-754694,Na4WO4,3.064599999999999,-1.844796655057471,4.339809824936005,130.01621725830964,9,3,Tetragonal
mp-6150,Na4Zr2(SiO4)3,4.321199999999999,-3.117013184310344,3.254625554585447,561.8996171107314,42,4,Trigonal
mp-1106249,Ba4Co(ReO6)2,1.536,-2.627954138684211,7.347722030461766,265.011087653419,19,4,Trigonal
mp-6297,CaCu(GeO3)2,0.0,-2.144718314,4.605579384940308,248.7072919245271,20,4,Monoclinic
mp-1191402,GdMnGe2O7,1.2932000000000001,-2.533880653448276,5.944810395206175,262.2667513861762,22,4,Orthorhombic
mp-756052,Ca3Zr2O7,3.3234,-3.5628100291666662,4.064934506781532,338.794480355326,24,3,Orthorhombic
mp-558944,Tl2Cu3(SeO3)6,0.16409999999999902,-1.150262691749282,5.11007655142249,442.31217239238,29,4,Triclinic
mp-752578,VIO4,1.0608,-1.5219046804166672,3.603316524415505,445.8011870674102,24,3,Monoclinic
mp-14721,KSiSbO5,2.8079,-2.53744202090625,3.815894816148872,936.266278855909,64,4,Orthorhombic
mp-779329,Mn8O13F3,0.0,-1.951771832227013,4.682071673379532,249.8543779605525,24,3,Triclinic
mp-1095230,CaSeO4,3.2683,-2.115444610807291,4.077667252326115,149.0743337162633,12,3,Tetragonal
mp-755384,La3Ti3CrO12,0.33080000000000004,-3.552151340921053,5.565541644092312,959.8936705005727,76,4,Triclinic
mp-1047646,Ca(MoO2)2,1.312599999999999,-2.246853190714286,5.499796418629425,178.71419171603208,14,3,Orthorhombic
mp-12540,Zr2Mo(PO6)2,3.1721,-2.999141319222689,3.163455899618621,1117.7041897328418,68,4,Orthorhombic
mp-30119,Cs3AsO4,3.3566000000000003,-2.000332986120689,4.728735979476192,755.1826515228223,32,3,Orthorhombic
mp-755420,SrSm2O4,2.8981,-3.586737720714285,6.58180406841915,228.24266668651921,14,3,Orthorhombic
mp-4287,Sr2SnO4,2.6531000000000002,-2.785275042142856,5.682661727350975,418.3856102043846,28,3,Tetragonal
mp-1078457,Ba2ZrTiO6,2.2161,-3.5609177323333343,5.935492495675971,142.60745998415732,10,4,Cubic
mp-20459,TiPbO3,1.812999999999999,-2.7305897856666643,7.801556471692714,64.50656431866487,5,3,Tetragonal
mp-32310,Ba3Ta2NiO9,3.3673,-3.157239572644444,7.70219688672447,842.1617670355266,60,4,Trigonal
mp-555851,Na2Cd3(P2O7)2,3.0538,-2.422010153101305,4.091838535824877,296.69273364854956,23,4,Triclinic
mp-18780,K2WO4,4.3858,-2.256356684214285,4.223841507650256,256.35077697262227,14,3,Monoclinic
mp-759512,NaNi3O4,0.0,-1.235564954547413,5.624983162977442,155.31921191163704,16,3,Triclinic
mp-997587,La7ScAl8O24,2.534499999999999,-3.653001103500001,6.188378235635657,433.9280734932147,40,4,Cubic
mp-560685,K2Ge(IO3)6,3.1784,-1.157772099981482,4.570556635504927,436.0664409705586,27,4,Trigonal
mp-1176616,Mn3FeO8,0.0,-1.629742791982758,4.066592419564109,142.36837240477638,12,3,Trigonal
mp-754214,TlAsO4,0.0,-1.408863723472221,8.076452379992457,141.1677271381321,12,3,Tetragonal
mp-555658,Bi2MoO6,0.5192999999999991,-1.811330476666667,8.054865994258897,251.4649226769996,18,3,Orthorhombic
mp-756482,Mn3CoO8,0.0,-1.5452648436494272,4.28723950349378,136.23736485301072,12,3,Trigonal
mp-560563,K3(PdO2)2,0.0,-1.331224716305554,4.111570277463324,318.3564280800804,18,3,Orthorhombic
mp-17022,Cs(MoO3)3,0.0,-2.00205659458886,4.349099982043016,431.23391586496507,26,3,Monoclinic
mp-22283,DyFeO3,0.9134000000000001,-2.849742895333331,7.836562719084112,225.748611771436,20,3,Orthorhombic
mp-1193210,Pb3Se2(IO3)2,2.633,-1.336780745360576,6.432044072352438,583.108207865704,26,4,Monoclinic
mp-559759,CaAlBO4,4.6961,-3.322331291309524,2.522329125953243,373.58738639961354,28,4,Orthorhombic
mp-504653,Eu2SiO4,0.05689999999999901,-3.337149815000003,6.83081384654338,385.07382407441986,28,3,Orthorhombic
mp-8491,LiInP2O7,3.9726,-2.6025876490259723,3.381498123633857,290.41876892052835,22,4,Monoclinic
mp-1049290,CaHoTi2O6,0.0,-3.621314977166666,5.718729340570988,230.40088262932218,20,4,Orthorhombic
mp-557471,MnAsO4,1.148,-1.8211111463218401,4.49235848269217,286.62675065328756,24,3,Monoclinic
mp-30187,Ga2Te4O11,3.5124999999999993,-1.714579051568626,5.484747742714935,250.02764954121574,17,3,Triclinic
mp-1020632,RbB3O5,5.6344,-2.781216391388889,3.245288097143238,405.0389589552538,36,3,Monoclinic
mp-754158,KNdO2,3.7088,-2.950170463687499,5.048882822340243,70.82338820268758,4,3,Trigonal
mp-1106049,CoAgO2,1.1935,-0.928280394791666,6.598861055216953,200.10452560398375,16,3,Hexagonal
mp-1003316,KMn4O8,0.0,-1.935671960690318,4.611064549203872,139.31107611502676,13,3,Tetragonal
mp-30303,Bi4O7,0.9108,-1.569201818181821,9.229974444804135,341.0743732873468,22,2,Triclinic
mp-19352,KAl(MoO4)2,3.8895,-2.369613685604167,3.181330930837281,201.45449608341656,12,4,Trigonal
mp-19327,LuNiO3,0.0,-2.535460960833331,9.315805899042624,200.82217848352906,20,3,Orthorhombic
mp-14912,La4Si2Se3O7,2.2305,-3.262224171689453,5.646204107560204,1130.124127863576,64,4,Tetragonal
mp-756087,MnV3O8,0.0,-2.3127409456609183,3.8279554407329552,145.64925352925903,12,3,Monoclinic
mp-17901,MnSe2O5,2.0513999999999992,-1.496655939389823,4.283123314005665,454.1519890246688,32,3,Orthorhombic
mp-755627,Na2FeO3,0.0494,-1.5787419679597692,2.7959251705741233,177.9636401304629,12,3,Orthorhombic
mp-1018033,AgRhO2,0.621799999999999,-0.8739557429166651,7.558340990326247,53.33620447425032,4,3,Trigonal
mp-8710,Ca2Pt3O8,1.1236,-1.8014381423076862,7.618115266071504,172.94002035294054,13,3,Trigonal
mp-560766,Ba4Nd2Cu2O9,0.0,-2.71570175882353,6.405353098836304,574.9366840529808,34,4,Tetragonal
mp-1227032,CaMnO2,0.9560000000000001,-2.605238435732759,4.13704074256398,101.96327533865562,8,3,Tetragonal
mp-34730,Zn(FeO2)2,1.6132,-1.681049182857143,5.11212439112334,156.6277705681807,14,3,Trigonal
mp-559739,RbVOF3,2.7001,-2.975115630416667,3.382074881985205,411.2544928460822,24,4,Orthorhombic
mp-18994,CsMnO4,2.2208,-1.4896368375143632,3.649579521513815,458.34538199554953,24,3,Orthorhombic
mp-778667,CrO3,,-1.480204798124999,2.581644584722188,257.2692501050658,16,2,Orthorhombic
mp-19108,Ca2MnWO6,2.1817,-2.777544282293102,5.491593953711478,250.93195879078363,20,4,Monoclinic
mp-1095571,DyVO4,2.7788,-3.172286902777777,6.573073069659376,140.17749666556438,12,3,Tetragonal
mp-558582,In(PO3)3,4.3778,-2.544073347609902,3.385707712664967,345.01965811472706,26,3,Monoclinic
mp-19177,CrO2,0.041999999999999,-2.04770086166665,4.924261398838221,56.64882570127859,6,2,Tetragonal
mp-1103838,Pd2PbO4,0.0,-1.07494089857143,9.357204022959536,171.79562239556392,14,3,Tetragonal
mp-1106307,CaMn3V4O12,0.0,-2.424066713189655,4.66534266412036,213.79015750076218,20,4,Cubic
mp-23136,KBi(WO4)2,2.7107,-2.152997771020833,7.128121938287872,346.5239280636538,24,4,Monoclinic
mp-1221831,MnGaFeO4,,-1.997825486490147,5.019900954270331,161.75930885776333,14,4,Orthorhombic
mp-997183,MnAuO2,0.0,-1.375097408232759,9.364630130936447,50.341839826723714,4,3,Monoclinic
mp-1103387,NdPO4,5.553199999999999,-3.432028377023807,5.073887278196217,156.57546613646568,12,3,Tetragonal
mp-764847,Li3Fe8(BO3)8,1.3453,-2.244495931705426,3.202048975301866,486.46339984076053,43,4,Triclinic
mp-557105,K4V2O7,3.4405,-2.371041250307691,2.718259967237271,226.192906005611,13,3,Monoclinic
mp-1218361,SrCaCuO3,0.0,-2.464629555833333,4.755644451131463,83.5367369368439,6,4,Orthorhombic
mp-554033,Na6Si8O19,,-2.96158073722048,2.408913918254159,1838.0631329036446,132,3,Monoclinic
mp-760414,Ti3PdO,0.0,-1.454954431000001,6.433494068897923,137.3242166641896,10,3,Tetragonal
mp-6676,Sr2HoRuO6,0.0,-2.866980289999999,6.367783135981075,280.19250735196414,20,4,Monoclinic
mp-754152,YBiO3,2.476099999999999,-2.750124736000001,7.18768945681628,159.81620942451218,10,3,Trigonal
mp-555387,BaSi2(BO4)2,5.5233,-3.198053383333333,3.6205882090050903,629.4625746470483,52,4,Orthorhombic
mp-8759,Cs2ZrO3,3.8566000000000003,-2.729279389051728,5.145477819265129,261.4230653596361,12,3,Orthorhombic
mp-560591,NaTi2Al5O12,2.719,-3.363461813402314,3.650160422538417,405.4487534145941,40,4,Orthorhombic
mp-17986,TiTl2O3,2.0959,-2.254204047916664,7.161898160216908,468.0104628146787,24,3,Orthorhombic
mp-756060,V2OF5,1.5246,-3.04485441625,3.551077754712476,298.63014143683364,24,3,Triclinic
mp-1078415,CaFeSO,0.0,-1.934716569375,3.362340165612861,142.22041258254438,8,4,Hexagonal
mp-542697,Rb2RuO4,0.0,-1.714723446785713,4.025190468979691,554.4546966435024,28,3,Orthorhombic
mp-1019747,K2Ca3Si3O10,4.1123,-3.204538754416666,2.893205716580078,508.14863000089434,36,4,Triclinic
mp-2017611,BaO6,,-0.8982260400000001,3.399564978441192,227.93658795108132,14,2,Monoclinic
mp-1193101,SrMnO3,0.0,-2.4842388352528753,5.575611297425895,340.51092050106075,30,3,Hexagonal
mp-1582,As2O3,4.0339,-1.626348611000001,4.117486464369091,319.14943889553336,20,2,Monoclinic
mp-757849,Na3(WO3)4,0.0,-2.160787121533575,6.756492957842324,489.73092795583057,38,3,Monoclinic
mp-35555,LaOF,4.7503,-4.195509371666668,6.021367722110591,47.95807070507113,3,3,Cubic
mp-6716,Ba4Zr(RuO4)3,0.0,-2.5601894235,6.451219308535228,292.3372954011922,20,4,Trigonal
mp-753539,SbOF,3.354,-2.1291461275,4.297618905598519,242.27597832734574,12,3,Orthorhombic
mp-645208,Sr2Co2O5,0.0,-2.137067267222223,5.29593852376666,467.9455791984895,36,3,Orthorhombic
mp-28365,Na3AuO2,1.9715,-1.316017036939655,4.686678708269582,422.2454330523813,24,3,Tetragonal
mp-752641,Lu3TaO7,3.366299999999999,-3.861680084757576,9.652679837401758,281.38570105450214,22,3,Orthorhombic
mp-1202153,Na2Nb4O11,2.661299999999999,-2.910097219868153,4.59675426776848,428.8649655361853,34,3,Monoclinic
mp-20968,KFe(SO4)2,2.1783,-1.9934387237291662,2.7444545172587143,694.7660542997814,48,4,Monoclinic
mp-556100,Si(Sn3O4)2,1.8998,-1.948193162333332,5.256922717348055,548.5770794044271,30,3,Hexagonal
mp-557290,Na2Si2O5,3.887599999999999,-2.8373910603065142,2.194194778800947,551.3878833112448,36,3,Tetragonal
mp-1247867,Ba11W4O23,,-2.8197182021052623,6.215358783305617,1396.718983667394,76,3,Triclinic
mp-4035,RbReO4,3.7933,-2.354466757499994,4.9523956127330635,225.10202228039398,12,3,Tetragonal
mp-21074,Cr2HgO4,1.2575,-1.886074827500002,7.421376491587794,164.94006408470707,14,3,Cubic
mp-1228244,Ba3Er2MoO9,,-3.225764984999999,6.940554105449769,472.01174626942986,30,4,Monoclinic
mp-753679,NbVO4,0.6627999999999991,-2.819146574166668,5.119743312027765,269.65065888784324,24,3,Orthorhombic
mp-1189214,Y2MnCrO6,0.0,-3.092993584793103,5.438675947145687,232.49679821769772,20,4,Monoclinic
mp-27716,KTlO,1.1638,-1.191447635194449,6.128464681188116,140.6154265237279,6,3,Monoclinic
mp-553308,CsNdO2,2.9366000000000003,-2.846563108038792,6.3404124057903815,161.9293496126839,8,3,Hexagonal
mp-17256,Rb2Hf3OF12,6.2789,-3.9629965722222202,6.293922314735274,501.4846812811265,36,4,Trigonal
mp-771977,TmAsO4,3.5505,-2.858623212916666,6.754633650800969,151.36353517275015,12,3,Tetragonal
mp-757774,Li2Co(NiO3)2,,-1.347039314242424,4.657133215506132,204.09277283002052,22,4,Orthorhombic
mp-17009,Ba3Te2O9,2.381599999999999,-2.3881671898809542,6.224522097447718,432.8007042420203,28,3,Hexagonal
mp-1197943,ZrTiCuO5,0.0,-2.929396739791666,5.145203814093412,364.8639124956567,32,4,Orthorhombic
mp-557997,CaSeO3,4.2602,-2.306927035968752,3.9034417697445982,284.23135478673646,20,3,Monoclinic
mp-10560,Sm3AuO6,1.7477,-3.077528223500002,8.52212642897606,144.97701102540444,10,3,Triclinic
mp-28158,K4Be3O5,3.2088,-2.301597747416666,2.486656674499181,351.8221131257814,24,3,Monoclinic
mp-1705,Sb2O5,0.5057,-1.74803409,6.67669459753784,160.9217283676086,14,2,Monoclinic
mp-3196,NdGaO3,3.452499999999999,-3.053719460000001,7.258699431487926,239.71243428239342,20,3,Orthorhombic
mp-18837,KSc(MoO4)2,3.615999999999998,-2.5136493401875013,3.02005847900433,222.09522545268737,12,4,Trigonal
mp-4342,KNbO3,1.475999999999999,-2.85093751645,4.515683418789579,66.19193300770227,5,3,Tetragonal
mp-1191047,Tb3RuO7,0.0,-3.17857323772727,8.176114684117898,280.20872650570055,22,3,Orthorhombic
mp-16056,Ho2Cu(GeO3)4,0.7174,-2.524809020526315,5.637729391847782,258.0054432872169,19,4,Triclinic
mp-622110,Ba2ErCu3O7,0.0,-2.19325951576923,6.953388209207566,177.80526717534096,13,4,Orthorhombic
mp-20179,UVO5,0.37660000000000005,-3.062419927142857,6.479242144511905,378.24472982611417,28,3,Orthorhombic
mp-6227,Ca2ZnSi2O7,4.0553,-3.156415355,3.294659968256685,316.2474521523368,24,4,Tetragonal
mp-19148,K2Mn2O3,0.0,-1.75827920719458,3.479020225371932,225.35363978237473,14,3,Monoclinic
mp-8314,Cs2NaAsO4,3.5372999999999992,-2.026449079148707,4.353751908008762,326.2682733501792,16,4,Monoclinic
mp-541190,Cs2LiVO4,3.9955,-2.365512989705459,4.020440714703337,320.2514864725582,16,4,Orthorhombic
mp-18847,V2CdO4,0.0,-2.23514351,5.312266001197211,173.98002042912572,14,3,Cubic
mp-1174044,Li3Co2O5,,-1.6807131455,4.067184148343992,178.56938888620508,20,3,Monoclinic
mp-15901,Li2LaTa2O7,0.0,-3.214000063444443,7.001143961976752,148.63642530215532,12,4,Tetragonal
mp-767622,Li2VOF3,,-2.943017773452382,3.037327029312906,301.3865189584549,28,4,Orthorhombic
mp-1019796,K4P2O7,3.7435,-2.6051445840989,2.445550274731007,448.59981730466245,26,3,Hexagonal
mp-27698,Y6UO12,1.9558,-3.955267867894736,5.984210174704815,267.34650443084246,19,3,Trigonal
mp-13000,Ba2HoTaO6,3.447999999999999,-3.590339720233332,7.711723000804539,154.28766470373407,10,4,Tetragonal
mp-16837,Nb3AgO8,1.5603,-2.657896582222223,6.043442507840113,282.78068652154496,24,3,Orthorhombic
mp-26513,LiCuPO4,0.09390000000000001,-2.188548844234693,3.240235468180445,508.75945904807503,42,4,Trigonal
mp-1205597,Ba2TbMoO6,0.0,-3.026519996666666,6.693762631279177,155.17331534806826,10,4,Cubic
mp-1193907,SrIrO3,0.0,-2.030413166666667,8.499852324849448,384.2771400263827,30,3,Monoclinic
mp-557341,TmMn4(CuO4)3,0.0,-1.841364770086206,6.33756459964139,202.09692644515349,20,4,Cubic
mp-15275,NaGdTiO4,0.0373,-3.341147849958949,5.365747680606683,180.7952015586205,14,4,Tetragonal
mp-557673,RbBe2P3O10,5.6347000000000005,-2.866107189464286,2.714609174254179,436.03219201149807,32,4,Monoclinic
mp-504276,FePO4,1.6399,-2.333718979940476,2.721901649055283,368.0316091808961,24,3,Monoclinic
mp-1223363,KSO2F,4.1568,-2.175282069949999,2.127496101005046,190.6958023220679,10,4,Monoclinic
mp-3336,LaGaO3,3.3802,-3.0924083945,7.007147123944987,121.62970279595109,10,3,Trigonal
mp-5670,LiTi2O4,0.0,-3.246210392142857,3.741150165568677,147.9579013849742,14,3,Cubic
mp-753911,GdAsO4,3.046099999999999,-2.784808940416667,6.573798449693007,149.62446162207345,12,3,Tetragonal
mp-8313,Cs2Li2GeO4,3.4743999999999993,-2.102343527330779,4.365398180053224,316.733107800366,18,4,Triclinic
mp-10851,SiO2,5.5318000000000005,-3.263757990555557,2.435533950482232,122.89583673299464,9,2,Hexagonal
mp-754844,Na2IrO3,0.0,-1.542240887959768,7.034902408937423,135.10849658141453,12,3,Monoclinic
mp-14550,TiCdO3,2.1213,-2.628918341666666,6.083926863535969,227.38653800449333,20,3,Orthorhombic
mp-20699,YMnO3,0.405199999999999,-3.004387995086206,5.409312604726616,235.56508314016247,20,3,Orthorhombic
mp-753160,BiOF,3.353799999999999,-2.191967050000002,9.071391196555966,178.64308970217766,12,3,Orthorhombic
mp-1223282,KSr(BiO3)2,0.0,-1.8965669487249999,6.798384772143532,156.4881559988625,10,4,Tetragonal
mp-772938,Li2Ta4O11,3.4741,-3.184254699470586,7.226514633849073,419.8924907488904,34,3,Trigonal
mp-28870,PRhO4,0.9836,-1.968267120773808,4.49315899221738,438.77671851321855,36,3,Orthorhombic
mp-581609,BiP(PbO2)4,2.5522,-1.902705648545918,7.982767855725264,497.88471979787425,28,4,Triclinic
mp-6822,NaGa(SiO3)2,4.1707,-2.857824663387931,3.729955343744649,218.03643757130143,20,4,Monoclinic
mp-1193553,BiBPbO4,2.8053,-2.094342114523809,7.242553269579137,450.2867347599058,28,4,Orthorhombic
mp-729139,NaNb6O16,0.0,-2.8905599096251873,4.453415399475959,311.87423280070954,23,3,Orthorhombic
mp-622558,DyFeGe2O7,1.831799999999999,-2.479939324696968,5.592732727915199,564.8665564477664,44,4,Monoclinic
mp-510488,SmMnSbO,0.0,-1.7853279332327592,6.651392095841736,171.2905452879906,8,4,Tetragonal
mp-1205888,NbFe(PbO3)2,0.297399999999999,-2.069986868,8.205610624221482,133.3892978204176,10,4,Tetragonal
mp-5223,GdAlO3,3.2382,-3.6904500495,7.448380870596259,207.09282195486637,20,3,Orthorhombic
mp-555904,NaSmGeO4,3.6029,-2.829869232339901,4.918106257982653,418.6539369754433,28,4,Orthorhombic
mp-4659,Cd(PO3)2,3.9273000000000002,-2.4358821139484,3.868036193081406,928.5019906538928,72,3,Orthorhombic
mp-558624,Ba3LaRu2O9,0.0,-2.5850700949998933,6.466464553639654,460.69641855840536,30,4,Hexagonal
mp-776651,Mn3NiO4,0.09050000000000001,-1.741881976724138,5.474778978440372,87.20233463225763,8,3,Orthorhombic
mp-680219,UPb(SeO4)2,1.6943000000000001,-2.13496257330729,5.893198573353222,824.0641090623697,48,4,Orthorhombic
mp-559081,Na2MnO2,0.268999999999999,-1.685244889471263,3.378176760042175,392.00941188728297,30,3,Monoclinic
mp-560755,CaVBiO5,3.248399999999999,-2.55377148390625,5.069959229848619,995.6682790220137,64,4,Orthorhombic
mp-753551,MnCo3O8,0.0,-1.185873463994253,4.623458233280961,129.19991651566764,12,3,Trigonal
mp-1076070,LaCuO3,0.0,-2.399634706,7.165968549859712,58.03562468331231,5,3,Cubic
mp-761390,TaFeO4,0.0,-2.673982990388886,7.497017393534521,266.4922950997104,24,3,Tetragonal
mp-755609,Y2SeO2,1.7917,-3.387872640468751,5.3034429548139155,90.4157357054933,5,3,Tetragonal
mp-755849,Mn2OF3,0.0,-2.597062823060345,4.038654907951011,300.75750242927796,24,3,Orthorhombic
mp-6328,Na2Ti2Sb2O,0.0,-1.225238070632183,4.601877802914632,144.78067385092558,7,4,Tetragonal
mp-21016,FeAsO4,1.557999999999999,-1.699692442916665,4.301333473258373,300.7565582959569,24,3,Monoclinic
mp-19277,VSO5,1.9101,-2.070559804642857,3.486103759255181,155.2872194488918,14,3,Tetragonal
mp-9756,ThGeO4,3.965799999999999,-3.233392134166665,8.043754514480382,152.21755841316508,12,3,Tetragonal
mp-27559,Na14Cd2O9,1.3896,-1.455311590972413,3.134704078564414,365.86870220224085,25,3,Trigonal
mp-12862,LuTaO4,4.0476,-3.749738242333329,9.973762244204698,139.82307990107736,12,3,Monoclinic
mp-997158,CoAuO2,0.5255000000000001,-0.9538455450000001,10.900131267155912,87.71762486577444,8,3,Hexagonal
mp-18293,SiP2O7,5.455999999999999,-2.75004525442857,2.901122186786715,462.54757053556557,40,3,Cubic
mp-28545,RbLiO,2.254299999999999,-1.596113124444444,3.554029579556402,202.6050118156359,12,3,Orthorhombic
mp-1079517,La2MnNiO6,1.279699999999999,-2.7739587797931042,6.887186577094375,117.52420760031438,10,4,Cubic
mp-15910,Re2SbO6,0.0,-1.922507882222223,8.929710898940863,219.49221340798047,18,3,Monoclinic
mp-4428,CaSiO3,4.733700000000001,-3.425096944333334,2.965709943717648,390.2425615855172,30,3,Triclinic
mp-29243,Ba3SnO,0.0,-1.531505142000002,5.450060049984021,166.567112694078,5,3,Cubic
mp-770682,Li2Co(Si2O5)2,2.701699999999999,-2.821727428333333,2.739867561795175,418.3684285861264,34,4,Triclinic
mp-27491,Ca(Fe2O3)2,0.0,-1.8916754649999992,4.924636016512147,242.4090112893283,22,3,Orthorhombic
mp-1095520,KPd2O3,0.26480000000000004,-1.135213947874995,4.994336353132734,199.44843139644027,12,3,Trigonal
mp-1204230,Sr4Ga2O7,,-2.8512440917788453,4.760645521301629,3359.257594679842,208,3,Monoclinic
mp-1217127,Ti2MnFeO6,0.0,-2.84028389445977,4.532023318667783,110.84130823535018,10,4,Trigonal
mp-1095213,BaFe2S2O,0.0,-1.491538529999999,4.03646367445883,270.81153202947013,12,4,Orthorhombic
mp-775168,MnCu3(PO4)4,0.0,-1.985597141104269,3.6735133628890093,282.7274984957888,24,4,Monoclinic
mp-6815,Ti2Cu(PO5)2,0.5832,-2.7990293697301603,3.475147753847802,364.3201834683855,30,4,Monoclinic
mp-7961,Sr3SnO,0.0,-1.6425350619999999,4.828065204758819,136.73790480998701,5,3,Cubic
mp-29274,P2PdO6,1.8521,-2.167519598253974,3.606829497725188,243.41967031074813,18,3,Orthorhombic
mp-21874,La2NiO4,0.0,-3.068392679285714,6.808946783295827,390.6913293848223,28,3,Tetragonal
mp-16994,MnTe2O5,1.7152,-1.6801198735955452,5.306549116451559,488.32826701918856,32,3,Orthorhombic
mp-653861,K3Lu(SiO3)3,3.4819,-3.122942266151042,3.208057589221635,1077.7015650556036,64,4,Orthorhombic
mp-545598,UCdO4,1.9644,-2.9127084716666642,8.016393843600824,85.84778760200051,6,3,Orthorhombic
mp-561397,SO3,5.1612,-1.580818240208334,2.493169750552031,213.29967021711545,16,2,Monoclinic
mp-556060,NdTeBrO3,0.342699999999999,-2.3238339965277772,6.166046981555109,430.6103166144557,24,4,Tetragonal
mp-5403,Rb2TiO3,3.864,-2.751183317222221,3.69579986240414,479.4990723463446,24,3,Orthorhombic
mp-753853,U4BiO10,0.0,-3.400297745333332,10.882070470880198,201.59046275122282,15,3,Tetragonal
mp-4156,Li2ZrO3,3.7336,-3.040215971111112,4.210744562000371,120.75560586356808,12,3,Monoclinic
mp-504445,BaFe4O7,0.0,-1.860038219999999,4.9677563689912905,316.01447735674276,24,3,Hexagonal
mp-1183053,AcGaO3,2.895900000000001,-3.063252617,9.31449500321555,61.455078293307366,5,3,Cubic
mp-1188323,Ti2O3,0.116299999999998,-3.301910415333334,5.275291036997773,180.974229898941,20,2,Orthorhombic
mp-5905,Y2BeO4,4.0945,-3.6812032614285712,4.451723658748852,374.2360501510238,28,3,Orthorhombic
mp-1221438,Na(CoO2)3,0.0,-1.363847183137929,4.417921045647111,222.35064649225538,20,3,Monoclinic
mp-27994,HgBrO3,3.2015000000000002,-0.395069115,6.226071102207161,350.4451666027446,20,3,Monoclinic
mp-28611,ThTa2O7,2.656399999999999,-3.644535880466647,9.356061748858723,250.58058481135686,20,3,Monoclinic
mp-560165,Cu(BiO2)2,0.0,-1.3516536721428571,8.148481964881674,222.33131793287265,14,3,Tetragonal
mp-558637,AgTeO3,1.6662,-1.125950917416666,6.550947813132411,574.8261713517004,40,3,Monoclinic
mp-756095,NaCu3O4,,-1.086233225172414,4.4405466124864414,103.81779807746567,8,3,Monoclinic
mp-19142,Mn2V2O7,1.204,-2.32008509916928,3.944894203488449,136.27935633163042,11,3,Monoclinic
mp-561402,KFe2(PO4)2,,-2.405191193964285,3.3037994412839042,685.026057556018,52,4,Monoclinic
mp-1206536,Ba2InSbO6,0.523999999999999,-2.535739393666667,6.817012593862324,147.91324889979737,10,4,Cubic
mp-557217,Cr2PIO4,0.0,-2.148650980267857,4.163502179097633,519.8667613670857,32,4,Monoclinic
mp-540363,VP2O7,1.199899999999999,-2.530355182428572,2.965320616294202,251.86486323637095,20,3,Triclinic
mp-4421,LaTaO4,3.468,-3.71283354497224,7.781442523038351,327.65107309570845,24,3,Monoclinic
mp-6416,Ba5Er8Zn4O21,3.361799999999999,-3.269581095921052,7.979207275516503,545.7286575439831,38,4,Tetragonal
mp-1079334,SrTcO3,0.0,-2.399653263499999,6.179490482928688,125.55473589302032,10,3,Orthorhombic
mp-555597,V4O7,0.5857,-2.490850337272725,4.733955600761849,221.52079523329417,22,2,Triclinic
mp-22535,HfPbO3,2.414899999999999,-2.959238816999998,10.036049633632498,71.75693874710115,5,3,Cubic
mp-754430,Mn7O12,0.0,-1.867478388185118,5.082418833312119,188.3746629432944,19,2,Cubic
mp-6535,NdAl3(BO3)4,5.1342,-3.235679775958333,4.043069143988275,378.2033113384384,40,4,Monoclinic
mp-3114,Tb2(MoO4)3,3.3639,-2.656939632107843,4.4172960016694525,1199.4228172622293,68,3,Orthorhombic
mp-1105390,Mn7PbO12,0.0,-1.9130593667758622,6.029668026187865,215.84316476609825,20,3,Trigonal
mp-758108,LiFe2P3O11,1.505,-2.413018367191876,3.197214605810563,402.5596220696275,34,4,Monoclinic
mp-545659,Ba2DyBiO6,1.734999999999999,-2.825176806166666,7.448969745278078,165.43726556391144,10,4,Cubic
mp-756513,Mn3CuO8,0.0,-1.4535339478160911,4.195480258705113,141.04272189841376,12,3,Trigonal
mp-7608,Li2PdO2,1.1973,-1.6323327853333351,4.927262391172839,51.326965807119315,5,3,Orthorhombic
mp-22472,Ba3CuRu2O9,0.0,-2.117636103666667,6.5802795318819065,414.6939897353737,30,4,Orthorhombic
mp-19803,CdIn2O4,0.9137000000000001,-1.842010734047615,6.877525200967964,196.074285845459,14,3,Cubic
mp-614,NaO2,0.0,-0.8870194621264361,2.168133919231507,168.45946059608542,12,2,Cubic
mp-5401,Sr2B2O5,4.283,-3.207617671759231,3.7341337133186023,492.46783402540046,36,3,Monoclinic
mp-21445,Ba3In2O5F2,1.5869,-2.8372749840277773,6.026290766124467,209.31008283390827,12,4,Tetragonal
mp-1182893,Al5O8,0.0,-3.231499842307692,3.576748514629643,244.1102709698692,26,2,Hexagonal
mp-19240,ErCrO4,0.300399999999999,-2.784355649999998,6.124943659562459,153.5857961193164,12,3,Tetragonal
mp-560228,K6Ti2O7,3.4554,-2.543623140011111,2.461503217899429,596.7808373207616,30,3,Monoclinic
mp-766386,Mn3Fe(PO4)4,0.6661,-2.4059929100985222,3.419099380951534,583.3277306078058,48,4,Monoclinic
mp-558802,Hg2MoO4,1.8942,-1.357248065000004,8.081190509735118,230.5991164629462,14,3,Monoclinic
mp-758951,MnOF,0.8831,-2.335270054310344,3.28749824273177,181.7089815991025,12,3,Orthorhombic
mp-540841,U2NiO6,0.3891,-3.174277191111108,8.61604153268079,364.68524212734036,27,3,Trigonal
mp-559617,HfB2O5,4.4146,-3.256827000104167,6.893870563270039,269.88144505320025,32,3,Monoclinic
mp-505037,BaHo2CoO5,1.270699999999999,-3.087878961111109,8.001512006721615,503.14607695896666,36,4,Orthorhombic
mp-20882,CeBO3,0.058699999999999,-3.412399983833333,5.483837776597158,240.9429887520787,20,3,Orthorhombic
mp-1206292,Ba2ErUO6,0.8790000000000001,-3.677274413999998,7.65711472863665,168.2717217241136,10,4,Cubic
mp-557843,Ca2MnSbO6,0.0,-2.598528522043104,4.783675549448614,489.93452213307427,40,4,Monoclinic
mp-23315,IO3,1.9182000000000001,-0.609341333124999,5.286792651153303,219.74208980886777,16,2,Triclinic
mp-7479,RbYbO2,0.0,-3.061658408437502,7.448966338062761,64.76033539582295,4,3,Trigonal
mp-2292,La2O3,3.300799999999999,-3.874143096250002,5.904323249276039,733.0476769430752,40,2,Cubic
mp-755748,TiVO4,0.0,-2.949227283055556,3.889153797309013,139.02555847384806,12,3,Tetragonal
mp-1044764,ZnSn2(PO4)2,,-2.251071238406592,4.140000973053487,790.5956582559104,52,4,Monoclinic
mp-777235,V5CuO12,0.49640000000000006,-2.213105715,3.340622418683085,507.26110798963816,36,3,Monoclinic
mp-1206134,Ba2CdOsO6,0.0,-2.223147162,7.423540219656888,150.60559245646297,10,4,Cubic
mp-19384,Ni(AsO3)2,0.0,-1.600634289444444,5.791204860649045,87.32016147538305,9,3,Trigonal
mp-755715,TiV3O8,0.42209999999999903,-2.706423556111112,3.763726504898964,145.0150815452213,12,3,Monoclinic
mp-1105151,Co3Se4(ClO5)2,2.6502,-1.250368367598684,4.028169436751628,596.5318817834683,38,4,Monoclinic
mp-756265,Mn4CuO8,0.0,-1.663771862440319,4.458914226410418,153.1692897967613,13,3,Monoclinic
mp-547271,ReO3,0.0,-2.131536694375,7.300966323496917,106.53572882516542,8,2,Tetragonal
mp-997034,BaCuO2,0.0,-1.99196457625,5.800540355348222,133.32989608560274,8,3,Orthorhombic
mp-561245,Sr8Si2PtO14,2.26,-3.0696272388,5.176547925126632,377.3049217244484,25,4,Monoclinic
mp-557309,Na3LiWO5,3.8186,-2.196850389747126,4.688267753319936,240.67041693213503,20,4,Triclinic
mp-1020650,Sr3Ge2(B3O8)2,4.4323999999999995,-2.906017702037037,3.9442072351148383,306.91262640400157,27,4,Triclinic
mp-5843,Ce(PO3)3,0.22279999999999903,-2.971486411071429,3.517459245110276,355.982049786194,26,3,Orthorhombic
mp-561991,Ca3ScCoO6,2.6504,-3.023198859090909,4.074070530707727,260.9532374796124,22,4,Trigonal
mp-9535,Al6Cd4TeO12,2.5652,-2.700609853768116,4.133095173099382,374.095220807742,23,4,Cubic
mp-10520,LiNdTiO4,2.2825,-3.417164427738094,5.079254411112452,171.99406874352746,14,4,Tetragonal
mp-22328,K4PbO4,1.7002000000000002,-1.576035852111111,3.778624778623718,375.8146254348973,18,3,Triclinic
mp-850808,Li3(CoO2)4,,-1.566375444666667,4.481303255722997,284.9893831995496,30,3,Trigonal
mp-765970,Ti3Sn7O20,1.7439,-2.488671570166666,5.9428089869164715,361.72554060735854,30,3,Orthorhombic
mp-505242,Ru(OF3)2,0.0,-1.5555306280555552,2.694731191505432,608.9683262088637,36,3,Cubic
mp-8412,LiCeO2,0.0,-3.089388760208332,5.893078099383904,201.81585649265415,16,3,Monoclinic
mp-689312,Li2W2O7,3.713899999999999,-2.241773401515152,5.646887700002883,290.27388255825633,22,3,Triclinic
mp-556982,CuSiO3,0.0,-2.272638924666667,2.891164803499157,481.17749239410796,30,3,Trigonal
mp-505508,V2Cu2O7,0.0,-1.803554598181818,4.009886776117774,282.39966142785954,22,3,Orthorhombic
mp-772942,Cu3(P2O7)2,0.0,-1.972791708979591,3.554054132351821,503.2231828946669,42,3,Triclinic
mp-1147553,KCuIO6,0.0,-1.020663453583333,3.7904372006653473,142.61691834204467,9,4,Trigonal
mp-984729,BaSr3O4,2.5199,-2.968374765,5.097083665801495,151.22307439952326,8,3,Cubic
mp-1103370,Ce2Cd(SeO)2,0.0,-2.599038255669641,6.434335490845882,300.688899105459,14,4,Tetragonal
mp-3988,BaCu3O4,0.0,-1.45664853125,5.385531160011859,120.85515627109952,8,3,Orthorhombic
mp-11706,Ho2HgO4,2.096899999999999,-3.055237869642856,9.674442553775096,204.06437272324933,14,3,Monoclinic
mp-12337,NaLa2OsO6,0.518699999999999,-2.811734130637931,7.037254240222308,277.0345975398251,20,4,Monoclinic
mp-1105290,Co3Sb4(OF)6,2.343,-2.013515287894737,5.052149698105068,574.4180075047831,38,4,Cubic
mp-559736,VAgO3,1.628299999999999,-1.754956429833332,5.51826198310841,248.92808517080482,20,3,Monoclinic
mp-772282,Sb4I2O5,1.9298000000000002,-1.497712719090906,5.387236456561173,506.0281879292417,22,3,Monoclinic
mp-31050,Cl2O7,3.6753,-0.30258604611111,2.356081884394688,257.81411610784386,18,2,Monoclinic
mp-769582,Sr5Ta4O15,3.044399999999999,-3.477598544763891,7.249542454694197,642.2145137549516,48,3,Trigonal
mp-5827,CaTiO3,1.8284999999999991,-3.491619559666667,3.836497971925326,58.83985762289643,5,3,Cubic
mp-1192640,Na2Nb4Se4O19,2.3695,-2.244913105073573,3.907693467479749,440.84806891357647,29,4,Triclinic
mp-547244,SrBiClO2,3.3015,-2.416585643,5.777712014833325,209.2603088660921,10,4,Orthorhombic
mp-558162,RbP(OF)2,5.2038,-2.8821263666071433,3.125564870462004,396.19872173534077,24,4,Orthorhombic
mp-770718,Mg(IO3)2,3.106299999999999,-1.3526636225,4.681049638318676,530.8423390375651,36,3,Orthorhombic
mp-1186075,Na3SO4F,5.1202,-2.352455196293103,2.533680848117818,120.61089744096256,9,4,Cubic
mp-753001,CoAgO2,0.2622,-0.9306287604166661,6.641899346401659,49.701971232677984,4,3,Trigonal
mp-715923,WO3,1.1298,-2.1830396425,6.682386992193365,115.22121920803721,8,2,Orthorhombic
mp-1105460,Tb5(MoO6)2,0.0,-3.326075127543858,7.744029201050941,252.70366264630601,19,3,Monoclinic
mp-770629,Li2AlFeO4,1.2449,-2.4871787420833322,3.19014266893966,334.60424699617937,32,4,Orthorhombic
mp-5402,CaTl2O4,0.0439,-1.72750916166667,8.743421110017177,194.7966356385224,14,3,Orthorhombic
mp-1025237,Ba2RuO4,0.0,-2.391290938571427,6.7295891597960775,108.50215041210399,7,3,Tetragonal
mp-760311,Na7SbO6,1.7517,-1.714788218546797,3.31662886226718,189.59639605959734,14,3,Trigonal
mp-1218833,Sr2FeCoO6,0.0,-2.073011847,5.555671634876583,115.37620604705093,10,4,Tetragonal
mp-753054,KI(OF)2,3.7254,-1.8215278995416662,3.393183216615742,461.966830140372,24,4,Orthorhombic
mp-1195468,NaHo(PO3)4,,-2.9035191138861522,3.583438920809085,933.8434731603716,72,4,Monoclinic
mp-3597,BaRuO3,0.0,-2.1901550725,6.821965990747581,278.8465487700886,20,3,Hexagonal
mp-4655,SrTl2O4,0.07929999999999901,-1.719419101666666,9.119478807223313,408.1548413351561,28,3,Orthorhombic
mp-542724,LaNbO4,3.8042,-3.558192809166667,5.83562138990379,168.34647595345714,12,3,Monoclinic
mp-554410,Ba2LaRuO6,0.21960000000000002,-2.7789291295,6.285331682313968,161.3229282815377,10,4,Monoclinic
mp-758460,LiP2WO8,3.540499999999999,-2.49996778125992,3.744338528536146,675.3733536274007,48,4,Monoclinic
mp-769210,Tb2Pb2O7,1.093099999999999,-2.475216415303029,7.962279216938417,704.272863030475,44,3,Tetragonal
mp-561489,AgTeO3,1.1676,-1.126301108666666,6.867123404093996,274.18003351321124,20,3,Monoclinic
mp-1200554,KTa3(TeO6)2,,-2.6813425583379633,6.399932119415574,1068.085353831089,72,4,Orthorhombic
mp-1018032,SrCdO2,0.018199999999999,-2.182773819999999,6.147157205208419,62.678492619145764,4,3,Tetragonal
mp-30194,Rb3CoO2,0.0,-1.19144224375,3.948992854818224,584.2137616498586,24,3,Orthorhombic
mp-863416,LiFe(SiO3)2,,-2.693006979083334,2.374745388627373,601.224063696042,40,4,Orthorhombic
mp-1237057,CaTi2PbO6,2.0012,-3.108646566666666,5.8564358740164675,124.47683445146346,10,4,Tetragonal
mp-504969,Ni3(AsO4)2,2.1524,-1.5391860623076932,5.555066768713786,271.37372051097816,26,3,Orthorhombic
mp-18330,Sr3ZnRhO6,0.0,-2.4057078927272713,5.711862234005298,306.5157520827804,22,4,Trigonal
mp-23637,VBiPbO5,2.5209,-2.006076591249999,7.060983231671525,257.3330873950112,16,4,Monoclinic
mp-3118,Mg3TeO6,2.9101,-2.539839539666666,4.479452620181878,219.83434367579835,20,3,Trigonal
mp-1205991,LaBi2ClO4,1.3154,-2.427293029375001,7.338835382018139,148.50309973895799,8,4,Tetragonal
mp-541451,Ga2(SO4)3,4.33,-1.9458350539705882,3.433449194311783,413.6380595204626,34,3,Trigonal
mp-559757,Ba3Cu2(ClO2)2,0.1749,-2.247765554545455,5.177501748453996,432.3183375489634,22,4,Orthorhombic
mp-30251,YAuO2,2.686199999999999,-2.564518633749998,7.9939435131959655,132.05937130427273,8,3,Hexagonal
mp-733794,HgClO4,0.013499999999999,-0.343043137083334,4.526264148151159,440.30054062983953,24,3,Orthorhombic
mp-19194,BaMnP2O7,3.443699999999999,-2.9081082170197052,4.177587841854862,291.1265190633878,22,4,Triclinic
mp-1105272,Sr2ZnWO6,3.514999999999999,-2.682106027999999,6.601078424824463,261.8621639290434,20,4,Monoclinic
mp-18045,KEuPO4,0.0,-3.005391152056123,4.653612831821877,408.2592061512005,28,4,Orthorhombic
mp-18204,Ba5Yb8Zn4O21,0.0,-3.216298012861844,8.523603691391148,519.8832378798322,38,4,Tetragonal
mp-754711,Nb2Pb2O7,0.9375999999999991,-2.492317274545454,7.371597990512237,320.8666937532632,22,3,Cubic
mp-756751,Tm2Nb2O7,0.0,-3.408607786818182,7.786288795398551,271.13467963122895,22,3,Cubic
mp-767753,Li2Fe2Si8O19,3.508099999999999,-2.88548344392473,2.775905666375632,391.3673042177076,31,4,Triclinic
mp-756575,Mn3CrO8,0.8653000000000001,-1.8088643428160922,4.023068415944803,142.31994984829078,12,3,Trigonal
mp-983578,CsBiO3,0.0,-1.362185876931035,7.50991693049256,86.20837029442202,5,3,Cubic
mp-559176,La4Ti5(Si2O11)2,0.0,-3.541655396476189,4.830914096071283,432.85660354642135,35,4,Monoclinic
mp-23104,Pb2ClOF,2.568999999999999,-1.929361382999999,7.341658199862463,219.32748114072405,10,4,Orthorhombic
mp-559808,Cs3PO4,3.572299999999999,-2.465980221076048,4.6429194896037504,706.2691858233422,32,3,Orthorhombic
mp-1215505,ZnCdO2,0.036199999999999004,-1.514723342499999,5.9367346175307265,58.68753393124512,4,3,Trigonal
mp-560628,CsFe(SO4)2,2.3514,-1.999110723929597,3.256372456551146,776.8876661812026,48,4,Trigonal
mp-3056,NaTlO2,0.6208,-1.417691698678162,8.033626613716947,53.61179233562066,4,3,Trigonal
mp-9259,Ba2Mg(BO3)2,4.532399999999999,-3.127045616666666,5.008642815170215,138.10987776319328,11,4,Trigonal
mp-850782,Li2Mn3(BO3)3,0.0,-2.447396931056458,3.133088602323353,376.43163682451495,34,4,Triclinic
mp-18946,VBO3,1.874699999999999,-2.726639265833333,4.063605840500683,89.69635938619571,10,3,Trigonal
mp-759555,V4O7F5,1.5531000000000001,-2.546485179375,3.554727351256377,191.87765778490922,16,3,Triclinic
mp-997052,RbAgO2,1.0399,-1.009309497291665,4.436788514976738,168.6703061015562,8,3,Orthorhombic
mp-768586,Zn(NiO2)2,0.0,-1.2181656185714291,5.98340181847923,136.98230354958832,14,3,Cubic
mp-17743,Sr3Sn2O7,2.1652,-2.720771853333333,5.941641774904159,342.2312969886739,24,3,Orthorhombic
mp-779545,Na3CuO2,1.721899999999999,-1.310521685689654,3.036731290274455,179.91852222820512,12,3,Trigonal
mp-1193772,Tl2CrO4,2.3862,-1.510320740595237,7.036663113519331,495.33988749671414,28,3,Monoclinic
mp-18893,Ca2Mn3O8,1.501399999999999,-2.416973564137931,4.137001121818306,149.70349076986702,13,3,Monoclinic
mp-557993,BiO2,1.1596,-1.459764126666667,9.362232999004997,170.96578385970207,12,2,Monoclinic
mp-28212,Nb4O5,0.0,-2.467337063333334,6.868690142200689,218.36385753050266,18,2,Tetragonal
mp-1225821,Cu2P2O7,0.0,-2.021876843116882,4.006913034292697,124.75462073931133,11,3,Monoclinic
mp-17064,Gd2Sn2O7,0.0,-2.995185214545452,7.642361744741618,288.51241531233364,22,3,Cubic
mp-4208,Ca2RuO4,0.0,-2.503242708571428,4.535349007860174,179.56870227476256,14,3,Orthorhombic
mp-756017,Mn6OF11,0.0,-2.836283433199234,3.828769578833953,240.5346489135579,18,3,Orthorhombic
mp-12015,KAg2AsO4,0.2116,-1.346676018510416,5.02647328165964,130.0800177257132,8,4,Tetragonal
mp-754621,Sm2Ge2O7,3.872899999999999,-3.000107539545455,5.675541700770562,163.25733714068565,11,3,Monoclinic
mp-1217104,Ti2MnZnO6,2.2983000000000002,-2.871506938959771,4.731484964454913,438.10075958841264,40,4,Trigonal
mp-761157,Mn4TeO8,,-1.8290850621839092,4.493441464394605,175.66333086800344,13,3,Monoclinic
mp-10950,Sr2Cu(PO4)2,0.22160000000000002,-2.883831950714285,3.715036648861915,191.63224012706922,13,4,Monoclinic
mp-16025,Y2(SO4)3,5.6993,-2.646437855882351,2.8207743241726,1097.3020679249744,68,3,Orthorhombic
mp-560157,LiMgVO4,3.482599999999999,-2.659056395476189,3.083888518293805,157.4285633639763,14,4,Orthorhombic
mp-553960,K4Fe2O5,0.7339000000000001,-1.6810251503636362,3.140275304680557,368.1210813258541,22,3,Monoclinic
mp-1227389,BiPbIO2,1.7164000000000001,-1.4530009430000002,8.29069059039695,115.18327577015269,5,4,Tetragonal
mp-12931,SmTaO4,3.9923,-3.699751929555555,8.503153743686715,154.39452527091686,12,3,Monoclinic
mp-4264,K2S2O5,3.1872,-1.976521826055555,2.182967998770846,338.2340221524296,18,3,Monoclinic
mp-1201086,Fe(SeO3)2,0.324,-1.222069072465278,3.776705170282717,544.7826958504195,36,3,Monoclinic
mp-556208,WCl3O,0.0,-1.516688350999999,3.541470115463625,574.2862582522175,20,3,Tetragonal
mp-998624,NaOsO3,0.0,-1.6410638067758612,7.890665365114764,109.94323616993225,10,3,Trigonal
mp-17258,Fe4Ni3(PO4)6,1.4701,-2.245307393996138,3.855631211505991,417.4520643218972,37,4,Triclinic
mp-18219,Dy2SiSeO4,2.5743,-3.405426772897135,7.165944209932101,459.7852967516615,32,4,Orthorhombic
mp-552089,Sr2Cu3O5,0.0,-1.8400379805000011,5.6151450073897795,131.85640893438818,10,3,Orthorhombic
mp-1178576,AlCoO3,2.5603,-2.309915378999999,5.052577293436306,88.02147690236615,10,3,Trigonal
mp-1205333,CaTiGeO5,2.7005,-3.047113839791667,4.008826629655221,199.30810016352328,16,4,Monoclinic
mp-1178362,DyClO,4.349,-3.551133473888889,6.043325166245117,117.57643642186235,6,3,Trigonal
mp-19311,V2CoO6,1.9884,-2.113245786111111,4.30088836637237,99.15331681861701,9,3,Monoclinic
mp-18700,K4SiO4,2.9391,-2.313345275166666,2.61276948496558,631.6739469722597,36,3,Monoclinic
mp-554084,BaBi6(PO5)4,3.427599999999999,-2.389789524470047,6.7392305493720635,452.1647802968485,31,4,Triclinic
mp-18308,CaZn2(PO4)2,3.787199999999999,-2.705513512252746,3.469445995097802,345.4077675748367,26,4,Triclinic
mp-778169,LiCu2(SO4)3,0.0,-1.622385530324074,3.119472274534813,449.5081676824056,36,4,Trigonal
mp-6065,Sr2GaSbO6,0.7291000000000001,-2.61723140975,6.05391730348232,126.9200753918022,10,4,Cubic
mp-558822,Na2Fe3(PO4)3,0.0,-2.388397204834359,3.638824131671792,454.90530624426225,40,4,Monoclinic
mp-28491,Cu2SO4,1.436399999999999,-1.269847122499999,3.943393711673525,187.9380849518253,14,3,Orthorhombic
mp-550925,NaScAs2O7,3.46,-2.357954287852664,3.646226780288522,150.18823014303484,11,4,Monoclinic
mp-765018,Li4V3P8O29,,-2.563460140806278,2.554409579114517,1160.1903152818304,88,4,Monoclinic
mp-753657,TiOF,0.0,-3.462545334444444,4.2674951475891785,32.24379599762514,3,3,Tetragonal
mp-779502,Na3CuO2,1.605,-1.334845698397988,3.048396614965821,716.9201060885661,48,3,Tetragonal
mp-1178172,Ho2TeO2,0.611899999999999,-3.25735470233333,8.616725860506758,188.6485736679475,10,3,Hexagonal
mp-1193473,KZn4SbO7,0.8601000000000001,-1.877066480557691,5.212650222324323,340.53376071920104,26,4,Hexagonal
mp-551741,Zn2P2O7,3.6466000000000003,-2.399208707662336,4.114195239880007,123.00536435055037,11,3,Monoclinic
mp-675679,UTa2O7,0.150199999999999,-3.410023664966665,8.118380459256567,291.23339530098576,20,3,Orthorhombic
mp-3051,Mg2GeO4,3.4021,-2.720685930714285,4.039462413875323,304.6057571792369,28,3,Orthorhombic
mp-4541,NaCuO2,0.49970000000000003,-1.362515704094827,4.344419879857045,45.30668960996492,4,3,Monoclinic
mp-10429,LaYO3,4.3416000000000015,-3.8749824815,5.872769225450698,311.9431159769749,20,3,Orthorhombic
mp-19894,Cr2WO6,1.609599999999999,-2.305236911666666,6.823199267633029,186.8221519491064,18,3,Tetragonal
mp-773132,Li8Mn2O9,,-1.98265745408046,2.9872610472428383,687.9460532905987,76,3,Triclinic
mp-550950,LuCoO3,0.0,-2.639663920333333,9.280036319735288,201.7678731337942,20,3,Orthorhombic
mp-760405,ErBO3,4.563000000000001,-3.474075991833333,6.405482703178708,117.21055077696268,10,3,Orthorhombic
mp-754915,NaFeO3,0.0,-1.383083283275861,3.5780754547836082,117.72311852213569,10,3,Trigonal
mp-4886,NdCuO2,2.411499999999999,-2.610852319374999,5.785143714607559,68.82721825036138,4,3,Trigonal
mp-22531,Ba2GdNbO6,2.71,-3.423956167000001,6.50223340807881,158.54151124740073,10,4,Tetragonal
mp-1218741,Sr2NbFeO6,1.7829000000000002,-2.9239574249999993,5.353493291227974,260.5424451833529,20,4,Cubic
mp-1019746,K2Ca4Si8O21,4.594,-3.287697046557144,2.66219329812714,498.48732328301804,35,4,Triclinic
mp-556026,VOF3,3.6563,-2.712652723499999,3.129597024750794,263.0380207108062,20,3,Monoclinic
mp-504578,MgCrO4,2.3629000000000002,-2.174862918333334,3.004083400617851,310.20639745924234,24,3,Monoclinic
mp-2234320,CsV2O5,,-2.379250830581897,2.9288089985303842,178.473072412565,8,3,Monoclinic
mp-863708,KPuO3,0.0,-2.921963576199996,7.17662531328815,76.6096388014749,5,3,Cubic
mp-603606,Li2Fe3(P2O7)2,,-2.425674555662525,2.862514663758358,614.0959882063266,46,4,Monoclinic
mp-755041,Tm2Mn2O7,0.996599999999999,-2.92900769007837,7.8985154523861265,235.35325277486248,22,3,Cubic
mp-560170,Nd5Te2Cl3O10,3.3387000000000002,-3.036888929041666,5.507509804815599,374.6986542303777,20,4,Monoclinic
mp-8387,Tl6TeO6,1.563299999999999,-1.10165522512821,8.439962000319486,285.26304769189113,13,3,Trigonal
mp-28619,VSeO4,1.8197,-1.828767264973957,4.21442429617951,305.5952679662187,24,3,Monoclinic
mp-557438,Sm2Ti3(BiO6)2,1.4955,-3.120966273157895,7.237584411582504,241.88514574316426,19,4,Tetragonal
mp-1044464,CaPr(CuO3)2,0.0,-2.080386874166666,5.913216432162404,226.94273193680849,20,4,Orthorhombic
mp-754535,LaAgO2,2.8013,-2.5680289029166543,5.976353438701149,154.91472580248936,8,3,Hexagonal
mp-22719,Ba2NdCu3O7,0.0,-2.155610362499999,6.532421108031168,183.4126123839547,13,4,Orthorhombic
mp-1174361,Li5Mn2CoO8,,-2.007776717658046,3.8786727772530902,283.8519681367938,32,4,Triclinic
mp-645272,TlV3(SeO6)2,2.304599999999999,-1.8642452621122692,4.661038530217849,503.8368052463843,36,4,Hexagonal
mp-16917,RbV3(SeO6)2,2.3219,-1.983994094010417,3.6291522774764,538.2731134128945,36,4,Hexagonal
mp-7714,Li4UO5,1.7311,-2.893856123833333,5.832405410848618,98.44954421773501,10,3,Tetragonal
mp-555519,Li2Cu(WO4)2,0.423699999999999,-2.065498311282051,6.459069233118357,147.33705715893427,13,4,Triclinic
mp-559289,YTaO4,4.1125,-3.7039209987222232,7.523537636087127,147.37034696079203,12,3,Monoclinic
mp-753831,Cu2OF2,0.0,-1.383482975,5.442459850743682,331.5089677914312,30,3,Monoclinic
mp-1192231,CuIO4,0.9536,-0.8176255991666661,4.55842585268151,370.76041099356434,24,3,Orthorhombic
mp-1226529,CePr2O6,0.0,-3.316956717037037,6.401772623093596,134.34391225046022,9,3,Tetragonal
mp-768304,CrSO4,0.0,-1.967412569583333,3.244532709394831,303.10343894898386,24,3,Orthorhombic
mp-1218750,Sr2NbInO6,3.4305,-2.934638608666666,5.607023332743963,141.84586711359162,10,4,Cubic
mp-752647,TiNi(PO4)2,2.2899,-2.688312071607143,3.357691185093923,439.9049766309925,36,4,Trigonal
mp-554266,Ba3SrIr2O9,0.0,-2.328023163,7.101676423395239,480.7550247706251,30,4,Monoclinic
mp-1045770,YFe4(CuO4)3,0.0,-1.6635873589999992,5.593014327646142,206.31741271462835,20,4,Cubic
mp-504545,Ba2MnO3,,-2.5556618021551722,5.634531590997767,445.1148017282019,24,3,Monoclinic
mp-559151,BaSrTa2O7,2.1929,-3.487807100424242,7.095504625774085,327.09406626590385,22,4,Orthorhombic
mp-978844,SrCa3O4,3.3723,-3.208266763749999,3.7311628699276973,120.98646396705387,8,3,Cubic
mp-561519,NaFe(SeO4)2,1.9104,-1.422741652172234,3.571061237877764,339.21657075280996,24,4,Monoclinic
mp-615173,CuBi(WO4)2,1.2243,-1.8554361816666671,7.550601702463331,168.9439885841762,12,4,Triclinic
mp-982366,Tb2S2O,2.5126,-2.9665027011666663,6.785060735853838,389.5979885852628,20,3,Monoclinic
mp-7029,SiO2,5.5081,-3.2675252075,2.336017323458337,170.84175973661502,12,2,Tetragonal
mp-26728,VP2O7,1.3194,-2.626824050928571,2.986638219213912,250.06713791786447,20,3,Triclinic
mp-1047251,Zn(CuO2)2,0.0,-1.079632912857142,5.653282645959316,150.68269977006628,14,3,Tetragonal
mp-1223748,InGaCuO4,0.0,-1.720036156309523,6.136479969534531,84.45047860614841,7,4,Trigonal
mp-614628,Na3Ca(BO2)5,4.4278,-2.8091744342090132,2.478111665896334,433.0023128707418,38,4,Triclinic
mp-780182,Li3Mn4(BO3)4,,-2.467321941814093,3.153066836204262,751.7484616001142,69,4,Triclinic
mp-16097,CeSc3(BO3)4,0.2621,-3.442636500083332,3.815649100505056,222.04377559179827,20,4,Trigonal
mp-756180,Ba2Hf7O16,4.0367,-3.881886813599999,9.029668685142601,327.35232993854567,25,3,Trigonal
mp-769575,Li6Co5(P2O7)4,,-2.449707859939209,3.328839142855233,514.8395098142114,47,4,Triclinic
mp-759883,BiOF,2.9652000000000003,-2.203779964999998,8.847939227527517,91.57733284424577,6,3,Trigonal
mp-1222450,LuBO3,4.5157,-3.485025854166667,6.830311479031603,113.66817285947049,10,3,Orthorhombic
mp-6124,NaAl(SiO3)2,5.2254,-3.158493668637931,3.214131650290302,208.86463768618083,20,4,Monoclinic
mp-776955,Na2NiO3,0.845299999999999,-1.2764022162931021,4.079309135918816,248.58757350742442,24,3,Monoclinic
mp-3696,UNb3O10,0.0,-3.188354872142856,5.661354299114488,396.9921515817305,28,3,Orthorhombic
mp-581143,RuOF4,0.5275000000000001,-1.794424034166667,3.570195551848971,359.1833224976887,24,3,Monoclinic
mp-779908,Na2FeO3,,-1.6367534754597681,3.871334933262969,257.0550104629543,24,3,Orthorhombic
mp-510763,VAsO5,2.1315,-1.946205387857143,3.798389159799684,359.9828494900298,28,3,Orthorhombic
mp-776018,SrTiO3,1.7362000000000002,-3.512559820333334,4.797913331143005,381.021066927438,30,3,Hexagonal
mp-867749,CaBiO3,0.08040000000000001,-2.243382312,6.301221215178129,156.56459992332617,10,3,Trigonal
mp-19397,Ba2Na(NiO2)3,0.5781000000000001,-1.6932216226149421,5.461898143293374,346.4154421806118,24,4,Orthorhombic
mp-1191145,Rb2LaNb2O7,0.0,-3.001334957083333,5.334848198276822,378.2772862200483,24,4,Orthorhombic
mp-764448,V2OF5,1.6192000000000002,-3.002597673333333,3.61693580903174,293.19261057797615,24,3,Triclinic
mp-997001,AgHgO2,0.0,-0.5038862847916681,8.722297859369537,129.6314705396452,8,3,Monoclinic
mp-27984,PrClO,4.7029,-3.453472725555557,5.6059139794091095,113.95871540354885,6,3,Tetragonal
mp-1405776,La2VZnO6,1.701799999999999,-3.075442359000001,6.555806277357209,124.153491986402,10,4,Trigonal
mp-764782,Na5WO5,0.0,-1.862863137899686,4.052537889117376,310.4171820386547,22,3,Monoclinic
mp-3219,EuPO4,0.0,-3.109623819107143,5.71770096562233,286.86062317103534,24,3,Monoclinic
mp-861576,Na3CoO3,0.45120000000000005,-1.4991209666625611,3.113354172356499,375.27370512701356,28,3,Orthorhombic
mp-759410,V4O5F7,0.0,-2.727621964999999,3.30184042628497,209.58998401705855,16,3,Monoclinic
mp-754468,NaCuO2,0.5377999999999991,-1.323277578469826,3.749996206551371,209.95358095368016,16,3,Triclinic
mp-776583,V9O22,,-2.2175787075806452,3.533727744018146,761.6891212722951,62,2,Triclinic
mp-1020024,Li6B4O9,4.8958,-2.6751696035087713,2.044998864481265,743.417175714713,76,3,Monoclinic
mp-754732,NaV4O10,0.0,-2.320355549091955,3.165593197760734,405.74581809328055,30,3,Orthorhombic
mp-540767,Fe2(SO4)3,0.0045000000000000005,-1.830061416911764,3.044654290836532,436.1826633418016,34,3,Trigonal
mp-9755,HfGeO4,4.161099999999999,-3.05788336833334,8.518221751224997,122.86172068451856,12,3,Tetragonal
mp-756091,NaMnBO3,2.5928999999999993,-2.379849755579501,3.33775584862339,272.1075649147059,24,4,Monoclinic
mp-559977,KNd(PO3)4,5.356,-2.912668551295634,3.429150907626275,483.4945239981917,36,4,Monoclinic
mp-11021,GaAuO2,0.0,-1.506361439374998,10.273786521336291,96.55324342850463,8,3,Hexagonal
mp-17633,Er2SiSeO4,2.5586,-3.403370888730469,7.469964754649608,449.53569912400343,32,4,Orthorhombic
mp-561133,Sr5Nb4O15,2.556499999999999,-3.278748953541667,5.229770038729307,333.30247360913125,24,3,Monoclinic
mp-752753,SbO2F,1.4384000000000001,-1.9772322512499991,5.717650473673421,100.34544303504755,8,3,Monoclinic
mp-12105,RbO2,0.0,-0.9722602958333331,3.3787543416919252,57.73070741301644,3,2,Tetragonal
mp-3033,RbTaO3,3.5412,-3.032331979466696,6.252906298753131,333.98647387684906,20,3,Monoclinic
mp-2991,Cs2UO4,1.8211,-3.018815749901482,6.538392007104804,144.21224791468762,7,3,Tetragonal
mp-1078580,Sr2TiMoO6,0.0,-3.047674962333333,5.369297648588266,128.35864672462304,10,4,Tetragonal
mp-2629,Ce7O12,0.0,-3.917592265263155,6.58807703070408,295.6079867948763,19,2,Trigonal
mp-770870,MnTlO3,0.0,-1.5034413772528752,8.500617697942056,240.1313074111218,20,3,Orthorhombic
mp-27226,MgCu2O3,0.0,-1.588865911666667,5.332294341983084,124.18801291054862,12,3,Orthorhombic
mp-504570,K3FeO3,0.0,-1.634728775964275,2.935950627099269,250.14620530352772,14,3,Monoclinic
mp-557754,ZrP2O7,4.0937,-3.104933454428569,2.821900612914324,312.07385453099823,20,3,Orthorhombic
mp-5456,Sr2CuO3,0.0,-2.436278400833332,5.465340310439675,87.13389116391858,6,3,Orthorhombic
mp-974482,K4Hf5O12,3.273999999999999,-3.408737117571421,6.9320281001115545,297.2372043919613,21,3,Trigonal
mp-28939,U4Te3O4,0.0,-2.498040118181815,10.553542981970297,220.1109229168362,11,3,Tetragonal
mp-756030,GdTmO3,3.159,-3.924894951000001,8.807292061290385,282.19548324982117,20,3,Orthorhombic
mp-753622,VOF,0.0,-2.80963231,4.09267550551154,139.4741118642835,12,3,Monoclinic
mp-555010,Sm2MnNiO6,0.0,-2.807459271793104,7.297529589621762,232.2573752582881,20,4,Monoclinic
mp-1078748,Sr2TaInO6,3.7911,-3.094632981399999,6.803012996683507,138.39888844108788,10,4,Monoclinic
mp-20396,RbCa2Nb3O10,1.4777999999999991,-3.106621682968748,4.174288965866397,240.4062359998148,16,4,Tetragonal
mp-996975,CuAgO2,0.0,-0.724300867916666,6.61680193408205,51.04811002645878,4,3,Orthorhombic
mp-26252,VP2O7,1.3653,-2.594126539928571,3.221213631052591,231.8567338332292,20,3,Monoclinic
mp-560625,RePbClO4,3.372099999999999,-1.979582375357142,6.236937284657958,262.43948326493353,14,4,Orthorhombic
mp-27690,Sr3Zr2O7,3.0926,-3.525166010416666,4.98238024017695,185.7394833903256,12,3,Tetragonal
mp-29888,Er(ClO4)3,5.0285,-0.9665398231250001,3.82379220025718,404.3969351571342,32,3,Hexagonal
mp-1194491,Zn3CuP2O9,0.0,-2.112055268285715,4.464166127521038,346.46477537694136,30,4,Monoclinic
mp-1275937,CoO2,0.0,-0.9759310266666691,4.558974643534011,132.48253557675167,12,2,Hexagonal
mp-997028,AgO2F,0.49610000000000004,-0.634450612916666,4.20640771062423,125.42873943411082,8,3,Orthorhombic
mp-23395,Hg2ClO,1.5862,-0.727166000625003,8.517136248707686,352.98896768169504,16,3,Monoclinic
mp-3735,GdPO4,2.8957,-3.430193205357142,6.034169875797779,277.6344939918934,24,3,Monoclinic
mp-7249,Ba3Nb2ZnO9,2.7287,-3.071309408333333,6.225391844031455,215.30897722068136,15,4,Trigonal
mp-510030,Pb3(ClO)2,2.4293,-1.571902337142855,7.115252239306142,676.3321854948258,28,3,Orthorhombic
mp-17183,Na2BeSiO4,4.5475,-2.806945222532327,2.8556108141436782,342.09631654767503,32,4,Monoclinic
mp-583034,Ba2U2O7,0.5051,-3.681598229999999,7.479366002316607,383.06982319618965,22,3,Orthorhombic
mp-752415,NbO2F,1.6800000000000002,-3.10606773875,3.7448028989616553,127.62088055079252,8,3,Orthorhombic
mp-1105395,Ca2ScOsO6,0.0,-2.915159888999999,5.55041927876213,246.12314939120557,20,4,Monoclinic
mp-26695,Li2CuPO4,,-2.301173932976191,3.325036761802383,344.3882232480769,32,4,Orthorhombic
mp-505442,Mn3BO5,0.0,-2.274932117551085,4.567705080238578,371.71449031733766,36,3,Orthorhombic
mp-3727,Nd3NbO7,2.646,-3.634401944318181,6.679015499290879,317.0546626123181,22,3,Orthorhombic
mp-545506,GdZnPO,0.5757,-2.029670577410714,6.533983624629969,137.04801368802816,8,4,Trigonal
mp-8429,K4IrO4,0.428199999999999,-1.526256729888885,4.008836342680254,170.9102873044192,9,3,Monoclinic
mp-758905,Li6Cr5(P2O7)4,,-2.572642459513677,2.9183080036885993,1135.0558777096091,94,4,Triclinic
mp-7251,Ba2YNbO6,2.8514,-3.444694518,5.8406097289002,157.07020714159697,10,4,Cubic
mp-541299,Zr4Cd(PO4)6,3.7527,-3.110028416224489,3.434056826941573,506.34248317478244,35,4,Trigonal
mp-754940,Ba3SiO,0.0,-1.265288455,4.746344014997515,159.55759664725554,5,3,Cubic
mp-1020683,NaCa(PO3)3,5.4489,-2.858141192521992,2.748876152323642,362.4278078245402,28,4,Triclinic
mp-1190820,Ba2FeGe2O7,0.0,-2.5332053591666632,4.875455243775556,800.7646211164223,48,4,Tetragonal
mp-763292,Ti3Mn3(SbO8)2,0.6120999999999991,-2.422283950158046,4.610776626677787,290.96875047227473,24,4,Triclinic
mp-752706,CeZr11O24,1.9568,-3.806580555000002,5.851443740283747,433.49683739269204,36,3,Triclinic
mp-756276,CeHfO4,1.7957,-3.902244745833332,8.284036143482258,153.3861547240267,12,3,Tetragonal
mp-8727,Ba4PtO6,1.8103999999999991,-2.467705925000003,7.117652000972757,392.1230678675347,22,3,Trigonal
mp-581427,Eu3ReO7,0.0,-2.9551824024999913,8.152548849583535,307.1932222482497,22,3,Orthorhombic
mp-561087,LiFe(MoO4)2,2.0562,-1.9909764569444461,3.779961931383306,336.206492767242,24,4,Triclinic
mp-1193999,ZnAgPO4,1.7382,-2.027847735187074,4.324535902210397,412.0092669667477,28,4,Monoclinic
mp-863076,NbBiO4,2.3148,-2.452395296666667,6.185256277377665,98.22799243919223,6,3,Monoclinic
mp-776922,Rb2O,0.19210000000000002,-1.130593261111111,2.9755505188420552,312.9634685574108,9,2,Trigonal
mp-306,B2O3,6.3017,-2.798056310000001,2.561902772718296,135.3764045815366,15,2,Trigonal
mp-616515,MnFeBiO5,0.0,-1.694515411616381,6.7522711310943055,393.2412211038208,32,4,Orthorhombic
mp-1079450,CoTe(PbO3)2,1.6060999999999992,-1.474595237416666,8.659873555443307,534.5476752093172,40,4,Monoclinic
mp-31121,HoScO3,4.476,-3.965070402999999,6.889822697987972,248.61433611579346,20,3,Orthorhombic
mp-1048547,Zn(NiO2)2,0.13720000000000002,-1.224641685,5.963362113090987,137.4426286069097,14,3,Tetragonal
mp-684108,Li2Ti(PO3)5,0.25979999999999903,-2.705878369270186,2.485636769648119,610.0784928974753,46,4,Monoclinic
mp-1025158,K2PuO4,0.0,-2.677229783321428,5.318943284861648,120.56728602832138,7,3,Tetragonal
mp-7339,BaSiO3,4.5344999999999995,-3.3819813555,4.22550248405267,335.46476985200644,20,3,Orthorhombic
mp-17495,RbTiP2O7,0.10890000000000001,-2.878090893419913,3.170696670112609,643.7037437522365,44,4,Monoclinic
mp-777831,LiV4OF11,0.9877,-3.122081157254902,3.290937742600476,439.6791360503597,34,4,Triclinic
mp-554359,Cs2Si3SnO9,,-2.869980218954023,4.008463712128831,1015.3833730861129,60,4,Orthorhombic
mp-545469,KV(SO4)2,2.139199999999999,-2.182600994770833,2.757690839806894,679.6207884709785,48,4,Trigonal
mp-6526,NaGeSbO5,1.9847000000000001,-2.078461207672414,5.022590386387345,196.64050232636944,16,4,Monoclinic
mp-1191023,Bi3Te4(ClO2)5,2.4347,-1.530257106212122,5.698274114714106,429.7145399504926,22,4,Monoclinic
mp-1105484,Sm3FeO6,1.4942,-3.3350189425,6.99785325554785,286.13762027531544,20,3,Orthorhombic
mp-1195213,Bi2(SO4)3,4.177,-1.888413521029423,4.935632463986349,475.15180569831193,34,3,Monoclinic
mp-4408,Sm2Zr2O7,3.0741,-3.85569428090909,6.594906096469872,299.7139690753515,22,3,Cubic
mp-779031,NaV(PO4)2,2.0431,-2.512653633388751,2.553723277102312,686.3281991905983,48,4,Tetragonal
mp-752994,Mn2OF4,0.1033,-2.5193681086945823,3.583993821680694,187.0603289051965,14,3,Orthorhombic
mp-755475,Co3OF5,1.172599999999999,-2.072188752777778,4.534996660321678,210.75570103838706,18,3,Orthorhombic
mp-755692,NbVO5,1.785299999999999,-2.686306662142857,3.653296671279863,203.4891778817239,14,3,Tetragonal
mp-36329,SrUO4,1.979499999999999,-3.690641247083333,7.861221512673748,82.30568887751426,6,3,Trigonal
mp-753912,CaTb2O4,3.118999999999999,-3.703958113333332,6.821293081166835,205.42295897250736,14,3,Orthorhombic
mp-1195324,Pr2TiO5,3.3239,-3.755722432708333,5.618334352335777,484.3346371114541,32,3,Orthorhombic
mp-22414,CuSeO3,0.0,-1.066740095968749,5.140191656939322,246.169549747677,20,3,Orthorhombic
mp-1190548,Na2U2O7,1.5582,-3.27422771752351,6.602942488442353,318.8992880527234,22,3,Monoclinic
mp-541412,CsYP2O7,5.1175,-3.137389639221898,3.436591467559913,764.9044389454023,44,4,Monoclinic
mp-1095485,BaGe(PO4)2,4.1615,-2.799973547857142,4.045660781137646,164.14270887745738,12,4,Monoclinic
mp-7726,Rb2UO4,1.8996,-3.043360169285711,5.943293800940401,132.14424307145944,7,3,Tetragonal
mp-1101653,NaDyO2,4.0747,-3.134717853261493,6.600961932814025,54.71146016356758,4,3,Trigonal
mp-17722,PrTaO4,3.579399999999999,-3.645757438166669,7.953846636719262,322.221046293228,24,3,Monoclinic
mp-690490,TiVO4,0.9899999999999991,-2.9580379530555563,4.285388243430219,252.34202734862512,24,3,Orthorhombic
mp-1178368,CuAsO3,0.0,-1.2752289075,4.353167165920575,142.25676785804905,10,3,Orthorhombic
mp-559510,Y2WO6,3.179899999999999,-3.277808968055557,6.769811100565001,449.01846596094214,36,3,Monoclinic
mp-1218142,SrLaScO4,3.0547,-3.653274111428572,5.332950698509848,104.45923600791174,7,4,Tetragonal
mp-554705,Ni2P2O7,1.558699999999999,-2.228525349707793,4.28287047788338,225.9069260569849,22,3,Monoclinic
mp-752923,V2OF5,1.7294,-3.039794997708333,3.585783607492707,197.1598527635798,16,3,Monoclinic
mp-1215006,Ag8Hg(AsO5)2,,-0.7481854236111101,6.366976920283623,716.3648356068611,42,4,Trigonal
mp-758941,Li2Fe(PO3)4,2.2976,-2.54157011264411,3.120155186946681,410.4465844800706,38,4,Tetragonal
mp-753957,Ce4ThO8,0.0,-3.849523806923076,7.074588196321465,216.05804020127056,13,3,Orthorhombic
mp-754244,V2(OF)3,0.0,-2.642384745,3.285872612650691,209.09292635153182,16,3,Triclinic
mp-616587,RbPO3,,-2.6785896616785703,3.073442794292052,710.7564179441404,40,3,Monoclinic
mp-8672,La2PdO4,0.0,-2.98257549,7.02051409975139,106.01801960079219,7,3,Tetragonal
mp-755769,ZrO2,4.1946,-3.722506047499999,4.589118191733542,178.34909866947189,12,2,Monoclinic
mp-19427,Na7(CoO3)2,0.0,-1.498345034310343,2.981620761849116,417.46113107424736,30,3,Monoclinic
mp-558332,K5Au(IO)2,1.8820000000000001,-1.368802641624999,3.838731451612027,586.8015971320857,20,4,Orthorhombic
mp-33300,Fe5CuO8,0.15280000000000002,-1.507184307142858,5.016948317180545,155.81696619393279,14,3,Cubic
mp-540621,SrGa2(GeO4)2,3.0761,-2.453666516153845,4.184020326091411,794.294524860176,52,4,Monoclinic
mp-756336,CaEu2O3,0.0,-3.085507231666668,6.963675602891975,186.95250195197164,12,3,Orthorhombic
mp-31073,Na3B7O12,4.9219,-2.76291957946839,2.407194763713707,464.4430092156627,44,3,Triclinic
mp-1213378,Cu3BO5,,-1.415151145740741,5.001413939597313,373.77596318366903,36,3,Monoclinic
mp-761415,CuNi3O4,0.0,-1.084837146875,6.611131840627541,152.52431613939416,16,3,Orthorhombic
mp-753156,La2Th2O7,2.9227,-4.08610926681818,7.764584819376735,182.6119335822973,11,3,Tetragonal
mp-4112,Tl2SO4,3.7965,-1.6714632416666682,6.909226215607243,485.31547956372617,28,3,Orthorhombic
mp-9427,NaYP2O7,5.2806,-3.09300787369682,2.953525090404939,321.4103266730844,22,4,Monoclinic
mp-504871,SrV2CuO7,0.664899999999999,-2.346887507727273,3.960700394126281,612.1858167895107,44,4,Orthorhombic
mp-558974,Pr5(RuO6)2,0.192199999999999,-3.018645168333337,6.469189915861359,282.01153832172326,19,3,Monoclinic
mp-759167,Li3Fe8(BO3)8,1.4476,-2.247272808914729,3.20376367220263,486.2030381632499,43,4,Triclinic
mp-1147551,KCuTeO6,0.7795000000000001,-1.2380287259907399,3.869932480222079,139.98575691786814,9,4,Trigonal
mp-541520,KV3(SeO6)2,2.3366,-1.975635809274305,3.3981272704731,529.550019678566,36,4,Hexagonal
mp-754368,NaSbO2,1.465,-1.851742965344827,4.819962212638537,121.78431751415344,8,3,Monoclinic
mp-759794,NaMnO4,1.912399999999999,-1.384148659051725,2.506728190956785,188.0321095885361,12,3,Orthorhombic
mp-1194161,Cr2Cu5(P2O9)2,0.0,-2.037198523054188,4.167846301039455,332.1226295529263,29,4,Monoclinic
mp-2591,Ti3O,0.0,-1.569913962499999,4.890993432307026,216.74345133600266,16,2,Trigonal
mp-752673,Dy2CuO4,0.0,-3.106562103333331,8.400107964233438,178.91825446516856,14,3,Orthorhombic
mp-28908,Ba5(RuO5)2,0.22809999999999903,-2.441765696764707,6.212377644999366,560.6619545226288,34,3,Hexagonal
mp-19331,MnNiO3,0.0,-1.6192723405862082,5.679399961735489,94.5143295599752,10,3,Trigonal
mp-4643,Nb2CuO6,0.276,-2.526510771111111,5.360809076771303,427.90237579383097,36,3,Orthorhombic
mp-1204490,Nb2CuO6,0.0,-2.529519172777778,5.382605857005598,426.1695916564281,36,3,Monoclinic
mp-22949,FeBiO3,1.7783,-1.640829873,7.773373896524185,133.6500252449514,10,3,Trigonal
mp-561149,Ce2O3,0.0,-3.726515860333332,6.897419420217556,237.0621692253448,15,2,Monoclinic
mp-1205514,Ba2PuTaO6,0.0,-3.3365669416083312,8.223520920753485,160.65162817616041,10,4,Cubic
mp-1096943,CuBrO2,0.0,-0.521335466249999,5.5357630935095745,52.628622588577215,4,3,Trigonal
mp-3996,GaAsO4,3.0694,-1.9393015047222222,4.211810675493682,246.77642282728726,18,3,Trigonal
mp-773071,Mn3(SeO3)4,,-1.518603669903584,3.750418707264309,595.6436338336202,38,3,Triclinic
mp-4429,CaSiO3,4.8413,-3.4480482148333342,2.902926205593484,398.6826269045318,30,3,Triclinic
mp-1105121,Ti8BiO7,0.0,-2.543513257604166,5.783437590678583,202.10708410518282,16,3,Orthorhombic
mp-1193910,MnZnGeO4,,-2.010442540775863,4.973544746663235,343.2023349745702,28,4,Orthorhombic
mp-542860,V2Cu2O7,0.0,-1.810230954545455,3.8700832556819402,292.6011129804943,22,3,Monoclinic
mp-1019564,Ca6Ge2O,0.28140000000000004,-1.07049463611111,2.993319557007862,222.86870476062057,9,3,Cubic
mp-17138,KMoPO6,2.5431,-2.377654261321429,3.095809062021564,562.1474428357378,36,4,Orthorhombic
mp-31353,La3OsO7,0.0,-3.17098687681818,7.435992035610551,321.0954558895566,22,3,Orthorhombic
mp-19318,Ag2MoO4,1.873099999999999,-1.251052689761907,6.23221806833446,200.1924022766432,14,3,Cubic
mp-9138,RbPO3,4.7607,-2.66949777367857,3.107660409128505,351.4652348774249,20,3,Orthorhombic
mp-19077,CrAsO4,2.5452999999999992,-1.9664170179166631,4.7107705035498615,269.18935135792566,24,3,Orthorhombic
mp-556755,K2Cu3Ge5O14,0.31720000000000004,-1.829301913312499,4.169673613435044,340.9055669376767,24,4,Triclinic
mp-4794,Sm2As4O9,3.3407,-2.465260411000001,5.3723008438547915,460.177855873448,30,3,Triclinic
mp-777608,V6O7F5,0.44200000000000006,-2.754363783333333,4.159904479048909,204.63293429758284,18,3,Triclinic
mp-1019583,CaAl2SiO6,4.291799999999999,-3.395796396,3.309533206045396,437.7677483967602,40,4,Monoclinic
mp-555736,BaHg2(ClO)2,1.610999999999999,-1.659566770357145,6.613858339360985,644.1561321866062,28,4,Tetragonal
mp-19335,KCr3O8,1.9034,-1.942798178520831,3.037613962382392,353.23115922648725,24,3,Monoclinic
mp-18096,Na2Co(Si2O5)2,2.6552,-2.8409609639858022,2.74949586729979,455.67354172236776,34,4,Triclinic
mp-22074,CeTaO4,0.0,-3.6628021208055532,7.93500257007311,322.32359091821854,24,3,Monoclinic
mp-4417,Al2(SO4)3,6.0272,-2.3349570783823532,2.864079683365778,396.74517546549606,34,3,Trigonal
mp-7999,Y2Si2O7,4.931,-3.655593218181817,4.053480529304039,283.46543732001516,22,3,Monoclinic
mp-1223822,K3SO4F,4.9511,-2.406589421583333,2.361199638499821,163.40679048378448,9,4,Cubic
mp-1205344,PrSbO4,3.0123,-2.786090899861112,6.292645822688605,344.80911502747927,24,3,Monoclinic
mp-19432,KNaV2O6,3.2464,-2.404889912362931,2.6996390069957013,319.81026919964245,20,4,Monoclinic
mp-769800,SrEu4O5,0.0,-3.1026560165000032,7.843866830081851,164.1668885370488,10,3,Tetragonal
mp-557004,SiO2,5.5806000000000004,-3.251989495555557,1.790678150075335,668.6114592363509,36,2,Triclinic
mp-29259,Bi2PdO4,0.49819999999999903,-1.408942188214287,8.886163528142784,439.7962364970344,28,3,Tetragonal
mp-561018,Na3Sc2(BO3)3,3.7232000000000003,-3.016048803331642,2.539567746182678,438.4945031920179,34,4,Trigonal
mp-1185009,KOsO3,0.0,-1.625179570449999,7.580164649281197,60.75217475613986,5,3,Cubic
mp-559456,KNd(WO4)2,3.8022,-2.654838397895833,6.716252409498987,335.7621768301119,24,4,Monoclinic
mp-6475,NaZr2(PO4)3,4.1967,-3.167063734183772,3.064365117380467,531.4304143810898,36,4,Trigonal
mp-755875,Ti3O4,0.0,-3.132689601428573,4.809434818707178,71.67694302261742,7,2,Orthorhombic
mp-549333,NdBi2IO4,1.265399999999999,-2.2763558465625,7.95784603368427,157.148058983335,8,4,Tetragonal
mp-553243,YBi2BrO4,1.339999999999999,-2.398279179375002,7.776488269165777,138.96068058286153,8,4,Tetragonal
mp-1208835,Sr2AlSbO6,1.8987,-2.927464959999999,5.750684481459191,121.27074201408436,10,4,Cubic
mp-558570,Na3FeO3,2.2633,-1.6974183248768462,3.025868917309384,379.34481407820743,28,3,Monoclinic
mp-755194,Er(ReO4)2,0.0,-2.543080508636363,5.562458219765494,199.31639678423377,11,3,Trigonal
mp-18783,Ca2FeMoO6,1.1193,-2.548062932999999,4.553824266815009,239.16288033666115,20,4,Monoclinic
mp-760439,TaTiO4,0.0,-3.315690980944443,7.124274401518401,136.4985498381144,12,3,Tetragonal
mp-3615,Nd(BO2)3,5.4208,-3.16329933,4.469121248358035,202.62664039865467,20,3,Monoclinic
mp-32393,Ni2P5O16,0.022500000000000003,-2.155416209704968,2.740452906925976,640.1665463133376,46,3,Monoclinic
mp-1047437,Ca(CuO2)2,0.6713,-1.7102426450000001,5.002752181970563,153.46066195945775,14,3,Tetragonal
mp-760935,Co2OF3,0.262499999999999,-1.972214389999999,4.596990541777392,137.88679495676647,12,3,Orthorhombic
mp-8335,Ba2ZrO4,2.9787999999999992,-3.430814742857144,5.959897098396696,119.77140138378309,7,3,Tetragonal
mp-10348,LaSc3(BO3)4,4.0855999999999995,-3.471816469333333,3.816808588410287,221.44966944893133,20,4,Trigonal
mp-6474,Ba3MgNb2O9,2.647999999999999,-3.266047576,5.940852812742581,214.1322118289584,15,4,Trigonal
mp-25053,Sr2NiMoO6,2.2338,-2.4696039020000002,5.567566672837445,127.01660918318665,10,4,Cubic
mp-1190466,CoBi6(SO8)2,2.350099999999999,-1.7755594803999992,7.173538294349684,755.9878826019867,50,4,Monoclinic
mp-560354,SbCl(OF3)2,1.9238,-1.89632786,3.123752092432366,322.3553695449458,20,4,Orthorhombic
mp-15186,Er(CuO2)2,0.0,-2.092032177857141,8.001992900375445,148.72591294938476,14,3,Tetragonal
mp-12323,NaSm2IrO6,0.0,-2.658174027637931,7.793892452870067,260.74835763815094,20,4,Monoclinic
mp-1101266,Tm2TeO2,0.44200000000000006,-3.271226042333336,9.179311963313253,179.98380629493954,10,3,Hexagonal
mp-861568,MnOF,2.0886,-2.3596202043103442,3.775168664107964,158.2360977338694,12,3,Monoclinic
mp-550685,Ba2CaTeO6,2.9976000000000003,-2.786920297666666,5.804636318956966,154.00023183896883,10,4,Cubic
mp-19027,Na5CoSO2,1.378399999999999,-1.272089747155172,2.395603058384899,329.8696451373659,18,4,Tetragonal
mp-554313,Nd2Te2W2O13,3.417399999999999,-2.479931707807018,6.7947870106748915,547.1060966652151,38,4,Triclinic
mp-557807,CsK2AuO2,2.1843,-1.254032160692528,4.842595729077263,603.6011975771952,24,4,Orthorhombic
mp-510755,MnAsO4,0.072699999999999,-1.7935909500718399,4.01376133621681,320.80385623462405,24,3,Orthorhombic
mp-11982,Sr2CaTeO6,3.2142,-2.803740488666666,5.052894223425868,288.48199699662354,20,4,Monoclinic
mp-9113,CsBeAsO4,3.8814,-2.292041238522166,4.318162480858941,431.98053440401685,28,4,Orthorhombic
mp-573422,CsCr3O8,1.6554,-1.942454589554585,3.76724211475712,735.0314855733042,48,3,Orthorhombic
mp-769571,Ba2Ta2O7,2.922899999999999,-3.402772094969696,7.361297933065839,337.70923465185524,22,3,Orthorhombic
mp-20546,Ba2In2O5,0.919,-2.422391895925927,6.2577470899305965,310.08967785474204,18,3,Orthorhombic
mp-561490,PdSeO4,1.2024,-0.9329426603906241,4.565502914014778,181.40443886861914,12,3,Monoclinic
mp-550998,TiZn(BiO3)2,1.9356,-2.192551325333334,7.420403252067178,140.3623491996041,10,4,Tetragonal
mp-754177,CaGd2O4,0.0,-3.637182070714286,6.628507564201176,209.71874268632564,14,3,Orthorhombic
mp-1222723,LaUO4,0.0,-3.9177180308333632,8.807638005708665,83.1306620490902,6,3,Trigonal
mp-1043461,NiSbP2O9,,-2.074567103021976,3.617344315526351,709.4982471061968,52,4,Orthorhombic
mp-9238,Ba2UCuO6,0.0,-2.988900823999999,7.247763171490058,154.01391607319943,10,4,Tetragonal
mp-21099,K2Pb(SO4)2,4.436,-2.117876546884615,4.131325195805346,191.93444390634033,13,4,Trigonal
mp-774472,PrSO,1.409,-2.918105473888887,5.526093150915231,227.13730149012616,12,3,Orthorhombic
mp-766045,PWO5,1.6157,-2.447840477091835,5.134605336610981,190.6844851597616,14,3,Triclinic
mp-17357,NaSmSiO4,4.2786,-3.290342111625615,4.5995456020270495,383.30886321024803,28,4,Tetragonal
mp-559415,Na2Cu2Si4O11,0.0952,-2.5638947588294,2.842418099235736,269.55367589489947,19,4,Triclinic
mp-555641,Nb2Te4Cl10O,1.19,-1.395523864803921,3.3667279070310743,526.1390523926644,17,4,Triclinic
mp-9406,Li2La2Ti3O10,1.7706,-3.480496879215687,4.915751863582342,201.08803448135615,17,4,Tetragonal
mp-757594,Os(OF2)2,1.9011999999999991,-1.840872333333333,4.882321334155882,608.5752244847645,42,3,Hexagonal
mp-6763,K2Ti(Si2O5)3,3.256599999999999,-3.186946105534723,2.66956550269771,332.5149289806049,24,4,Triclinic
mp-776597,NaCu(PO3)4,0.7094,-2.326563028330596,2.7016063307484552,494.6983801528159,36,4,Monoclinic
mp-1096860,Ca2TiO4,1.572299999999999,-3.448543979047618,3.578717564615976,89.0983158449353,7,3,Tetragonal
mp-18805,Sr2CoMoO6,0.42089999999999905,-2.442181528,5.812343486645455,121.7360313918703,10,4,Tetragonal
mp-14254,NdAlO3,2.863600000000001,-3.644979264499999,6.984787972938765,104.23401901492895,10,3,Cubic
mp-755671,MnO2,0.0,-1.762681066810345,4.437863434268103,65.05924735525676,6,2,Trigonal
mp-1223873,HoSc(BO3)2,4.4611,-3.487005784833333,4.891771684441527,111.17326625405327,10,4,Trigonal
mp-557451,CsReOF6,2.9741,-2.662115719961686,4.544677128730507,656.3739028639418,36,4,Monoclinic
mp-505345,SrV2(P2O7)2,2.121299999999999,-2.847431070884353,3.275779448192798,272.4104350134815,21,4,Triclinic
mp-556754,Ti3O5,0.0,-3.380614719375001,4.335937953421416,171.26315837644566,16,2,Monoclinic
mp-775296,TiMnO4,0.0,-2.600586465210728,4.058164755361633,136.5061919030089,12,3,Tetragonal
mp-1355262,VZnAsO5,,-1.9803461059375,4.219050252861603,427.06572438277925,32,4,Orthorhombic
mp-1226807,Ce2ThO6,1.9619,-4.068490727777777,8.126403860487303,124.29239760573729,9,3,Orthorhombic
mp-18804,BaDyCo4O7,0.0,-2.062001783974359,6.111957544323491,351.8647931000449,26,4,Hexagonal
mp-28477,Sr(ClO3)2,5.2387,-1.233083114444444,3.132411847543155,269.85237516342846,18,3,Orthorhombic
mp-17366,Ho2SiSO4,2.6279,-3.452076566249998,6.662529453214623,452.62043771324176,32,4,Orthorhombic
mp-756661,Te3WO12,1.6396000000000002,-1.5024740837500001,5.648384628561481,223.0264906596795,16,3,Monoclinic
mp-4019,CaTiO3,2.3053,-3.556087157166666,4.02925941391082,224.09973769300066,20,3,Orthorhombic
mp-28536,BaSe2O5,3.3889,-1.9180706830859422,4.726011864824281,527.3853213488859,32,3,Monoclinic
mp-760477,SmBO3,4.3574,-3.427468958833333,5.406074521045035,128.49753616135,10,3,Orthorhombic
mp-18605,RbLa(WO4)2,3.7897,-2.6731323460416663,6.5104061974869545,367.3099889656935,24,4,Monoclinic
mp-1222317,LuGaCuO4,0.0,-2.479566843452381,7.304549566545189,84.61965095453552,7,4,Trigonal
mp-30949,Sr3SiO,0.4234,-1.443864567499999,3.956389438884266,515.312261967182,20,3,Orthorhombic
mp-561243,Sr2CuClO2,2.384299999999999,-2.505375169444444,3.8861090509558123,392.56733964624385,18,4,Trigonal
mp-1190360,CaSeO4,3.4068,-2.1059328512239572,3.849711816748634,315.8031342047507,24,3,Monoclinic
mp-8000,SrSn(BO3)2,3.617799999999999,-2.832876895333332,4.358231824029352,123.42826069890596,10,4,Trigonal
mp-2763,Nd2O3,3.8089,-3.775887380999997,7.240575197487425,77.1681562687734,5,2,Trigonal
mp-34146,Co2CuO4,0.0,-1.148951794285714,5.713238639035527,142.65564646454504,14,3,Cubic
mp-561647,Cs2TeOF4,5.0319,-2.611909921997126,4.279540582706663,376.6909793317863,16,4,Orthorhombic
mp-19068,TmVO4,2.9595000000000002,-3.216402385833336,6.126879659104594,153.8736673306693,12,3,Tetragonal
mp-1221937,Mn2NiO3,0.0,-1.688998426810345,5.602677389170582,64.18701003620627,6,3,Orthorhombic
mp-17979,BaAl2(SiO4)2,4.7813,-3.452259155961539,3.379934369348031,737.8365943964294,52,4,Monoclinic
mp-5061,Li5ReO6,2.158299999999999,-2.3080890799305562,5.152445331878141,102.13379178967001,12,3,Monoclinic
mp-1105546,LaFe4(CuO4)3,0.0,-1.68143263775,5.843527797861923,211.6807877826034,20,4,Cubic
mp-754159,Na2Mn(SO4)2,3.521,-2.134707520822281,2.901560920531795,335.41187217079204,26,4,Monoclinic
mp-755165,YScO3,4.4324,-3.932606217,4.794330594656989,251.95223031798207,20,3,Orthorhombic
mp-555150,KTa(BO3)2,3.6136,-3.001375388291666,3.99256494967839,280.87469261695895,20,4,Orthorhombic
mp-3316,BaCeO3,2.2112,-3.589194142000001,6.274068485527652,172.26711111864293,10,3,Orthorhombic
mp-997102,KAgO2,1.1904,-1.004760868479165,3.781215411936519,157.1869570179241,8,3,Monoclinic
mp-15103,Sr3Y2(GeO4)3,,-3.0728215795,4.8470386364647435,1165.6014301751907,80,4,Cubic
mp-28351,Dy2GeO5,4.0049,-3.368152111354172,7.06635588690001,448.9640266344243,32,3,Monoclinic
mp-754263,Ho2CuO4,0.0,-3.117483926428569,8.547104405356135,177.72980736552367,14,3,Orthorhombic
mp-540728,K2Zn6O7,0.7588,-1.729306688633331,4.9596329978159535,390.1527026858262,30,3,Tetragonal
mp-4995,LiSbO3,2.1379,-2.118194097166666,5.4462318959327884,215.50013311485165,20,3,Orthorhombic
mp-554952,Te2Pb3(ClO3)2,2.5593999999999992,-1.587321612179486,6.714827447343146,516.2034684271501,26,4,Monoclinic
mp-7748,NaAlO2,4.7292000000000005,-2.864141727844827,3.485224451651478,39.05474907467106,4,3,Trigonal
mp-755459,Rb2O,0.30669999999999903,-1.115082109999999,3.343797460654141,185.66487597855013,6,2,Monoclinic
mp-1228414,Ba2MnNbO6,0.0,-2.940710153793104,6.16364681403778,139.68693189582763,10,4,Cubic
mp-777546,NaSnO,0.0,-1.348088182126436,4.257977548576234,123.00000569395591,6,3,Tetragonal
mp-23068,NdBrO,4.483099999999999,-3.28379890583333,6.22149132041206,128.19139265081296,6,3,Tetragonal
mp-18775,Fe3PO7,2.1744,-1.996787724512985,3.850723922556256,133.8981879584459,11,3,Trigonal
mp-763013,Fe2OF3,0.0,-2.287127409166666,4.209965176835227,291.3810412760783,24,3,Orthorhombic
mp-1017591,BaRuO3,0.0,-2.121449641,7.08696316067908,67.1049654561984,5,3,Cubic
mp-33816,Rb6Fe2O5,1.2235,-1.42341422153846,4.009604997764937,291.75928245540075,13,3,Monoclinic
mp-6340,LiAl(SiO3)2,5.368399999999999,-3.194587714333333,3.071252837768189,201.22707524857876,20,4,Monoclinic
mp-1217157,Ti3O4,0.0,-3.16382181714286,4.9380997348892155,69.80936068096659,7,2,Tetragonal
mp-547517,Sr2Cu3(ClO2)2,0.0,-1.8853649245454551,4.256554898194483,195.36160827790175,11,4,Tetragonal
mp-552651,La2Fe2Se2O3,0.0,-2.3879076588541652,6.133151448826019,161.20859744310252,9,4,Tetragonal
mp-6748,Cs2Ti(Si2O5)3,3.5085,-3.19604436552682,3.3753636264994062,710.5671549202337,48,4,Monoclinic
mp-1190609,VO2,0.0,-2.442966984166666,4.17077375663043,264.17277250117263,24,2,Orthorhombic
mp-541996,Pr2SiTeO4,1.7596,-3.258592899687499,5.922031267111539,562.481113304604,32,4,Monoclinic
mp-559264,Bi2PdO4,0.0,-1.324995631428572,8.218741942266078,237.75544383967244,14,3,Tetragonal
mp-557522,PCl2OF,5.0057,-2.000886445928571,1.790929512120334,507.6482191341915,20,4,Monoclinic
mp-15902,Li2Ca2Ta3O10,0.0,-3.208209978745099,6.274200069922476,210.90228502359943,17,4,Tetragonal
mp-510075,Cs7Au5O2,0.803199999999999,-0.7007308605418691,6.407941555522056,504.585054025631,14,3,Orthorhombic
mp-19448,Ni3TeO6,0.0,-1.382643370166666,6.436793477606572,103.10702224869901,10,3,Trigonal
mp-546672,LaBi2IO4,1.2225,-2.301724320000001,7.780607084812007,159.5889019714755,8,4,Tetragonal
mp-560528,K2Ce(PO4)2,1.441399999999999,-3.011579851829669,3.288590782399749,412.2883991998215,26,4,Tetragonal
mp-1080434,Sr2YCoO6,0.0,-2.57161409725,5.205918382647697,534.6923229490615,40,4,Cubic
mp-685863,Li4SiO4,4.6647,-2.615235490555556,2.238933963831824,533.3184313166247,54,3,Triclinic
mp-555596,K6Si2S6O,3.1497,-1.582541440566664,2.089216259376389,793.4634851526661,30,4,Monoclinic
mp-21880,NaFeO2,0.780799999999999,-1.770851460344827,3.162475197493462,232.7840823239065,16,3,Tetragonal
mp-8216,LaBO3,4.500700000000001,-3.521145549833336,5.315766467693733,247.04842514826802,20,3,Orthorhombic
mp-8794,K4UO5,2.1712,-2.6296852469000003,4.390436852656259,358.86700687653934,20,3,Triclinic
mp-1045036,YSn(WO4)2,1.662099999999999,-2.421590127916666,6.700859707838786,174.28245249620295,12,4,Triclinic
mp-6481,Na2ZnSi3O8,3.9475000000000002,-2.832151200554187,2.8807434613144443,373.11011332290406,28,4,Monoclinic
mp-29007,P4(SO2)3,4.1226,-1.741328809697801,1.8331569110201151,1145.2896196098075,52,3,Monoclinic
mp-19021,BaCo2(PO4)2,0.0,-2.547109981098902,4.462345170280401,331.2903323456101,26,4,Trigonal
mp-29104,Ti3Zn2O8,2.5854,-2.979183314423077,4.529740321033096,590.0775344244757,52,3,Cubic
mp-1189408,Sr2HoTaO6,3.855199999999999,-3.609102822733333,7.115735587041178,288.02163580542333,20,4,Monoclinic
mp-36480,La2CuO4,0.0,-2.9840769700000003,6.919921389386846,194.54181965882543,14,3,Orthorhombic
mp-553965,RbLaNb2O7,1.7695,-3.204687685681818,4.968948879063574,349.0087540393816,22,4,Orthorhombic
mp-556004,Ba3In2Br2O5,1.2907,-2.481204487361111,5.898231429121717,248.14822591297497,12,4,Tetragonal
mp-1096838,Ba(AgO)2,1.7273,-1.398802029666667,6.821766535397419,187.4619492921981,10,3,Tetragonal
mp-558943,LiUAsO6,2.2759,-2.709139970648147,5.053456035820655,273.3171583907824,18,4,Triclinic
mp-1093993,ZnO,0.7376,-1.7579994199999982,5.450391709469147,99.20889048362783,8,2,Tetragonal
mp-1041411,CaBi4O9,0.7755000000000001,-1.754465680000001,8.239315705660957,411.13613734735316,28,3,Monoclinic
mp-27588,Be(PO3)2,6.036799999999999,-2.780126906031745,2.665361974290645,416.05926563755975,36,3,Monoclinic
mp-778106,Li3V4(OF3)3,0.139899999999999,-2.952914055526316,3.386929961038814,434.94847521367586,38,4,Triclinic
mp-15939,SrAl2B2O7,4.6521,-3.263411640277777,2.657865720722792,171.9356264653263,12,4,Trigonal
mp-10925,Pr2Se2O,2.062399999999999,-2.7507749761041653,6.303188826038905,480.242806770428,20,3,Monoclinic
mp-759669,Mn6OF11,0.894,-2.792355097643679,4.207730274076269,437.74276696854776,36,3,Monoclinic
mp-1192011,Sr3(CoO3)2,1.3059,-2.316033964545454,5.557001301943329,284.9079111990537,22,3,Trigonal
mp-27358,Se2O5,2.9034,-1.022062649955356,3.606510002362265,438.1748259114776,28,2,Monoclinic
mp-639714,TlVTeO5,1.985399999999999,-1.82178352375,5.945922403390666,517.1273229145677,32,4,Orthorhombic
mp-26471,Li4Fe5(P3O11)2,,-2.43904789570785,3.216565545065411,872.2681949009583,74,4,Monoclinic
mp-754725,UCd3O6,1.7871000000000001,-2.270865616499999,8.176224755526016,272.65655748554144,20,3,Monoclinic
mp-1224680,Gd2SbO2,0.0,-2.979000602,7.6108787284528905,102.16455397881444,5,3,Orthorhombic
mp-1190635,Na2OsO4,0.25930000000000003,-1.745119403251228,6.070402415747758,246.36209307534324,21,3,Hexagonal
mp-1019710,CsB5O8,5.6555,-2.816721892534893,3.13583507339958,667.1220290414531,56,3,Orthorhombic
mp-754578,TmGaO3,,-3.158924132000001,8.581392196401769,221.87658881589454,20,3,Orthorhombic
mp-672012,InCu(WO4)2,0.6250999999999991,-1.915357530972221,7.617919842230529,293.85145740574984,24,4,Monoclinic
mp-6945,SiO2,5.503699999999999,-3.267460600833333,2.309027516318023,172.83869832405802,12,2,Tetragonal
mp-684090,LiSbP2O7,3.6516,-2.469853182510823,3.583968035315968,560.8897382283066,44,4,Monoclinic
mp-1102291,La3TaO7,3.5388,-3.801390292939392,6.985734745771776,168.68924262621448,11,3,Orthorhombic
mp-753774,KTmO2,3.9715,-3.158537831812501,6.5035147732123,61.28707035523542,4,3,Trigonal
mp-721249,Li10Ge(PO6)2,4.4921,-2.494364972304762,2.450091022833912,536.761611604963,50,4,Triclinic
mp-553938,KGd(WO4)2,3.1609,-2.6604434064375,6.877578453204399,334.1676331499676,24,4,Monoclinic
mp-1175517,Li9Co7O16,,-1.662223725625,4.20243640813168,288.84205857264493,32,3,Triclinic
mp-1205856,Eu2LuTaO6,0.5686,-3.542649322400001,8.789839185884459,142.78994484067164,10,4,Cubic
mp-1205598,Ba2PuMnO6,0.0,-2.969255502668103,7.255746554235904,153.24098811270235,10,4,Cubic
mp-10321,La2ZnRhO6,0.0,-2.662992525999999,6.988759904097597,257.6178053131479,20,4,Monoclinic
mp-19949,Sc2Cu2Ge4O13,0.190999999999999,-2.3260445773809533,4.346798246553941,546.7052597322437,42,4,Monoclinic
mp-18910,BaV4O9,0.8127000000000001,-2.630906763214287,4.783860434754818,336.76020507254526,28,3,Monoclinic
mp-755617,NaHoO2,4.004799999999999,-3.163776783469826,6.868501804278889,212.67165244404262,16,3,Monoclinic
mp-1227071,CaMn3O4,0.593799999999999,-2.270308044224139,4.574605789375607,97.60445601940377,8,3,Tetragonal
mp-562490,SiO2,5.599699999999999,-3.252672313333333,1.862372589825406,214.2907990029286,12,2,Monoclinic
mp-646633,V2Ni(PO5)2,1.7658,-2.461723999285715,3.818320058871517,332.70440753175376,30,4,Monoclinic
mp-558666,KVOF4,3.6667,-2.9351555531785722,2.7063832197474973,446.7550564929769,28,4,Monoclinic
mp-5857,MgAl2O4,4.9766,-3.271102225714285,3.820737174736728,247.32160734733927,28,3,Orthorhombic
mp-1178478,Ce2Y2O7,2.0556,-3.849199567727272,5.857583571103221,161.59784111741706,11,3,Tetragonal
mp-14769,Ba2Zn3(AsO)2,0.11760000000000001,-1.413042618333334,6.03038768190828,179.73505159876666,9,4,Tetragonal
mp-18843,Ca3FeRhO6,0.8859,-2.460654356818181,4.61549196506979,539.6351577610537,44,4,Trigonal
mp-760247,Na2FeO3,0.0,-1.616422839626435,3.922511603693516,253.70123592202077,24,3,Monoclinic
mp-16280,Ca2Sb2O7,1.743399999999999,-2.5944479686363593,5.164943632742013,280.138601912242,22,3,Orthorhombic
mp-552802,ErU2S3O2,0.0,-2.692752169062496,8.433417205759381,151.91036961053905,8,4,Tetragonal
mp-760972,Mn3(OF2)2,0.0,-2.511269068754789,4.122554384058049,219.7695351202438,18,3,Triclinic
mp-558710,Na2Zr(WO4)3,2.8712,-2.443864616819922,5.839910223046854,500.85149631248294,36,4,Tetragonal
mp-755109,YErO3,4.544399999999999,-3.907949494999999,7.141933728330594,282.87836115738855,20,3,Orthorhombic
mp-777639,Fe5(OF4)2,1.415,-2.329046514,4.14959440602536,370.7253908824322,30,3,Triclinic
mp-634859,CaO2,2.7345,-2.206560153333333,3.312892458777454,36.12744563392267,3,2,Tetragonal
mp-22024,GdVO4,2.9685,-3.1765945025,5.452342505819097,165.79319203454685,12,3,Tetragonal
mp-642750,NaV2O4,0.0,-2.4183657594827572,4.480323588463772,280.003549315192,28,3,Orthorhombic
mp-778749,VOF2,1.5198,-2.85719378375,3.591859379738478,291.0801497734939,24,3,Trigonal
mp-1044445,CaCoBiO5,0.6493,-1.810073196875,5.098649539645565,505.44381556966727,32,4,Monoclinic
mp-1104369,NaV2O4,0.505,-2.406101038054188,3.562472207927541,176.07246227195688,14,3,Monoclinic
mp-19414,K3CrO4,1.239399999999999,-1.92780925959375,2.411989024287895,321.21608364846554,16,3,Tetragonal
mp-572877,Co5Se4(ClO6)2,2.5561,-1.29809770736413,4.021296128493589,721.3210385407681,46,4,Triclinic
mp-4957,CaNbO3,0.0,-3.157008141,4.738824683778576,253.67357057356134,20,3,Orthorhombic
mp-22196,Dy2Cu(GeO3)4,0.720299999999999,-2.5213368922807,5.575435084126665,259.4404860683547,19,4,Triclinic
mp-20078,Pb2O3,1.074899999999999,-1.393345208999998,9.837550822423589,312.20383580650474,20,2,Monoclinic
mp-560620,BaZr(PO4)2,3.8199,-3.280782184107142,3.837589070192506,181.0837911819616,12,4,Trigonal
mp-754437,Na3(CoO2)2,0.013600000000000001,-1.460488677681992,3.397593298768416,245.18443123749742,18,3,Orthorhombic
mp-757287,Li3Fe(Ni2O5)2,,-1.3050065341666661,4.476342316720455,349.7664726229197,36,4,Monoclinic
mp-755942,NaNiBO3,3.302899999999999,-2.091828397590995,3.8308318945804,243.59520247148492,24,4,Monoclinic
mp-769277,Yb2TeO2,0.0,-3.320534887500002,9.316909121826301,90.12639187220172,5,3,Tetragonal
mp-998914,K2O,0.8801,-1.192727934833332,2.149151487134136,145.56083093478628,6,2,Monoclinic
mp-23492,Si(Bi3O5)4,2.347799999999999,-1.792994503333337,9.18901302686875,516.0762152775502,33,3,Cubic
mp-752659,Li2FeP2O7,,-2.527655299871031,2.9549847026373923,547.7173428504632,48,4,Triclinic
mp-1178173,Ho2TeO2,0.7161999999999991,-3.32919161533333,8.662887368297849,93.8216655812134,5,3,Tetragonal
mp-779365,V2OF5,1.5278,-3.045821764166667,3.559269887324109,297.94280448348985,24,3,Triclinic
mp-559893,LiBi(PdO2)2,0.445999999999999,-1.383742147916666,7.507468057252558,217.98176527125852,16,4,Tetragonal
mp-1101933,AgClO4,2.8481,-0.370361691944444,4.034353320631651,170.66475803201675,12,3,Monoclinic
mp-7467,RbCuO2,0.9136000000000001,-1.357687516875,3.871455658146089,155.27931630283797,8,3,Orthorhombic
mp-6430,Ba2YReO6,0.0,-3.026363982249999,7.037776705493275,152.36560483122406,10,4,Cubic
mp-1078329,ZnPbO3,0.0,-1.473602805999999,8.288778142141021,128.45820493772405,10,3,Trigonal
mp-18019,K3Sm(PO4)2,5.0138,-2.97325888471683,3.852663113170237,394.4589542946429,28,4,Monoclinic
mp-556428,Ba3Fe2Br2O5,2.4063,-2.444294398749999,4.738471791423461,535.1015180489882,24,4,Cubic
mp-8424,Li8PrO6,0.0,-2.213111641888888,3.0445544964887272,159.49619030007807,15,3,Trigonal
mp-17151,UCrO4,0.338699999999999,-3.17239251833333,8.044278818211454,292.31625986599056,24,3,Orthorhombic
mp-977455,PaAgO3,0.915,-2.8303952513333472,7.996811026447928,80.34031925623562,5,3,Cubic
mp-698001,La5Re3NiO16,0.0,-2.9433375481,7.909551660937905,658.3044517690798,50,4,Triclinic
mp-1105243,Mn3ReO6,0.0,-2.005031953129311,6.487278871491619,228.84481923067324,20,3,Monoclinic
mp-753384,Nb4Tl4O13,0.0,-2.355071489444447,7.378572305915919,314.42718027388645,21,3,Cubic
mp-20991,BaPbO3,0.027299999999999002,-2.1081123880000012,8.196469151276947,159.04492951661564,10,3,Tetragonal
mp-753491,Fe3(OF)2,1.4501,-1.9133000535714282,4.461566942162001,176.81180471059085,14,3,Monoclinic
mp-3884,Ho2Sn2O7,2.7013,-3.027425837727271,8.09694715508882,278.614901156187,22,3,Cubic
mp-759488,W3O7F,0.0,-2.159910014545452,8.222085647408411,137.84112043155352,11,3,Orthorhombic
mp-551250,ErBi2IO4,1.375,-2.332201546875,8.578807971338948,150.22841050683854,8,4,Tetragonal
mp-540633,RbNb(GeO3)3,3.1728,-2.39532423375,3.902688792135062,459.77051936279713,28,4,Hexagonal
mp-560665,LaPb6BrO7,1.930499999999999,-1.8782037909999991,7.660437972329734,682.3884616807068,30,4,Orthorhombic
mp-1858,HfO2,4.2272,-4.003427114583332,10.698913663127213,261.3535440977401,24,2,Orthorhombic
mp-613620,Rh2O3,0.567599999999999,-1.070025242249999,8.115138528847908,415.48036728075584,40,2,Orthorhombic
mp-861179,Zr7VO16,1.762,-3.619999341875,5.421820857306535,579.1558086249131,48,3,Triclinic
mp-1227311,BaSrO2,2.567199999999999,-2.923456599999999,5.392667111884088,79.12013295953679,4,3,Trigonal
mp-698576,Ti3Fe5O12,0.19890000000000002,-2.4337888755,4.711532605373236,433.3751761012196,40,3,Triclinic
mp-1003486,CaMnO2,0.0,-2.617385568232759,4.145777131013368,203.49681663576487,16,3,Cubic
mp-996996,CrAuO2,1.266,-1.6227390800000001,9.692359562010237,48.13559510446606,4,3,Trigonal
mp-1191326,InTeBrO3,2.9011,-1.588496832222221,5.578500253440367,440.9293762221383,24,4,Monoclinic
mp-22684,Fe2NiO4,0.0,-1.5086928378571431,5.105879374243736,152.45123452467823,14,3,Cubic
mp-555203,Sr5B3ClO9,3.9640999999999993,-3.222358900416667,3.963466300359594,544.6334582101451,36,4,Orthorhombic
mp-754400,KVO2,1.6682000000000001,-2.1626119880625,3.859044125715632,105.02593716551027,8,3,Trigonal
mp-8979,TaInO4,3.5727,-2.809075625666668,8.194696842475858,145.8019313611302,12,3,Monoclinic
mp-548658,RbPO3,4.5235,-2.62928008042857,2.763499679452859,197.61800656873498,10,3,Orthorhombic
mp-5724,AlPO4,5.4878,-3.119648467440476,2.211096237666642,183.17389562852466,12,3,Monoclinic
mp-1192126,Zn2TeMoO7,3.4519,-1.799333107878788,4.742398328320518,326.5852634658844,22,4,Monoclinic
mp-559127,K2Zn2Si8O19,4.2227,-2.99216316966129,2.823240773207796,433.88379275174486,31,4,Monoclinic
mp-541640,Nd4Os6O19,0.0,-2.259843389137937,9.268671580505474,362.31394121010345,29,3,Cubic
mp-19055,HoCrO4,0.058899999999999,-2.768477817499999,6.728117065434207,138.66741776919855,12,3,Tetragonal
mp-554869,SrGeO3,3.3373,-2.7412305965,4.604582877343405,901.2435295489332,60,3,Triclinic
mp-7650,RbScO2,3.452399999999999,-3.000576440624999,4.584490911311013,117.66145104830382,8,3,Hexagonal
mp-753203,VO2F,1.6059,-2.4588314225,3.541838111385114,95.58494416671368,8,3,Monoclinic
mp-1219649,Rb2W(OF2)2,3.1963,-2.681892906111111,4.714214731791473,163.0058043060818,9,4,Monoclinic
mp-562263,Cs2PbO2,1.8593000000000002,-1.481390851862066,5.802036697909616,578.1337732483663,20,3,Triclinic
mp-17902,K3Na(RuO4)2,0.0,-1.70723813772352,3.396499477606681,459.97390889913345,28,4,Monoclinic
mp-754094,Li3Fe3NiO8,,-1.689898411333333,4.195717780063171,148.4321786500442,15,4,Monoclinic
mp-768358,ScInO3,2.1982,-2.907754082333332,5.201301265856924,132.6643819656345,10,3,Hexagonal
mp-6972,YCuO2,2.6406,-2.7117992875,5.001437741983469,61.23989260402066,4,3,Trigonal
mp-4820,ZrSiO4,4.1495,-3.55875977333333,4.634255277198486,131.36462388371612,12,3,Tetragonal
mp-556974,BaB4O7,6.4658,-2.994100018888888,4.555869737058966,426.5430128858497,48,3,Orthorhombic
mp-1078182,Nd2Fe2Se2O3,0.0,-2.286560063854166,6.3650611949214895,158.11941868910097,9,4,Tetragonal
mp-23058,NdClO,4.766400000000001,-3.471199014166668,5.83922259172562,111.30186979866941,6,3,Tetragonal
mp-1205605,TbEu2TaO6,0.780999999999999,-3.4571722674,8.209103835778047,149.64640362313804,10,4,Cubic
mp-556925,TiMnO3,1.5326,-2.894614254252874,4.713654201746586,212.50152766807804,20,3,Orthorhombic
mp-558781,ScTaO4,4.027699999999999,-3.651721514555548,6.850006173714704,140.5524534342617,12,3,Monoclinic
mp-1220869,NaSrNb2O6,0.0,-3.031476777137931,4.934714034588961,132.04958949501923,10,4,Orthorhombic
mp-755834,AgSnO3,0.0,-1.349847933333332,6.775067906671611,134.59491336386625,10,3,Orthorhombic
mp-555390,TcO3F,2.444499999999999,-1.926119503999999,3.641817676539584,300.9302824080249,20,3,Monoclinic
mp-756124,TbCrO3,2.4854,-3.214648261833333,7.801541691124652,220.4416567686988,20,3,Orthorhombic
mp-19287,NaV(SiO3)2,0.0673,-2.944825122887931,3.356466424134577,447.42967848101415,40,4,Monoclinic
mp-772584,Ti5V(PO4)6,0.0,-2.90750626262566,3.177180441059208,449.5298380802801,36,4,Trigonal
mp-1478,Cu4O3,0.0,-0.8074406257142841,6.051088195427846,165.84962311746816,14,2,Tetragonal
mp-558631,Mn3(PO4)2,2.9497,-2.5509387956214473,3.791088213118403,310.7749492482777,26,3,Monoclinic
mp-18673,CsZnPO4,3.8874999999999993,-2.493512914185432,3.881418287864501,501.8913351165502,28,4,Orthorhombic
mp-769466,Y2Ge2O7,3.8961,-3.021032278181823,4.654599088234493,155.21847906633926,11,3,Monoclinic
mp-558755,Tl2MoO4,3.2773,-1.649552961666672,6.867138557796094,275.03611103562076,14,3,Trigonal
mp-29797,GdBrO,0.08119999999999901,-3.312317020000002,6.530905844610014,128.73286510156947,6,3,Tetragonal
mp-3688,Er2Sn2O7,2.6825,-3.030940987272725,8.225226497374631,276.1501568937193,22,3,Cubic
mp-12640,Ba2DyNbO6,2.8514,-3.458601736166666,6.630188428482101,156.79671133235095,10,4,Cubic
mp-1201474,KSO4,,-1.840356971104165,2.129460347747408,1686.3611850897992,96,3,Orthorhombic
mp-675623,CsClO4,6.0296,-1.036354983275862,3.8282071733361693,201.57545507373482,12,3,Tetragonal
mp-18502,BaSi3SnO9,3.7306,-3.092743077142858,3.981903280827606,403.9170481169222,28,4,Hexagonal
mp-20277,RbEuO2,0.0,-2.531090263125001,6.1903370155629425,72.27393854529775,4,3,Trigonal
mp-1189182,LaMn7O12,0.0,-2.253550999525861,5.419522921918944,219.21798491823503,20,3,Monoclinic
mp-1190152,SrHgAs2O7,1.4788000000000001,-1.9236878365909091,5.587923236858271,326.9113816809684,22,4,Triclinic
mp-554810,Ba2VP2O9,2.5501,-3.077986980663265,3.9362169162694682,896.9414123205983,56,4,Monoclinic
mp-17137,Ba3ZnRu2O9,0.0,-2.233870685333334,6.3693855774279164,429.3961337345697,30,4,Hexagonal
mp-1047414,Zn2FeWO6,2.8349,-1.8712016285000002,6.758152041687184,229.24624171434584,20,4,Trigonal
mp-1076510,K5Na3Ta8O24,2.1513,-3.062006366976365,6.720705754614448,517.882929258226,40,4,Tetragonal
mp-1188225,SmVO3,1.5136,-3.249731109500001,7.085078065698469,233.71479456005082,20,3,Orthorhombic
mp-1228360,Ba2InCuO4,1.110799999999999,-2.225249320833332,5.827877794885125,147.31341871909677,8,4,Tetragonal
mp-36165,Na10Zn4O9,1.4874,-1.6252489201649172,3.56594146398521,591.8883239012027,46,3,Monoclinic
mp-759259,Fe4O5F3,0.043199999999999,-1.864353081666666,4.423058643092658,270.5874738931095,24,3,Monoclinic
mp-4802,La4Re6O19,0.0,-2.686276199655174,8.78933486411744,373.4799985089331,29,3,Cubic
mp-1186812,PuTiO3,0.0,-3.223825307416663,9.386999278252842,60.121389727310586,5,3,Cubic
mp-18880,ErVO4,2.7173,-3.176817756666666,6.84343610164388,136.94903046080302,12,3,Tetragonal
mp-17833,Ba3GeO,0.15300000000000002,-1.439800085999998,5.2479375796067345,633.6201367693964,20,3,Orthorhombic
mp-561940,Na3Co2SbO6,1.0195,-1.76633752992816,5.223272126416758,128.62454190413052,12,4,Triclinic
mp-4405,Rb3AuO,0.19789999999999902,-0.8160150875000001,4.660879718495778,167.2229752673024,5,3,Cubic
mp-555552,KNaSO4,5.0709,-2.204388925161329,2.585986447088684,203.10652858288532,14,4,Trigonal
mp-3187,BaCeO3,2.2207,-3.589836753000001,6.272009404625958,344.64733173556965,20,3,Orthorhombic
mp-29128,K2Te4O9,2.9189,-1.679416738577777,4.73699148212836,1027.231154657508,60,3,Monoclinic
mp-557107,NiB4O7,2.142299999999999,-2.535456436805554,3.870559201523433,367.1246636433604,48,3,Orthorhombic
mp-1066856,AgO,0.0,-0.43385250083333204,6.803873473451433,60.46173247887936,4,2,Monoclinic
mp-1020596,NaGa(GeO3)2,2.6524,-2.17340680838793,4.64503179994121,238.79365623190776,20,4,Monoclinic
mp-779013,Mn2O3F,0.0,-2.023993813477011,4.611914368792291,254.7350131743817,24,3,Monoclinic
mp-559004,ErMoClO4,2.7062,-2.685698043571428,4.913395013249574,245.1233115444508,14,4,Monoclinic
mp-581795,Er2Te4O11,3.2333,-2.309469661274509,7.047287776769441,481.1108377965026,34,3,Monoclinic
mp-1190115,Ca2Sb2O7,0.0,-2.565169754545453,5.25177040848557,275.50711011548583,22,3,Cubic
mp-22633,Pb3O4,1.133,-1.44698115428571,8.662164587521179,525.7169093310843,28,2,Tetragonal
mp-755302,TiNbO4,0.0,-3.157380078888889,4.41673825127051,76.98672473926995,6,3,Tetragonal
mp-21868,Ba2Lu(CuO2)3,0.0,-2.247971449722222,6.806467348140077,179.6204686164093,12,4,Tetragonal
mp-771940,CrNi5(PO4)6,0.0,-2.04558446438492,3.457099220508767,439.63936743774804,36,4,Trigonal
mp-622198,Ti3(BiO3)4,1.6328,-2.510433100789474,7.756213996422318,501.6228509736448,38,3,Orthorhombic
mp-1190404,Sr3LiNbO6,3.2076000000000002,-3.100887808030302,4.746216644776646,320.9695653169817,22,4,Trigonal
mp-1178387,Cu(AgO)2,0.0,-0.49757373066666505,7.716731470180955,66.9836180377036,5,3,Orthorhombic
mp-999539,MnO,0.0,-1.9740157427155172,4.349905951768193,54.15951517729094,4,2,Hexagonal
mp-756297,ZnIn2O4,1.179099999999999,-1.9064492869047611,6.423869048604607,185.62154968060707,14,3,Cubic
mp-1020181,Na2ZnB6O11,4.7511,-2.68501419838793,2.664546416875838,439.04017539616586,40,4,Monoclinic
mp-753055,TbBi5O9,1.610199999999999,-1.967729296111112,8.960438890775194,249.77693950908318,15,3,Triclinic
mp-3442,CaTiO3,2.2434,-3.538690571666666,4.016239102380592,112.41312515722095,10,3,Tetragonal
mp-3323,SrZrO3,3.214399999999999,-3.606749917,5.09297632587517,73.96074740540564,5,3,Cubic
mp-1275986,YFeO3,0.0,-2.821769901999999,5.066710990725307,252.68252178655933,20,3,Hexagonal
mp-554777,NaCuPO4,0.097999999999999,-2.150052985860309,3.76176687949638,320.4873582142717,28,4,Monoclinic
mp-778177,LiV4OF11,,-3.111943784901961,3.285353401674327,440.42648888995626,34,4,Triclinic
mp-29577,CsBrO4,3.0454,-0.855695337442529,3.516201426620852,261.4462983322639,12,3,Tetragonal
mp-772400,Li2W(OF2)2,4.169,-2.784309477685186,4.803260354481278,422.7551189920057,36,4,Orthorhombic
mp-22279,Ba2EuNbO6,0.0,-3.210084799500001,6.344590785433854,161.0972773595848,10,4,Cubic
mp-774414,Ti3Mn(PO4)6,0.0,-2.67631454399377,2.73430954881585,466.6274094225272,34,4,Trigonal
mp-17704,Tm2SiO5,4.6073,-3.8274684203125022,7.6436631866730735,387.52043692209014,32,3,Monoclinic
mp-561256,Ba2TiOF6,3.9,-3.988466961833334,4.657581619530583,322.66182526566257,20,4,Monoclinic
mp-558712,Ag2BiO3,0.0,-0.913087568055555,8.205652827985512,382.644375199835,24,3,Orthorhombic
mp-989195,ScClO,3.9253,-3.278720271666667,3.15516451550492,101.47792144229439,6,3,Tetragonal
mp-560921,NaAlAs2O7,2.7304,-2.1945148153526652,3.847281551168888,538.3262864616736,44,4,Monoclinic
mp-556519,CeB2ClO4,0.1345,-3.061252073541665,3.9586645878515023,219.12130438206765,16,4,Triclinic
mp-768682,Rb5FeO4,0.9569000000000001,-1.440942389249999,3.926098025100006,462.8597745220842,20,3,Orthorhombic
mp-754444,Zn(AgO2)2,0.2388,-0.6901034161904751,5.85438645800989,195.79282617374332,14,3,Orthorhombic
mp-20223,Mn2GeO4,1.0831,-2.114749792623151,4.8046138325185765,340.7937677956049,28,3,Orthorhombic
mp-764747,FeOF,0.0,-2.040571895833333,4.35274527219677,415.87002463920766,36,3,Monoclinic
mp-1020022,Li3B(PO4)2,6.1272,-2.744765001675169,2.531044949712752,290.73905344352175,28,4,Triclinic
mp-758950,V4O5F7,0.5948,-2.716559098125,3.311425026372415,208.98334604001275,16,3,Monoclinic
mp-19359,NaFeO2,1.9918999999999991,-1.797874432844827,4.371676734888313,42.09905783092161,4,3,Trigonal
mp-1100702,Li9Mn2Co5O16,,-1.8566325923706901,4.2463060152188135,282.73331538958024,32,4,Monoclinic
mp-1193226,Na3VP2O9,1.1306,-2.5279627268949083,2.628105378612486,411.77308009782877,30,4,Monoclinic
mp-31101,Gd3ReO7,0.0,-3.299133534318182,8.46824399026076,301.9602895968723,22,3,Orthorhombic
mp-16984,Sr3MgRhO6,0.0,-2.638171944545454,5.298723198626805,304.6519118569276,22,4,Trigonal
mp-777813,Mn4O7F,0.0,-1.884513580560344,4.834810508975198,240.93108538216822,24,3,Monoclinic
mp-753785,NbOF3,3.2629,-3.259122407999999,3.260211210654867,337.99659791129244,20,3,Tetragonal
mp-36836,Sr4Ru2O9,0.0,-2.449992044333344,5.324823459963711,651.7149909445911,45,3,Trigonal
mp-771047,Mn(IO3)2,1.909299999999999,-1.12431370532567,4.815531558393668,558.2704169544401,36,3,Orthorhombic
mp-997085,SrAgO2,0.0,-1.824237780416666,6.224173178264614,121.38192168649023,8,3,Orthorhombic
mp-19796,Ba2Nb5O9,0.0,-2.8760714015625,6.701996092845088,218.82372099186767,16,3,Tetragonal
mp-5637,SrZnO2,2.0793,-2.43478201625,5.566117779030704,220.7972612182532,16,3,Orthorhombic
mp-1178989,TlNiO3,0.0965,-0.9632668821666671,9.238944403214674,223.64114407224048,20,3,Monoclinic
mp-540022,MnPO4,0.0,-2.420213610428982,3.240425261053308,153.64059141634024,12,3,Triclinic
mp-16415,LaPdO3,0.0,-2.3622328309999983,7.496436967402869,259.8970232452888,20,3,Orthorhombic
mp-14482,SrNb6O16,1.6323,-3.088678538695652,4.8215466595698935,310.3208658322583,23,3,Orthorhombic
mp-28371,K2Zn3O4,1.4102000000000001,-1.708242246055554,4.293919767100468,261.7476124595242,18,3,Monoclinic
mp-18892,KBaVO4,3.9819,-2.775431843535714,3.850849200957395,502.56132459944826,28,4,Orthorhombic
mp-1206283,Sr2CaOsO6,0.0,-2.634856546999999,5.796169650127795,143.68697262270342,10,4,Cubic
mp-16887,Ba2CoO4,0.3179,-2.328969620000002,5.511526936670681,479.1449570833152,28,3,Monoclinic
mp-1391233,Ca2MnWO6,2.5151,-2.755359075793102,5.33764903756559,129.08458555350566,10,4,Triclinic
mp-1042879,YCr(WO4)2,0.0,-2.557548416249999,7.128225942406835,296.58465795571374,24,4,Monoclinic
mp-1025179,Rb2NpO4,0.27179999999999904,-2.870747190535717,6.049958977399623,129.53203787877305,7,3,Tetragonal
mp-1191803,Ag5TePO4,0.47129999999999905,-1.141271934512986,6.698561799907903,377.74832276500786,22,4,Tetragonal
mp-6687,Ba2HoSbO6,3.4155,-3.099882216499999,7.098597826456721,153.76838811163023,10,4,Cubic
mp-1207220,Sr2ErUO6,0.9143999999999991,-3.602642082999998,6.927040651986904,162.17532194024562,10,4,Cubic
mp-1188871,Pr2Cu2O5,0.0,-2.436560420925926,7.24301511695723,224.17313145682897,18,3,Orthorhombic
mp-27323,BaMn2O3,0.0,-2.267367855143677,5.67117605821361,86.43591197380744,6,3,Orthorhombic
mp-867296,RePO5,0.0,-2.323798486020409,4.770861828211255,413.74099799555603,28,3,Monoclinic
mp-1095216,NdAsO4,3.766,-2.8055118241666652,6.1623602537244,152.60394244596677,12,3,Tetragonal
mp-557946,Cu3Se2(ClO3)2,0.0064999999999990005,-1.041221858822115,3.985708739390357,429.5056098937048,26,4,Triclinic
mp-557215,KV2CrO7,1.8417000000000001,-2.369557447022726,3.589313251626732,282.18206512708116,22,4,Monoclinic
mp-762236,Al3CrO6,3.3694,-3.146080477999999,4.3213899603325,175.9429387628686,20,3,Monoclinic
mp-1220430,NbMoO4,0.0,-2.5354964399999993,5.882963826187597,71.36833047921594,6,3,Orthorhombic
mp-560826,SiO2,5.4244,-3.254994389722223,1.8347487657484312,652.5514300897374,36,2,Orthorhombic
mp-8537,S(OF)2,5.8812,-1.978594187999999,2.290277002696012,295.9914872979763,20,3,Tetragonal
mp-561481,Ba5Ru2ClO9,0.0,-2.446722835882353,5.879462242182619,603.3971428198276,34,4,Orthorhombic
mp-1205424,Bi3(PO5)2,0.0,-2.164326187619048,6.917153997881383,407.56731065856417,30,3,Triclinic
mp-17177,Nb2ZnO6,3.2845,-2.7647865047222213,5.539508444555091,416.33247793290576,36,3,Orthorhombic
mp-18938,Tl2MoO4,3.462799999999999,-1.659020907380958,6.946961241819488,271.87586300457383,14,3,Monoclinic
mp-5152,La2SiO5,4.4804,-3.778476201874999,5.4831988576635915,467.457883107093,32,3,Monoclinic
mp-20614,EuMnO3,0.0,-2.6527715280862063,7.536527630141269,224.65083958060256,20,3,Orthorhombic
mp-19033,WO3,1.4239,-2.1836139025,7.2471688904592995,212.4837403676545,16,2,Monoclinic
mp-559767,LiAsO3,2.9408000000000003,-1.948859709166666,3.7639888989258443,229.1600080770351,20,3,Monoclinic
mp-17020,TiTl2(GeO3)3,2.6548,-2.179262007000004,6.199717674789691,438.48166490620656,30,4,Hexagonal
mp-767410,Bi6P2O15,0.0,-1.9399013045341622,7.325328072599115,705.361288759058,46,3,Orthorhombic
mp-1025200,Eu2TiO4,0.0,-3.454467420476194,7.38929617544094,93.43783758430642,7,3,Tetragonal
mp-759286,NaNi2O3,0.0,-1.270968449396551,5.168339599945393,60.52304758659946,6,3,Trigonal
mp-1220687,NaW(ClO)2,0.0,-1.87173531189655,4.2708140179962495,120.42817842189069,6,4,Orthorhombic
mp-1078664,Pr2Mn2Se2O3,0.556499999999999,-2.457776933209211,5.980121511914862,165.94212488703297,9,4,Tetragonal
mp-6094,Ca2MgSi2O7,4.467700000000001,-3.374635929583332,2.865338749063019,315.9899419845207,24,4,Tetragonal
mp-542501,Rb2U3(TeO7)2,1.851299999999999,-2.872551534206348,5.721225870053438,395.95194761009475,21,4,Triclinic
mp-756545,Er2Zr2O7,,-3.860530744090907,7.13223202548542,292.8720312426944,22,3,Cubic
mp-28883,GeP2O7,3.8284000000000002,-2.480163571928557,3.4878968058979583,234.78976899872453,20,3,Triclinic
mp-19265,DyNiO3,0.0,-2.501074798833333,8.53635371800083,209.4585969454163,20,3,Orthorhombic
mp-558432,Na3P(SO)2,3.279199999999999,-1.844556974691348,2.178025212602728,1195.8906548801897,64,4,Orthorhombic
mp-540842,U2CoO6,0.0,-3.143536990370368,8.632452280132501,364.1303371761115,27,3,Trigonal
mp-755714,SrEuO2,0.0,-3.081852313750001,6.727289686541749,67.03648426480108,4,3,Trigonal
mp-647924,Eu2O3,0.0,-3.4334678050000003,7.8275134632345,223.97426963425622,15,2,Monoclinic
mp-1216686,TiNbO4,0.0,-3.174757593888889,4.931924811459519,68.9447274633818,6,3,Orthorhombic
mp-1203404,Ag2Mo(I2O7)2,,-0.9568541320634911,5.30799170509228,652.7579761325347,42,4,Monoclinic
mp-19280,NaCr3O8,1.791,-1.903775240531608,3.000196593496474,339.80513620095917,24,3,Monoclinic
mp-1200746,Dy2VO5,1.747399999999999,-3.443070702291667,6.840533895536217,442.71614045275106,32,3,Monoclinic
mp-559906,U3O8,0.0,-3.7066054772727313,8.349319430675187,334.95183736906057,22,2,Orthorhombic
mp-22189,In6TeO12,1.0099,-1.901781515087719,7.139124926234891,234.57426426918553,19,3,Trigonal
mp-1173104,TbPaO4,2.786,-4.179962538611112,9.719927162415805,155.10741166000122,12,3,Tetragonal
mp-14726,Na4TiO4,3.3237,-2.421669413205618,2.715541204351637,249.27419846434228,18,3,Triclinic
mp-430,TiO2,2.2317,-3.46857195111111,4.555389330254649,116.4513251189871,12,2,Monoclinic
mp-1191889,Eu2Pt2O7,0.0,-2.084046791818179,9.669502682355938,276.8595178340199,22,3,Cubic
mp-1193389,Co(SbO2)2,0.0,-1.6267590764285722,5.411014964881273,449.8275203698162,28,3,Tetragonal
mp-510249,BaV13O18,0.0,-2.404032934375001,4.79047618251769,376.98313448338297,32,3,Trigonal
mp-7609,SbOF,3.3084,-2.200063575208335,5.254020747492245,198.17390811198254,12,3,Orthorhombic
mp-1217135,Ti4O3,0.0,-2.435004672619048,5.313966025182834,74.82979348114432,7,2,Tetragonal
mp-752537,Sr2HfO4,3.4581,-3.555449493571428,6.548534638157327,211.84983735299994,14,3,Orthorhombic
mp-607436,ReCl3O2,1.862099999999999,-1.499428205416669,4.037433411836059,533.955585212361,24,3,Orthorhombic
mp-777686,Li9Mn3(WO4)7,0.0,-2.223098239867937,5.138746287946455,634.0497197334023,47,4,Trigonal
mp-780260,TiGeO3,1.1348999999999991,-2.683055854666666,3.9330191466442272,142.2873660627807,10,3,Trigonal
mp-753803,Cs2CaO2,2.3181,-1.937322568862069,4.366103274126179,514.0288234670413,20,3,Orthorhombic
mp-1224730,Gd2CrSbO7,,-3.006558049545453,7.350779497657932,271.19347820689035,22,4,Orthorhombic
mp-777624,Li9V3(WO4)7,1.5507,-2.24515610212766,5.1785473243455264,625.3320059696471,47,4,Trigonal
mp-542392,EuMn2O5,0.0,-2.379435717295226,6.269727895547207,362.1425693839101,32,3,Orthorhombic
mp-1192933,CsAlSiO4,4.466799999999999,-3.186565120307881,3.498043707517811,478.4459130579426,28,4,Orthorhombic
mp-1103909,MnSeO5,0.0,-1.253606786467826,3.761635298600239,188.8439735275948,14,3,Monoclinic
mp-555981,Ca3Fe2Cl2O5,0.0,-2.5127019133333333,3.550106352836849,358.1296592657278,24,4,Tetragonal
mp-1207009,Ba2HfUO6,0.187899999999999,-3.605063459,8.046085180561542,162.4548288951051,10,4,Cubic
mp-5639,Mg2SiO4,4.7454,-3.141419681428571,3.448250693323899,135.50429462879865,14,3,Cubic
mp-1216404,VCl2O,1.804,-1.871469999375,2.652944677137148,345.1261756528068,16,3,Orthorhombic
mp-1193750,NaMn2(SiO3)3,0.0,-2.754865733149427,3.409373524327481,351.7648120497595,30,4,Triclinic
mp-1218818,Sr2FeSnO6,0.0,-2.3841321295,5.691371406422825,130.0660214195327,10,4,Tetragonal
mp-1196389,Ti4Fe(PO4)6,1.5086,-2.953340076605443,2.96172434813103,458.1435270603648,35,4,Trigonal
mp-755003,LaBiO3,2.6285,-2.728375363,7.438530497077172,176.75022353888693,10,3,Trigonal
mp-764798,Li5Fe8(BO3)8,1.4374,-2.285852968666666,3.242007833617378,487.57785774402555,45,4,Triclinic
mp-638005,SeO2,3.2441,-1.152581714947916,3.718625639550374,396.3860631162308,24,2,Orthorhombic
mp-27775,U(BiO3)2,1.3499,-2.552848464444443,10.040843916701906,124.36228703032397,9,3,Trigonal
mp-1190442,FeSeO3F,1.4261,-1.6919836833072899,4.176741755402125,320.91947785155713,24,4,Monoclinic
mp-505300,Cs2MnO4,0.6356,-1.7285986863916252,4.326482476866932,590.675384391784,28,3,Orthorhombic
mp-754513,ZrMnO3,2.5635,-3.058372138586206,5.09657261750533,126.52058400805868,10,3,Trigonal
mp-540537,Cr2Te4O11,2.3209,-1.752028875686286,5.149405714263823,509.7544218908825,34,3,Monoclinic
mp-765618,Mn6O7F5,0.23039999999999902,-2.234752835421456,4.435737455294649,200.88474206366098,18,3,Triclinic
mp-6809,CaSiSnO5,3.2313,-2.936912286874999,4.355418023708559,203.4931611894934,16,4,Monoclinic
mp-6745,LiGa(SiO3)2,4.2722,-2.888874676583333,3.5902902041873492,211.6728496886392,20,4,Monoclinic
mp-541137,BaCr2O4,2.2386,-2.603035794642854,5.301521253614749,382.52452444182234,28,3,Orthorhombic
mp-561672,Cs4IrO4,0.3652,-1.445429877624522,5.839766631081034,224.02147475325162,9,3,Monoclinic
mp-2364,PaO2,0.0,-4.02262173,10.887088713609831,40.11902295465054,3,2,Cubic
mp-4321,MgSiO3,4.5304,-3.211768395499999,3.309471564110922,201.48154164904648,20,3,Monoclinic
mp-29185,Te2O3F2,3.389199999999999,-1.865477781904763,5.546656362914649,204.29159493065038,14,3,Triclinic
mp-15844,TaPO5,3.826399999999999,-3.059142646710885,5.639485922130377,171.91010528374642,14,3,Tetragonal
mp-13836,U(RhO3)2,0.42889999999999906,-2.237327120555554,8.429713078766556,212.68085258611274,18,3,Tetragonal
mp-555273,Ca3Ge(ClO2)2,4.197599999999999,-2.92123895125,3.066514298288859,709.975505752711,40,4,Orthorhombic
mp-561973,K(TeO3)2,1.0307,-1.614326674509258,4.967720187375412,521.8487132056738,36,3,Monoclinic
mp-5126,ZnSO4,3.823299999999999,-1.8630929675,3.934361835386675,272.60319326481704,24,3,Orthorhombic
mp-753898,LaTmO2,0.0,-3.279041706250002,9.18964947530561,61.40768196767331,4,3,Trigonal
mp-19007,V2PO5,0.0,-2.605111105580362,3.935245993039791,179.63399894132345,16,3,Tetragonal
mp-30984,S(IO3)2,1.8938000000000001,-1.141020253055554,4.293006331059745,295.4156453756228,18,3,Monoclinic
mp-17355,Sr3GdRhO6,1.9628,-2.8963966077272802,6.481321154682887,317.1863939800664,22,4,Trigonal
mp-1195158,CaAl2Si3O10,4.541499999999999,-3.324810085625,2.340269116427134,480.06989956774055,32,4,Monoclinic
mp-17412,BaPr2O4,3.0759,-3.472732953333333,6.508914407625899,493.03009893217694,28,3,Orthorhombic
mp-3642,ScCuO2,2.3309,-2.724876606249999,4.5624290881974545,102.27311664510334,8,3,Hexagonal
mp-505766,SrCoO3,0.0,-1.9179654,5.509182073849565,117.28063713577292,10,3,Cubic
mp-771139,Cs4HfO4,2.7399,-2.333387039291186,5.397475163307956,952.6223830585074,36,3,Monoclinic
mp-1045361,Ta2ZnO6,3.0212,-2.940178779962963,7.806932313238983,222.61292525964723,18,3,Orthorhombic
mp-5860,K2HgO2,2.0773,-1.338735045400001,4.832652372770474,106.7884172544058,5,3,Tetragonal
mp-554063,SmSeClO3,4.4293,-2.462941755390624,4.310906279146515,481.9114709310618,24,4,Orthorhombic
mp-754068,Mn(Cu3O4)2,0.0,-1.11889016986207,5.082397791888261,184.340449414391,15,3,Cubic
mp-555574,Dy2O3,3.997499999999999,-3.9771516840833323,9.056616953879317,205.16869165087004,15,2,Monoclinic
mp-1227332,Bi2BrClO2,2.3465,-1.616038310833333,7.675541676800163,122.30150506965006,6,4,Tetragonal
mp-1604,Pt3O4,0.0,-0.8267827357142831,12.260547925324396,175.86560263715103,14,2,Cubic
mp-554211,TmMnO3,0.0,-3.098161968586209,7.520229139533666,360.1896989084128,30,3,Hexagonal
mp-10340,Na2GeTeO6,2.6629,-1.946576293942528,4.512172789450674,251.8799530552762,20,4,Trigonal
mp-648179,Cs3Mn3V4O16,0.889699999999999,-2.313976777029178,3.7397455794879733,454.36456096557265,26,4,Triclinic
mp-1080842,Ba2UPbO6,1.194599999999999,-3.040996817999999,7.32361369681754,184.99056940624502,10,4,Cubic
mp-542512,NaPr2RuO6,0.47150000000000003,-2.711197672471264,6.185015749119717,269.48263834897824,20,4,Monoclinic
mp-16871,K2ZrGe2O7,3.9148,-2.6008527645416653,3.886228450356712,364.64456520179283,24,4,Monoclinic
mp-773663,Na2Ti2O5,3.8739,-2.977516870213921,2.696979194009759,546.0316662042048,36,3,Orthorhombic
mp-5784,Na2GeO3,2.9873000000000003,-2.132981442959769,3.379495299398916,163.7376232579079,12,3,Orthorhombic
mp-18950,BaCa(FeO2)4,0.0,-2.106169527857143,4.245487591528112,206.82198706615793,14,4,Trigonal
mp-22441,Ba2MgReO6,0.0,-2.836681418749999,7.044236304467268,136.99751506448058,10,4,Cubic
mp-1065190,AgO,0.0,-0.43706012333333105,7.138368094620301,57.62857453119974,4,2,Monoclinic
mp-38843,CaTa2O6,2.0982,-3.382113790518517,6.623522659262468,124.84276830014319,9,3,Cubic
mp-23069,Fe(IO3)3,2.0217,-0.978675665384626,5.005665172475196,385.17596368137714,26,3,Hexagonal
mp-556443,Ba5Ru2Cl2O9,0.0,-2.509366172777778,4.932774272231639,743.0692545450955,36,4,Hexagonal
mp-3901,NdNbO4,3.6592000000000002,-3.517525249583331,6.183476526217033,161.7422375323465,12,3,Monoclinic
mp-558603,K2Si4O9,4.4376,-3.064247861966668,2.349410171570899,472.8892846354541,30,3,Triclinic
mp-756134,ZrSeO,0.5998,-2.677899939114584,6.72270897069936,91.97625855883277,6,3,Tetragonal
mp-560924,K2NaFeO3,0.0,-1.682573350482759,2.85816869858423,476.47237864756545,28,4,Orthorhombic
mp-677295,Co(Bi3O5)4,1.1879,-1.582195239696968,9.180273609684441,522.1472770319053,33,3,Cubic
mp-20897,Ba4Y2Cu6O13,0.0,-2.2029181126,6.049593917158658,361.3322753035632,25,4,Orthorhombic
mp-1227736,BaSr(SnO3)2,0.6697000000000001,-2.584107279,6.478907423128771,143.10811661696036,10,4,Cubic
mp-31418,La(SbO3)3,1.486399999999999,-2.311320759615384,6.261880652980352,343.7715881455653,26,3,Orthorhombic
mp-557744,NaUBO5,1.9304000000000001,-3.153883217568246,5.543539568535427,421.55156530861524,32,4,Orthorhombic
mp-550300,RbNa7(CoO3)2,0.28890000000000005,-1.458611765447198,2.929234432850423,260.91390982681986,16,4,Monoclinic
mp-779466,Mn4O7F,0.0,-1.884739057643678,4.731284103303268,123.10147922962747,12,3,Triclinic
mp-760165,LiCu2(PO3)5,0.103299999999999,-2.286647822458591,2.8755994439232913,610.8271963292805,46,4,Monoclinic
mp-6066,NaTaGeO5,3.3561,-2.72766144233908,5.525005796312961,214.33683768576952,16,4,Monoclinic
mp-754943,ErBiO3,3.1136,-2.818545103999999,8.925716189586977,157.85021467352348,10,3,Trigonal
mp-31416,Ho3TaO7,3.4507,-3.87093620930303,9.074408909216691,288.2973771449759,22,3,Orthorhombic
mp-755759,ZrO2,3.213899999999999,-3.784841739166667,5.986052159539798,136.72869386528643,12,2,Orthorhombic
mp-753829,Cr2O3,0.0,-2.290160125,4.855297906867757,103.96313558588507,10,2,Trigonal
mp-760403,CaCd3O4,0.1892,-1.848988828749998,6.888620073323583,106.37982105652556,8,3,Orthorhombic
mp-756346,FeP2WO8,0.0,-2.358768012440476,4.628095648991488,308.29683476913567,24,4,Monoclinic
mp-867722,PrNdO2,0.0,-3.055129702291665,8.03203437664513,65.5671236502608,4,3,Trigonal
mp-1226784,Ce2Mn(SeO)2,0.0,-2.617230367516932,5.894461733937468,147.9236917491917,7,4,Tetragonal
mp-779340,LiV4O5F7,0.0,-2.783385693431372,3.3541163395992593,419.5194278307441,34,4,Triclinic
mp-644492,LuNbO4,3.3974,-3.582251921944446,7.798240971387386,141.33564976584293,12,3,Monoclinic
mp-757523,Li2Fe2Si5O13,,-2.824043972803032,3.085544657620445,510.17361434084063,44,4,Triclinic
mp-1199453,KLiMoO4,,-2.251139869726191,2.783681052308153,2948.895504966481,168,4,Hexagonal
mp-510056,CaV4(CuO4)3,0.0,-2.0777873745,5.116581367499873,203.3165906924175,20,4,Cubic
mp-510278,GdTiO3,0.0,-3.617602678666666,7.02765129029747,239.23081017440822,20,3,Orthorhombic
mp-5868,Sr3Ru2O7,0.0,-2.3549317370833602,6.056782962306035,158.1902592724452,12,3,Tetragonal
mp-555903,Al(IO3)3,3.346599999999999,-1.3017925411538451,5.036955877423913,363.7522624294848,26,3,Hexagonal
mp-3857,Ba3(PO4)2,5.1422,-3.294371403021977,5.172931847567438,193.22076692067333,13,3,Trigonal
mp-17850,K3NaTh2O6,3.6675,-2.9537472777607743,5.299276209402336,438.91672274420773,24,4,Monoclinic
mp-1183115,AcAlO3,4.1024,-3.690019421500002,8.728230081866649,57.4514132376898,5,3,Cubic
mp-753066,Ti2CoO5,1.7405,-2.963518827395834,4.278175543624662,364.3320002709335,32,3,Orthorhombic
mp-1048325,Ba2YCr3O7,0.0078000000000000005,-2.7049066092307683,5.683162223710282,369.05629646630973,26,4,Orthorhombic
mp-4096,CeAlO3,0.0,-3.614738332,6.699830082698576,106.62207029006254,10,3,Tetragonal
mp-557988,Ni3TeMo2O11,2.6087,-1.6531619348039222,5.187704815959185,429.9169007015619,34,4,Monoclinic
mp-780473,Mn6OF11,0.09680000000000001,-2.77503172875479,4.2480582887334695,433.5871515031927,36,3,Monoclinic
mp-294,UO3,1.8855,-3.529985247812498,7.722332329691037,492.0370375002478,32,2,Tetragonal
mp-756007,Li3Cu3(PO4)2,,-2.063703354955357,3.82741703754324,174.15049330724878,16,4,Monoclinic
mp-36884,Mn2SnO4,0.0,-2.070504940837438,5.5124455557477585,176.27263347332203,14,3,Orthorhombic
mp-7480,RbLuO2,3.693099999999999,-3.105072738541667,7.594477786815825,63.940856872277,4,3,Trigonal
mp-554805,Sr3Se3(ClO4)2,3.4263,-2.242436686220703,3.975229153431462,1167.350068495925,64,4,Orthorhombic
mp-755895,Ba3Zr2O7,2.6976,-3.519513482083334,6.028274898220201,194.5906578283986,12,3,Tetragonal
mp-5455,K6Ti2O7,3.4474,-2.5439347390111102,2.5552546420897233,574.8851512679064,30,3,Monoclinic
mp-31218,K3FeO2,1.1592,-1.215781174041666,2.426070905660519,561.6337504839661,24,3,Tetragonal
mp-997108,RbAgO2,1.1839,-0.997612563541665,4.26945664536804,175.2809640872896,8,3,Monoclinic
mp-13973,Gd2SeO2,1.3547,-3.435754594468753,7.825644602575555,90.2789475510091,5,3,Trigonal
mp-1227910,BaLa(FeO3)2,0.0,-2.459371650500001,6.385152125365431,125.84918462752171,10,4,Cubic
mp-8057,Ti3O5,0.0,-3.382133738125,4.002186371332832,185.54518943603145,16,2,Orthorhombic
mp-1182186,BaYMn2O5,0.0,-2.780525510095785,5.615906121949268,246.0725497222111,18,4,Tetragonal
mp-23519,Ga4Bi2O9,2.8782,-2.073427549666665,7.1265138383372975,391.8493637766656,30,3,Orthorhombic
mp-779404,Li3Cr2(AsO4)3,2.670199999999999,-2.072398058499999,4.024519583394799,893.8237453419079,80,4,Cubic
mp-5229,SrTiO3,1.771999999999999,-3.5511922376666663,5.086511723754529,59.90045030664282,5,3,Cubic
mp-753397,Ga2CuO4,0.0,-1.8143320492857131,5.931922354717267,149.4782415091266,14,3,Cubic
mp-1193671,NaCd2(SiO3)3,0.21900000000000003,-2.519888704091954,4.115019637352598,384.2125006750692,30,4,Triclinic
mp-549589,LaZnAsO,0.5760000000000001,-2.0605112243750012,6.329918696896234,154.89931395845508,8,4,Tetragonal
mp-698669,Nd2(MoO4)3,,-2.613427139999998,5.192557340963857,491.39056821930114,34,3,Monoclinic
mp-541280,BaLaGaO4,3.9478,-3.116898823928572,6.17629998703713,440.8743679137048,28,4,Orthorhombic
mp-27151,V7O13,0.0,-2.4800389505,4.695376166544382,399.3339815269712,40,2,Triclinic
mp-6267,LaSiBO5,4.142500000000001,-3.438078001979167,4.56952293409026,281.04810974067357,24,4,Trigonal
mp-16856,RbMoP2O7,2.8783000000000003,-2.5987074315259733,3.713474545142833,635.6035745919183,44,4,Monoclinic
mp-22430,BAsPbO5,3.3847,-2.071957979375,5.7946904166682245,320.60254752016755,24,4,Trigonal
mp-1044715,Zn(CuO2)2,0.0,-1.0601173,5.746804347497227,148.23053651154854,14,3,Trigonal
mp-29738,TlClO3,4.3481,-0.720069275666668,5.072115205708985,94.23296052646893,5,3,Trigonal
mp-1178135,KLuO2,3.940399999999999,-3.180326248479166,6.833989345889485,59.78924318685594,4,3,Trigonal
mp-555102,Ni(BO2)2,0.0,-2.362354955833333,4.486137214443839,213.66923289523535,28,3,Monoclinic
mp-505170,NaFe3O5,1.5371000000000001,-1.676120402653257,4.567661517205354,393.38463637299844,36,3,Orthorhombic
mp-7826,HgO,1.3101,-0.632158511250007,10.790521650188568,99.99196659000324,6,2,Trigonal
mp-756939,Li4Mn3TeO12,,-1.824736499189656,4.168987019045126,204.00155780272613,20,4,Monoclinic
mp-557624,CePO4,0.1039,-3.404101349662704,4.114115876200414,284.65781743522274,18,3,Hexagonal
mp-1104176,BaHoFe4O7,0.0,-2.187708377692307,5.6564992726320895,187.18551084076364,13,4,Tetragonal
mp-4661,ScOF,4.4798,-4.125764553333335,3.841408908126993,138.2474719923996,12,3,Monoclinic
mp-22981,TlIO3,2.763299999999999,-0.968889334666667,6.896840909564332,91.31995051891965,5,3,Trigonal
mp-1197857,WO3,1.6735,-2.18104009125,7.14134280584731,431.26498609197876,32,2,Triclinic
mp-865927,AcTiO3,0.0,-3.60763573816667,8.403352518165326,63.7995700747627,5,3,Cubic
mp-540949,Ba3SrNb2O9,3.0998,-3.2635678793333343,5.3481475243411705,515.0437521314634,30,4,Hexagonal
mp-22479,Zr4Pd2O,0.0,-1.253313301785715,8.06030520567639,489.2722058361029,28,3,Cubic
mp-761076,Na2CrO4,2.8072,-1.964141225394088,2.145127475078212,752.2990409587521,42,3,Trigonal
mp-557351,Bi(BO2)3,3.4257,-2.582065547249999,6.18785648721762,362.1817380613651,40,3,Monoclinic
mp-997098,CuPtO2,0.0,-0.832393713749999,10.202726484837532,94.60225695480123,8,3,Orthorhombic
mp-754352,Na3CuO2,1.1506,-1.327947006522987,3.217534537434817,169.8083423172576,12,3,Orthorhombic
mp-15840,BaBPO5,5.4963,-3.116866394434523,4.03855052304492,319.61483656885963,24,4,Trigonal
mp-10326,Zn(ReO4)2,3.992,-2.101178606818182,5.202513788882393,180.5979308889308,11,3,Trigonal
mp-3164,BaSO4,5.950699999999999,-2.707112589583333,4.423713821516306,350.43184453130544,24,3,Orthorhombic
mp-558392,Bi2Ir2O7,0.0,-1.46893560636364,10.972122416624272,276.77075697428563,22,3,Cubic
mp-22584,LiMn2O4,0.0,-2.023127909170771,4.578418351855831,393.47630577070015,42,3,Cubic
mp-760221,Li3V2(O2F)2,0.0,-2.660543737272728,3.225073738280398,462.77863191685697,44,4,Triclinic
mp-1218740,Sr2NbCoO6,1.5007000000000001,-2.777619402000001,5.463599409782907,257.1689949923689,20,4,Cubic
mp-19006,MnO,0.1844,-1.979201203965518,5.35481388362632,43.99570228480754,4,2,Cubic
mp-1041556,Ca(SnO2)2,1.659899999999999,-2.310803095714285,5.082724060295911,223.134987516514,14,3,Orthorhombic
mp-777786,Na2CoO3,0.0,-1.514713897543104,3.0521448820607002,332.76871013439285,24,3,Orthorhombic
mp-3073,Sm2Te4O11,3.2872,-2.28689454715686,6.430274020186931,509.8197553381097,34,3,Monoclinic
mp-19424,TiCoO3,0.0,-2.622026583166667,5.039592429522875,102.011734456397,10,3,Trigonal
mp-14630,Y3Si3O10F,,-3.693966157647059,4.040696901489627,871.1665546620063,68,4,Monoclinic
mp-31250,BiBO3,3.0096,-2.290466749833336,6.858520761517384,259.34169065972594,20,3,Monoclinic
mp-561495,Cs4CuSi2O7,0.5831000000000001,-2.377665138830027,4.359155685739731,290.7780836904162,14,4,Triclinic
mp-557876,V2Cu3(Bi2O7)2,0.026299999999999,-1.7060072191304352,7.082798292878102,317.07380772993145,23,4,Triclinic
mp-560630,NdTl(MoO4)2,3.5665,-2.3568102771527792,5.564351534536494,398.9939130918339,24,4,Tetragonal
mp-760172,Na7Ti16O32,,-3.155197294781608,3.653551694958855,653.9259781684917,55,3,Tetragonal
mp-7621,KTcO4,3.1886,-2.1536563837083262,3.336741629369792,200.1519057657188,12,3,Tetragonal
mp-18898,Sr(NiO2)4,0.31760000000000005,-1.254240238076923,4.403555568050473,339.6746951419516,26,3,Trigonal
mp-1078542,GdZnAsO,0.6654999999999991,-1.983100411874999,7.206815381374429,144.50539189616975,8,4,Tetragonal
mp-17546,Cs2RuO4,0.585599999999999,-1.7267785377586211,4.5219711879633735,632.9015013828981,28,3,Orthorhombic
mp-3870,Sr2Nb2O7,2.6843999999999992,-3.300364764999999,5.055677253984123,310.74594948079374,22,3,Orthorhombic
mp-1143,Al2O3,5.853700000000001,-3.426551008,3.873499124580814,87.42001939959368,10,2,Trigonal
mp-11738,Na3PS3O,2.8392,-1.4930934389100972,2.096002486460243,336.12799453678593,16,4,Orthorhombic
mp-1218292,SrGe12Pb2O27,,-2.127715029166665,5.379108220789252,557.4173949946666,42,4,Monoclinic
mp-980108,Sm2MgIrO6,0.0,-2.9113213140000003,8.350111597148617,243.90244573186476,20,4,Monoclinic
mp-13119,CdO,0.0,-1.266895717499998,6.47405750449773,65.87228661765661,4,2,Hexagonal
mp-781505,Ca3WO6,3.706,-3.081071199499997,4.751220194575889,279.6471227954062,20,3,Trigonal
mp-1232326,La2AuO4,0.0,-2.8594359000000003,8.1460553970757,109.82703566284859,7,3,Tetragonal
mp-998917,K2O2,2.083399999999999,-1.259173639874999,2.549147948629754,215.34697516239459,12,2,Hexagonal
mp-6037,Ba2SmSbO6,3.605399999999999,-3.0407220915,6.657959486222093,160.31118276746218,10,4,Cubic
mp-752631,VO2F,1.9056000000000002,-2.4476132025,3.503241314130681,289.914140449352,24,3,Trigonal
mp-541721,Ba3ErRu2O9,0.0,-2.64537928,6.91521854036246,444.417097036186,30,4,Hexagonal
mp-558509,BaVSi2O7,2.2023,-3.110743629545454,3.962590050143657,597.462500915363,44,4,Tetragonal
mp-1043133,CaCu3(NiO3)4,0.0,-1.142198382499999,5.6777675250994655,192.28952329864927,20,4,Cubic
mp-753995,YTmO3,4.582000000000001,-3.933321822500001,7.290992145660633,278.62127367824564,20,3,Orthorhombic
mp-8496,Sr2SmNbO6,3.1716,-3.4257397005,5.709841681073156,299.2559211917522,20,4,Monoclinic
mp-1274267,NaNiO2,,-1.325470418469827,4.850259210313428,155.68104133986054,16,3,Monoclinic
mp-852009,NbAlO4,,-3.175142926249999,4.157997573182261,293.7462872866533,24,3,Monoclinic
mp-20032,VPbO3,1.3715,-2.114616589,6.981900647635635,145.6213593813756,10,3,Tetragonal
mp-1215588,YbGaCuO4,0.0,-2.351465337142857,7.45144596167492,82.52204727545276,7,4,Trigonal
mp-1224381,HfO2,3.7545,-3.934555099999997,10.894330641670964,128.33275837794628,12,2,Orthorhombic
mp-30299,RbAsO2,3.8821,-1.863198834375,4.020844491924825,317.811964819282,16,3,Orthorhombic
mp-703253,RbFeSe2O7,0.0,-1.516392853380681,3.69913249496315,369.20070126335236,22,4,Trigonal
mp-6327,LiAlSiO4,4.798599999999999,-3.202781104285715,2.26056060654629,277.6797289591664,21,4,Hexagonal
mp-19023,YbCrO4,2.3346,-2.864950179166667,6.373597576358977,150.60622973567925,12,3,Tetragonal
mp-19057,CaNiP2O7,4.1929,-2.721168939935063,3.517487433418584,257.4868918857324,22,4,Triclinic
mp-554784,V2Ni(PO5)2,1.569799999999999,-2.467898457285715,3.608183371086705,352.0807515308878,30,4,Monoclinic
mp-11794,AlAgO2,0.825199999999999,-2.240488851666666,5.244897918757595,211.29754732465588,16,3,Orthorhombic
mp-754318,MnZnO3,1.7946,-1.813649822586207,5.734848867701465,97.48952847675997,10,3,Trigonal
mp-1006372,AgSO4,0.0,-1.3589313423611111,4.208178407169784,160.94139911275323,12,3,Triclinic
mp-771970,Mn3CoO8,0.0,-1.598440778649427,4.252384997384489,137.3540290469874,12,3,Trigonal
mp-30192,Pr4Se3O4,1.315,-3.104685029427083,6.352462165441365,225.983186063778,11,3,Orthorhombic
mp-19996,Ba2GdNbO6,2.664399999999999,-3.418899239,6.471568986871402,159.29273304378611,10,4,Cubic
mp-557878,KNi(PO3)3,5.2401,-2.517476101512755,2.603183986403371,854.0234195405919,56,4,Trigonal
mp-7074,NaSc(SiO3)2,4.950100000000001,-3.317827060137931,3.091119822638591,236.487998852884,20,4,Monoclinic
mp-726,SeO2,3.2874,-1.154143574114583,4.137816735565543,356.22925606998524,24,2,Tetragonal
mp-13743,K3GaO3,2.6237,-1.887288735607144,3.137842669215118,248.73995064104855,14,3,Monoclinic
mp-28091,In2(TeO3)3,,-1.7118207861309571,6.155506597473717,816.2334277975995,56,3,Orthorhombic
mp-560767,KNaTiO3,3.542,-2.786374037827107,2.952355896120697,177.68018732515765,12,4,Monoclinic
mp-755624,Ca2PrO4,0.0,-3.121676431666666,4.392106211827509,215.548221818557,14,3,Orthorhombic
mp-1205391,TaSbO4,2.9929,-2.707046960388896,7.437193591838523,327.50459858650726,24,3,Orthorhombic
mp-1221282,Na2U2O7,1.558799999999999,-3.212267025250781,6.2842444722136115,167.5359438933178,11,3,Monoclinic
mp-754326,NaAgO2,0.5911000000000001,-1.003201455761493,5.271264458465234,51.30268643900297,4,3,Monoclinic
mp-1101512,LiFeP2O7,,-2.511975480919912,2.928328970453464,536.9591936946018,44,4,Monoclinic
mp-540962,KLa(PO3)4,4.8558,-2.930340037545635,3.12511150884791,524.8621203008707,36,4,Monoclinic
mp-1069613,Er2BiO2,0.0,-2.987057762,9.8168882365067,97.34607956166082,5,3,Tetragonal
mp-755311,NaLuO2,4.061,-3.240658954511494,7.45527023507117,51.218828336413424,4,3,Trigonal
mp-12933,TmTaO4,4.0758,-3.748626714555557,9.658420870619965,142.3138219639796,12,3,Monoclinic
mp-541508,KVPbO4,3.3834,-2.188754628178571,5.016076888983751,478.3410049669627,28,4,Orthorhombic
mp-16915,BaTiOF4,3.34,-3.928887087261905,4.447897027029046,413.93032321703384,28,4,Orthorhombic
mp-559213,CsIn3O5,1.47,-1.919465404683909,6.532068853572471,566.7497897823531,36,3,Orthorhombic
mp-6388,Ca4SmB3O10,4.3982,-3.375311077916666,3.5817219672520952,233.24410758446615,18,4,Monoclinic
mp-1191267,AgClO4,2.6793,-0.388566393194444,4.11719966422717,334.4612792348048,24,3,Orthorhombic
mp-762050,Li4Cu7(PO4)6,0.0,-2.024165904907085,3.747894071940505,461.8512217681933,41,4,Monoclinic
mp-1192743,SrGePbO4,3.4863,-2.383506149999999,6.324571673113963,453.12298597367237,28,4,Orthorhombic
mp-1078969,Ba2NbVO6,0.0,-3.119411723,6.147433808495763,555.9031753755852,40,4,Cubic
mp-12515,LaZnSbO,0.0,-1.9815350675,6.518198925355156,174.28956412744023,8,4,Tetragonal
mp-644295,CaZrGeO5,3.678,-3.138478141875,4.289201569440669,219.8506152709545,16,4,Triclinic
mp-18713,Ba2Li(CuO2)3,0.0,-1.8243083702777771,5.50041489350174,343.08943443718033,24,4,Orthorhombic
mp-566717,Fe2BO4,1.118799999999999,-2.057071388630953,4.395611831531877,563.6315908418691,56,3,Monoclinic
mp-29155,TlB3O5,4.2226,-2.5845549325925923,4.791902849819247,439.14150846218394,36,3,Orthorhombic
mp-8515,BaSm2PdO5,2.032,-3.009463532222222,7.684197392200426,269.8907419369051,18,4,Tetragonal
mp-557070,Ca2BiAsO6,3.2393,-2.54039071275,4.976389701137333,307.02511251746546,20,4,Orthorhombic
mp-4900,BaCeO3,2.2279,-3.587315589,6.267612673875872,172.44455093202092,10,3,Trigonal
mp-1072208,DyOF,5.020200000000001,-4.268987023888888,8.39216749509828,78.15688091850647,6,3,Trigonal
mp-1223121,La2SbO2,0.0,-3.037668634,6.170737624928283,116.13496745305768,5,3,Orthorhombic
mp-849265,LiSbP2O7,,-2.43873610819264,3.314003693899358,1213.1615283637273,88,4,Monoclinic
mp-6492,Ba2YSbO6,3.5377,-3.075945864,6.220451619537228,155.1813923192647,10,4,Cubic
mp-723064,Ti3(BiO3)4,2.3715,-2.548817583157894,7.995491755423862,486.6109923767653,38,3,Monoclinic
mp-1103214,Sr3Fe2(ClO2)2,0.0,-2.470694951818182,4.469437883803438,378.5566003660852,22,4,Tetragonal
mp-754674,Lu(CuO2)2,0.0,-2.099375442380951,8.381714784314676,145.04222597129805,14,3,Tetragonal
mp-1215896,YPaO4,2.3601,-4.155638649166666,8.27405087987525,77.0537027056379,6,3,Tetragonal
mp-505130,CsReO4,3.8616,-2.344889273692528,4.949427185600908,257.0678117410738,12,3,Tetragonal
mp-561104,Ga(IO3)3,3.318699999999999,-1.0737182925,5.214145823749478,378.61461795239615,26,3,Hexagonal
mp-12912,Ba2PrRuO6,0.1345,-2.736476184166666,6.328114261881767,160.75765515925903,10,4,Cubic
mp-1216931,TiCu3O4,0.0,-1.724905211666666,5.313385853159397,94.53809659793289,8,3,Monoclinic
mp-12326,CaZn(GeO3)2,2.4804,-2.3650328105,4.6118114671837525,249.712797959917,20,4,Monoclinic
mp-4582,NdRhO3,0.6487,-2.495162424000007,8.044591808528452,243.69214839187953,20,3,Orthorhombic
mp-1206737,NaSr2ReO6,1.7730000000000001,-2.63278524238793,5.755119495890936,138.62058764366088,10,4,Cubic
mp-557030,NaW2(Br3O)2,0.0,-1.317857627398118,4.830029967017315,310.13471204279944,11,4,Monoclinic
mp-572672,Co(IO3)2,2.0717,-0.969356553333333,5.215220181999961,520.5734612969454,36,3,Monoclinic
mp-540914,K3MnO3,1.6113,-1.712323962811576,2.8946908617311813,505.3422799501837,28,3,Monoclinic
mp-754151,VOF,2.7884,-2.78178669,4.623855569031359,61.725790604604654,6,3,Trigonal
mp-13680,BaBOF3,5.889299999999999,-3.504492372777778,4.3574841547372625,337.07462756077126,24,4,Orthorhombic
mp-20980,NaNdTiO4,2.4465,-3.335226827458949,5.007442683156697,185.10463478475623,14,4,Tetragonal
mp-1101981,SrGe(PO4)2,4.090199999999999,-2.791317471190475,3.999372658953738,145.4041306027901,12,4,Monoclinic
mp-557432,GeClO2F5,1.7275,-1.8120367205555552,2.977199306801479,524.4739369670099,36,4,Orthorhombic
mp-756261,Ni3OF5,0.6937,-1.997498543333332,4.64252065302998,205.3598331194824,18,3,Triclinic
mp-1068954,Tb2BiO2,0.0,-2.96205582866667,9.117288085725487,101.78014249511686,5,3,Tetragonal
mp-555576,KNaS2O7,5.2338000000000005,-2.091154526239028,2.635581333638282,300.1716787483747,22,4,Triclinic
mp-1206097,Ba2ZnMoO6,2.385199999999999,-2.540304109,6.314118688410634,139.90959478307295,10,4,Cubic
mp-13694,PrCuO2,2.3609,-2.581216355416654,5.571204320101684,70.47641911132004,4,3,Trigonal
mp-12448,LiSm2OsO6,0.396099999999999,-2.8429345188333333,8.073062921920451,244.31203829312057,20,4,Monoclinic
mp-18958,UMoO6,2.1839,-2.767629485937499,5.525122363695854,516.8929464651271,32,3,Monoclinic
mp-22550,BaDy2CuO5,0.0,-3.083058379537037,7.949680325514353,506.2195022116681,36,4,Orthorhombic
mp-505365,Mg3Nb6O11,0.24370000000000003,-2.7617290999999993,5.561551400341559,240.75479429732084,20,3,Trigonal
mp-1222263,LuPaO4,2.4908,-4.201163364444445,10.518436071746546,74.19868819254614,6,3,Tetragonal
mp-17899,Mn3V2O8,,-2.280837626445622,4.320545284020368,303.38857642765294,26,3,Orthorhombic
mp-560870,BaGa2B2O7,3.984199999999999,-2.763670269861109,4.410226249484616,309.0408144266361,24,4,Orthorhombic
mp-17686,Ce2(WO4)3,0.07929999999999901,-2.693502823235293,6.5079650784739975,522.4269688389957,34,3,Monoclinic
mp-572284,SbXeOF9,2.2,-1.554682270416666,3.4595950109005362,844.8391621675437,48,4,Triclinic
mp-555840,K2PO4,3.2014,-2.328952516306122,2.505509554039965,459.0717533219473,28,3,Monoclinic
mp-754211,SrLa2O4,3.7880000000000003,-3.598485091428571,5.143621059192076,277.2688185140166,14,3,Cubic
mp-6455,NaNd(SO4)2,5.5386,-2.519789294906608,3.7609340047081643,317.3287729044955,24,4,Triclinic
mp-997035,CuO2F,0.7845000000000001,-0.8763411025000001,3.634816868104447,104.6564218385467,8,3,Orthorhombic
mp-754823,ErTlO2,1.371499999999999,-2.7413953683333343,9.90356798657477,67.67882205120428,4,3,Trigonal
mp-996954,CuPtO2,0.0,-0.813504064999999,9.703113866394776,49.736660099443924,4,3,Orthorhombic
mp-10971,LiErO2,3.9519,-3.316250210208332,6.9918314501168055,97.94319709475258,8,3,Tetragonal
mp-13937,Sr2TbReO6,0.0,-2.9914924659166653,6.973208841333775,146.7766722745452,10,4,Cubic
mp-757140,K3MnCrO8,0.8097000000000001,-1.7735744715139252,2.714978786146757,215.42787811476262,13,4,Trigonal
mp-1188529,Mn7BiO12,0.0,-1.937203649275861,5.950527591993722,219.21065533257558,20,3,Monoclinic
mp-23092,Ba2TaBiO6,2.5855,-2.9503295747333342,7.7765059147786335,162.40849363502502,10,4,Trigonal
mp-28592,Li7Br3O2,4.2454,-1.9232225231944442,3.083251195348862,172.5020039393365,12,3,Tetragonal
mp-557232,KSmPdO3,0.7336,-2.298623613708333,5.992051022703921,190.5926235180825,12,4,Monoclinic
mp-759985,Bi3O2F5,3.4435000000000002,-2.41990983825,7.7596587740328875,645.3549582968764,40,3,Monoclinic
mp-4481,Ca2SiO4,4.199400000000001,-3.476631411785713,2.962860651405768,386.1265013733575,28,3,Orthorhombic
mp-754588,ZrBiO4,0.0,-2.558127146666667,7.8699444074092195,153.69146662954472,12,3,Tetragonal
mp-862724,Rb2Pu2O5,0.0,-2.757883087500002,7.338532915139358,167.20323586107537,9,3,Tetragonal
mp-22169,MoPbO4,2.8876,-1.930465625,6.8133060233731,178.95756495491835,12,3,Tetragonal
mp-862664,Rb2Zr2O5,1.6920000000000002,-3.013763015555556,4.627600053788692,155.51158454528982,9,3,Tetragonal
mp-19255,TiFe2O5,0.0,-2.309433176666666,4.569861690864552,174.0922603217956,16,3,Monoclinic
mp-545603,Ba2BiSbO6,1.643899999999999,-2.444242602,7.141711074774705,163.082321891686,10,4,Cubic
mp-27816,Ag3BO3,0.0,-1.149020782738093,6.402022767932245,99.18944020126604,7,3,Trigonal
mp-754471,LiFe5O3F5,,-2.122024718095237,4.041654812828338,176.32150575559197,14,4,Monoclinic
mp-557441,KAu(IO3)4,2.1181,-0.9163156492916661,4.904763258976577,316.77895970479545,18,4,Triclinic
mp-636461,Ga2Ge4Pb3O14,2.1691,-2.002855548913042,6.689967634697796,316.6203132396594,23,4,Trigonal
mp-18723,BaV2(NiO4)2,0.016199999999999,-2.271684773846154,4.6553170991573705,172.85266077953702,13,4,Trigonal
mp-28940,Sr4Nb2O9,3.4162,-3.286674739666667,4.623495875340091,488.6535073251621,30,3,Trigonal
mp-1077716,PtO2,0.0,-0.886159448333332,10.984785263854587,68.654935293764,6,2,Tetragonal
mp-558376,Na2Mn2O3,0.0,-1.794531012660094,3.562535727774323,380.0744998129066,28,3,Tetragonal
mp-558373,PrNb3O9,2.848499999999999,-3.243315032435897,5.335733359635589,701.6207698432022,52,3,Monoclinic
mp-8189,LiReO3,0.0,-2.104858231166666,7.702759784833865,103.97122513168792,10,3,Trigonal
mp-768308,LaAgO3,0.0,-2.088594065333333,6.992830903921755,139.99486405290418,10,3,Trigonal
mp-1181628,DyCu(WO4)2,,-2.38053245097222,7.367518527087695,162.66620075500038,12,4,Triclinic
mp-555944,NaP(WO4)2,0.0,-2.3259336363351792,5.394308925975961,338.39240515568747,24,4,Monoclinic
mp-27615,U(PO3)4,0.2619,-2.830480845798318,3.9231615810987552,468.90774049934004,34,3,Monoclinic
mp-5005,Mg3(BO3)2,5.143,-3.028432701666668,3.11011953077207,203.45723118466944,22,3,Orthorhombic
mp-7237,CuAgO2,0.0,-0.7054287854166651,6.5555206936053345,51.52530957362287,4,3,Monoclinic
mp-13206,PrZnPO,1.1635,-1.97574612407738,5.72801124434976,146.8564253998825,8,4,Trigonal
mp-5072,Rb2HgO2,2.03,-1.303622809500002,5.459037155966833,122.74472794051745,5,3,Tetragonal
mp-555140,Cs2Li3GaO4,3.6593,-2.003143927681034,4.505381115829869,309.85839263570807,20,4,Orthorhombic
mp-554701,SbP(OF3)2,4.4149,-2.679027140464286,3.134459404780975,316.5082818537756,20,4,Triclinic
mp-754229,MnAgO3,0.0,-1.188434382919541,5.951288980976059,117.6380503297355,10,3,Trigonal
mp-715617,V6O13,0.0,-2.373788130263159,3.730225802132954,457.3027607752865,38,2,Orthorhombic
mp-780535,BaLu2O4,2.9254000000000002,-3.7148545483333333,8.593555742530116,213.04020559706396,14,3,Orthorhombic
mp-7127,Ba2YbTaO6,0.0,-3.509662673483333,8.134736489449192,147.91999404707263,10,4,Cubic
mp-8993,Sm2S2O,2.4909,-2.927853433499998,6.124660127053923,413.0288336475406,20,3,Monoclinic
mp-25424,MnO2,1.5791,-1.761642781810345,4.455571193247701,32.400341322842216,3,2,Trigonal
mp-558497,Cr(PO3)3,3.2236000000000002,-2.598072972609889,2.883914624030484,665.414482889936,52,3,Monoclinic
mp-561533,SbOF,3.322699999999999,-2.200502247916667,5.261750888145291,791.5310678639846,48,3,Orthorhombic
mp-758247,Li3CrSi2O7,2.7976,-2.770175205192307,2.874205766050718,556.9072418911842,52,4,Orthorhombic
mp-510342,Dy2Te4O11,3.2417,-2.305057676470586,6.869131055704386,488.98710441889574,34,3,Monoclinic
mp-777269,LiV3OF11,1.4645000000000001,-2.979902225520833,2.9253586476537072,436.79292546386915,32,4,Monoclinic
mp-21614,SrV2P2O9,1.468599999999999,-2.906219097270408,3.5736653847619353,734.9899964316049,56,4,Orthorhombic
mp-1217882,VSi3Bi61O100,,-1.741977559151517,8.766419712895518,2743.3653010179796,165,4,Trigonal
mp-6761,NaTi2(PO4)3,2.4429,-3.020120663165252,2.840041817178361,472.0046186622634,36,4,Trigonal
mp-10392,Sr3CdPtO6,2.0334,-2.338376244999998,6.820408600687142,324.4681064041018,22,4,Trigonal
mp-680301,K3AsO4,3.3075,-2.023313825531249,2.957064019394322,1151.01606099391,64,3,Orthorhombic
mp-581174,K2V8O21,1.2496,-2.33588197966129,3.437443224520971,396.9495437529548,31,3,Monoclinic
mp-20283,Co2P2O7,0.9399000000000001,-2.238595759025974,3.953470046314281,245.13221268091664,22,3,Monoclinic
mp-1217052,Ti6P2O,0.0,-1.388788056031745,4.8796562840808075,124.25958266918646,9,3,Monoclinic
mp-752955,WOF4,4.0543,-2.682990330833333,5.451747827076174,84.01553192492848,6,3,Tetragonal
mp-637224,Pu2O3,0.0,-3.305053022499996,10.791317941430924,659.8237253747416,40,2,Cubic
mp-757992,Li3P2WO8,,-2.5384928220918352,4.393018518388438,596.635973978417,56,4,Monoclinic
mp-25232,La4CoO8,0.297199999999999,-3.195001350769232,6.793980703107091,181.48914376341543,13,3,Orthorhombic
mp-1192770,Rb3In(IO3)6,2.9749,-1.239729310327381,4.56594836354935,516.6558505602633,28,4,Triclinic
mp-510570,CaMn4(CuO4)3,0.0,-1.726377317086206,5.266461793552141,202.5708336785561,20,4,Cubic
mp-974035,Pb3I2(Cl2O3)2,3.2548,-1.247093558999999,5.798036446094888,637.6437609085986,30,4,Monoclinic
mp-16924,SrV6O11,0.0,-2.617681667222222,4.658473799353542,405.8335390778211,36,3,Hexagonal
mp-7561,SrPd3O4,0.0,-1.4788879599999991,7.8125759725493555,200.16717997603018,16,3,Cubic
mp-19750,BaGd2PtO5,2.2586,-3.013609235555555,9.04876258521547,266.7898777223428,18,4,Tetragonal
mp-1205846,Sr2HoUO6,0.9093,-3.588477880499998,6.8571539690444325,163.2642622236675,10,4,Cubic
mp-6280,Al2Si(O2F)2,5.6953,-3.5297768330555552,3.437624929440984,355.6066417648658,36,4,Orthorhombic
mp-558546,KSO3,4.995,-2.07589074495,2.233077565667677,531.65818069242,30,3,Trigonal
mp-18866,CaV4O9,2.5061,-2.640345206785715,3.491107320147699,368.94949812554256,28,3,Tetragonal
mp-4438,CaSnO3,2.3301,-2.694555046500007,5.520396786842774,248.80571219239832,20,3,Orthorhombic
mp-779358,Na3VO4,,-2.239922277392241,2.532493185185411,964.7002335279092,64,3,Orthorhombic
mp-19231,Mn(SbO2)2,0.0,-1.8522391850615731,5.309108237537013,453.463543407749,28,3,Tetragonal
mp-13166,YbAgO2,0.0,-2.604032006874998,8.38490748402982,61.96780330638627,4,3,Trigonal
mp-755657,TiVO3,0.0,-3.000208739666667,4.658575783530177,104.65784905784909,10,3,Trigonal
mp-1193128,Te2Pb3(BrO3)2,2.5124,-1.52799022102564,6.9538290476210065,540.9203592217948,26,4,Monoclinic
mp-15113,Na2Si3O7,4.6833,-2.901369190229884,3.1825972284139272,252.77181008775116,24,3,Monoclinic
mp-27485,Tc2O7,2.6664,-1.799278561388888,3.708062960045716,551.7048267620728,36,2,Orthorhombic
mp-697730,Mn3(PO4)4,0.0,-2.215851585537589,2.767418915744528,653.6740296066741,46,3,Monoclinic
mp-13935,Ba2YbReO6,0.0,-2.933922713000001,8.371852073595209,144.77359808261343,10,4,Cubic
mp-554758,SiP2O7,5.7504,-2.776705112928556,2.906946005870107,230.8104479091215,20,3,Hexagonal
mp-1078716,SrMoO3,0.0,-2.587846040000001,6.087641874775174,126.32524882412754,10,3,Orthorhombic
mp-6521,LiLaTiO4,2.263699999999999,-3.4517405823809533,4.862618552069566,176.01187304653092,14,4,Tetragonal
mp-1215732,ZnCoTe3O8,,-1.543669575192307,5.277297210318371,799.4019779624491,52,4,Monoclinic
mp-7060,LaZnPO,0.6563000000000001,-2.066136894910714,5.691611744713422,146.62733461290037,8,4,Tetragonal
mp-20813,Ba2MnReO6,0.0,-2.637856969043105,7.136355836899489,142.35700410810946,10,4,Cubic
mp-17477,AlFePO5,0.5231,-2.750685666517856,3.039389688781344,423.5165893149473,32,4,Monoclinic
mp-19131,LiMnBO3,2.563599999999999,-2.514293998405173,3.177033622896582,378.4805000316782,36,4,Hexagonal
mp-1080058,KIO3,2.8548,-1.365218096949998,4.049680418232495,175.49877238480562,10,3,Trigonal
mp-23003,Ce2BiO2,0.0,-2.869922813999996,8.057499542470271,107.41441001486213,5,3,Tetragonal
mp-36843,Mn2NiO4,0.0,-1.774506774408867,5.250451907116119,147.10609501138975,14,3,Orthorhombic
mp-25321,MnVO4,1.2838,-2.176151388821839,3.7078581002166313,152.15665118279037,12,3,Orthorhombic
mp-1095167,Ba2SrUO6,2.2553,-3.438718912999999,6.360041465339659,181.7963314551873,10,4,Cubic
mp-554824,La3RuO7,0.138499999999999,-3.137618632045455,6.839880250541311,611.5767673399964,44,3,Monoclinic
mp-1176568,Mn3NiO8,0.40220000000000006,-1.496995453649424,4.333736933657025,134.68376886266262,12,3,Trigonal
mp-1396966,CaLa2BiO6,0.0,-2.991569565,6.148394525234375,168.2216211519529,10,4,Trigonal
mp-555635,BaNd(CoO3)2,0.0,-2.19416080075,6.9765962234799455,117.92051822661028,10,4,Tetragonal
mp-542123,Ba3NaRu2O9,0.0,-2.254982630091955,5.747511954457472,451.345205055043,30,4,Hexagonal
mp-541474,Pt(OF3)2,0.0,-1.15365942611111,4.412492040361379,513.4199902205288,36,3,Cubic
mp-556983,LaGaO3,3.1939,-3.092894673499999,7.004010502481837,121.6841724938779,10,3,Orthorhombic
mp-550566,EuBi2ClO4,0.0,-2.195646299375002,7.861529426832316,141.38775568622063,8,4,Tetragonal
mp-734596,CsOs2O9,0.8738999999999991,-1.500787673304599,5.328065799023181,409.74420668839196,24,3,Monoclinic
mp-755053,Ga4SiO8,2.425699999999999,-2.431330256923076,5.118664529263459,141.10890782647448,13,3,Monoclinic
mp-1187190,SrPdO3,0.0,-1.677081801,6.09760384930354,65.91341396431488,5,3,Cubic
mp-19957,LaGeBO5,4.030800000000001,-3.003877321354167,5.033160860028133,299.25712459005223,24,4,Trigonal
mp-16969,Lu2SiO5,4.6846,-3.863396421979168,7.59249718559523,400.68729579003394,32,3,Monoclinic
mp-17715,SrTa2O6,3.2307,-3.487587180518501,7.603809630305209,476.5212686940929,36,3,Orthorhombic
mp-555554,KGa(PO3)4,4.5523,-2.6157164804623,2.605042618574818,541.4469054500394,36,4,Monoclinic
mp-1182187,BaNdFe2O5,0.0,-2.530522628611111,6.196222191806474,253.65781025155147,18,4,Orthorhombic
mp-753532,Nb2O3F2,0.2096,-3.031614809285713,4.760881370034076,189.60666298192442,14,3,Triclinic
mp-755260,Cd4B6O13,2.4314,-2.351378954782608,4.882165622888669,245.73994851378785,23,3,Cubic
mp-27819,Ag3O,0.0,-0.216563653749997,9.226616749406004,122.23889308286942,8,2,Trigonal
mp-560898,NaPr(SeO4)2,3.3741,-1.970231690644456,4.192750420683311,356.2966320529909,24,4,Triclinic
mp-557950,TiZn(BiO3)2,1.617999999999999,-2.197995938333334,7.497487962031001,138.91922704553247,10,4,Tetragonal
mp-2125,TeO2,2.2279,-1.494702649305555,5.649784342218027,375.2639411768228,24,2,Orthorhombic
mp-542979,MnVAgO4,1.7464,-1.8842987613711,5.008132597908143,368.36644152068766,28,4,Orthorhombic
mp-560690,Sm2(MoO4)3,3.2499000000000002,-2.62636344235294,5.460712458463107,474.70186977303956,34,3,Monoclinic
mp-755471,LuCrO3,2.5313,-3.253673551833335,8.695893111836789,210.0228117255138,20,3,Orthorhombic
mp-1190968,Y3TaO7,3.4962,-3.823803979303031,6.408585333641355,290.02948017182996,22,3,Orthorhombic
mp-5387,YNbO4,3.497499999999999,-3.543508845,5.474794004786983,149.11130000961057,12,3,Monoclinic
mp-552738,TmBi2IO4,1.425899999999999,-2.336686201875002,8.683084204108507,148.74466340154652,8,4,Tetragonal
mp-560217,K2Al2B2O7,4.5949,-2.991123102910255,2.471826129617969,535.6370482027401,39,4,Trigonal
mp-18405,CrWO4,0.0,-2.248154279999999,7.315303434701319,272.2432920397664,24,3,Orthorhombic
mp-17279,SiO2,5.7151,-3.252491369375001,1.6805139235541442,949.9220559167986,48,2,Monoclinic
mp-7550,CeNbO4,0.0,-3.473460117499996,6.04691981204197,163.12876495188664,12,3,Monoclinic
mp-505009,Fe(SbO3)2,0.5366000000000001,-1.8695318752777772,6.370390694791666,412.2278093005656,36,3,Tetragonal
mp-10418,RbSbO2,2.2483,-1.864373579375,4.731690097417999,167.90834010311085,8,3,Monoclinic
mp-15281,Sm3ReO7,0.0,-3.28051356840909,8.143325033109017,305.5787055711836,22,3,Orthorhombic
mp-1079055,LaCrAsO,0.0,-1.870600628750001,5.8469885597061495,320.1493435849186,16,4,Tetragonal
mp-560715,Sn5(PO5)2,2.6984999999999992,-2.145685457899159,4.622370160247582,585.9139303593291,34,3,Triclinic
mp-669361,Cu2BiAsO6,0.0,-1.3958909400000001,6.571912031558911,512.4093941296779,40,4,Orthorhombic
mp-549776,BaPrMn2O5,0.0,-2.744526661392081,6.008493130180874,129.36874068198128,9,4,Tetragonal
mp-3960,CaUO4,2.103899999999999,-3.695424939999997,7.438674020301041,76.36816752081042,6,3,Trigonal
mp-3502,Zn2Te3O8,3.2965,-1.6091611857692292,5.584924765867428,381.5355905088048,26,3,Monoclinic
mp-19393,NdMn2O5,1.1794,-2.609972436357758,5.995104942667103,370.17611200563937,32,3,Orthorhombic
mp-548479,Cs2U2O7,1.5078,-3.274979256755456,6.494672145364342,218.31362193790375,11,3,Monoclinic
mp-19141,K6Co2O7,0.8768,-1.528302706566668,2.8337942604274162,544.3166321035511,30,3,Monoclinic
mp-8218,PrAlO3,2.8792,-3.637824913333332,6.74964059796787,106.22475005987332,10,3,Cubic
mp-768832,Li2Cu2(SO4)3,,-1.781498495219298,3.162964972121783,450.6151292053809,38,4,Monoclinic
mp-1218332,SrCaMnO4,0.0,-2.708866936133004,4.613362374660284,177.54720717798094,14,4,Tetragonal
mp-558595,Ba6Ru3(ClO6)2,0.0,-2.428693908695653,5.056756224700095,456.4718499707415,23,4,Trigonal
mp-1192509,Cs2Th(AsO4)2,3.6164,-2.51670343571618,4.952226434189046,520.1939726202335,26,4,Tetragonal
mp-1105876,Cs6Fe2O5,0.225699999999999,-1.397381489456234,4.873709716123468,337.0065141323669,13,3,Monoclinic
mp-25233,V2O5,2.4212,-2.256208589285715,2.969490633151688,203.4145803064267,14,2,Orthorhombic
mp-558984,GaTeO3F,3.7146,-2.062971052361112,5.440284114773764,322.7133127035683,24,4,Monoclinic
mp-759704,Li2Cu2P4O13,0.2204,-2.302439253344672,3.355186806336426,468.05416252969025,42,4,Monoclinic
mp-18442,Mn4SiO7,0.0,-2.322728055143677,4.228010554744208,282.6471425621969,24,3,Hexagonal
mp-1104448,Fe(BO2)2,3.8031,-2.453035099404762,4.1903127079941545,224.23862963047392,28,3,Monoclinic
mp-560039,NaY(SiO3)2,4.709,-3.321207601137931,3.193264635789873,549.2647927068238,40,4,Monoclinic
mp-1147563,Sr4Fe3ClO8,,-2.430725191875,4.58834196667231,246.62422161854207,16,4,Tetragonal
mp-554351,SrHg2(ClO)2,1.659399999999999,-1.6434904782142872,6.499394975827859,604.7017852886146,28,4,Monoclinic
mp-557323,Na2V2ZnO7,3.2743,-2.268499522729885,2.945231453576879,366.7753324526893,24,4,Tetragonal
mp-8001,LiAlO2,6.1183,-3.096943435208333,3.442778640368225,31.795526085917224,4,3,Trigonal
mp-562065,PO2,4.5183,-2.264104192380951,2.499574783534377,334.6758017042621,24,2,Monoclinic
mp-556249,Er2WO6,3.2025,-3.327959800833333,8.648226319334686,943.69360307498,72,3,Orthorhombic
mp-760134,NbSb3O8,1.817899999999999,-2.175503535624999,5.857461500017621,664.7093890132338,48,3,Triclinic
mp-1105287,Ti4Pb2O9F2,2.3006,-3.124555092843137,5.954853818776503,219.69831050937296,17,4,Monoclinic
mp-1190160,K2Se2O7,3.0355,-1.550804163107953,3.196228834686947,361.71017137107015,22,3,Monoclinic
mp-550479,Co(ReO4)2,0.0,-2.035275168636364,5.293381970136939,350.9325054353031,22,3,Trigonal
mp-1023127,Ba4Cu3PbO9,0.0,-1.99420982382353,6.589547503709399,549.9259524067218,34,4,Cubic
mp-28205,Na3ReO5,2.4306,-2.14388567795977,4.721421078098363,353.64460988133425,27,3,Trigonal
mp-18862,La2CoIrO6,0.6160000000000001,-2.5306732215,8.4649993201701,245.189955151156,20,4,Monoclinic
mp-552177,Ce4Se3O4,0.0,-3.110755255184658,6.643431818340424,215.29405518081276,11,3,Orthorhombic
mp-1315117,Li5Mn3O8,,-2.149321380341235,3.796969948584123,286.465447714075,32,3,Triclinic
mp-752562,MnNiO2,0.0,-1.529430349482758,5.773643577767428,41.8842465496526,4,3,Tetragonal
mp-4747,Ca2SnO4,2.7198,-2.88604820642857,4.75787697463859,183.48321291778336,14,3,Orthorhombic
mp-1041661,Zn2CrWO6,1.682799999999999,-2.009660486499999,6.952704520128059,220.99291785173492,20,4,Trigonal
mp-13972,Sm2SeO2,2.1358,-3.421144282468751,7.32820970756035,93.28454800982895,5,3,Trigonal
mp-542897,BaIrO3,0.0,-2.006859299333334,8.804769592656054,427.2163393665766,30,3,Monoclinic
mp-504922,UPbO4,1.5098,-2.967640787499997,9.21775937895373,366.9397209625817,24,3,Orthorhombic
mp-563025,Na6PbO5,1.0556,-1.526727909439655,4.316307919039837,163.55512898549716,12,3,Tetragonal
mp-1094054,Sr2FeCoO6,0.0,-2.091232943,5.500423215601784,116.5350901467221,10,4,Cubic
mp-18515,NaGdSiO4,0.0,-3.2877214291256163,4.808297334245579,376.1853577126968,28,4,Tetragonal
mp-578610,NaMoO2,2.380499999999999,-1.888169442844827,5.302940234159042,47.2610994069084,4,3,Trigonal
mp-558734,PbWO4,1.71,-2.019028827083333,8.475646697771147,356.60179736873994,24,3,Monoclinic
mp-779517,Sr3Hf2O7,3.6592000000000002,-3.668377316249998,6.768937436561916,179.53215665318822,12,3,Tetragonal
mp-4155,Ca2Nb2O7,1.44,-3.25606345590909,4.235569616113565,296.3591557001346,22,3,Cubic
mp-545796,Cr3O8,0.0,-1.649623899999999,2.7968170128518013,168.60799062352896,11,2,Monoclinic
mp-775299,FeCo(PO4)2,0.6879000000000001,-2.165061282857143,3.623900271585578,279.2576795654267,24,4,Monoclinic
mp-1080777,Pr2Fe2Se2O3,1.308399999999999,-2.274702211446759,6.208820165957686,160.31486056652014,9,4,Tetragonal
mp-849999,Li5V3P8O29,,-2.6160762689735453,2.5757935849745213,1159.507840883097,90,4,Monoclinic
mp-560329,Ce2Zr2O7,0.0,-3.813959809090908,6.15643049640256,310.00808572019974,22,3,Cubic
mp-11892,NaNd2RuO6,0.0,-2.673883322137931,6.341694449957359,266.31709385824956,20,4,Monoclinic
mp-18800,Cr2SiO4,1.9961000000000002,-2.507166292857142,4.160027114804158,156.53296801198508,14,3,Orthorhombic
mp-1019595,Ce5Zr3O16,1.829499999999999,-3.845082128749998,6.534965703816113,312.6053998102555,24,3,Orthorhombic
mp-556423,Na2Si2O5,4.449899999999999,-2.898503166139846,2.472492292572393,978.6500999741463,72,3,Monoclinic
mp-997030,CaAgO2,0.0,-1.8718921604166652,5.5216632050101495,54.115162632196025,4,3,Tetragonal
mp-754019,Na4NpO5,0.6496000000000001,-2.562992238926725,5.334882840747488,127.29193177297464,10,3,Tetragonal
mp-542139,Mn(PO3)2,,-2.595336400246305,3.131332518405578,451.56344657925473,36,3,Monoclinic
mp-754375,NaTi2O3,0.0,-2.775375980507663,4.383006959636632,63.164020910629986,6,3,Trigonal
mp-3487,Ca3(PO4)2,5.4644,-3.284322651483516,3.51011762564841,146.735985138635,13,3,Trigonal
mp-572944,CsUCrO6,0.6384999999999991,-2.781259971350574,5.246998115567218,656.9076701869105,36,4,Monoclinic
mp-558860,Ba2YFe3O8,0.0,-2.485970354999999,5.7464385706173715,190.4561865549996,14,4,Tetragonal
mp-37839,Li7RuO6,,-1.982366741666667,3.377671646247554,120.76871592781801,14,3,Triclinic
mp-15888,Ba2YIrO6,0.0,-2.761594729999999,7.171124725275718,150.9240161972271,10,4,Cubic
mp-561599,Ba3Nb2CoO9,1.6878000000000002,-3.017677258666666,6.207838444839889,428.371142503369,30,4,Monoclinic
mp-754827,Tm2TeO2,0.40939999999999904,-3.263483473333337,9.17090479496145,90.07440068691382,5,3,Trigonal
mp-1042065,VZnP2O7,1.0962,-2.474506510162337,3.781599755423197,509.88392925867356,44,4,Triclinic
mp-755382,BiSbO3,2.1066,-1.618531182,7.5425780684696875,166.76267335128563,10,3,Trigonal
mp-554669,Ba3Ta2CdO9,3.4856,-3.166950008644446,7.571465471423856,225.9567998910936,15,4,Trigonal
mp-753507,CrCo3O8,0.706299999999999,-1.249565980833334,4.287942482785396,138.17004438091942,12,3,Trigonal
mp-690495,Fe5SnO8,0.0,-1.658565361071429,5.262464830598207,165.95410544634012,14,3,Trigonal
mp-7100,LaOF,4.5691,-4.256614436666667,5.999156677228246,96.27125761003892,6,3,Tetragonal
mp-1217977,SrNdVO4,0.0,-3.162447268214286,5.9646218945836,96.54874777775935,7,4,Tetragonal
mp-1173387,PbWO4,3.591999999999999,-2.002454528333332,7.972549169044288,189.55234907945578,12,3,Triclinic
mp-1079427,Na2CuO2,0.0,-1.304079958551723,3.5929108527388003,130.81687950841535,10,3,Monoclinic
mp-22756,K2PbO3,1.2096,-1.558275880333332,4.960945005079536,223.18936792665284,12,3,Orthorhombic
mp-1174498,Li5Mn3O8,,-2.138445066278735,3.813740540695311,142.60287041967106,16,3,Monoclinic
mp-6760,Na3La9B8O27,4.0102,-3.387306975265346,5.030268125852036,606.6059438676864,47,4,Hexagonal
mp-10341,SrGeTeO6,2.9532,-2.273197172407407,5.052851231200532,126.14829113284445,9,4,Trigonal
mp-19391,NaVO2,0.0,-2.340843991594829,4.23866795387433,41.49912667877256,4,3,Trigonal
mp-14430,Sr2YRuO6,0.0,-2.842278018,5.420400820723878,282.584622226224,20,4,Monoclinic
mp-758078,Li2Co3(SiO4)2,2.4703,-2.308821110888888,3.422467446809389,545.6145900828875,45,4,Triclinic
mp-541393,K3NaRe2O9,1.823099999999999,-2.231462536541954,4.612063968143542,472.8749800283666,30,4,Hexagonal
mp-1190450,NaNbSe2O7,2.9067,-1.9789484219151632,3.831977619992375,334.37346335118343,22,4,Orthorhombic
mp-778247,Fe5O3F7,0.9727,-2.225602267666666,4.228178429797847,361.4795613773241,30,3,Triclinic
mp-754056,Cr3Sb(PO4)4,1.0055,-2.46086593952381,3.707948490029319,294.50962789937375,24,4,Monoclinic
mp-6695,BaCdP2O7,3.5826000000000002,-2.7924746581168822,4.493655099522952,313.12567373739927,22,4,Triclinic
mp-19419,LiFeO2,1.6720000000000002,-1.870063350833333,4.360258792620332,36.097367336602645,4,3,Trigonal
mp-3614,KTaO3,2.0995,-3.071587857916669,6.981426041917768,63.7546200303669,5,3,Cubic
mp-541040,Y2Be2GeO7,4.5479,-3.264689292916665,4.695864441256906,269.08289275276275,24,4,Tetragonal
mp-1218364,SrCaTi2O6,,-3.535593126666666,4.431878869731522,239.36725383185572,20,4,Orthorhombic
mp-704617,InCuPO5,0.0,-2.059988684226191,4.889686658360724,393.03269039123694,32,4,Orthorhombic
mp-759283,FeOF,0.4687,-2.078018354999999,4.309906138531137,140.0012146756088,12,3,Monoclinic
mp-552028,Nd2Ti2S2O5,0.825299999999999,-3.275363665606061,5.012983166317561,175.01305790086099,11,4,Tetragonal
mp-861911,Sb2S2O,1.211999999999999,-0.9438673709999991,4.71008677153051,228.2049136886771,10,3,Monoclinic
mp-556936,CsBa(BO2)3,4.0415,-2.913815317317138,3.717742854247918,1068.379829476353,66,4,Trigonal
mp-9646,La(PO3)3,4.6293,-3.011946069148352,3.448275275147968,361.95836695422014,26,3,Orthorhombic
mp-782656,Co2OF3,0.0,-1.924413580833333,4.6262292759705215,274.03064329070787,24,3,Monoclinic
mp-21160,Er2Cu2O5,0.313,-2.627509326944443,7.614194651048241,472.46471804878894,36,3,Orthorhombic
mp-25946,Sb2P5O16,,-2.3887565094875782,2.74889565177474,790.5882072128137,46,3,Monoclinic
mp-559755,Sm2(SeO3)3,3.9313000000000002,-2.318048796216519,5.373187677111313,421.28231094733565,28,3,Triclinic
mp-1045596,YCu3(AgO3)4,0.0,-0.9182627558333321,6.394480323517394,234.49637708935245,20,4,Cubic
mp-18253,SrGa4O7,2.434599999999999,-2.502236169583332,4.622501466368977,343.7882719362211,24,3,Monoclinic
mp-6362,Sr2TbIrO6,0.0,-2.772697121166666,7.264080650669636,284.54646315123256,20,4,Monoclinic
mp-679,Er2O3,3.9629000000000003,-4.057094096999998,8.894209986204963,571.3227771258436,40,2,Cubic
mp-1190600,La3SbO7,2.8144,-3.37126717,6.558707110051832,658.7484382629203,44,3,Orthorhombic
mp-28030,Li8Nb2O9,3.2086,-2.627819660219297,3.532228209130024,724.6014483078615,76,3,Triclinic
mp-558629,Ba2ZnSi2O7,4.0027,-3.146197094999999,4.548273841618857,371.1014187351236,24,4,Monoclinic
mp-1226964,Cd2MoWO8,2.7112,-1.8559124333333321,6.633103868336483,158.36513114714973,12,4,Tetragonal
mp-754329,CdSnO3,0.9762000000000001,-1.8377478320000011,7.073964607426622,131.04061486299892,10,3,Trigonal
mp-4386,Cu2SO5,0.0,-1.3541891384375,4.20345286450741,188.95159419383387,16,3,Monoclinic
mp-770806,Sm2TiO5,3.308899999999999,-3.823237357604167,6.227764171409105,457.101749990426,32,3,Orthorhombic
mp-504910,Sr(BrO3)2,4.1480000000000015,-1.149098946111112,3.985866130977959,286.1459034921202,18,3,Monoclinic
mp-17829,Sr3SmRhO6,2.0124,-2.879632841363637,6.194526566695525,328.17756693023455,22,4,Trigonal
mp-1097026,LaGaO3,3.365900000000001,-3.034155365499999,7.10999868052724,59.93511816444752,5,3,Cubic
mp-1190394,Nd4FeS6O,2.2232,-2.253597353333332,5.441033557764054,513.4500396985983,24,4,Hexagonal
mp-550751,BaBeSiO4,4.6114,-3.3246150149999982,3.982585129004266,99.41018227723558,7,4,Monoclinic
mp-1186110,NpAlO3,0.0,-3.2910525867500002,9.700305169972227,53.406004744739306,5,3,Cubic
mp-7664,Na6ZnO4,1.533599999999999,-1.5412070993887141,3.13017924181566,283.6496830435417,22,3,Hexagonal
mp-981103,Sr3CdO4,0.5407000000000001,-2.62474909625,5.622317029245783,129.7370225187281,8,3,Cubic
mp-22420,CuTeO4,0.0,-1.2306512961111111,6.319216536377429,268.18255899541697,24,3,Monoclinic
mp-23548,AgBiO3,0.0,-1.003011011333333,7.836022365054108,154.63007543874295,10,3,Trigonal
mp-753320,RbV4O10,0.0,-2.359200614500001,3.487821192475849,213.87573230875617,15,3,Monoclinic
mp-634381,V2Zn2O7,2.013099999999999,-2.139666292272728,4.322016439472269,132.43413359202688,11,3,Monoclinic
mp-17187,K3Nd(PO4)2,4.9309,-2.967787349538264,3.572237536268637,419.7366752990193,28,4,Monoclinic
mp-5773,BaRuO3,0.0,-2.188219010333334,6.817437184487096,209.27383936981565,15,3,Trigonal
mp-685446,BaNb8O14,,-2.836322681521739,5.9961493082759585,1223.5726261644209,92,3,Monoclinic
mp-764257,W7(OF5)6,3.4979,-2.6883864658139522,4.501185661105238,720.4208517765261,43,3,Trigonal
mp-27284,V3ZnO8,1.933,-2.275548843749999,3.679414620843138,625.0192941793409,48,3,Orthorhombic
mp-1188853,CaTcO3,0.0,-2.475116318499999,5.262767383604945,234.84739259201066,20,3,Orthorhombic
mp-766367,Dy5(ReO6)2,0.0,-3.354430200175437,9.19248178382268,497.45163193924617,38,3,Monoclinic
mp-18749,NiSO4,0.0,-1.711362256249999,4.056440811919079,126.70140929243564,12,3,Orthorhombic
mp-754545,NdO,0.0,-3.073332891249999,8.25635173982916,32.22816967729903,2,2,Cubic
mp-555759,Re2(HgO2)5,1.2845,-1.432101368088196,8.386429708531601,608.011282232101,34,3,Monoclinic
mp-17687,SrDy2CuO5,0.0,-3.085557710092592,7.540690041368823,489.89171220718265,36,4,Orthorhombic
mp-1080470,Ba2SmOsO6,0.07050000000000001,-2.8243193915,7.538814428541912,156.66156544095182,10,4,Cubic
mp-5950,Cd2Os2O7,0.0,-1.462361143636362,8.697562976990932,273.88541173103897,22,3,Cubic
mp-1219736,PrSO,0.6284000000000001,-2.866377349722222,5.431241891521376,115.55201472810465,6,3,Orthorhombic
mp-1079632,Ba2CeNbO6,0.0,-3.375568956,6.180047217996893,162.20300578187766,10,4,Monoclinic
mp-1523032,Eu2ZrVO6,,-3.217619104000003,7.078223519343855,127.17335841391052,10,4,Cubic
mp-761683,Na4TiO4,3.2426,-2.374862463205619,2.6017097176749893,260.1805852947237,18,3,Orthorhombic
mp-561478,KSbMoO5,3.2057,-2.03678175621875,3.697291066417445,605.0502847093111,32,4,Monoclinic
mp-6217,LaSc3(BO3)4,4.2334,-3.472035604583332,3.8169670945297,442.8809467415352,40,4,Monoclinic
mp-504748,P3Pb5ClO12,3.3891,-2.29718671494898,6.749839511283652,667.3641739742847,42,4,Hexagonal
mp-540262,CoP2O7,0.0,-2.057874688428572,2.95386900929344,261.82647658151586,20,3,Triclinic
mp-758598,LiFePO4,,-2.400236913877551,2.997876554098016,2097.1825190333175,168,4,Hexagonal
mp-555726,NaClO3,5.7061,-1.045418820275862,1.862959747051154,379.5023232314643,20,3,Cubic
mp-34212,SrRuO3,0.0,-2.1869478940000042,6.460546059190099,121.67083063950935,10,3,Orthorhombic
mp-997163,MnAuO2,0.0,-1.353948866982759,8.846311041265302,53.291446331586776,4,3,Trigonal
mp-10251,LiDyO2,3.964299999999999,-3.273900814999998,6.481333428960249,206.43817272135107,16,3,Monoclinic
mp-7995,Mg2BO3F,4.4508,-3.212177184880952,2.981293213803585,281.65142274176486,28,4,Orthorhombic
mp-23358,Hg5(ClO2)2,0.186199999999999,-0.752103948409092,8.853464921258938,426.82732052950286,22,3,Orthorhombic
mp-560830,Nd3Si2ClO8,5.1978,-3.587620056964285,5.546345307480913,390.6156683205098,28,4,Monoclinic
mp-542104,SrV3O7,2.5526,-2.7095280625,3.613491062483294,647.8398608707554,44,3,Orthorhombic
mp-756020,Rb3FeO3,0.5949,-1.574990760357142,4.210565757145527,568.2880519271254,28,3,Monoclinic
mp-1228342,Ba2ScO3F,3.5461,-3.588310730714287,5.445478310239811,117.89142942402336,7,4,Tetragonal
mp-7849,AlAsO4,4.2634,-2.443003532916666,2.838164174716684,97.06438411040634,6,3,Tetragonal
mp-15050,Pr(PdO2)2,0.0,-1.931393010952378,7.784069489487311,178.23127310166709,14,3,Tetragonal
mp-556855,Ba3Bi(ClO)3,3.628699999999999,-2.722120596250001,4.866517755995548,1058.2078512098183,40,4,Orthorhombic
mp-1095254,EuMoO4,0.16659999999999903,-2.652453238333334,6.211384472500549,166.7662963154309,12,3,Tetragonal
mp-772781,Lu2B4O9,5.780299999999999,-3.282634584,6.586578493147129,270.85264033068285,30,3,Triclinic
mp-22564,PrMnO3,0.057,-2.943615975919542,6.81260699932876,237.7429455944275,20,3,Orthorhombic
mp-19976,Ce4S3O4,0.0,-3.280934060681818,6.002649733886388,398.71673042909526,22,3,Orthorhombic
mp-765195,WO2F,1.6444,-2.315005526249998,6.192863042726371,125.93734029454865,8,3,Monoclinic
mp-772099,Cd(CuO2)2,0.32019999999999904,-1.080805735714285,6.719774187721026,149.99748174795735,14,3,Tetragonal
mp-1103389,Sr3Ta2ZnO9,3.4116,-3.225355410644444,6.897562476196847,200.8179280477927,15,4,Trigonal
mp-1178562,AgBrO3,2.383,-0.28503579633333204,5.067049942399514,77.26506831359747,5,3,Trigonal
mp-1218763,Sr2MnSbO6,0.8793000000000001,-2.587189905793104,5.726110427125111,129.89841091341515,10,4,Tetragonal
mp-18788,CrCoO4,0.506,-1.5653893133333332,4.571811239784179,127.07127556747008,12,3,Orthorhombic
mp-20470,Gd2O3,2.969999999999999,-3.864237869500002,8.482626307434368,70.9617989589644,5,2,Trigonal
mp-1215297,ZrTi(PbO3)2,2.623199999999999,-2.7701464323333322,7.691910259331408,140.2121403660533,10,4,Trigonal
mp-1101151,NaHoO2,4.0758,-3.154525666594825,6.776068334459142,53.89318541485288,4,3,Trigonal
mp-756212,V2Si2O7,0.0,-2.851647299090909,4.543976616162542,197.3726014489138,22,3,Cubic
mp-540688,SrIn2O4,1.807999999999999,-2.354714595476186,6.771426405573328,373.97526557229827,28,3,Orthorhombic
mp-1101455,NdIO,2.1896,-2.953937647499999,5.928810815315308,160.84741099045732,6,3,Trigonal
mp-19043,LiV(SiO3)2,0.0,-2.9667807573333342,3.372853212631339,206.8255230196094,20,4,Monoclinic
mp-675227,BaMnO3,0.8679000000000001,-2.488163140786207,5.95850825028464,334.7872385437482,25,3,Trigonal
mp-555735,CaIrO3,0.0,-2.077454297999999,8.140938278820864,228.6900073487555,20,3,Orthorhombic
mp-18750,Mn(FeO2)2,0.9977,-1.836117058275863,5.494898879602974,139.38851348252413,14,3,Cubic
mp-755060,Cs2O,0.268199999999999,-1.121915334770116,4.749121362354143,197.07098771565097,6,2,Orthorhombic
mp-20105,LiIn(MoO4)2,2.827,-2.0510753008333342,5.09112608526258,288.0898370871184,24,4,Monoclinic
mp-624691,VAgO3,1.918899999999999,-1.731810440833332,4.679945601066319,293.51845214034967,20,3,Monoclinic
mp-555605,KMnPO4,1.3002,-2.593508513189127,2.8391593129887003,442.179739511131,28,4,Triclinic
mp-23419,Sb4Cl2O5,2.6466000000000003,-1.690999615,4.865666349436686,435.43029779945584,22,3,Monoclinic
mp-770345,Li3V(BO3)2,,-2.589183622361111,2.776387332554325,453.0746849455995,48,4,Monoclinic
mp-753976,GdAsO4,2.752399999999999,-2.746825884583332,6.613228840760308,148.7323480755665,12,3,Tetragonal
mp-5709,Tl3PO4,2.640899999999999,-1.894393925580359,7.422206095297045,316.8500050641708,16,3,Hexagonal
mp-1226494,CePaO4,0.0,-4.108903843333333,8.861948969509646,81.53767459469557,6,3,Tetragonal
mp-755390,NbFeO4,0.7564000000000001,-2.45801764,4.571651681100881,154.55157886579434,12,3,Tetragonal
mp-1191444,BaNb6O17,1.1974,-2.8877415527083343,4.403933764042547,364.5228707301009,24,3,Orthorhombic
mp-19358,SmMn2O5,0.0,-2.628535253545252,6.242392981473685,362.0216409775965,32,3,Orthorhombic
mp-763482,VPO5,2.270299999999999,-2.5017754142346913,3.436233871776135,156.48622675010432,14,3,Tetragonal
mp-1105068,BaYFe4O7,0.0,-2.174211677307691,4.972904451593228,187.53087105196772,13,4,Tetragonal
mp-983603,ErZnAsO,1.1517,-2.000947915625,7.81835195211237,137.45407710300134,8,4,Tetragonal
mp-560586,RbTi2(PO4)3,2.6286,-3.024244806283069,3.179821727343839,486.8220325750216,36,4,Trigonal
mp-13194,PrSbO4,2.2095000000000002,-2.794670680694446,6.703992853577691,323.6521405515363,24,3,Monoclinic
mp-774257,Ni3Sn(PO4)4,0.0,-2.112861002232142,3.945881376881616,283.92269401495537,24,4,Monoclinic
mp-560923,AgPb4ClO4,2.4109,-1.338816083666668,7.8646071235025055,437.5338063352565,20,4,Tetragonal
mp-1209949,Pr3Sc2(FeO4)3,,-3.07964313975,5.32945515196255,1086.9854311618308,80,4,Cubic
mp-510134,BaTm2NiO5,1.5393,-3.176939882500002,8.369542533977027,487.1861908358746,36,4,Orthorhombic
mp-18819,Ni2P2O7,1.1058,-2.219231161525974,4.236402660954306,228.38483066689778,22,3,Monoclinic
mp-1025208,Cs2PuO4,0.0,-2.62964457258005,6.709831083656301,142.0052793323048,7,3,Tetragonal
mp-504849,Cs2Li2SiO4,3.8531,-2.468895151775222,4.318689072298792,285.89628380249286,18,4,Triclinic
mp-6055,Sm2SiTeO4,2.0793,-3.2774703130208342,7.019698335949176,492.41413894057297,32,4,Orthorhombic
mp-755412,MnSbO4,0.0,-1.8721042554885061,5.078971610038162,314.7759447152978,24,3,Tetragonal
mp-1105276,Gd2TiZnO6,2.7632,-3.369564110833333,7.268861853094758,239.30693684501472,20,4,Monoclinic
mp-3978,SrSiO3,4.6251,-3.441226473,3.641838872596811,447.8557103265806,30,3,Monoclinic
mp-5769,Li3SbO4,3.056,-2.213717543749994,4.583776086155817,149.67360981603022,16,3,Monoclinic
mp-18899,Nd2MnNiO6,1.457199999999999,-2.780404253293103,7.003597029825412,236.20267546413152,20,4,Monoclinic
mp-22538,Li8PbO6,2.3403,-1.975071490444444,4.358640448287571,136.66552389671762,15,3,Trigonal
mp-30055,Rb3BrO,0.3851,-1.500405602499999,3.559934815422609,164.33424631663758,5,3,Cubic
mp-1192408,KCo(PO3)3,0.0,-2.5027962250841833,2.851939151837775,390.04563687654166,28,4,Hexagonal
mp-1178335,GaPtO2,0.0,-1.5332369231249992,10.563221190944573,93.31578259782601,8,3,Hexagonal
mp-7538,LaErO3,4.4376,-3.938616242,7.736143143279784,304.0796627333526,20,3,Orthorhombic
mp-559672,KNiAsO4,0.0,-1.792382754607142,3.6710875150868603,428.28474703986535,28,4,Trigonal
mp-1095395,EuVO4,0.0,-2.7994884000000013,5.963210616162249,148.6457725794294,12,3,Tetragonal
mp-1191300,Tb3OsO7,0.0,-3.188683825454544,9.096642555730458,284.4044925264848,22,3,Orthorhombic
mp-1019509,B2S2O9,6.6956,-2.088806264487179,2.710548110379561,140.74762342628227,13,3,Monoclinic
mp-3446,SrTm2O4,3.8156,-3.805543114285714,8.29503062795702,391.9506486329807,28,3,Orthorhombic
mp-505801,Eu2Ti2O7,0.0,-3.409178926060606,6.358606704401106,267.237086716667,22,3,Cubic
mp-1080742,Sr2ZrCrO6,0.0,-3.11760866075,5.25970881209196,523.3911109862939,40,4,Cubic
mp-1206825,Lu2SeO2,2.0255,-3.519900169135417,9.627939356218242,79.4905816913324,5,3,Trigonal
mp-17242,Nb2(PO4)3,0.0,-2.848229575525208,3.157976160084913,495.03877031128957,34,3,Trigonal
mp-559208,SrTiSi2O7,3.608499999999999,-3.395760443939394,3.548925750224322,284.1586627106365,22,4,Orthorhombic
mp-29876,MnNb3O6,0.0,-2.6181616165431043,5.825361699006772,489.8968337838239,40,3,Orthorhombic
mp-565757,Gd2WO6,0.0,-3.259663490833333,8.121395069157732,486.083389613877,36,3,Orthorhombic
mp-1218363,SrCa(CuO2)2,0.0,-2.0828855225,5.159616637749325,102.59662701967054,8,4,Tetragonal
mp-7688,Li2CdGeO4,2.455,-2.113450307708333,4.4570596151904365,195.9168468900648,16,4,Orthorhombic
mp-771141,Dy2Cu2O5,0.07209999999999901,-2.606500443703702,6.98582369255665,505.91289462375005,36,3,Orthorhombic
mp-754800,Ni3O4,0.0,-1.005543350714285,5.603808633155922,142.28129189303422,14,2,Monoclinic
mp-1078277,Mn2FeWO6,0.0,-2.002447205586207,6.281617391838394,117.7826620772119,10,4,Trigonal
mp-1192638,Cs4U3Si4O17,0.023500000000000004,-3.256705192629297,5.438952978104518,497.65932369982664,28,4,Monoclinic
mp-998929,K2O,1.853399999999999,-1.174483579833332,2.671810555265089,175.62937367818262,9,2,Trigonal
mp-21876,Ba3NaIr2O9,0.0,-2.152779337425287,7.114007370940075,449.74996679426835,30,4,Hexagonal
mp-752685,ZrBiO4,1.0659,-2.6097999625,7.214905242471345,335.29014106729903,24,3,Triclinic
mp-753395,FePO4,1.3564,-2.351585960357142,3.219509155542256,155.57431203596445,12,3,Triclinic
mp-1201246,NaLi2(RuO2)6,,-1.535387979192665,6.32048936328497,438.8972370002413,42,4,Triclinic
mp-19332,BaGd2NiO5,0.9400000000000001,-3.069349602777778,7.530153333522126,130.22008567100548,9,4,Orthorhombic
mp-776396,Li2MnP2O7,3.141499999999999,-2.628943425740284,2.776089818894568,580.8429618094301,48,4,Monoclinic
mp-1206729,NbGa(PbO3)2,2.6941,-2.20270858575,8.580500432442953,130.24713527119408,10,4,Cubic
mp-560368,Na6Cu9(PO4)8,0.177899999999999,-2.100316381371249,3.7108354007384463,657.6328483480821,55,4,Triclinic
mp-767710,Li2VP2O7,0.0,-2.598236944246032,2.874281200190135,551.7645789615559,48,4,Monoclinic
mp-22660,InAgO2,0.21829999999999902,-1.392166444583322,7.145653351630925,59.18484585884577,4,3,Trigonal
mp-1208851,Sr2GdBiO6,,-2.826859505,6.7399803409315435,314.10730343886627,20,4,Monoclinic
mp-19403,Ba2CaMoO6,2.258,-2.9021457209999992,5.478714226488384,153.56571582872633,10,4,Cubic
mp-5960,Ca3UO6,2.1479,-3.5820819115,5.35630878578097,281.65490855351345,20,3,Monoclinic
mp-998913,KO3,0.8697,-0.654828508062499,1.8491200223506041,78.2140364421973,4,2,Orthorhombic
mp-541720,Ba3DyRu2O9,0.0,-2.632982266444444,6.811195281234395,448.88396412100775,30,4,Hexagonal
mp-1190199,CuSb6(SO8)2,0.42300000000000004,-1.752400725,4.791163882395749,386.17265275257193,25,4,Triclinic
mp-3748,AlCuO2,1.7978,-2.417254424999987,5.150013916338868,39.50664507667943,4,3,Trigonal
mp-752987,Fe4OF7,1.6849,-2.412893975833334,4.105203430714448,301.24303990849296,24,3,Triclinic
mp-554614,Cu3(AsO4)2,0.0,-1.312015413846154,5.245632040162247,296.59852541089293,26,3,Monoclinic
mp-14552,Ba2SrUO6,2.2855,-3.509292623,6.649239296340392,347.77879236140313,20,4,Monoclinic
mp-1070808,BaTi2Bi2O,0.0,-1.323680846944444,7.51104508778746,147.4647998920059,6,4,Tetragonal
mp-35647,Zn2PtO4,0.6309,-1.428108532142876,8.242632487108812,157.09629632627494,14,3,Orthorhombic
mp-757021,KGdO2,3.05,-3.0375402743125,5.7035134898382065,66.48170131803671,4,3,Trigonal
mp-1105271,MnBiO3,0.0,-1.8084535820862082,8.309139738363701,249.33978286772782,20,3,Orthorhombic
mp-546111,Cr3AgO8,1.2442,-1.641716069305554,4.112822985233676,316.4177298657328,24,3,Monoclinic
mp-771330,Mn(IO3)2,2.673,-1.140920775881226,5.077573557436444,529.4593530849795,36,3,Orthorhombic
mp-12944,HoAsO4,3.609,-2.847563612916665,6.499573153545531,155.25757966195755,12,3,Tetragonal
mp-541240,Sb3O2F5,3.777699999999999,-2.403214531999999,4.905787430921311,666.5065968107349,40,3,Monoclinic
mp-541910,SrMo2(AsO6)2,2.6928,-2.05143991617647,4.110698962072812,501.9840718108526,34,4,Monoclinic
mp-772622,Li8Ti6Mn7O30,0.9131,-2.501904418670272,3.9000920901967513,514.0219153685129,51,4,Trigonal
mp-19209,LiAl(MoO4)2,3.6252,-2.351329154027778,3.7126519138141463,316.48265458663974,24,4,Triclinic
mp-1184430,Eu2Ti2O5,0.0,-3.2927369979629653,6.8088295776765495,116.97935732709071,9,3,Tetragonal
mp-6691,Ba2Dy(CuO2)4,0.0,-2.060182476777778,6.536736444395467,208.1367053323528,15,4,Orthorhombic
mp-1206644,Ba2ScNbO6,2.5719000000000003,-3.4769086794999993,5.932094922631067,142.3451920343536,10,4,Cubic
mp-31232,In2PO5,2.073399999999999,-2.281866629122024,5.63863249195226,200.6127675305557,16,3,Triclinic
mp-542397,LuMn2O5,0.7359,-2.657710999066092,7.220763414919025,335.60508090052355,32,3,Orthorhombic
mp-1205304,TiI2O7,2.536299999999999,-1.588837904833334,4.595232181482023,298.9699139845672,20,3,Orthorhombic
mp-27355,Pb2OF2,2.851099999999999,-2.206819075,8.06750536309065,385.64099526124966,20,3,Tetragonal
mp-1075928,SrCa(CoO3)2,0.0,-1.9306044387499992,5.050188240497346,449.23080756918694,40,4,Tetragonal
mp-1190897,CoB4O7,1.261599999999999,-2.5507043555555553,3.81795501458215,372.60012111185034,48,3,Orthorhombic
mp-13211,Ag2Te2O7,0.0,-1.100079193787878,6.878980581320274,281.4317266449678,22,3,Orthorhombic
mp-812,Ho2O3,3.9457999999999993,-4.027559444749998,8.612953640267063,582.7960001301811,40,2,Cubic
mp-27254,Ba(TeO3)2,1.762,-1.997902103148148,6.127378210556743,264.78280359800095,18,3,Orthorhombic
mp-17145,Ba3CuSb2O9,0.0,-2.340475947,6.552217901254134,437.4440271977718,30,4,Hexagonal
mp-552547,SrBiIO2,2.864299999999999,-2.196828430000001,6.296864929546651,240.24070628084155,10,4,Orthorhombic
mp-775006,Mn2CrO6,0.0,-1.813018519540231,4.092423041751529,104.63260112053102,9,3,Monoclinic
mp-559612,KLiO,2.3803,-1.6354417968611101,2.360282102014887,174.58537672786647,12,3,Orthorhombic
mp-687234,P2WO8,2.4666,-2.410133454935064,4.462282728667323,278.189820485684,22,3,Monoclinic
mp-777945,TiMn4O10,,-2.063405258170498,4.022492704239903,706.0978780989323,60,3,Monoclinic
mp-5146,Zn(RhO2)2,0.9323999999999991,-1.30145586428571,7.171915971174942,155.2282326923861,14,3,Cubic
mp-30987,V3O5,0.0,-2.493302489374999,4.749338272156889,325.6110002194771,32,2,Monoclinic
mp-510544,SrSm2Nb2O9,2.1183,-3.436162488214287,5.938542645884329,401.6176418913543,28,4,Orthorhombic
mp-3731,LiNbO3,3.3358,-2.899517651666666,4.577485851594526,429.06236195769645,40,3,Trigonal
mp-505270,TiSO5,2.574599999999999,-2.545002442083333,3.180702543672739,333.9744584548558,28,3,Monoclinic
mp-1227304,BaTbFe2O5,0.0,-2.554834197962963,6.7268300736388085,120.44935637390324,9,4,Tetragonal
mp-756361,ZrSeO,1.9570999999999992,-2.693179919947917,6.060150344336365,204.06411833749345,12,3,Cubic
mp-555885,SrV4(AgO6)2,2.0861,-2.211843805964912,3.9588339683970393,586.489916435638,38,4,Tetragonal
mp-754071,Pb2O3,0.135299999999999,-1.3156402279999981,10.029676091006765,153.11167947168397,10,2,Orthorhombic
mp-560114,Er3O2F5,5.6188,-4.383207447000001,8.403822046710564,496.9612714240854,40,3,Orthorhombic
mp-22938,VCl3O,2.8945,-1.6207491740000002,2.144255204751787,536.8227691370997,20,3,Orthorhombic
mp-19369,Ti2CrO5,0.2987,-3.091858370520834,4.227139945628454,357.83035427023685,32,3,Monoclinic
mp-1178561,AgClO3,2.7117,-0.352711819333332,4.134260284941861,76.84405818753127,5,3,Trigonal
mp-28138,Ni(ClO4)2,4.0918,-0.5404013047727271,3.048340575911266,561.2836046278467,44,3,Trigonal
mp-19000,VPO5,1.417599999999999,-2.480132212091834,3.326235157056866,161.66123182371143,14,3,Tetragonal
mp-781897,Gd3NbO7,,-3.672405829090909,7.357934200478858,305.413815556255,22,3,Orthorhombic
mp-31514,Ba3Nb2CoO9,0.0,-3.019709090999999,6.213289887592736,213.99764820265764,15,4,Trigonal
mp-18937,V2O3,0.0,-2.525890519,4.950045704761461,100.55809695231142,10,2,Trigonal
mp-31763,Ca2FeReO6,0.0,-2.55467773025,6.045773601759127,459.4579881866246,40,4,Monoclinic
mp-985608,Nd2O5,2.8438,-2.680034604285715,6.190702301103933,197.67614917962504,14,2,Monoclinic
mp-1178160,HoBrO,4.5018,-3.351563836666667,6.822732510668329,126.96513640813347,6,3,Tetragonal
mp-1188449,ScRhO3,1.049699999999999,-2.481755849999999,6.049931768142321,215.03220185571337,20,3,Orthorhombic
mp-1183920,CsPaO3,2.972999999999999,-3.457622890931035,7.86886217827183,86.93019019772653,5,3,Cubic
mp-755536,RbFeO2,1.5864,-1.7722491168749999,4.162019208534466,276.5875581783195,16,3,Orthorhombic
mp-18463,RbZnPO4,3.7149,-2.513455971734693,3.628280020832351,450.065017152841,28,4,Monoclinic
mp-551283,Na2Cu2TeO6,0.066399999999999,-1.4894735208568441,4.679537030008863,140.75807162601316,11,4,Monoclinic
mp-556473,Cr2PBrO4,2.2655,-2.250070627767856,3.785630057708158,489.2929040074698,32,4,Monoclinic
mp-687096,V2Cu2O7,0.0,-1.772619992727273,4.052117550987738,279.4565196322305,22,3,Triclinic
mp-1203,TiO,0.0,-2.855383131166665,4.934842399291236,107.45292722857165,10,2,Monoclinic
mp-28541,Bi2P4O13,4.5172,-2.472385317293247,4.761074696362629,523.0550063283084,38,3,Monoclinic
mp-779587,TiPO4,0.0,-2.951555876607142,3.148059002828418,452.0665211745663,36,3,Trigonal
mp-28364,Rb2CdO2,1.3109,-1.353627480499999,4.91926266507445,425.7901167915607,20,3,Orthorhombic
mp-28380,Rb3TlO3,1.460799999999999,-1.373017168690475,5.251369120367217,643.5329024344761,28,3,Monoclinic
mp-542185,NaCu4(AsO4)3,0.0,-1.432031734693966,4.552596547186735,506.21667713592217,40,4,Monoclinic
mp-34492,Na2TbO3,0.0,-2.4397169532375482,4.975689049155438,168.80293542015525,12,3,Monoclinic
mp-504908,In2TeO6,1.016599999999999,-1.821049162222222,6.755182694579025,334.23675145877587,27,3,Trigonal
mp-558257,DySeClO3,4.366899999999999,-2.488030186501735,4.73783586596225,455.5056410054073,24,4,Orthorhombic
mp-753311,Cr3(OF)2,1.5592000000000001,-2.254557591428571,3.857644290847327,194.55142916645292,14,3,Monoclinic
mp-1103309,CuWO4,0.0,-1.6874590783333332,7.628718543250686,135.55740182759985,12,3,Monoclinic
mp-555322,Eu2SiCl2O3,0.642799999999999,-3.1570140675,4.925401452297987,608.0856271061555,32,4,Tetragonal
mp-758652,ZnCoO3,0.0,-1.300174752,5.92182722329932,96.65191092533513,10,3,Trigonal
mp-1191266,BiIO4,2.3939999999999992,-1.235655969166666,7.447156588693821,356.6571781190205,24,3,Orthorhombic
mp-5933,BaTiO3,1.726099999999999,-3.4896585356666643,5.804935524770896,400.2367535081449,30,3,Hexagonal
mp-755527,MnSbO4,1.3157,-1.859860389238505,4.818755548977432,331.7740587756524,24,3,Monoclinic
mp-13940,Sr2TmReO6,0.0,-3.048674391250002,7.317452844594237,142.1429715965891,10,4,Cubic
mp-7233,La2SeO2,2.4067,-3.491444638468752,6.22862512961434,103.64523915760147,5,3,Trigonal
mp-1078410,Ba2ZnTeO6,0.444399999999999,-2.367489561666666,6.636046659826348,141.04458602176385,10,4,Cubic
mp-559085,Y2WO6,3.1665,-3.265821364583333,6.225819964371594,976.5043681367919,72,3,Orthorhombic
mp-2883,Sm2Sn2O7,2.7353,-2.999128691818181,7.387350103143115,292.2769002205309,22,3,Cubic
mp-1178514,BaO,2.1422,-2.806105449999999,4.680060312050471,108.80392993465017,4,2,Hexagonal
mp-504704,Ni2Hg2OF6,0.996,-1.895994507727273,7.409254272764885,290.7049922803464,22,4,Cubic
mp-8871,CsNa2BO3,3.2483,-2.224025207368637,3.749589431114018,210.52997743564893,14,4,Orthorhombic
mp-557730,Dy(PO3)3,5.5999,-3.010316484853466,3.488402569767748,380.257535796856,26,3,Monoclinic
mp-13576,EuAsO4,0.0,-2.453927178750007,5.744827126572235,168.1592524110734,12,3,Tetragonal
mp-770959,Ba3GeO5,2.69,-2.828047882962963,5.202390920106298,540.6573214723367,27,3,Trigonal
mp-1217972,SrPrMnO4,0.0,-2.972998172799671,6.004247988772054,96.09469439570223,7,4,Tetragonal
mp-17789,K2RuO4,0.169599999999999,-1.713982263857143,3.191092911075409,506.3465325038915,28,3,Orthorhombic
mp-14005,KRuO4,0.0,-1.577094787874999,3.388834202379714,200.0838239766807,12,3,Tetragonal
mp-1567941,CaV4O6,,-2.510985567272726,4.649946619816319,242.7203177791586,22,3,Monoclinic
mp-755635,Ho2Pt2O7,1.506899999999999,-2.466693449999999,10.534482839981917,262.3022141613473,22,3,Cubic
mp-540905,YAlGeO5,3.821099999999999,-3.168546244374999,5.095054950405035,350.06118045477245,32,4,Orthorhombic
mp-19285,Ba(FeO2)2,0.0,-2.053664364999999,4.284986640940728,242.60191000364992,14,3,Hexagonal
mp-541619,Na2TeO3,3.2606,-1.848553874487548,4.32381288647269,340.3833614714263,24,3,Monoclinic
mp-759714,Li2Mn3OF6,1.7183000000000002,-2.791650295246648,3.457486227011845,593.0147541936018,48,4,Triclinic
mp-22038,RbFe(SeO4)2,2.2159,-1.426532142473957,3.329206287985903,852.3698719487564,48,4,Trigonal
mp-37255,Na2RuO3,0.0,-1.646300400459767,4.884038483603073,132.6297451661052,12,3,Monoclinic
mp-6553,LiSc(SiO3)2,4.9196,-3.340782323333333,2.9668948498419043,228.42519153849196,20,4,Monoclinic
mp-19124,Ca3Mn2O7,0.0,-2.606592485905172,4.092605521525244,138.8064870340224,12,3,Tetragonal
mp-556647,Ba5Re3ClO15,,-2.7911485840625,5.936433867775583,850.7402979037379,48,4,Hexagonal
mp-20986,CaTi4(FeO4)3,1.6248,-2.8990401529166663,4.562848116354589,430.2142482567967,40,4,Cubic
mp-31118,SmScO3,4.366899999999999,-3.921264459499999,6.338811595774986,254.95794113861217,20,3,Orthorhombic
mp-754392,BaEuO2,0.0,-2.943685521250001,6.990464260918977,76.32029071127302,4,3,Trigonal
mp-975622,Rb2Al2Si3O10,4.6713000000000005,-3.199159940294118,2.839638770669527,548.6898860872818,34,4,Orthorhombic
mp-21275,Ni(SbO2)2,2.0339,-1.623124937499998,5.830246661630062,417.2088814840183,28,3,Tetragonal
mp-1866,KO2,0.0,-0.980193509083333,2.39878116699765,49.216457866674475,3,2,Tetragonal
mp-975206,RbSbO3,0.0,-1.7992110385000002,6.192016145047547,68.44503210008946,5,3,Cubic
mp-770834,Li5FeO4,,-1.996121979666666,2.521236698652839,407.1530889367036,40,3,Monoclinic
mp-754632,Pr(ReO4)2,0.0,-2.50389236060606,4.845887540665436,219.7598839339998,11,3,Trigonal
mp-13664,Sr2Ta2O7,2.928,-3.499453334060604,6.9668011718417215,309.44138871069555,22,3,Orthorhombic
mp-21309,MgTe(PbO3)2,2.261599999999999,-1.858674747166666,8.350768910308245,131.69773470875245,10,4,Cubic
mp-18821,Y5(MoO6)2,0.0,-3.306844249473683,5.501336466751635,250.04723401126037,19,3,Monoclinic
mp-560623,Mg3(PO4)2,5.175899999999999,-3.055636439175825,3.076668099565533,283.739100568695,26,3,Monoclinic
mp-13695,SmCuO2,2.5136000000000003,-2.65674744375,6.187179739135558,65.99687487364154,4,3,Trigonal
mp-1020611,SrGe2(BO4)2,3.813099999999999,-2.665151319102563,3.997365365329064,635.6033999350539,52,4,Orthorhombic
mp-560502,Ba2CuTeO6,0.0,-2.177571373166666,6.565717574702391,284.16844284305836,20,4,Monoclinic
mp-6076,Ca4LaB3O10,4.3032,-3.379169608472222,3.419335068896059,238.7583646713005,18,4,Monoclinic
mp-17749,V2HgO6,2.014299999999999,-1.939190803611111,6.252096347042265,423.32937230417826,36,3,Orthorhombic
mp-1042806,MnZnAs2O7,0.9525999999999991,-1.802132167766457,4.348969370987591,583.7105799507883,44,4,Monoclinic
mp-1101675,NiPtO2,0.0,-0.946948687499999,10.546314245519335,44.99605581221014,4,3,Trigonal
mp-542100,K4Nb2Si8O23,3.793999999999999,-3.090289875783783,2.755311316790897,563.4203208373077,37,4,Triclinic
mp-5628,K(RuO2)4,0.0,-1.4797580651730762,6.23692359620198,152.12436127127583,13,3,Tetragonal
mp-774407,Hg2W2O7,2.1528,-1.7097603472727272,8.465441585065197,691.1372328274975,44,3,Monoclinic
mp-14000,UCdO4,1.9057,-2.8611118633333312,8.835694361332104,77.8874469709106,6,3,Trigonal
mp-553242,NdBi2BrO4,1.219899999999999,-2.3604428240625,7.878409326036207,148.82622783044317,8,4,Tetragonal
mp-546082,TmBi2ClO4,1.4201000000000001,-2.481416511250001,8.44149754336076,135.0120275152819,8,4,Tetragonal
mp-18961,ScCrO3,2.417799999999999,-3.130813287000001,4.6312337405873905,207.8888721409463,20,3,Orthorhombic
mp-18265,Y2Mo2O7,0.0,-2.9249034127272733,5.6502315843239455,283.12500105731203,22,3,Cubic
mp-23582,KLi6BiO6,1.4216,-1.985202468375,4.324391693194456,148.11446344463306,14,4,Trigonal
mp-1219559,RbNaCd3O4,0.43970000000000004,-1.4062502743199221,5.221405110924684,162.09374658603886,9,4,Monoclinic
mp-755208,CrFe2O5,0.0,-1.753434558750001,4.356137535969046,185.78169494374282,16,3,Orthorhombic
mp-562182,ZnSiO3,3.4371,-2.644600209,4.003285823759669,234.7613099162203,20,3,Monoclinic
mp-759304,Na3MnO3,0.6771,-1.722211314938423,2.778922327542144,410.8871751140534,28,3,Triclinic
mp-556378,BiSeClO3,3.527199999999999,-1.466983623723958,5.575298258095157,442.4590271285571,24,4,Orthorhombic
mp-542664,Ce2SiSeO4,0.0,-3.308823604355468,5.8756617186512745,510.1450486539126,32,4,Orthorhombic
mp-4274,SrTeO4,2.2486,-2.273476966527777,5.016039527716521,369.73531035419313,24,3,Orthorhombic
mp-4471,ScAlO3,4.591900000000001,-3.669621607,4.169314922966967,191.07007935746245,20,3,Orthorhombic
mp-30032,TlIO4,1.9738,-0.8225861330555571,5.509519730766773,238.27369041805196,12,3,Tetragonal
mp-6166,PrCuSO,1.641599999999999,-2.240809981041666,6.267240646514073,133.81202691806052,8,4,Tetragonal
mp-13775,Gd2Si2O7,3.2104,-3.629723050909088,5.503865479146377,582.49031019204,44,3,Orthorhombic
mp-19842,CaFeO2,0.04020000000000001,-2.302412865,4.101653710579495,51.788659247828264,4,3,Tetragonal
mp-19759,BaYCo2O5,0.0,-2.355244721666666,5.995331292424629,117.4627956603489,9,4,Tetragonal
mp-753184,Al(CoO2)2,0.0,-2.05576668,4.93665420225234,140.49846106976761,14,3,Orthorhombic
mp-756424,GdLuO3,3.1346,-3.954000719333332,9.08251061281044,278.05624247754866,20,3,Orthorhombic
mp-1400906,CoO2,0.5904,-1.072432660000001,4.847912397318181,124.58651702114541,12,2,Tetragonal
mp-555568,K2Zn(Si2O5)2,4.2665,-2.946104038647059,2.770497039027837,997.2034136755061,68,4,Orthorhombic
mp-770401,SbPO4,3.342,-2.297922147857142,4.149973732526603,346.88498458453284,24,3,Orthorhombic
mp-14368,SbAsO5,1.7582,-1.733173623214286,4.602237284234654,399.3150251213944,28,3,Orthorhombic
mp-857359,LiMnPO4,,-2.563851494415319,3.2796888212357542,317.6596837470364,28,4,Monoclinic
mp-610469,CeBiS2O,0.0,-2.040102500999999,6.493388956885671,219.52980609203559,10,4,Tetragonal
mp-504747,V2Cu3O8,0.1159,-1.656074128461539,4.129045618917639,169.115006876873,13,3,Triclinic
mp-14437,RbYO2,3.6087,-3.011982739375,5.016128330797426,68.31753354294207,4,3,Trigonal
mp-31907,Mn(ReO4)2,3.068,-2.206825188221005,4.555970907268488,809.6415140667063,44,3,Trigonal
mp-558051,Pr3BWO9,3.807799999999999,-3.311746417083333,6.620524208497029,381.92813183372033,28,4,Hexagonal
mp-754246,TiSnO3,1.1086,-2.754611473666665,4.544839624216931,156.7978330522059,10,3,Trigonal
mp-559734,UOF4,2.4746,-3.657058043611109,5.75099149009895,285.87120842762033,18,3,Trigonal
mp-1192630,K3Ho(PO4)2,5.0659,-2.980516285431121,3.892573208875006,402.84576604288446,28,4,Monoclinic
mp-1199860,V2Co2Se2O11,1.3256000000000001,-1.7206190032169122,3.959573843881337,464.38264761166266,34,4,Monoclinic
mp-755313,Sc2O3,4.127599999999999,-3.932339745999999,3.891656453292744,117.69023564964562,10,2,Trigonal
mp-760376,KTiO3,0.0,-2.662460197116666,2.851449774143137,78.59586598624729,5,3,Tetragonal
mp-541462,SrTa4O11,3.5232,-3.431262843708332,7.781368654819419,421.4231498201901,32,3,Hexagonal
mp-20402,Lu6UO12,1.9232,-4.065957644210526,9.929673270711007,247.47089004268875,19,3,Trigonal
mp-6278,Zn2Cu(AsO4)2,0.48210000000000003,-1.630548818846154,4.732322103107533,165.69255335079256,13,4,Triclinic
mp-754843,Na2Ti2O5,3.061899999999999,-3.014009554936144,3.032703752134194,121.39629876367657,9,3,Monoclinic
mp-27377,K4Zr5O12,3.19,-3.262750822809523,4.336064429583802,308.09358670953316,21,3,Trigonal
mp-752683,MnCd6O8,0.17350000000000002,-1.453637311528734,6.831819935962587,833.5962922566356,60,3,Cubic
mp-555015,SiAg6SO8,0.0,-1.285976503593748,6.09093920501065,455.4763721117491,32,4,Tetragonal
mp-19264,Co3(PO4)2,2.9001,-2.156004351868131,3.874656409549819,314.34525650770917,26,3,Monoclinic
mp-766370,CeZr9O20,2.2773,-3.779298746666668,5.936372178821764,358.3585639377521,30,3,Triclinic
mp-555174,BaTcO3,0.0,-2.4663650413333382,6.947932625573583,406.2842187794692,30,3,Hexagonal
mp-13207,CeZnPO,0.0,-1.990492516160713,5.898656534879882,142.16222279306987,8,4,Trigonal
mp-559760,ScIO,1.9603000000000002,-2.8917588466666633,4.468341688896301,279.25215104220206,12,3,Monoclinic
mp-18203,KGe2(PO4)3,3.6226000000000003,-2.480150478676586,3.571134891565868,436.4317586834305,36,4,Trigonal
mp-676060,Gd2CuO4,0.0,-3.030211310714286,8.010608105035294,183.26465539591382,14,3,Monoclinic
mp-6160,Rb2PO3F,4.3183,-2.7571042467346922,3.525051240266694,506.6920507204848,28,4,Orthorhombic
mp-7094,ReAgO4,2.3102,-1.707686205694444,7.150123286858055,166.31709670788848,12,3,Tetragonal
mp-768313,Dy2TeO6,3.006599999999999,-3.023561665555556,7.726801560280164,471.5874980814648,36,3,Orthorhombic
mp-540900,B2PdO4,0.7786000000000001,-2.211823168095238,4.766561964576837,401.40788329713547,42,3,Tetragonal
mp-755014,Li5Ti2Ni3O10,,-2.3177042191666652,4.277653429408734,181.09540814101308,20,4,Triclinic
mp-28808,TlReO4,,-1.99772220416666,7.011569940128905,1291.912037274396,72,3,Monoclinic
mp-557952,RbInP2O7,3.8119,-2.611717892586579,3.687499557466027,674.0850493156655,44,4,Monoclinic
mp-754794,La2S2O,2.1692,-3.0218394385,5.112547471622806,465.0315103233047,20,3,Orthorhombic
mp-1227039,CaUO4,0.8934999999999991,-3.608912799999997,7.496648376596985,75.77758421863219,6,3,Tetragonal
mp-556372,CaSO4,5.6937000000000015,-2.6562251004166653,2.5622381006759243,264.6906059666037,18,3,Hexagonal
mp-540593,CaCr2O4,0.0,-2.7209668489285663,4.796542883950038,288.1281112341363,28,3,Orthorhombic
mp-540926,BaCrO3,0.0,-2.536514513000001,5.96383723583796,396.4708704169665,30,3,Hexagonal
mp-556108,DyTiClO3,3.1574,-3.538176204166665,5.330629092150365,183.05404151886907,12,4,Monoclinic
mp-771703,LaAlO3,4.1704,-3.679706405333334,4.99310972184221,426.7858281918373,30,3,Triclinic
mp-752999,LiFeCo3O8,0.3771,-1.353966626410256,4.356963948907913,140.0934827053112,13,4,Trigonal
mp-540878,La3Re2O9,0.20550000000000002,-3.094035246428573,7.933066200799813,390.641019224142,28,3,Triclinic
mp-1204934,CrAsO4,,-1.966665451805549,4.132361842954727,460.30187013097736,36,3,Orthorhombic
mp-1986,ZnO,0.630899999999999,-1.782830182499999,5.708336616549273,23.681474592351165,2,2,Cubic
mp-2858,ZrO2,3.5322,-3.813617754999999,5.777331384412114,141.66836532722778,12,2,Monoclinic
mp-559928,SiO2,5.4895,-3.230908523888887,1.58416161966467,377.8869264608092,18,2,Hexagonal
mp-561922,LaCoO3,0.0,-2.5885146375,7.211992235949901,113.20636655932361,10,3,Triclinic
mp-754853,CaHfO3,4.4855,-3.820938063,7.017975204441195,252.29133819395093,20,3,Orthorhombic
mp-19009,NiO,2.300899999999999,-1.218085299999999,6.762154477618838,18.34183362776642,2,2,Cubic
mp-1190935,K2CuP2O7,0.0,-2.408616286148808,2.978234197111399,352.02658681855877,24,4,Tetragonal
mp-559951,SrTa2Bi2O9,2.2706,-2.8272920553333343,8.747853188049548,383.9999002758083,28,4,Orthorhombic
mp-20651,TmFeO3,1.6368,-2.874276493000002,7.980858847597483,227.02195562690426,20,3,Orthorhombic
mp-28649,NaTi8O13,0.0,-3.245529319683909,4.226638444943203,241.19280249694447,22,3,Trigonal
mp-21532,La2Ge2O7,3.5542,-3.036388924318182,5.59766509905665,634.9307577828316,44,3,Triclinic
mp-15395,CsBePO4,5.1939,-2.868731574542575,3.8259713547008953,411.25601388131605,28,4,Orthorhombic
mp-34864,V(FeO2)2,0.0,-1.8415283121428572,4.736475538262811,158.9056973432286,14,3,Orthorhombic
mp-505273,NiMoO4,0.0,-1.747228199166667,4.995212859944362,290.7145916291289,24,3,Monoclinic
mp-20312,V2WO6,0.0,-2.426564660555556,6.647218955933323,190.71433644090425,18,3,Tetragonal
mp-760401,Nb3O7F,0.744699999999999,-3.019908682727272,4.147533186203212,164.0360623886179,11,3,Orthorhombic
mp-1095252,SrFe2Se2O,0.0,-1.401487739947916,4.501876897815005,275.33493854728937,12,4,Orthorhombic
mp-19449,NaVCdO4,3.0263,-2.121421460911329,4.438017460229943,187.33551032286334,14,4,Orthorhombic
mp-30937,HgClO3,3.066099999999999,-0.462231359750001,4.831028274839969,781.0536097755594,40,3,Monoclinic
mp-13803,Nb2Hg2O7,0.44399999999999906,-2.158362852272729,7.881737964541564,294.528393663488,22,3,Cubic
mp-1398571,La2TiZnO6,3.0304,-3.381660124333334,6.406798859344368,126.24415601565802,10,4,Trigonal
mp-761574,CoSnO3,0.0,-1.7440109039999991,6.34473178596197,236.2188751736575,20,3,Trigonal
mp-1205396,PrMn7O12,0.0,-2.234482313359197,5.443947147530161,218.8451797902068,20,3,Trigonal
mp-759542,V4(OF3)3,0.5709000000000001,-2.9210936468749997,3.358560925844322,209.01589151442442,16,3,Monoclinic
mp-561894,Ba2CoMoO6,1.274,-2.454069767000001,6.296939520696896,277.16717209981965,20,4,Tetragonal
mp-1178276,GaPtO2,0.0,-1.5362787543749992,10.562793251692632,46.659781588973956,4,3,Trigonal
mp-759219,LiMn2(PO3)5,0.0,-2.538246325539551,2.733094155237523,621.7564662370299,46,4,Monoclinic
mp-39681,NaTi2BiO6,2.7382,-2.830933748804598,5.7923530729059864,121.46554931554311,10,4,Trigonal
mp-1011860,Na2CoP2O7,2.5179,-2.4635583485036943,2.88706062384714,641.5540757428239,48,4,Monoclinic
mp-23480,Bi2WO6,1.913999999999999,-1.956552777222222,9.341150935963606,496.17847698103304,36,3,Orthorhombic
mp-10796,HgSeO4,0.8439999999999991,-0.9649444916406221,6.767733103486947,168.5864978164532,12,3,Orthorhombic
mp-556422,NbCl3O,2.8075,-2.129658726,2.889427806415289,494.8461782771093,20,3,Tetragonal
mp-768291,Hg(SbO3)2,0.0,-1.525035529722222,7.539509085932023,237.91145208489834,18,3,Tetragonal
mp-1036825,Mg30CdNiO32,,-2.916704430312499,3.745229389119534,626.1490224445148,64,4,Tetragonal
mp-557676,LiGa(MoO4)2,3.5664,-2.094604356319445,3.980094934647902,330.8809683438176,24,4,Triclinic
mp-763541,KMn2O4,0.31959999999999905,-1.9652311190160092,3.746491815091009,188.7890468955709,14,3,Monoclinic
mp-7018,LaGaS2O,1.9299,-2.227314547499999,5.103695044248154,375.80123402050975,20,4,Orthorhombic
mp-19158,Mn3WO6,1.8192,-2.133976629879308,6.292047018401381,234.69614330367338,20,3,Trigonal
mp-1095546,ReO2,0.0,-1.8208429283333332,10.80304401729104,134.16191024631817,12,2,Monoclinic
mp-6054,Ba5Tm8Zn4O21,3.359,-3.282880889078951,8.113343124629408,539.4491543990742,38,4,Tetragonal
mp-1190512,Na2UTeO7,1.880799999999999,-2.517456909947752,5.636991654471689,308.4855765155837,22,4,Orthorhombic
mp-1219240,ScPaO4,2.493500000000001,-4.045086822500001,7.899742822864877,71.46633508264502,6,3,Tetragonal
mp-1219969,PaInO4,1.748,-3.134983168611114,9.128696237882878,74.55329614535043,6,3,Tetragonal
mp-3370,Y2Sn2O7,2.750099999999999,-3.005540767272727,6.219571875504394,281.5247988961786,22,3,Cubic
mp-555827,Sr2Cu(BiO3)2,0.0,-2.040110309090909,6.928457216674172,360.81899667629267,22,4,Orthorhombic
mp-849465,Mn6OF11,0.062899999999999,-2.8399878298659003,3.811363418854747,241.63314940260062,18,3,Orthorhombic
mp-27877,V2MoO8,0.07940000000000001,-2.104276319999999,3.755332194990899,144.07083624478213,11,3,Monoclinic
mp-1105642,TbFe4(CuO4)3,0.0,-1.6487880873333332,6.128138433779664,207.2744234248915,20,4,Cubic
mp-1040304,HfMg30TiO32,,-2.9446507744270822,3.815749678382538,638.6217721419905,64,4,Tetragonal
mp-1019513,AlPO4,5.6414,-3.124925000218252,2.6405704059325013,460.14502459737815,36,3,Monoclinic
mp-755541,Cs3YO3,,-2.170704183423646,4.696005255206981,378.7979613297043,14,3,Monoclinic
mp-760386,CsClO3,5.465800000000001,-1.151050084931034,3.293642814638612,109.0794275572189,5,3,Trigonal
mp-11022,ScAgO2,2.1264,-2.624149660416652,5.538115174152629,110.83397731096576,8,3,Hexagonal
mp-27036,CrP2O7,0.8079000000000001,-2.415321253428571,3.235393357281435,115.96155360606618,10,3,Monoclinic
mp-557583,TlInAs2O7,2.992,-1.732228381818182,5.332193513455128,723.7847726151197,44,4,Triclinic
mp-23326,Ca4Cl6O,5.2239,-2.896422515454545,2.644604709389632,488.5406990786556,22,3,Hexagonal
mp-759193,FeOF,0.6595000000000001,-2.036086958055555,4.329991024556455,418.0554355264724,36,3,Monoclinic
mp-697670,KAlSi3O8,4.9243000000000015,-3.244951727480768,2.456769529306627,376.2505092959426,26,4,Triclinic
mp-19270,TiFeO3,2.052199999999999,-2.697939042666667,4.925385335207109,102.29482436671371,10,3,Trigonal
mp-772530,V5O12,1.0074,-2.232699395882353,3.607760518971614,205.60214440823754,17,2,Monoclinic
mp-3788,SrAl4O7,3.7508,-3.4642884175,3.252231807699722,314.05229399125733,24,3,Monoclinic
mp-1103792,Nb2O2F3,0.0,-3.058922925714285,4.815848003429037,189.5107056377301,14,3,Triclinic
mp-27597,K2Mo2O7,3.4081,-2.140368895409105,3.628524434360143,349.69925541179407,22,3,Triclinic
mp-18041,SmTl(WO4)2,2.743999999999999,-2.494713035277778,8.183132319322608,345.1375554260299,24,4,Monoclinic
mp-755814,NbV3O8,0.36860000000000004,-2.636219446666666,4.249359621711628,146.04241845676188,12,3,Monoclinic
mp-3889,NaBO2,4.1041,-2.607822887636494,2.567521877420574,255.33435095321383,24,3,Trigonal
mp-510724,As3Pb5ClO9,2.6399,-1.62900363875,6.922654904135786,690.928260189015,36,4,Hexagonal
mp-1101445,NbVO4,0.0,-2.76000979,5.427986234111647,127.16890738862176,12,3,Monoclinic
mp-27966,Ag2Mo2O7,1.9011,-1.5074706507575741,5.92560400502563,291.2230911313625,22,3,Triclinic
mp-687090,Hf(MoO4)2,3.2774,-2.519785754393939,4.8706182001164,1019.4453969077005,66,3,Trigonal
mp-753920,Tm2SeO2,2.1129000000000002,-3.518511036468754,9.109329192394378,81.81668674195456,5,3,Trigonal
mp-31031,La4PdO7,0.45230000000000004,-3.360691400416667,6.803701927726149,188.91477320935388,12,3,Monoclinic
mp-997004,CaAgO2,0.0,-1.902973244166665,5.595392345202568,106.8042002793709,8,3,Orthorhombic
mp-1218012,TaFe(PbO3)2,2.0945,-2.1636145887333322,9.843023480351617,126.05242607227872,10,4,Cubic
mp-1227402,Ca2IrPtO6,0.0,-2.046993367,7.928693428712237,118.00637662699499,10,4,Monoclinic
mp-573180,LaCoO3,0.4388,-2.523377392,7.341623228722615,55.60374124701541,5,3,Cubic
mp-1095315,BaWO4,4.4933,-2.7081050825,5.257218849187559,243.31529035364466,12,3,Tetragonal
mp-561518,Mg2BiAsO6,3.342399999999999,-2.30577103775,5.206102782267208,273.3541646507348,20,4,Orthorhombic
mp-20056,MgPb2WO6,2.7567999999999993,-2.127176590499999,9.03019153793083,132.1307594260462,10,4,Cubic
mp-3338,NaGaO2,2.8582,-2.216683605344827,3.948785796431041,209.7742886267484,16,3,Orthorhombic
mp-9178,CdSe2O5,2.9054,-1.326093619960942,4.814033428880755,241.68229768985867,16,3,Monoclinic
mp-5700,Sr2Cu3O5,0.0,-1.7871893305,5.792382731368131,127.82181196534954,10,3,Orthorhombic
mp-559805,HoTeClO3,3.857299999999999,-2.602439169027776,5.273388238075125,473.5718093136573,24,4,Orthorhombic
mp-20009,NaPr2OsO6,0.0,-2.678076901471263,7.218180029876784,271.93304690855456,20,4,Monoclinic
mp-6301,Ba3CeRu2O9,0.0,-2.669351850666668,6.527615772685628,456.9964638224908,30,4,Hexagonal
mp-7193,Lu2Si2O7,4.8449,-3.72417785166666,6.355493422392386,135.36739976875975,11,3,Monoclinic
mp-28075,K2Ti2O5,3.2005999999999992,-3.057675286240742,2.998595086863957,140.618085361089,9,3,Monoclinic
mp-1227041,CaNdAlO4,2.8948,-3.5588587267857132,5.4394313994202,84.04278702648148,7,4,Tetragonal
mp-1272167,CaLa2MnO6,2.347200000000001,-3.191993362293105,5.7589664707891295,540.7217076722987,40,4,Trigonal
mp-754980,ZrMnO3,2.8707000000000003,-3.053943192586206,5.047528871660136,127.74990701423611,10,3,Trigonal
mp-1190564,BiPO4,3.7758000000000003,-2.414275679107143,6.867906491739534,293.9607729196479,24,3,Monoclinic
mp-9657,LiAsO3,3.385799999999999,-1.9846346261666632,4.569008444596072,94.39200396968975,10,3,Trigonal
mp-30929,Hg4As2O7,1.126099999999999,-1.15980937596154,7.308125985337499,967.2214286847953,52,3,Orthorhombic
mp-669431,EuBi2BrO4,0.0,-2.147145916250002,8.006352234364844,148.0495223383677,8,4,Tetragonal
mp-31756,Ba2FeReO6,0.0,-2.48591545325,7.491925992678261,135.80169804051513,10,4,Cubic
mp-9702,Sr3BPO3,2.0101,-2.587786172976191,3.754218343109072,311.95703682891855,16,4,Hexagonal
mp-1238961,Ta2O5,2.341,-3.332635937809524,7.574235876861001,96.87844465860483,7,2,Monoclinic
mp-19360,LuCrO4,0.28499999999999903,-2.7860604761111123,6.4938063812400575,148.80382346817672,12,3,Tetragonal
mp-6110,Sr2YSbO6,3.512199999999999,-3.043414022,5.401710652880951,148.1414988380859,10,4,Cubic
mp-28251,Ta2Zn3O8,3.5117000000000003,-2.63218461228205,7.131716886828514,319.5095080064391,26,3,Monoclinic
mp-17443,Cs2FeO4,0.0,-1.439120684187192,4.366608764731527,586.6270542975424,28,3,Orthorhombic
mp-16783,Cd2Re2O7,0.0,-1.7495187509090901,8.415597206873366,279.8867584140448,22,3,Cubic
mp-554155,KSb(PO4)2,2.955899999999999,-2.456911683044642,3.313599373274487,175.79638916325638,12,4,Trigonal
mp-761716,MnFe2O3,0.0,-1.614187806321839,5.911432149754869,120.5783152074042,12,3,Orthorhombic
mp-776505,Cr4OF11,0.0,-2.8806859393749997,3.603050389901311,399.0825940616482,32,3,Triclinic
mp-766046,Tl(WO3)3,0.0,-2.07528514756411,8.233173485043421,181.49934792652058,13,3,Hexagonal
mp-754745,Na2SnO3,2.4741,-2.06624707795977,4.921869637815748,143.51306509711685,12,3,Monoclinic
mp-556875,La4FeSe6O,0.0,-2.233657894921876,6.187715033447248,591.0515430080624,24,4,Hexagonal
mp-761285,Sc2V2O7,0.6038,-3.122696748636364,3.445570574963743,146.40715905930898,11,3,Monoclinic
mp-1178563,AgAsO3,0.2921,-1.269711258833334,6.425733028349928,119.28055162319482,10,3,Trigonal
mp-849271,AgIO3,1.9765000000000001,-0.685598791833332,5.657596324183561,331.9799078095097,20,3,Orthorhombic
mp-22417,LiNiPO4,3.4237,-2.365048147210884,3.749730689727307,284.49204936523745,28,4,Orthorhombic
mp-504927,CrCuO4,0.160199999999999,-1.351861724166666,4.049912425698934,147.22920128535486,12,3,Orthorhombic
mp-20230,PuOF,0.0,-3.593356927916668,10.36446069414065,89.39910437811565,6,3,Tetragonal
mp-28711,Sb2S2O,1.2374,-0.9498377925,4.465751945997382,481.38139250062596,20,3,Triclinic
mp-1227742,BaSr(SnO3)2,0.7130999999999991,-2.588359532,6.501420437407373,142.61256412903876,10,4,Tetragonal
mp-755647,CaPt3O4,0.0,-1.403879482499999,11.288785418767224,202.79513995946223,16,3,Cubic
mp-541790,Co(PO3)2,2.6019,-2.285493845476191,3.250811634059704,443.12986329683224,36,3,Monoclinic
mp-554826,Pr3Si2ClO8,5.140499999999999,-3.578738700000001,5.304116027068119,402.19113939271244,28,4,Monoclinic
mp-836278,LiSb(MoO4)2,1.8344,-1.992033310277778,4.844326401528623,307.5260594380796,24,4,Monoclinic
mp-1226535,CeU2O6,0.0,-3.857983011111111,9.71919889782171,121.6753031614736,9,3,Trigonal
mp-752601,NaMn3O4,0.045399999999999004,-1.983499410021551,4.895403333936703,170.8240185183456,16,3,Monoclinic
mp-35475,MnV2O4,0.0,-2.323312615418719,4.452182790882661,164.71829836235517,14,3,Cubic
mp-10960,Tb2Ti2S2O5,0.7039000000000001,-3.310635647272727,5.5495632159558,166.8783703710629,11,4,Tetragonal
mp-549737,Ba2Ca(BO3)2,4.080500000000001,-3.224687858030303,4.669285028024726,153.75688683623764,11,4,Monoclinic
mp-721956,K3(SeO4)2,0.398499999999999,-1.593381530879808,2.933601579489456,456.4669775056611,26,3,Monoclinic
mp-18989,LaVO4,3.5153,-3.188956035416667,5.074092863298711,332.290982199522,24,3,Monoclinic
mp-554412,RbTa(PO4)2,3.3485,-2.945203001176587,3.8244444429274003,198.14667712447428,12,4,Monoclinic
mp-17128,CsTb(PO3)4,5.3063,-2.9250557466607363,3.5665632998429233,565.8896112707725,36,4,Monoclinic
mp-8382,CePO4,0.10409999999999901,-3.404146650218259,4.115205394146442,284.58245308013755,18,3,Hexagonal
mp-779592,GdOF,3.2384,-4.128327070833333,6.867571126618559,185.93763751162646,12,3,Orthorhombic
mp-775436,Ti3Fe(PO4)6,0.0,-2.707883469054623,2.667782586733184,478.8283055316781,34,4,Trigonal
mp-4346,SrRuO3,0.0,-2.149272639,6.20007774291131,63.39114104699642,5,3,Cubic
mp-18121,Fe2PO4F,0.28550000000000003,-2.365666674642858,3.91591308505489,382.76320003576444,32,4,Monoclinic
mp-1043166,ZnNi(GeO3)2,0.241099999999999,-1.8743939525000002,5.284645619886695,229.6183377838064,20,4,Monoclinic
mp-5246,KNbO3,2.0585,-2.851774280450001,4.501553297504891,66.39970574294573,5,3,Orthorhombic
mp-26083,Li2Mn3(P2O7)2,,-2.620111144740485,3.163724887736553,552.7732745409711,46,4,Monoclinic
mp-20940,TiCdO3,2.4636,-2.631892803166667,6.029352450479733,229.44471704617422,20,3,Orthorhombic
mp-22100,MnNb2O6,1.924,-2.8716737219923463,5.23798391062398,427.02070033983415,36,3,Orthorhombic
mp-768909,Sr(IO3)2,3.3968,-1.520232785277778,4.520467695122584,642.7316063552494,36,3,Orthorhombic
mp-753747,Ta3O7F,2.2236000000000002,-3.37351299018182,8.407120576659757,133.09361427425253,11,3,Orthorhombic
mp-1273989,LaCoO3,,-2.582005682500001,6.7142592509470695,243.1968758343009,20,3,Monoclinic
mp-865424,CsUO3,0.45710000000000006,-3.216834692931034,8.081229651506295,86.082677427204,5,3,Cubic
mp-754149,GdOF,3.2028,-4.103724606666666,7.272499610087264,87.79236983081748,6,3,Tetragonal
mp-1218156,SrLaMnO4,0.0,-3.028337633275861,5.893439948217952,97.33732463366408,7,4,Tetragonal
mp-1192405,HgP2(PdO4)2,0.552499999999999,-1.757071193214285,6.092160019467425,328.9224106790442,26,4,Orthorhombic
mp-752849,Y2Pb2O7,0.998699999999999,-2.52819351772727,7.696285549852605,303.8775152424313,22,3,Cubic
mp-1101496,Ni(PO3)3,,-2.24132239587912,2.760656641246614,711.2376968851478,52,3,Triclinic
mp-1205364,CaTiO3,2.1378,-3.544637564666666,4.012620644503752,225.02899171175915,20,3,Orthorhombic
mp-1205690,Sr2NbCrO6,2.2687,-3.10404197775,5.366104692595314,515.0960757994159,40,4,Cubic
mp-752913,Li2FeSiO4,,-2.559076867708333,3.07861689825854,349.10740933364167,32,4,Monoclinic
mp-4718,NdTaO4,4.0275,-3.6734060133055753,8.116391445848967,159.24836032942417,12,3,Monoclinic
mp-754456,NaVSiO4,0.0,-2.731731129482759,3.544759997858659,311.07702182706794,28,4,Orthorhombic
mp-1960,Li2O,4.8986,-2.061597913888889,1.969302476050398,25.196348792602333,3,2,Cubic
mp-6602,SrCu2(BO3)2,0.0,-2.2868555280303022,3.906637035045088,282.5179852995662,22,4,Tetragonal
mp-772529,Y2W2O9,3.188099999999999,-2.873323668461537,6.83523159069672,335.00516312975,26,3,Triclinic
mp-4048,Sr6(RhO3)5,0.0,-2.156219837884615,6.028106980603511,352.662295253849,26,3,Trigonal
mp-1275611,La2MnZnO6,1.5789,-2.9006005837931053,6.717133713287497,488.63857487368523,40,4,Trigonal
mp-29893,Hg2MoO4,2.0451,-1.352835377500001,7.364443374310921,506.08451903210675,28,3,Monoclinic
mp-555746,InAg3(PO4)2,1.221699999999999,-1.854770775782311,5.657657555339186,184.42706339023226,14,4,Monoclinic
mp-504827,Ga10GePb3O20,3.0318,-2.146252935588236,6.387208176871635,444.9428907195955,34,4,Monoclinic
mp-1192524,Na2Th(AsO4)2,3.6688,-2.505807026366047,4.477696684421554,412.274732330188,26,4,Orthorhombic
mp-20254,Na2Te2O7,0.7191000000000001,-1.681452471462903,5.046567171863214,271.9051456839135,22,3,Orthorhombic
mp-4190,CaSnO3,2.937899999999999,-2.679684276000007,5.104684240322317,134.53390939302432,10,3,Trigonal
mp-1209220,RbFe(SO4)2,,-1.9583104335416661,3.079712841936353,179.7852117085186,12,4,Trigonal
mp-768223,Cs2CeO3,2.2437,-2.669666480718389,5.21728646540002,288.94728061000484,12,3,Orthorhombic
mp-27480,Sn2OF2,2.6708,-2.205263268999999,5.218205387515363,185.46912565968609,10,3,Monoclinic
mp-16115,Pr2CuO4,0.0,-2.874316751904762,7.120850347451016,190.92002009387224,14,3,Orthorhombic
mp-27872,MgTi2O4,0.0,-3.216973033809524,3.990388689152651,153.16801835118017,14,3,Cubic
mp-975284,RbIrO3,0.0,-1.2054180105,8.392088349597639,64.44276112195803,5,3,Cubic
mp-8037,BaThO3,3.2033,-3.691689850999999,7.119627087536885,97.34330038250651,5,3,Cubic
mp-21303,Sr4V3O10,0.0,-2.907447337058824,5.138715926888788,214.3401362787605,17,3,Tetragonal
mp-715514,V2O3,0.0,-2.515111666,4.635027441819093,107.39249813425457,10,2,Monoclinic
mp-556316,Ba3NaBiO6,1.7096,-2.435961351034482,6.189497901952573,397.03118588586443,22,4,Trigonal
mp-1106277,ErAl3(BO3)4,5.616599999999999,-3.252176363833332,4.368645551373414,183.757571395755,20,4,Trigonal
mp-573119,BiRhO3,0.41030000000000005,-1.3468585145,9.498988703250447,251.64851803379383,20,3,Orthorhombic
mp-754964,HfZrO4,4.0722,-3.868326841666666,8.123750767093073,136.42495065758428,12,3,Tetragonal
mp-3334,Tm2Sn2O7,2.6576,-3.032940869545466,8.331825167186542,273.952531232262,22,3,Cubic
mp-1036442,CaMg14FeO16,,-2.893191241562499,3.59146034624808,320.0362710819749,32,4,Tetragonal
mp-29142,Ho2Mo4O15,3.3221,-2.5226089430952383,4.819092451480185,657.1815745506686,42,3,Monoclinic
mp-5503,ErTaO4,4.0517,-3.7381258220555473,9.526457980733552,143.7011833468103,12,3,Monoclinic
mp-1095224,PtO2,0.0,-0.841492194999999,12.069169537475673,124.97292695476796,12,2,Cubic
mp-17769,YSO4F,5.851699999999999,-2.9764699232142853,3.564608996129646,380.0640444972368,28,4,Orthorhombic
mp-1192583,BaNdInO4,2.5713,-2.90299272845238,6.636154875037597,460.80094775164986,28,4,Monoclinic
mp-1025280,Sr2Cu(OF)2,0.0,-2.972635828571428,4.931293309587092,103.97757510750009,7,4,Tetragonal
mp-1223223,La2BrClO2,3.865100000000001,-3.502716710833333,5.630094601859433,125.39860011513741,6,4,Tetragonal
mp-1078184,Eu4Bi2O,0.0,-1.553012295,8.289715169205632,208.68949837302253,7,3,Tetragonal
mp-1186395,PaHgO3,0.0,-2.799456755500001,9.723320530190097,81.90972617319578,5,3,Cubic
mp-562854,CsNb2BiO7,2.4818000000000002,-2.665469837695925,5.937213972103488,357.82357403208874,22,4,Orthorhombic
mp-556185,RbNaTiO3,3.462499999999999,-2.772059853702107,3.651982548103692,185.80917959836032,12,4,Monoclinic
mp-558323,SrBi2B2O7,2.8040000000000003,-2.496932166805556,6.525680446826465,975.9113293378084,72,4,Hexagonal
mp-28109,SbAsO3,3.509899999999999,-1.6975539259999999,4.943337655030774,328.7660241411086,20,3,Monoclinic
mp-556551,GdSeClO3,2.993,-2.458681240390625,4.50385704114268,471.4269621147329,24,4,Orthorhombic
mp-558023,Rb2Sb4O11,1.8332000000000002,-1.982251778235292,5.162293469694399,536.5204876333061,34,3,Monoclinic
mp-557931,CsVOF3,2.7058,-2.975021502859196,3.850714727966361,443.02990683761936,24,4,Orthorhombic
mp-752851,Ca2SiB2O7,5.6806,-3.24741895236111,3.212712947557985,250.0172426396216,24,4,Tetragonal
mp-556498,Sr2Be2B2O7,4.0798,-3.169924973333333,3.593061787951688,302.13819607381964,26,4,Hexagonal
mp-7610,Li2CaSiO4,5.189699999999999,-3.030369032083332,2.862343996464849,84.72436340876004,8,4,Tetragonal
mp-27539,La2ReO5,0.7077,-3.26176853218751,7.487563275890076,241.29560643390204,16,3,Tetragonal
mp-18860,Li2VSiO5,2.3621,-2.7659651535185192,3.063754282608405,374.8566515002568,36,4,Tetragonal
mp-9757,BaSm2PtO5,2.6307,-3.008846080000001,8.709265282532689,271.9349715667316,18,4,Tetragonal
mp-550274,Sr2CoWO6,0.0,-2.590911396000001,6.554653224115317,130.21787483195885,10,4,Cubic
mp-768863,PrAsO4,3.7124,-2.787474963194453,5.3003235635005215,175.33398130952517,12,3,Tetragonal
mp-551900,PrBi2BrO4,1.2269,-2.343494804583335,7.730757360497485,150.9524964299667,8,4,Tetragonal
mp-675172,TaAlO4,1.8382,-3.332790419555555,7.08305043969182,63.750137245812304,6,3,Orthorhombic
mp-10390,Ta2O5,1.2267000000000001,-3.346563131380951,8.7289892060389,168.1248937093548,14,2,Monoclinic
mp-1039775,NaMg30BO32,,-2.91862392266478,3.451806232925284,613.3234414600784,64,4,Tetragonal
mp-3175,BaTi4O9,2.7041999999999993,-3.5136086255952392,4.473580891648695,350.987551179767,28,3,Orthorhombic
mp-17914,CaGa4O7,2.5387,-2.506107837916667,4.375710984157092,327.0945224031415,24,3,Monoclinic
mp-558585,Hg3PClO4,2.3788,-1.478142938849208,7.902104928654106,615.4498605733071,36,4,Cubic
mp-9230,KAlAs2O7,3.042799999999999,-2.218596720204545,3.494650114333216,311.63179394472536,22,4,Triclinic
mp-26629,LiTiP2O7,0.169599999999999,-2.862672924632035,2.777175050800355,273.55172294883243,22,4,Monoclinic
mp-29112,CrHg5O6,0.859399999999999,-0.930268126875003,8.21541501750424,465.2680310339013,24,3,Monoclinic
mp-19278,BaCoP2O7,2.418199999999999,-2.753409940389611,4.075244815659921,301.6934852748219,22,4,Triclinic
mp-17385,Rb2Cr2O7,2.765,-1.9351933502272711,3.308895940323793,388.3481168202826,22,3,Monoclinic
mp-1195277,Na2Mo2Se2O11,2.7771999999999992,-1.787252214849771,3.888547103585765,488.3321592417072,34,4,Monoclinic
mp-754813,LiFe2OF3,,-2.3919102194047612,3.749333608241641,339.47559129161624,28,4,Orthorhombic
mp-542274,Na3Fe2(MoO4)3,0.6301999999999991,-1.961529854456895,3.817077123039934,574.6489798951301,40,4,Monoclinic
mp-18757,Sr2CdWO6,3.3149,-2.594690849,6.900916707476174,136.55214769979372,10,4,Tetragonal
mp-572526,SbBr(OF3)2,1.9974,-1.8515123265,3.480281812482345,331.7500037154141,20,4,Monoclinic
mp-1047110,YAg(WO4)2,1.9676999999999991,-2.328499878472222,6.833778344587612,168.25816894888732,12,4,Triclinic
mp-3417,Ca(BO2)2,5.1974,-3.107391752440474,2.709958426465925,308.0870515789584,28,3,Orthorhombic
mp-3520,Y2SiO5,4.7661,-3.781171346562509,4.424248673522434,429.2150130307963,32,3,Monoclinic
mp-23195,Bi2O3,1.6582,-1.622255527000005,9.025910157664597,342.89865926787417,20,2,Tetragonal
mp-7128,Cd(AsO3)2,1.934899999999999,-1.696672477222217,5.958314167508589,99.84185127009457,9,3,Trigonal
mp-620290,Sr2TlCuO5,0.0,-1.984717596481482,6.8071834184899584,127.6207832330289,9,4,Tetragonal
mp-754114,SrSc2O4,3.503999999999999,-3.706797714285714,3.949708594772352,203.08791631677923,14,3,Cubic
mp-558608,Nb2PbO6,2.461499999999999,-2.736617490740743,6.467355166396843,376.66965546797843,27,3,Trigonal
mp-545706,Ca3Cu2(BrO2)2,0.0,-2.21662937090909,4.346532269748378,179.99001934363963,11,4,Tetragonal
mp-1218326,SrCrO2,0.0,-2.54689945125,4.986096108562165,114.30716121628458,8,3,Tetragonal
mp-997099,PdAuO2,0.0,-0.5733655737500001,10.272919762426323,108.42496981773749,8,3,Hexagonal
mp-541177,GdVO3,0.0,-3.252683904,7.408655933518536,229.68430934192185,20,3,Orthorhombic
mp-1222283,LuSc(BO3)2,4.4627,-3.5035245340000003,5.203738254665867,107.71113144763835,10,4,Trigonal
mp-9159,Li4NpO5,0.24900000000000003,-2.7820099667083342,5.909792811497805,96.87126560956175,10,3,Tetragonal
mp-763609,Li4Mn5O10,,-2.06225953752571,4.037167806066838,190.21090546158322,19,3,Triclinic
mp-33684,Ti(FeO2)2,0.0,-2.3525898826190472,4.572693183094922,162.36433626928095,14,3,Orthorhombic
mp-27569,Na14Mn2O9,0.5456000000000001,-1.545669272806896,2.739060259185644,349.0313642080227,25,3,Trigonal
mp-12787,SiO2,5.6273,-3.270059158333334,2.638756646234437,226.86213460666156,18,2,Monoclinic
mp-1101165,YbBiO3,0.0,-2.650819842250001,9.574951157904167,149.15223542945733,10,3,Trigonal
mp-23143,Ca2Cu(ClO)2,0.0,-2.407438672857143,3.5543371506058783,115.21141865211318,7,4,Tetragonal
mp-3163,BaSnO3,0.372399999999999,-2.587468271999999,7.097114448493584,71.13628093297905,5,3,Cubic
mp-1190486,Sr3LiTaO6,3.790999999999999,-3.207133913242424,5.681984784709882,319.5685772909059,22,4,Trigonal
mp-545548,BaHf(PO4)2,4.9273,-3.350602843273808,4.5545935495494465,184.3926951720889,12,4,Monoclinic
mp-2879,SrSnO3,1.7365,-2.6373586375,6.345516909051056,266.2174999396318,20,3,Orthorhombic
mp-33631,TiZn2O4,1.4336,-2.479710794761904,5.126398270709533,157.21913000266562,14,3,Orthorhombic
mp-1218102,SrNdMn2O6,0.0,-2.727931837336207,6.110036639081669,118.96413464919506,10,4,Tetragonal
mp-21280,BaPbO3,0.0,-2.081831488999999,7.852241508861981,83.00858149731611,5,3,Cubic
mp-557074,BaPr2Ti3O10,1.947299999999999,-3.641620338645833,5.5254425071905,434.40268176791915,32,4,Orthorhombic
mp-505093,Pr2NiO4,0.09820000000000001,-2.9536932022619053,7.008795796992463,383.346031638731,28,3,Tetragonal
mp-755209,MnOF,0.008,-2.365682966810344,4.278977988954956,139.60528874828887,12,3,Orthorhombic
mp-6433,KNd(PO3)4,5.3535,-2.9144241204622743,3.367283482769338,492.3778156144943,36,4,Monoclinic
mp-1211443,KLa(MoO4)2,,-2.5328364514375,4.628292218403112,357.25811643276927,24,4,Monoclinic
mp-1194412,Pb3Se2(BrO3)2,2.832899999999999,-1.436767036514422,6.446903546717075,533.3402618314843,26,4,Monoclinic
mp-20011,NaSbO3,1.4696,-2.001695280275862,4.571165896744238,280.07343441656303,20,3,Cubic
mp-650715,Gd2Be2GeO7,3.2809,-3.251185185416666,6.243418245481939,275.09438651902246,24,4,Tetragonal
mp-560330,Ba3Fe2Cl2O5,2.4471,-2.531939594999999,4.302223388225039,520.7337598407548,24,4,Cubic
mp-781681,LiMn(PO3)4,0.0,-2.495587675824209,2.611158882941247,480.473776505262,36,4,Monoclinic
mp-18890,CaFe(SiO3)2,3.6902,-3.01130371225,3.508477994354277,469.6780791116133,40,4,Monoclinic
mp-505390,Ba2ReO5,0.0,-2.740826081562503,7.319456378099508,490.81013238654634,32,3,Orthorhombic
mp-1304778,NaFe2(SiO3)4,,-2.621247903756805,3.34388319695594,436.0205187547511,38,4,Monoclinic
mp-754764,FeOF,1.1254,-2.026324070833334,4.292859844837407,140.55713821122328,12,3,Monoclinic
mp-882825,MnInO3,0.9206999999999991,-1.989436940252875,6.206457393557825,349.5611823090674,30,3,Hexagonal
mp-27640,Cd(IO3)2,3.2739000000000003,-1.023053216388888,5.398347486939775,568.7135121610825,36,3,Orthorhombic
mp-1177176,Li5Cr(P2O7)2,,-2.640867520843253,2.780522828023096,519.0749927651531,48,4,Triclinic
mp-755128,SmTlO2,1.7431,-2.620571869583335,8.765823786325134,146.5236768164949,8,3,Hexagonal
mp-1217963,SrPrAlO4,2.9327,-3.505392873095238,5.9345209073631064,89.4012360552874,7,4,Tetragonal
mp-543079,Rb5Si2NiO8,0.002,-2.25588240171875,3.544221950712169,628.0029711214922,32,4,Monoclinic
mp-18307,Fe2PO5,0.45230000000000004,-2.164770756830356,4.164589616033991,355.1244448926339,32,3,Orthorhombic
mp-6675,Na2Zn(SiO3)2,3.8766,-2.712629385705328,3.14129264029199,278.64002646542934,22,4,Orthorhombic
mp-28698,Na4IrO4,0.4312,-1.566374858390804,4.908318573891735,117.79104883184526,9,3,Tetragonal
mp-755170,Fe4OF7,1.663,-2.41359812,4.109119258042058,300.9559672649776,24,3,Monoclinic
mp-19206,LiLa4CoO8,0.156399999999999,-3.2303456359523812,6.724379691218918,370.1633754674981,28,4,Orthorhombic
mp-27256,Sb2(S2O7)3,4.1996,-1.711118435344838,3.284528638063931,780.4869004658792,58,3,Triclinic
mp-556017,Th2P2O9,5.073399999999999,-3.557437455329672,5.172177895642356,430.22165592336154,26,3,Orthorhombic
mp-1193109,NaCaAsO4,3.5934,-2.498950798411329,3.214213869362588,417.40502289611334,28,4,Orthorhombic
mp-19483,TmFeGe2O7,0.0,-2.492423580454545,5.717155264052936,280.0242915872092,22,4,Monoclinic
mp-4449,Tl2SeO4,3.2312,-1.231133363072917,6.943003146534743,527.8174696181076,28,3,Orthorhombic
mp-558163,Pb(SeO3)2,1.285299999999999,-1.24906093329861,4.971712305687724,308.02337278203976,18,3,Monoclinic
mp-864891,NaPO3,5.1185,-2.645570333871101,2.728509392289949,372.31633924451404,30,3,Triclinic
mp-5461,Rb3TaO8,2.7533000000000003,-1.749546449986112,4.67159963969896,200.95470258776086,12,3,Tetragonal
mp-22223,Fe3BO5,1.019499999999999,-1.9660454046296292,4.8332174578230624,355.03359641994285,36,3,Orthorhombic
mp-19903,V2Pb3O8,2.9795,-2.0668857126923,7.143630617186157,197.92636142981053,13,3,Monoclinic
mp-1189906,Ca2CrSbO6,2.0309,-2.706853443499999,5.05308813561291,459.94585361803087,40,4,Monoclinic
mp-29133,OsCl2O,0.0,-1.147949698749998,5.992295104505505,76.79764604580393,4,3,Orthorhombic
mp-769650,Zr2Bi2O7,3.1127,-2.7731542636363633,7.392028261055208,640.1359019461743,44,3,Monoclinic
mp-760396,TaAlO4,2.3527,-3.345023961222222,7.082091225781199,127.51754340740122,12,3,Tetragonal
mp-25294,VP2O7,1.518,-2.6221011709285698,2.977551121937485,250.83031017413745,20,3,Monoclinic
mp-557349,Mn3Nb2ZnO9,1.905799999999999,-2.486674538252873,5.36301312895288,346.8022520453563,30,4,Trigonal
mp-1220821,NaBi3(BrO2)2,2.2208,-1.690264731137932,7.399130800513741,196.08704675226977,10,4,Orthorhombic
mp-14105,AlTlO2,2.196999999999999,-2.429437737083335,6.618871080493953,132.1450758894633,8,3,Cubic
mp-1096947,DyMn2O4,0.0,-2.714598065361248,5.9378259937928854,94.06837684453718,7,3,Trigonal
mp-3211,Nd2SO2,2.8667,-3.451803776499999,6.285988662812398,93.13083846415377,5,3,Trigonal
mp-29731,HoClO,5.1804,-3.508023086666663,7.240698233845551,99.2478759072211,6,3,Tetragonal
mp-3335,Sm2Ti2O7,2.7306,-3.725298062424243,6.28858768027557,268.5184016605645,22,3,Cubic
mp-27477,TcOF4,0.9928999999999991,-2.317763470555554,3.469198676302346,545.6432731117617,36,3,Hexagonal
mp-19176,La2NiRuO6,0.0,-2.633363193,7.002396878011713,253.0605088514348,20,4,Monoclinic
mp-754310,Fe5(OF2)4,0.0,-2.165191532941176,4.215978605145998,195.04730421763995,17,3,Orthorhombic
mp-4169,USiO4,0.0,-3.4544520449999983,7.066933595429264,155.13486339064798,12,3,Tetragonal
mp-22097,Mo(RhO3)2,0.0,-1.503809329444443,6.845112922688816,192.9771221594798,18,3,Tetragonal
mp-555218,Ba4Br6O,4.1652000000000005,-2.70427720772727,4.589544319858278,755.98673215604,22,3,Hexagonal
mp-641367,Cr3AuO8,1.1076,-1.571547349999999,3.985123852814627,200.4044060247718,12,3,Monoclinic
mp-557837,SiO2,5.6449,-3.264493386666667,2.283038293275298,174.80622707484122,12,2,Monoclinic
mp-755974,Na2CuO2,0.0,-1.3240365065517241,3.472454252575158,67.67740507432885,5,3,Orthorhombic
mp-974724,ReClO3,3.5834,-1.8571246845,4.681787337080834,382.57011136113016,20,3,Monoclinic
mp-1192421,B2Pb2O5,2.719,-2.2879729962962942,7.062864036832819,363.9612928151916,27,3,Triclinic
mp-698050,La5CoRe3O16,0.018500000000000003,-2.9488634777000002,7.89097038722784,659.9555177970188,50,4,Triclinic
mp-754840,TaAsO4,2.6967,-2.565420411638888,6.620651584373198,160.45302360056257,12,3,Monoclinic
mp-561551,Y2Si2O7,5.176900000000001,-3.648074786818182,3.935411544654483,291.9698785932734,22,3,Monoclinic
mp-17085,Rb2Zr3OF12,5.3336,-3.858001951666667,4.217355569778689,542.2483295658423,36,4,Trigonal
mp-28447,Mg(BiO3)2,0.001999999999999,-1.7018789144444422,7.727994984787273,231.31625031681256,18,3,Tetragonal
mp-29489,P4SeO7,3.5476,-2.002178288826265,2.328725549048011,449.0199658520253,24,3,Triclinic
mp-8557,BaPaO3,0.0,-3.563953094999999,7.618469715769435,90.75101233528245,5,3,Cubic
mp-1227768,BaSr2(PO4)2,,-3.296590899945054,4.619270978177011,180.64258017997747,13,4,Trigonal
mp-31115,Er3GaO6,3.538999999999999,-3.620827871249997,8.674839351830144,255.5445245867333,20,3,Orthorhombic
mp-4764,Pr2SeO2,2.1691,-3.343554011135414,6.497281981954634,100.3830123442546,5,3,Trigonal
mp-1101698,NaCu2O3,0.0,-1.184488391896551,4.393615981287353,149.7261156647526,12,3,Orthorhombic
mp-1205402,Ba3SmIr2O9,0.0,-2.502996392666668,7.826328592301563,462.8646783988403,30,4,Hexagonal
mp-546898,Sr2Cu(BrO)2,0.0,-2.286592217142856,4.735093032138266,151.0036152074914,7,4,Tetragonal
mp-704626,FeAg(SeO3)2,1.179,-1.247794580885416,4.695384202912479,590.784682317046,40,4,Orthorhombic
mp-1205510,ReNi(PbO3)2,0.0,-1.625657261249999,9.678832002322686,129.58173496316385,10,4,Cubic
mp-6443,Ba3CaRu2O9,0.0,-2.477575224000001,5.748942993896376,461.1044697842012,30,4,Hexagonal
mp-758978,Li3(NiO2)4,,-1.313812269333332,4.734762531159182,134.53033078967712,15,3,Monoclinic
mp-29356,NaTi2O4,0.0,-3.136928827577995,4.15060229787068,292.4066920579136,28,3,Orthorhombic
mp-7601,NbGaO4,3.4012000000000002,-2.7242927654166653,4.950024551687939,152.04892416432648,12,3,Monoclinic
mp-1200659,CeRh2O5,0.7865000000000001,-2.14417425125,7.773658775629893,363.92821543429756,32,3,Orthorhombic
mp-1388058,TeWO6,1.2512,-1.704732234583332,6.012246344914017,112.53099433079532,8,3,Cubic
mp-1018735,BaTi2As2O,0.0,-1.6946891927777772,5.441120109587204,121.73872259137336,6,4,Tetragonal
mp-763729,Li3NbFe3O8,,-2.125522257999999,4.2711020625980325,159.11385656678155,15,4,Triclinic
mp-19259,Sr4Al6WO16,3.238399999999999,-3.296081272592592,3.673856012126408,430.3828680968795,27,4,Cubic
mp-754009,ScBiO3,3.0834,-2.783797551,7.08472976865481,141.5365353662609,10,3,Trigonal
mp-551702,Ba2CdReO6,0.0,-2.46229983225,7.349226321673464,151.21949925033945,10,4,Cubic
mp-22265,Fe(SbO2)2,0.5327000000000001,-1.707838569642855,5.585109182132804,432.1332126609825,28,3,Tetragonal
mp-23563,SiCl2O,5.5652,-2.286550032916667,1.6915074105659471,677.3137873144995,24,3,Triclinic
mp-218,Sm2O3,3.7823,-3.86195246725,7.079480081162786,654.3533566824561,40,2,Cubic
mp-759848,Bi4O5F2,2.4866,-1.890061132954546,8.890994250880185,712.6374188812471,44,3,Orthorhombic
mp-1178549,AlVO3,1.569,-2.96073348,4.493987813890738,186.1127752626733,20,3,Trigonal
mp-5380,Ca4P2O,1.2714,-1.770557722040813,2.598231990220828,152.2721037833324,7,3,Tetragonal
mp-756638,NbRhO4,0.8726,-2.212486449166667,6.317207068500571,136.58687667980226,12,3,Tetragonal
mp-5537,NbAgO3,1.4737,-2.180191696583333,6.432648662768679,513.7503278083724,40,3,Orthorhombic
mp-550622,V2CdO6,2.6409000000000002,-2.178682765555555,4.199018555184239,122.70708605342973,9,3,Monoclinic
mp-1180871,KCu3(AsO5)2,0.0,-1.290424820765626,4.058768842351459,220.75237857916653,16,4,Monoclinic
mp-1218921,SnSbO4,0.0,-1.8817130741666652,6.335479937308899,79.80142772398956,6,3,Orthorhombic
mp-19207,Sr2CoWO6,0.390499999999999,-2.603880691500001,6.572549689596413,259.72660639014657,20,4,Monoclinic
mp-755948,Tm2TiO5,2.9529,-3.8337941941666682,7.417329666747769,208.5297304390281,16,3,Monoclinic
mp-554303,La3U(ClO2)3,1.577199999999999,-3.608026729230769,6.303149371119259,451.59939762565375,26,4,Hexagonal
mp-766107,NaV6O13,,-2.406724112818965,3.702036348567899,481.40893548037553,40,3,Triclinic
mp-754671,YScO2,0.0,-3.25110059125,4.031989206123403,68.30820439473219,4,3,Trigonal
mp-3744,NaNbO2,1.378099999999999,-2.522986689094827,5.564450391300988,88.2693972494368,8,3,Hexagonal
mp-1181748,Co2Ag3SbO6,,-1.166599589305555,6.738687494028776,487.33800276586004,36,4,Trigonal
mp-997180,VCuO2,0.0,-1.846986385000001,5.211602179724571,93.3479630575114,8,3,Hexagonal
mp-766870,Mn5O9F,0.0,-1.852129588643678,3.971451109077107,183.00366270670153,15,3,Triclinic
mp-754220,Tm(CuO2)2,0.0,-2.098162528571428,8.119621255421904,147.2565240680334,14,3,Tetragonal
mp-30158,Sr3Ga4O9,2.8947000000000003,-2.722258815937498,4.674005628114282,487.2518818714102,32,3,Triclinic
mp-764535,Li3Fe8(BO3)8,1.4546000000000001,-2.2512020644961233,3.190252835098214,488.26212576158235,43,4,Triclinic
mp-27891,Bi2SO2,0.8266,-1.338651716499998,8.981083721992539,178.24590085987023,10,3,Orthorhombic
mp-639506,SiO2,,-3.253925137500001,1.8540045787987611,1291.5479763488484,72,2,Orthorhombic
mp-777268,Na(BiO2)2,0.0,-1.574786861268473,7.469335127614875,449.0285399553827,28,3,Orthorhombic
mp-10543,K3SbO4,1.8402,-1.8774047527187498,3.8788208728378972,259.4760273694275,16,3,Monoclinic
mp-1222573,LiTa6O15,,-3.178500713515151,7.379259625741073,599.7529528911604,44,3,Orthorhombic
mp-769015,DyGaO3,,-3.154929571166667,7.341507102811136,380.29105744080005,30,3,Hexagonal
mp-780275,AgBO3,0.0,-1.501129671166666,5.035218550839825,109.9353807286683,10,3,Trigonal
mp-504566,La2CoO4,0.0,-3.059345239642858,6.867071050308822,387.61638067201204,28,3,Tetragonal
mp-557328,Li3Zn2SbO6,2.4602,-2.050211864166667,5.086608902139884,120.59091343594675,12,4,Monoclinic
mp-9172,Li4TiO4,4.5573,-2.707544761296296,2.6246173708762033,176.6800354881907,18,3,Orthorhombic
mp-541450,In2(SO4)3,3.7535,-1.925639973872547,3.5878987051064213,479.3148972079246,34,3,Trigonal
mp-765500,V2OF7,2.4554,-2.788621291000001,2.622305196558042,158.8607863141518,10,3,Monoclinic
mp-1217761,SrSmCoO4,0.6552,-2.715957714999999,6.639836560056817,90.25922087606862,7,4,Tetragonal
mp-762371,NbOF3,3.9131,-3.2058511925,3.50602957156509,314.2986318799631,20,3,Tetragonal
mp-1020740,YBe2B5O11,5.3906,-3.090871714517543,2.950314875210361,758.652790395227,76,4,Orthorhombic
mp-1206495,Pb2BrOF,,-1.854966279999998,7.595667302387678,231.42833598284025,10,4,Orthorhombic
mp-1218159,SrNd2(CuO3)2,0.0,-2.5769067122727263,6.768131905585128,147.009899110971,11,4,Tetragonal
mp-1182576,BaO10,0.0,-0.6015697763636351,2.833911329973461,348.4323102128973,22,2,Tetragonal
mp-6342,LiCa3RuO6,0.31110000000000004,-2.631571543030302,3.964588865252454,271.61228062158335,22,4,Trigonal
mp-559964,Ti6O11,0.0,-3.438300099411763,3.975412048314062,386.95564023135927,34,2,Monoclinic
mp-3718,ThTeO,0.242399999999999,-2.994860575555552,9.369622464185339,133.1453171336779,6,3,Tetragonal
mp-5388,Zn(SbO2)2,2.7258,-1.7498168192857122,5.714603989314901,433.45728903153736,28,3,Tetragonal
mp-546757,Sn3PO4F3,3.784299999999999,-2.412105847694805,4.185148028632289,201.59721973395784,11,4,Trigonal
mp-1218190,SrNd2(CuO3)2,0.0,-2.588841362272727,6.858534067419546,145.0721653970242,11,4,Tetragonal
mp-29454,Na3TlO2,1.8471000000000002,-1.336874567911876,4.995266574438523,406.02272908057773,24,3,Orthorhombic
mp-754358,ZnSeO4,1.818899999999999,-1.354736871223957,4.751496146661337,145.63870780690198,12,3,Orthorhombic
mp-1003635,NaMn16O32,0.0,-1.824943012821955,4.326177765067969,542.7349444980223,49,3,Tetragonal
mp-761952,Li5Sb(P2O7)2,4.290500000000001,-2.587881458134919,3.039831016062421,551.0145862600766,48,4,Triclinic
mp-5477,Na5NbO5,2.6374999999999993,-2.228964725172415,3.121864575118567,306.2207573990195,22,3,Monoclinic
mp-20674,Ba2YCu3O7,0.0,-2.176878082692307,6.198285186087997,178.47526348558395,13,4,Orthorhombic
mp-760102,W2OF8,2.0157,-2.638586075,4.546810428414531,782.5224935034396,44,3,Monoclinic
mp-561392,TcSO6F,2.721,-1.803509564722221,2.9019124105346012,560.9147614375325,36,4,Monoclinic
mp-1188566,VAg2AsO6,1.613099999999999,-1.496258252583333,5.258269581993509,276.3818309438985,20,4,Triclinic
mp-3359,Ba2SnO4,2.442199999999999,-2.725244696428571,6.514413199418974,116.58253492892035,7,3,Tetragonal
mp-30982,Ag2SO3,2.3467000000000002,-1.051903536388888,5.263335487388361,373.28936592516357,24,3,Monoclinic
mp-759797,Mn2OF2,1.169599999999999,-2.5196127821724152,4.100818227857202,132.71319770144666,10,3,Monoclinic
mp-6250,BaTm2ZnO5,3.0578,-3.296926820833334,8.316578641280678,495.6523335604467,36,4,Orthorhombic
mp-1218322,SrCaMn2O6,0.0,-2.436852810086206,4.901709459087524,226.00557406885434,20,4,Tetragonal
mp-19056,HoMnO3,0.0,-3.068283038252873,7.242284250543945,368.5049195231798,30,3,Hexagonal
mp-772720,Cr3(CoO6)2,,-1.405844232205882,3.041622270244518,1017.2965444001248,68,3,Orthorhombic
mp-560271,AlCuAsO5,0.4476,-2.0388126803125,3.756137082061043,434.03410790085155,32,4,Monoclinic
mp-754479,CrSb(PO4)2,1.518399999999999,-2.39064524952381,3.78337080867581,319.25821510467114,24,4,Monoclinic
mp-1182396,Ba3Na(SiO4)2,0.14549999999999902,-3.038079821527093,4.628352923176478,444.26219959050553,28,4,Orthorhombic
mp-1105218,NaOsO3,0.0,-1.6505508657758612,8.012762740907652,216.535872538876,20,3,Orthorhombic
mp-762863,Fe3OF5,0.9538000000000001,-2.3837676783333333,4.154011788516063,222.67822933324098,18,3,Orthorhombic
mp-1300570,BaWO4,4.5573000000000015,-2.709974389166666,6.016319310396612,212.61533252270132,12,3,Tetragonal
mp-23618,MnNi(BiO3)2,0.8542000000000001,-1.613337136793104,8.5820203508867,242.86483139588097,20,4,Monoclinic
mp-1072193,ErOF,5.1794,-4.288221441666665,8.903669227838362,75.44200365151413,6,3,Trigonal
mp-975106,Rb2Bi2O5,0.0,-1.553810961111112,6.703754651637985,165.6867949097015,9,3,Tetragonal
mp-7238,NdBO3,4.6987,-3.466906322333334,5.757600290860531,234.24651458020253,20,3,Orthorhombic
mp-19421,FeWO4,2.401,-2.022696756666667,7.609071009222092,132.54622556038296,12,3,Monoclinic
mp-27132,Zr2P2O9,4.1075,-3.299050528021978,3.742625114926664,344.64417577460495,26,3,Orthorhombic
mp-19406,La2MgMnO6,1.9571,-3.187289188293105,6.244436583545942,481.90599959842507,40,4,Trigonal
mp-560394,AsPbClO2,3.3353,-1.635282464249999,5.514563430440607,842.1051561614679,40,4,Orthorhombic
mp-17395,TmCu(BO2)5,0.5997,-2.820029439460785,4.336999645033962,341.93186915846707,34,4,Orthorhombic
mp-752643,NaTi2O4,0.0,-3.098568724006566,3.758452751287128,161.45791476994177,14,3,Cubic
mp-19262,Cr2CdO4,1.8327,-2.141551745,5.790301382345762,160.82633768443435,14,3,Cubic
mp-16777,NaAlP2O7,5.2801,-2.899156918924092,2.987200658660449,497.8828492717763,44,4,Monoclinic
mp-22076,NaFe(WO4)2,1.9174,-2.106803241364943,6.429643537593062,296.74934312073367,24,4,Monoclinic
mp-558102,KLiSi2O5,4.7068,-2.9760130617314813,2.461420891848838,245.84364329697678,18,4,Monoclinic
mp-1214580,Ba3Cd(SiO4)2,,-3.069354191428571,5.38562953860415,218.46815931656616,14,4,Trigonal
mp-38322,Mg(IO3)2,3.484,-1.397064944444445,4.710937950195304,263.73721808976666,18,3,Monoclinic
mp-12177,Te2O5,1.6822,-1.417868102619037,5.655033925776998,196.85389011371586,14,2,Monoclinic
mp-2133,ZnO,0.7227,-1.7908991124999991,5.70421780686615,47.397148259900405,4,2,Hexagonal
mp-5478,TlPd3O4,1.056499999999999,-0.9432176497916661,8.749107397040602,223.06290854585922,16,3,Cubic
mp-676684,Sr4Nb2O9,3.25,-3.208372448000001,4.552221973605975,496.3043297729823,30,3,Triclinic
mp-1218447,Sr2VMoO6,0.0,-2.72860445,5.421891947072949,128.0551353978155,10,4,Tetragonal
mp-753226,SmAgO2,2.5292,-2.539877864166665,6.793242957255617,70.94303482365262,4,3,Trigonal
mp-558070,K6U2Mo4O21,2.1736,-2.545835995409104,3.954749117112393,600.6011357591218,33,4,Triclinic
mp-22367,PdPbO2,0.0,-1.149602967499999,9.416394550379584,121.89665938079814,8,3,Orthorhombic
mp-560444,Cs2V4O9,0.097099999999999,-2.471568887620692,4.061611902194921,501.7020221266399,30,3,Tetragonal
mp-28872,RbBrO3,3.9953000000000003,-1.052957117499999,3.9846923411126793,88.91758517584954,5,3,Trigonal
mp-545769,MnCo(BiO3)2,0.0,-1.631063862293103,8.46549612842908,246.30184360759822,20,4,Monoclinic
mp-1103896,Gd3BiO3,0.0,-3.045856744285714,8.785392271779058,275.4759882801865,14,3,Monoclinic
mp-731664,Zn2AsO5,0.0,-1.597810553125,4.275042692086934,443.9504549844237,32,3,Orthorhombic
mp-1192105,BaTh(PO4)2,5.0577,-3.422828911190476,5.53988339904266,335.29674135234353,24,4,Monoclinic
mp-352,HfO2,4.0165,-4.019811040833332,10.24124328616322,136.51657937039403,12,2,Monoclinic
mp-1105811,ScMnO3,1.7979999999999992,-2.941352321586206,4.49092583781479,218.73503434359637,20,3,Monoclinic
mp-554381,Ca2VBiO6,3.097899999999999,-2.747112326500001,4.743086413845431,305.3363771642412,20,4,Orthorhombic
mp-3519,ZrSO,2.4195,-2.847103474999998,4.937205526844764,187.38845591074283,12,3,Cubic
mp-998543,CaTcO3,0.0,-2.445627498999999,5.170101151039446,119.52833820373253,10,3,Trigonal
mp-635469,CeCuSO,0.0,-2.250206888124999,6.417583156208676,130.2675823967107,8,4,Tetragonal
mp-766571,Li3Cr4(PO4)6,,-2.512855505482624,3.083853895249619,860.0702966669514,74,4,Triclinic
mp-1080730,Sr2ZrMnO6,1.506,-3.075611313793104,5.361558203093865,258.54663812495295,20,4,Cubic
mp-1188414,SrTcO3,0.0,-2.454968539500001,6.242943339731504,248.55721198037097,20,3,Orthorhombic
mp-1178133,KSmO2,3.8604000000000003,-3.006470040562499,5.384853144127979,68.29121543025741,4,3,Trigonal
mp-3079,CaTa4O11,3.543799999999999,-3.426525166208333,7.546855893781364,413.5971636068354,32,3,Hexagonal
mp-27985,YClO,5.0892,-3.460912073333334,4.632623381952835,100.621327584096,6,3,Tetragonal
mp-9059,KLi6TaO6,4.3852,-2.489586058898809,4.080479793753673,145.56029947162014,14,4,Trigonal
mp-12725,NbAgO3,1.3336000000000001,-2.147779927333332,6.339902420894476,65.1582457381741,5,3,Cubic
mp-754038,YIO,2.2193,-2.9841928333333323,5.270450509881966,146.07066145707074,6,3,Trigonal
mp-555268,K2Sm2IrO7,0.2757,-2.484167529541666,6.296361835406317,360.3233377929955,24,4,Trigonal
mp-1218482,Sr2U2O7,0.0,-3.660240964090907,7.122985342989155,177.94208667634834,11,3,Monoclinic
mp-1072104,GeO2,1.371499999999999,-2.071283881666666,5.967763541697996,58.231802941946114,6,2,Orthorhombic
mp-556374,K2U3(IO5)4,1.8921000000000001,-2.167465826362081,5.620929002581434,478.54888676470904,29,4,Triclinic
mp-1229075,Al9Si2BO19,,-3.3576390623924732,3.02390493377953,337.06293236096724,31,4,Monoclinic
mp-505147,Cs6Fe2O5,0.0,-1.402424795225465,4.65767752363469,705.2750706717407,26,3,Monoclinic
mp-1185383,Eu5Nb4O15,0.0,-3.2502140275,7.114069021478508,320.1155220656909,24,3,Trigonal
mp-768479,YScO3,3.2044,-3.9304259640000003,4.346959576160271,138.94105351591026,10,3,Hexagonal
mp-1095155,Sr2NiIrO6,0.0,-2.07635261125,6.8671478401960115,505.0394603855963,40,4,Cubic
mp-753059,TiOF,0.0,-3.397526732777779,3.431372776272583,80.20127915638035,6,3,Orthorhombic
mp-17119,SrCu3(SnO3)4,0.45310000000000006,-1.8438558354999999,6.613109021427271,237.31049795176983,20,4,Cubic
mp-555313,ScBiO3,2.6897,-2.771496174,7.101137173256954,282.41902134716827,20,3,Monoclinic
mp-559949,Zn3(BO3)2,2.7175000000000002,-2.274162635530304,4.048493810564522,514.9100598476984,44,3,Monoclinic
mp-19015,VCrMoO7,2.2432,-2.191792862,3.466547894851244,297.827949374933,20,4,Triclinic
mp-557134,SiO2,5.4646,-3.1777884233333342,2.294718002394417,173.91649427006328,12,2,Monoclinic
mp-1192772,NaCdPO4,2.9268,-2.387331006931738,4.104106347095774,372.838217622743,28,4,Orthorhombic
mp-755512,Sm3NbO7,2.843,-3.6839251963636332,6.973730621966721,312.3963616983631,22,3,Triclinic
mp-1206859,ErBrO,4.3820000000000014,-3.3549093016666642,7.148017067031994,122.26927886775843,6,3,Tetragonal
mp-759573,Mn6O5F7,0.0,-2.420874155421456,4.241399817821241,212.43738794253824,18,3,Triclinic
mp-769635,Li2VCrO4,,-2.431138037083333,3.986808321310109,225.93563596347568,24,4,Triclinic
mp-19069,NiAgO2,0.0,-0.799491137916665,6.855811403582223,48.09311135767859,4,3,Trigonal
mp-1079192,Sr2GdRuO6,0.0,-2.813931878,6.117129998807784,143.75190495206726,10,4,Tetragonal
mp-558191,Na2ZrSi2O7,4.5653,-3.146840108563217,3.240054514748686,313.00669457969275,24,4,Triclinic
mp-556761,Ba5As3ClO12,3.995999999999999,-2.740808625595239,4.786248622172941,790.2212187075918,42,4,Hexagonal
mp-23093,Sr2NdBiO6,1.7139,-2.78517597775,6.449073226776376,321.5774411048139,20,4,Monoclinic
mp-1079272,Sr2ZrVO6,0.0,-3.269662016,5.172449250375895,530.8664981927305,40,4,Cubic
mp-23335,Ti3(BiO3)4,1.102399999999999,-2.486110630526317,7.945260423456065,244.8437162714585,19,3,Tetragonal
mp-19153,Lu2Mn2O7,1.112099999999999,-2.938114664017765,8.193064074463457,231.7828861650061,22,3,Cubic
mp-5899,NdAlO3,4.353999999999999,-3.672470181499999,6.88471376219763,105.74913460950464,10,3,Trigonal
mp-755071,SnO2,1.307599999999999,-2.020034801666666,6.105005004894499,81.98448645980456,6,2,Tetragonal
mp-8453,RbNaO,1.985599999999999,-1.267481359626435,3.8800706952405952,106.52674955308318,6,3,Tetragonal
mp-1194068,Ag5HgSbO6,0.0,-0.808870453910256,8.008612610108194,397.14178190699033,26,4,Trigonal
mp-557722,LaSO,1.5305,-3.0512973675,5.2654329349193905,471.71167461370607,24,3,Orthorhombic
mp-8110,AlBO3,5.8392,-3.118357856833333,3.497216426150522,81.46986382228383,10,3,Trigonal
mp-19110,BaCrP2O7,0.034300000000000004,-2.889971435389609,3.933487008903885,306.7090788761364,22,4,Triclinic
mp-1205832,Ba2ZrUO6,0.0,-3.540528917999999,7.061552674587531,164.58374562298874,10,4,Cubic
mp-1104542,Cu(RhO2)2,0.0,-1.048218977857142,6.91291576144859,160.14901828192427,14,3,Tetragonal
mp-755190,TaVO4,1.8279,-3.039436780388889,7.385085491332305,133.06058275559766,12,3,Tetragonal
mp-1224628,GdBO3,0.1743,-3.413649317166664,5.844997803838378,122.76300328555719,10,3,Orthorhombic
mp-29937,Ho5(ReO6)2,0.0,-3.364179312631576,9.387279195851258,245.71398068231454,19,3,Monoclinic
mp-1187247,SrMoO3,0.0,-2.556700986,5.71718624184237,134.51072644002824,10,3,Tetragonal
mp-550820,SmZnPO,1.3609,-2.022121642410714,6.228321400468991,140.0999069865255,8,4,Trigonal
mp-673126,LiSb(PO3)4,4.319999999999999,-2.470062192328042,3.088508947748193,478.06703051124174,36,4,Monoclinic
mp-1105528,Pr5As2ClO10,3.2745,-3.20288766462963,5.78615729677251,301.2847845366247,18,4,Monoclinic
mp-1205758,Ba2EuMoO6,0.047900000000000005,-2.8686539884999993,6.589206185642854,155.88125748065568,10,4,Cubic
mp-22754,Ni2As2O7,0.0,-1.532749498636363,4.757439781408464,264.7303107959495,22,3,Monoclinic
mp-776320,CuAsO3,0.0,-1.258795363499999,5.676387281157805,109.0953559538195,10,3,Trigonal
mp-19092,CoWO4,0.0,-1.918304684166666,7.424587765233815,137.22105676351921,12,3,Monoclinic
mp-1227336,BaSrTi2O6,1.7175,-3.513404691666667,5.446902010443873,127.02800592752547,10,4,Tetragonal
mp-543110,Nd2Tl(MoO4)4,0.0,-2.321998445797103,5.486937066805479,685.539460530982,46,4,Monoclinic
mp-755971,Li2Mn3TeO8,,-1.988423449080459,4.339349040580026,166.19030211890336,14,4,Trigonal
mp-560647,Ca2GeO4,3.6002,-2.990227975714284,3.538853715204209,406.9049145967089,28,3,Orthorhombic
mp-1207118,Ba2CdMoO6,2.5376000000000003,-2.469319745,6.318198368159635,152.17224725980637,10,4,Cubic
mp-776165,AgAuO3,0.24230000000000002,-0.35684384233333205,8.569172736555055,273.488677155319,20,3,Cubic
mp-558673,Pb3WCl2O5,3.0513,-1.8341967722727262,7.409088315247992,428.6748503999414,22,4,Orthorhombic
mp-545756,ZnSO4,4.2625,-1.824828221249999,2.3080153977582922,116.17335837829994,6,3,Cubic
mp-861549,Mn11ZnO16,0.661,-2.024981503115764,4.915828009674183,312.7023008683537,28,3,Orthorhombic
mp-863385,Li3V3P8O29,,-2.524830899352159,2.479800280322427,1185.800999767176,86,4,Triclinic
mp-541108,Cd2Si(P2O7)2,,-2.559254113027209,3.511386787149824,568.2325612146211,42,4,Monoclinic
mp-755825,Li5MnO4,,-2.03857525195977,2.657822920096974,383.9628160491796,40,3,Orthorhombic
mp-759810,Li6Fe3Co7O20,0.0,-1.595796041666665,4.475781897983386,349.3762523052347,36,4,Monoclinic
mp-19171,Y(FeO2)2,0.0,-2.397602167857141,5.050104020068369,174.00344972915047,14,3,Trigonal
mp-504862,Ti4Cd(CuO4)3,0.0,-2.455855152166667,5.496531805503225,207.39920787184167,20,4,Cubic
mp-22248,Eu(BO2)3,0.0,-2.958343775749999,4.616502717352121,201.71295165352186,20,3,Monoclinic
mp-26727,LiVP2O7,,-2.690153932056276,2.9053812643200283,264.9950573621741,22,4,Triclinic
mp-556550,Li2NiO3,1.3307,-1.5850437602777832,4.25723064034632,94.05981968799996,12,3,Monoclinic
mp-5304,LaAlO3,3.4924,-3.719413138,6.560522946797748,54.13665153348018,5,3,Cubic
mp-29792,CaNb2O4,1.277299999999999,-3.024087829999995,5.373879393079243,358.3042428176106,28,3,Orthorhombic
mp-556076,Sr2Co2O5,0.0,-2.138443608333333,5.077583795068367,244.03447780719642,18,3,Triclinic
mp-726718,Na2Cr3O9,,-1.861425405197044,3.074175058464956,373.7484911428189,28,3,Monoclinic
mp-7405,SmAlO3,4.861399999999999,-3.697794770499969,7.181448769432935,208.41780048360832,20,3,Orthorhombic
mp-12047,K3Na(RuO4)2,0.49159999999999904,-1.70130232379495,3.126507405274513,249.84766366664613,14,4,Trigonal
mp-16967,CaV4(AgO6)2,1.9174,-2.204038629912281,3.846383932449266,562.5869764179325,38,4,Tetragonal
mp-752663,Li2FeBO4,,-2.267589913541666,2.7284142471423642,351.86300696948064,32,4,Monoclinic
mp-763929,Ni3OF5,,-1.995265468888888,4.664696102138153,204.38357519646004,18,3,Monoclinic
mp-755287,Ca3CdO4,2.52,-2.831232277499999,4.511627811561035,109.18157407744167,8,3,Orthorhombic
mp-558632,KNaSO4,4.9724,-2.224053861589901,2.745450314579343,191.30950119235632,14,4,Trigonal
mp-555990,Er2SiSO4,2.811400000000001,-3.460493296562498,6.6853155123015,455.70503062935376,32,4,Orthorhombic
mp-29193,Nb2Se4O13,2.427,-1.865832660230264,4.250941197822965,554.4151869704924,38,3,Monoclinic
mp-18873,Rb2NaMnO4,1.811599999999999,-1.815569341788792,3.768463956129435,275.7186708834195,16,4,Monoclinic
mp-555210,K4W2Cl10O,1.184,-1.8255250661176472,3.048750778588118,487.2561499008067,17,4,Tetragonal
mp-5625,Ag2SO4,1.2289,-1.256612797261903,5.427367859487863,190.79392951841285,14,3,Orthorhombic
mp-557773,Sc2TeO6,2.8970000000000002,-2.925741332592594,4.870183347995062,320.68155331361345,27,3,Trigonal
mp-1042270,Zn(BiO2)2,1.704899999999999,-1.615806477142857,8.159347129465532,222.79354881247878,14,3,Triclinic
mp-755021,ReO3,0.0,-2.128877294375001,7.151499222634568,108.76233698522178,8,2,Trigonal
mp-972384,V2Se2O11,2.1812,-1.575888708979166,3.735727940181562,387.42486544588644,30,3,Monoclinic
mp-551826,NbTlBr4O,1.2501,-1.6370067669047632,4.928618689756621,213.23694871625293,7,4,Monoclinic
mp-19470,Na4Ni7(PO4)6,3.0042,-2.235873041301814,3.744705587030573,475.6481718273002,41,4,Monoclinic
mp-865532,BaMgTe2O7,1.849399999999999,-2.227401601212121,5.42805856646193,323.5555440871053,22,4,Orthorhombic
mp-4998,Sr2IrO4,0.0,-2.3651623007142852,7.3927286720821055,387.64967607690886,28,3,Tetragonal
mp-556857,VCdO3,0.0,-2.071688186000001,5.200232903785855,269.95413520633264,20,3,Orthorhombic
mp-1192345,AgBi(WO4)2,2.9907,-1.854503409305555,7.9927779924637194,337.6116573522881,24,4,Monoclinic
mp-28902,Ba8V7O22,0.0,-2.891396497027028,5.130012220405474,584.97230544815,37,3,Trigonal
mp-554315,CaBeB2O5,5.6932,-3.118592970925926,2.952318989651343,339.06699822553253,36,4,Monoclinic
mp-21860,Ta2VO6,0.0,-3.121902237185185,8.113661118122385,416.550880560608,36,3,Tetragonal
mp-1105690,PrFe4(CuO4)3,0.0,-1.644028250083332,5.876382054576263,211.06307491076734,20,4,Cubic
mp-557269,Ba2Hg3(PdO2)7,0.0,-1.197342337980769,8.005812744628987,382.7575242282401,26,4,Monoclinic
mp-12672,Yb2SO2,0.0,-3.610684296062501,8.900502124276382,76.51925625253955,5,3,Trigonal
mp-550206,CoO2,0.0,-1.065683248333333,2.702539034679908,55.87195158469191,3,2,Trigonal
mp-753413,Ba2B2O5,3.8041,-3.136878469814813,4.3502946525560855,287.25227420614425,18,3,Triclinic
mp-1041064,Mg(MoO2)2,,-2.116473026666666,5.126282732889967,544.5514935372343,42,3,Monoclinic
mp-550886,Co2P2O7,0.9363,-2.242308652435063,4.124584471819375,234.96254394645985,22,3,Triclinic
mp-1221264,Na2TiNiO4,1.509,-2.348828121386494,4.169046341718679,172.49462476161992,16,4,Monoclinic
mp-30165,Sr7Re4O19,0.0,-2.752647109833335,7.000004869235081,394.2962927408127,30,3,Monoclinic
mp-19446,CaMn(SiO3)2,2.8319,-3.112735602793104,3.405279552909437,482.14281460514025,40,4,Monoclinic
mp-542117,Cd3Se3O10,3.0782,-1.373679018564463,5.289675663936438,460.90287193803806,32,3,Monoclinic
mp-777337,VOF2,0.0,-2.852364662083334,3.540836899224295,295.27453423473156,24,3,Triclinic
mp-1096976,GaAgO2,0.3037,-1.497369844791666,7.165654970880316,48.56951449421203,4,3,Trigonal
mp-755676,Rb2Fe2O3,0.0,-1.497958862142857,3.461350604349852,634.4503045230999,28,3,Orthorhombic
mp-755556,Ba6ZrO8,2.691799999999999,-3.0589600226666662,5.341650468674866,324.2898700132274,15,3,Cubic
mp-6655,Y2Be2SiO7,5.1545,-3.561541379999999,4.301755720968546,259.33778775597335,24,4,Tetragonal
mp-27998,KNb3O8,2.4752,-2.986958873937498,4.004976877188869,369.6846837346525,24,3,Orthorhombic
mp-755389,CaEuO2,0.0,-3.181973046250001,6.067061069860466,61.31939280460769,4,3,Trigonal
mp-1190566,TlSO3F,4.454199999999999,-1.890005829305557,4.6301910141613725,435.3013642704062,24,4,Orthorhombic
mp-1221286,Na3Mn2BO6,1.9648999999999992,-2.121204456180555,3.24970899359146,291.92621938291853,24,4,Triclinic
mp-1101382,ScCrO4,0.26570000000000005,-2.625668044999999,3.687773685384773,144.94550982850052,12,3,Orthorhombic
mp-28669,Mn(SeO3)2,1.5967,-1.427935919179836,4.121739039793437,248.858487577255,18,3,Monoclinic
mp-10772,CeAsO4,0.084,-2.734135432499999,5.51166342892662,336.2678846641984,24,3,Monoclinic
mp-9416,La(CuO2)2,0.0,-2.044481595,6.527104353035975,167.90591229494362,14,3,Tetragonal
mp-1187623,TlTcO3,0.0,-1.501989770666668,9.154360351271718,63.556834845711684,5,3,Cubic
mp-13933,Ba2HoReO6,0.0,-3.050409025749999,7.952461732009897,150.71518068773153,10,4,Cubic
mp-556415,LiMnO2,0.0,-2.157925158441093,4.243667313389961,146.93689924170033,16,3,Tetragonal
mp-1041572,Bi(WO4)2,0.0,-1.9024544377272732,7.372716562508138,317.41574286165195,22,3,Monoclinic
mp-762240,K2Li2TiO4,4.2118,-2.540023648833333,2.552916346725156,530.6177014406911,36,4,Monoclinic
mp-4555,Ca(AsO3)2,3.3115,-2.227475808333333,4.572087029758825,103.84258688390635,9,3,Trigonal
mp-850932,Mn3(OF2)2,0.0,-2.515722083199234,4.139114602782799,218.89025732296292,18,3,Triclinic
mp-1193901,HoMoBrO4,1.8564,-2.591267165714285,5.337984855438695,503.665412641903,28,4,Triclinic
mp-562513,CsUVO6,1.9460000000000002,-3.010109101628352,5.057121738840128,680.1870050221011,36,4,Monoclinic
mp-753428,TiVO3,0.0,-2.941060314166667,4.498801513679512,216.74951415159728,20,3,Triclinic
mp-561536,NaMgBO3,3.5852,-2.7456657742576622,2.839586465745557,124.09538377237347,12,4,Monoclinic
mp-545999,AgSbO3,0.133299999999999,-1.427711510333333,6.698918634552929,137.6369853909369,10,3,Trigonal
mp-3217,USeO,0.0,-2.665166589114585,10.294405980408342,107.42535286221113,6,3,Tetragonal
mp-761549,LiMnPO4,,-2.562335476558175,3.244053036329001,160.5745809447953,14,4,Triclinic
mp-773901,KZnP2O7,0.0,-2.355246673321428,2.702290633744686,684.4239971781411,44,4,Orthorhombic
mp-770462,La2Bi2O7,0.0,-2.595721497272728,7.691650593846905,348.77547817224104,22,3,Cubic
mp-19239,Mg6MnO8,2.2891,-2.838937343028735,3.740741021274272,583.7604997297776,60,3,Cubic
mp-1178444,Cr(WO4)3,,-1.947416420624999,6.177025457095238,213.85270555436304,16,3,Triclinic
mp-6486,SrBPO5,5.387399999999999,-3.121286575267857,3.624301794110622,287.82355292341475,24,4,Trigonal
mp-19399,Cr2O3,0.0,-2.366587769,5.1679592815047855,97.6733691397389,10,2,Trigonal
mp-754370,Ba3GeO5,2.7592,-2.851691801944447,5.928047649106147,316.31670398159804,18,3,Tetragonal
mp-12427,Sr2TaGaO6,4.0418,-3.176308581483305,7.030428199695425,123.27093072659356,10,4,Tetragonal
mp-3372,Rb2SO4,4.9943,-2.265059515357137,3.66539833840524,483.83384383240565,28,3,Orthorhombic
mp-561584,Gd2GeO5,0.0,-3.29522065937501,7.093330965093733,437.424528347282,32,3,Monoclinic
mp-18848,Sr2MgWO6,3.2641,-2.9759653285,6.151227042147546,129.41020337033223,10,4,Cubic
mp-19373,LiVO3,3.0342,-2.427956693666675,3.033697700712837,231.8214352176776,20,3,Monoclinic
mp-768343,Lu2(WO4)3,3.8813,-2.741138151078431,7.8806439506974915,460.8027313524433,34,3,Monoclinic
mp-669528,Na2UO4,2.0002,-2.997655847179802,5.34472558084745,432.48442248767367,28,3,Orthorhombic
mp-1191022,CsY(MoO4)2,3.6146000000000003,-2.533941935804598,4.307503193377372,417.63943420298807,24,4,Monoclinic
mp-755432,LiMn7O12,,-1.941052778442527,4.724211202865549,205.0976755093793,20,3,Cubic
mp-755901,Sm3NbO7,2.6062000000000003,-3.6667648963636372,7.119927703283174,305.98176899496815,22,3,Orthorhombic
mp-18726,CrNiO4,0.0,-1.5371248025000002,4.271992460116607,135.8030271304098,12,3,Orthorhombic
mp-755323,DyClO,5.167300000000001,-3.511445342222219,6.9118777117746975,102.80167948793441,6,3,Tetragonal
mp-505194,GdCu(WO4)2,0.14149999999999902,-2.356497663749999,7.546100848833788,315.3226922159802,24,4,Triclinic
mp-759796,Mg5Ti13O30,0.0,-3.4207673035069472,3.704759690902446,548.5190261694424,48,3,Monoclinic
mp-5285,SrSO4,5.9178,-2.682634480833333,3.977668031930241,306.7245740028718,24,3,Orthorhombic
mp-583454,Nb2Bi2PbO9,2.297799999999999,-2.370231299285715,7.753170379628871,409.0615475717242,28,4,Orthorhombic
mp-555487,SnO2,0.8470999999999991,-2.096102013611111,6.9219876679781684,433.8485338333522,36,2,Orthorhombic
mp-865500,Na2Hf2O5,1.9603000000000002,-3.165094377528736,6.467203620556658,124.00540431410766,9,3,Tetragonal
mp-779519,Ba4Hf3O10,3.604,-3.679772133235295,7.685256478894409,537.9111395140243,34,3,Orthorhombic
mp-25847,Li3Ni2(PO4)3,0.0,-2.258282734196427,3.349952345646197,419.4768583068141,40,4,Monoclinic
mp-755293,Sr4Sb2O,0.7118000000000001,-1.7247621721428552,4.702521619228042,215.4009946835376,7,3,Tetragonal
mp-27684,Tl4O3,1.099199999999999,-0.9325564547619061,10.140302815189877,283.472541059826,14,2,Monoclinic
mp-546027,CrBiO3,1.9846999999999992,-1.9894524509999991,8.64845289310953,118.64886501255923,10,3,Trigonal
mp-1205759,Ba2YbUO6,2.1684,-3.618445308250002,7.97530523980806,162.76185228514666,10,4,Cubic
mp-559186,BaBiBO4,3.5528,-2.6110974963095233,6.182468376964518,452.4274299086083,28,4,Orthorhombic
mp-22103,DyMnO3,0.41339999999999905,-3.03514468741954,7.51659738148573,234.55679858536567,20,3,Orthorhombic
mp-28405,S(ClO)2,3.7871,-1.2609632865,2.014672572984932,222.49037259600883,10,3,Orthorhombic
mp-1042540,TiZnAs2O7,2.7883999999999993,-2.133503183712121,3.8180771531102353,652.5725772306569,44,4,Monoclinic
mp-27681,BaMn2O8,1.8724,-1.5555977855329162,3.6128296813888463,344.89941304236066,22,3,Orthorhombic
mp-5787,SrCuO2,0.0,-2.077615858749999,5.326848344957455,114.19596967272206,8,3,Orthorhombic
mp-760125,Na6CoO4,0.842599999999999,-1.408505620979623,2.8284135087364373,612.6174215715429,44,3,Tetragonal
mp-18953,NaV(OF)2,2.1974,-2.696898790229884,2.961595290726615,161.39693397586723,12,4,Monoclinic
mp-4551,SrHfO3,3.7226,-3.779407364999999,7.344257043717289,71.01997313864919,5,3,Cubic
mp-24853,BaNdCo2O5,0.0,-2.325878256944446,6.5015080753519765,122.45100739112861,9,4,Orthorhombic
mp-1221799,Mn3Cu2NiO8,,-1.55448934455665,5.343380868155614,148.73078939081714,14,4,Trigonal
mp-601693,YbBrO,0.0,-3.288491298750003,7.439364125178466,120.06161141991873,6,3,Tetragonal
mp-973185,ScAgO2,2.074,-2.624058809166653,5.534940707843104,55.44877207878369,4,3,Trigonal
mp-1217760,SrSmNiO4,0.0,-2.6389474735714282,6.6989751621526175,89.40297152814614,7,4,Tetragonal
mp-561725,CsBO2,3.8457,-2.602319912205459,3.864601219746314,453.0072167133924,24,3,Trigonal
mp-22766,CaIn2O4,2.020799999999999,-2.392656165476187,5.511331174718168,201.09158067639785,14,3,Cubic
mp-756525,Mn3CuO8,0.0,-1.464931576149425,4.180623015180401,141.5439644306928,12,3,Trigonal
mp-554213,DyMoO4F,3.7538,-2.997863809166666,5.5853177589843614,406.0415872635762,28,4,Monoclinic
mp-752451,Zn(CuO2)2,0.628699999999999,-1.079197937857143,5.963365178437658,142.84751414126717,14,3,Tetragonal
mp-20069,CoPb2WO6,1.87,-1.752120892999998,9.412486945075425,265.7464586290117,20,4,Monoclinic
mp-4279,CaGe2O5,2.696599999999999,-2.507824764062499,5.054880402577226,348.6787491889913,32,3,Orthorhombic
mp-555116,K2NaMnO4,1.8124999999999991,-1.819417222976293,2.772802740252729,527.2949262843085,32,4,Orthorhombic
mp-33332,Co5SbO8,0.0,-1.4869248114285711,6.014276474547751,150.31444490415691,14,3,Trigonal
mp-1205944,Sr2TaVO6,0.0,-3.272045069733333,6.483629555575678,257.7136790257033,20,4,Tetragonal
mp-622210,Ba2LaCu3O7,0.0,-2.168934142307692,6.420495647479224,185.22976563934353,13,4,Orthorhombic
mp-759533,NaMnO2,1.1676,-1.995134669827586,4.07197201142929,179.31109247181442,16,3,Tetragonal
mp-758875,CrOF,1.424599999999999,-2.568323502916666,4.136002672578957,279.4133103971992,24,3,Monoclinic
mp-31980,LiMn(PO3)4,0.0,-2.51592205832421,2.596445649537455,483.1964688979883,36,4,Monoclinic
mp-27275,Li3BO3,5.1473,-2.5554420863095233,2.219457518906585,238.31477364693828,28,3,Monoclinic
mp-1079940,Sr3CaO4,3.294499999999999,-3.099418741249999,4.516801764481276,134.89874705543693,8,3,Cubic
mp-699243,La5MgRe3O16,0.094199999999999,-3.0983716451,7.729901679248355,329.41470137252844,25,4,Triclinic
mp-18545,CsV3(SeO6)2,2.3398,-1.989104371630149,3.8343688104228812,550.5519547634085,36,4,Hexagonal
mp-556419,ReO2F3,3.4309,-2.402220216875,5.514202232690444,331.49457225154737,24,3,Monoclinic
mp-14292,Ba2NdSbO6,3.6649000000000003,-3.00894608975,6.467538998957887,163.4603492444386,10,4,Cubic
mp-603888,Sr5Mn5O13,0.0,-2.554798135854574,5.37562115387021,284.4313512402888,23,3,Tetragonal
mp-1087477,La2TcNiO6,0.0,-2.654395983499999,7.078502255529198,124.44966065273233,10,4,Cubic
mp-504712,CaV2O4,0.0,-2.801427047499998,4.642433523063926,294.675023091361,28,3,Orthorhombic
mp-6943,Ca4GdB3O10,3.3154,-3.377505096527777,3.655241038362295,231.6828491331711,18,4,Monoclinic
mp-9716,TiBO3,0.0,-3.000503655499999,3.701937125617603,95.70124589670453,10,3,Trigonal
mp-19127,Sr2FeMoO6,0.1887,-2.531848193,5.465475811445272,257.0475416749025,20,4,Cubic
mp-546152,SmBi2ClO4,1.217699999999999,-2.431803824375001,7.857310992273154,141.1246797216788,8,4,Tetragonal
mp-7466,CaCu2O3,0.0,-1.7233251491666661,4.689780282794252,152.3718299984491,12,3,Orthorhombic
mp-19387,CdWO4,3.262699999999999,-1.985844491666664,7.888244011024899,151.67047904498918,12,3,Monoclinic
mp-18992,Ba2MnTeO6,0.9485999999999991,-2.480495740459771,6.335672264026129,579.9485742530934,40,4,Cubic
mp-1204465,Fe3P4PbO14,0.0,-2.401629832435063,4.4109696777744585,544.0715146698994,44,4,Monoclinic
mp-5788,NaUO3,0.43100000000000005,-3.287362495775843,7.322682820773149,280.2986898886754,20,3,Orthorhombic
mp-1190526,PuPO4,0.0,-3.108789552648796,7.668759142314202,293.5938806338632,24,3,Monoclinic
mp-18744,Sr2ErMoO6,1.2643,-3.113661218499999,6.236252856156904,284.61028785830536,20,4,Monoclinic
mp-755336,NdIO,3.5729,-3.038137594166668,6.041979977302325,157.83466239182678,6,3,Tetragonal
mp-5408,Ag3AsO4,0.0,-0.9621767034374981,6.623866544273742,231.9004569306264,16,3,Cubic
mp-753107,Mn6O5F7,0.0,-2.415804032088123,4.215536899599083,213.740721520809,18,3,Triclinic
mp-17765,Ta2ZnO6,3.0662,-2.9919900877407413,8.499004152017108,408.9712179142129,36,3,Orthorhombic
mp-757306,LiCu(PO3)4,0.5950000000000001,-2.329360579550264,2.607606574851505,492.0915107695442,36,4,Monoclinic
mp-542151,V2Ni3O8,0.0,-1.8717996761538451,4.920791618920552,273.9842833508586,26,3,Orthorhombic
mp-22598,In2O3,0.6305000000000001,-1.994067387666665,6.998712419580601,526.9797159082178,40,2,Cubic
mp-540879,Eu(BO2)2,0.290299999999999,-3.070756872976189,4.620156461410449,341.56146241249064,28,3,Orthorhombic
mp-1019723,CsZn4(BO3)3,2.825999999999999,-2.327153736303246,4.05789540994131,467.29465435543386,34,4,Monoclinic
mp-541368,Tl4V2O7,2.6082,-1.822846709102569,7.211213298861551,237.5050977940739,13,3,Trigonal
mp-974451,K2Al2O3F2,4.0223,-3.204007266055555,2.482840951444393,291.80634745759346,18,4,Monoclinic
mp-1044527,PrMgV2O6,0.894899999999999,-2.910620631666668,5.326783182369491,226.37622488275642,20,4,Monoclinic
mp-1225056,GaFe(BiO3)2,1.6718000000000002,-1.772604837749999,8.025052070684476,132.33017920899317,10,4,Triclinic
mp-754701,CaTiO3,3.570599999999999,-3.527734468666666,3.613170410158765,124.95341697913328,10,3,Trigonal
mp-510408,MnO2,0.0,-1.776084879310346,5.200624691225469,55.51718726906692,6,2,Tetragonal
mp-1215941,YSc(BO3)2,4.452,-3.4722385793333332,3.721762677140409,112.20291826795125,10,4,Trigonal
mp-6467,Na2CuP2O7,0.4979,-2.383092748087028,3.146343918577843,299.2114864914761,24,4,Monoclinic
mp-1047673,CaV2O4,0.0,-2.7708356685714293,4.411879975207022,155.03699254021288,14,3,Orthorhombic
mp-559417,LaB2ClO4,4.1541000000000015,-3.143332195416666,3.896581333497795,221.5807677273593,16,4,Triclinic
mp-558279,Tl2Te3O7,2.8098,-1.395864386805553,6.854109467080932,437.8105344004244,24,3,Triclinic
mp-1215562,Zn3CdO4,0.19090000000000001,-1.642847793749999,5.726244721854209,108.05964492652102,8,3,Trigonal
mp-13056,Ba2LaTaO6,3.624799999999999,-3.506252752233334,6.910722794025033,165.91729789829657,10,4,Trigonal
mp-18169,RbEuPO4,0.0,-2.974236417091837,4.965805703436713,444.6154113362629,28,4,Orthorhombic
mp-13334,ZnSnO3,1.080999999999999,-1.939425192999999,6.556764826849906,117.57007878380284,10,3,Trigonal
mp-19096,Ba2VO4,1.5455,-2.930773886071427,5.265597665098665,491.44245631663034,28,3,Monoclinic
mp-21213,NaCr(GeO3)2,2.8468,-2.208124001137931,4.3823525466509,239.67302851175378,20,4,Monoclinic
mp-5169,Cu4P2O9,0.0,-1.734495814285714,4.5379973227462,336.73770613987983,30,3,Triclinic
mp-600576,GdFeO3,0.0,-2.797173253499997,7.468297682099711,232.21112873567893,20,3,Orthorhombic
mp-23565,Cr4AgBiO14,1.698599999999999,-1.535249863083333,4.020677541436706,309.2644186250251,20,4,Tetragonal
mp-753181,SrCu2O3,0.0,-1.672331523333333,5.2684131163132655,165.60605277650365,12,3,Orthorhombic
mp-3281,Al5BO9,4.9384999999999994,-3.366610787277777,2.9438567640114313,326.8367177513697,30,3,Orthorhombic
mp-772186,Tm(ClO4)3,5.7725,-0.9807336078125001,3.4261847076843353,452.95087164467526,32,3,Trigonal
mp-541097,Zr3Pb(O2F3)2,2.844999999999999,-3.663523270357143,6.419238656334745,340.86995666464713,28,4,Cubic
mp-556164,Si(AgO)4,0.6733,-1.2817707551851831,6.668741908810977,260.7343446146149,18,3,Tetragonal
mp-775020,Mn2OF3,0.0,-2.597114616810345,4.042924995528079,150.21992303006303,12,3,Monoclinic
mp-697692,LiCr(PO4)2,1.2457,-2.368053050843254,2.784403649790658,593.6993663567475,48,4,Monoclinic
mp-560130,Fe2Ag(MoO4)3,1.1415,-1.761549528703704,4.257136436813857,545.5934451639412,36,4,Triclinic
mp-2739,TeO2,2.8044000000000002,-1.4944626113888861,5.94690272928791,178.2575262765153,12,2,Tetragonal
mp-26025,Li2FeP2O7,,-2.569337876537698,2.549426503211559,634.8472362131126,48,4,Monoclinic
mp-752394,AlTeO4,0.0,-2.201440974861111,5.557274462365255,261.2497915998882,24,3,Orthorhombic
mp-554223,RbScAs2O7,3.5429,-2.389020301590909,3.532179238634268,737.6381702513131,44,4,Monoclinic
mp-8390,LiYbO2,0.0,-3.314437616041667,7.5192117528260045,93.62703187545142,8,3,Tetragonal
mp-18936,NdFe3(BO3)4,2.3304,-2.572513753208332,4.339152229116349,209.33531180912226,20,4,Trigonal
mp-1218376,Sr2TiMoO6,0.0,-3.038514891333334,5.354392790118899,128.71595474025472,10,4,Cubic
mp-1218365,SrCr2BiO6,0.07339999999999901,-2.292413808,6.6798600575502505,123.4465134657687,10,4,Trigonal
mp-558861,KI(OF)2,4.16,-1.860593752041667,3.50848425818089,446.7849872805861,24,4,Orthorhombic
mp-558255,VAg2PO6,1.835,-1.876219641797618,5.076936309043927,257.50489888082745,20,4,Monoclinic
mp-6361,NaSr3NbO6,3.2962,-3.059406635125391,4.761577225403138,331.12774096849245,22,4,Trigonal
mp-648519,ThMn4(CuO4)3,0.0,-1.949011755086206,6.572885922623037,210.8037095462103,20,4,Cubic
mp-1218240,SrLa2(CuO3)2,0.0,-2.650924237272727,6.521932952077898,149.8419813114288,11,4,Tetragonal
mp-20794,Sr2NiWO6,2.9406,-2.597509709999999,6.651097676605074,256.5395565126432,20,4,Tetragonal
mp-1191858,Tl4CuTeO6,0.46979999999999905,-1.151453162083336,8.155925954964061,449.8218840751792,24,4,Triclinic
mp-768241,Dy2Ge2O7,3.8575,-3.052895646212119,6.245288404782747,154.81938555396516,11,3,Monoclinic
mp-3952,BaY2O4,3.2515,-3.644422620714285,5.742744149625184,438.51553982760527,28,3,Orthorhombic
mp-996977,AgAuO2,0.0,-0.43529505916666605,8.947457572129613,125.02440961755349,8,3,Tetragonal
mp-353,Ag2O,0.0,-0.31563385777777403,7.163037725930793,107.44222318884995,6,2,Cubic
mp-15161,Tb2Ru2O7,0.0,-2.5896548243939392,7.957371258375757,263.7650648030742,22,3,Cubic
mp-754614,LuNbO4,3.276499999999999,-3.576549126944446,7.852330806744208,140.36207615896967,12,3,Monoclinic
mp-6793,BaLa2ZnO5,2.923999999999999,-3.190330179444444,6.577619537801509,283.02187609561764,18,4,Tetragonal
mp-11775,RbUO3,0.45420000000000005,-3.304585120499998,7.607261575621099,81.09117912744907,5,3,Cubic
mp-780282,Cd(BO2)2,2.7302,-2.376219543809524,4.250655936565827,464.1696047710382,42,3,Trigonal
mp-4514,NaNbO3,2.5048,-2.844822765275861,4.472888253079711,121.69003756668431,10,3,Trigonal
mp-12287,La3NbO7,2.7255000000000003,-3.72084618,6.237057916285511,330.9964303921517,22,3,Orthorhombic
mp-557689,CaAl2B2O7,4.8228,-3.267489926111109,2.349305527270948,321.8282637661309,24,4,Trigonal
mp-755143,Na3FeO4,0.0,-1.537933418954741,3.632700853375052,345.23024257976675,32,3,Monoclinic
mp-15349,Li2GeO3,3.568,-2.322120966111109,3.5485057646173823,125.89865265214286,12,3,Orthorhombic
mp-1173107,TaVO4,0.0,-3.004181661222221,7.100911669260876,138.38557990101992,12,3,Orthorhombic
mp-22666,NdCu3(RuO3)4,0.0,-1.5512482963749998,7.233078169701726,213.77006650513474,20,4,Cubic
mp-505604,GdNiO3,0.0,-2.449596327999998,8.154897113823294,214.9801926295192,20,3,Orthorhombic
mp-1217981,SrNdNiO4,0.0,-2.628828339642856,6.668638767720651,88.28624974110943,7,4,Tetragonal
mp-1192423,BaYCo4O7,0.0,-2.027809792692307,5.165775409865518,368.9999280326486,26,4,Monoclinic
mp-3972,Ce2SO2,0.0,-3.429321157499999,6.06452966324104,94.27221204500799,5,3,Trigonal
mp-17775,Co2Si(P2O7)2,0.0,-2.515171201836734,3.154060208019189,519.988922758471,42,4,Monoclinic
mp-1070806,BaTi2Sb2O,0.0,-1.550733975277777,5.8154485533321445,140.65105900950408,6,4,Tetragonal
mp-1044230,MgCoBiO5,0.46180000000000004,-1.67971569375,5.639680585140025,438.37839917660347,32,4,Monoclinic
mp-14416,Sm2Be2GeO7,4.4201999999999995,-3.2594550379166662,5.97225128440099,279.9220554757193,24,4,Tetragonal
mp-29352,Ba2PdO3,0.0,-2.2819422708333352,6.675514790407871,106.73201586127794,6,3,Orthorhombic
mp-19241,BaNiO3,1.5157,-1.8199415760000002,6.06909148531972,133.5298435547286,10,3,Hexagonal
mp-9746,Ba3NaIrO6,0.0,-2.373929211943573,6.554630730831715,366.42050933164586,22,4,Trigonal
mp-1205382,Ba3YIr2O9,0.0,-2.527327743333334,7.554275322620496,452.51687119792433,30,4,Hexagonal
mp-13514,NdBO3,5.0694,-3.465548755833333,5.593021400048572,241.13939568840678,20,3,Triclinic
mp-554240,NaCa4(BO3)3,4.0868,-3.146121006698783,2.980635511040992,400.8169860958236,34,4,Orthorhombic
mp-546295,Sr2CuOsO6,0.0,-2.148619267999999,6.81932880456046,127.84302174524899,10,4,Tetragonal
mp-8351,NaAlSiO4,4.4835,-3.135628220911329,2.4127709187753013,391.0638876353908,28,4,Cubic
mp-1084840,TiZn(BiO3)2,1.3495,-2.210799909333334,7.132423554995407,146.0296383743298,10,4,Monoclinic
mp-18611,Ba3NiSb2O9,0.0,-2.411561444166667,6.557927927598557,869.2113586848934,60,4,Hexagonal
mp-1078353,MnPb2WO6,1.299499999999999,-1.893074984293103,8.990431199718001,276.74611061144515,20,4,Cubic
mp-559481,BaVClO3,2.3925,-2.770726779166666,4.19804351608967,429.91567408535104,24,4,Orthorhombic
mp-13744,Rb3GaO3,2.4181,-1.8299430271428552,4.421518708120131,281.0113696613671,14,3,Monoclinic
mp-8231,ZrSO,0.7956000000000001,-2.821431535833333,5.61635364914035,82.36441096716149,6,3,Tetragonal
mp-17956,Ca2UO5,2.1339,-3.631797415312498,5.661288472987908,467.17041205246306,32,3,Monoclinic
mp-17341,Ba3MnSb2O9,1.5103,-2.561670194528736,6.156306305601205,460.93237630136986,30,4,Monoclinic
mp-29524,K3BiO3,2.9552,-1.67534266132143,4.058589232689066,612.5239414103859,28,3,Cubic
mp-7566,InPO4,2.3482,-2.471440718551586,4.777707091758406,145.8287101605789,12,3,Orthorhombic
mp-558930,Zn(PO3)2,4.7071000000000005,-2.488085540476191,3.121056472375964,475.33424559792905,36,3,Monoclinic
mp-1103799,Dy3SbO3,0.37760000000000005,-3.174487718571426,8.27701896788261,263.71883939813995,14,3,Monoclinic
mp-554003,Sr4Li(BO3)3,,-3.140659022990197,4.113022502186309,1724.2336125873433,136,4,Cubic
mp-1226592,CeZr3O8,2.1318,-3.8004957349999993,5.805412423041889,154.96783065003436,12,3,Triclinic
mp-7000,SiO2,5.719,-3.27283134388889,2.634242418262655,113.6254509687595,9,2,Trigonal
mp-861257,Tb3SbO7,2.963199999999999,-3.413232011818181,8.022422556533662,294.14204666336326,22,3,Triclinic
mp-685137,Ce2SbO2,0.0,-2.9711180919999993,7.142204362038701,100.90143622539519,5,3,Monoclinic
mp-8285,ZnGeO3,2.1201,-1.9663922169999992,5.97066705202391,103.48547026309927,10,3,Trigonal
mp-18822,Mn2PO4F,0.0,-2.652584821938116,3.733073118458718,398.28288989909015,32,4,Monoclinic
mp-22681,Pb2WO5,3.0894,-1.8750328356249981,7.480351071478391,301.1192988542443,16,3,Monoclinic
mp-757372,Sr5U5O19,0.0,-3.704707342931033,7.578478906561421,423.37633592628026,29,3,Triclinic
mp-18764,Ba2SrWO6,3.2504,-2.968149434,6.453306836436874,165.22527617156834,10,4,Monoclinic
mp-557734,KIn(WO4)2,4.3176,-2.135792368243054,4.720059796412674,457.05864315579356,24,4,Trigonal
mp-19456,AlV2O4,0.0,-2.7117889364285723,4.491798528939052,142.59549423244817,14,3,Cubic
mp-22083,Tb7O12,0.0,-3.609492971403508,7.748097874860102,279.568462650787,19,2,Trigonal
mp-5226,K2SeO4,3.611999999999999,-1.8025923552633931,3.102298894153484,473.50071849588966,28,3,Orthorhombic
mp-1095437,LuSeO3F,3.8707000000000003,-2.862012023168403,5.505534024148439,193.58927877666264,12,4,Monoclinic
mp-548691,Sr2ZnReO6,0.0,-2.5565004992500002,6.733598901532848,128.93800907385904,10,4,Tetragonal
mp-23612,K3B6BrO10,5.212000000000001,-2.735504874587499,2.567889127683029,272.9266167689201,20,4,Trigonal
mp-4066,KGaO2,3.0499,-2.187477020718749,3.869875885176849,966.8001118411374,64,3,Orthorhombic
mp-13128,Cu2As2O7,0.0,-1.347023538181819,4.761692407671367,135.6314235399427,11,3,Monoclinic
mp-17868,NaAsO3,2.8628,-1.8849056684425292,3.4650536594977,419.5407583073476,30,3,Triclinic
mp-22620,CeZnSbO,0.0,-1.868047379999999,6.867786359521561,166.0031711277787,8,4,Tetragonal
mp-1191935,RbVOF3,2.731,-2.9736428375,3.652239618634251,380.8330327675546,24,4,Orthorhombic
mp-859120,ThNb4O12,1.7238,-3.215107551176469,5.355441482065461,493.4116102301144,34,3,Orthorhombic
mp-753014,VO2F,3.0505,-2.460168215,3.486592472563756,194.19900707543565,16,3,Orthorhombic
mp-15922,Gd2ReO5,0.0,-3.196348361562499,9.175725419704895,420.3620461702521,32,3,Tetragonal
mp-554906,Zn2BiPO6,2.8081,-2.130953433464286,6.03397545122277,513.8154362922604,40,4,Orthorhombic
mp-505814,CsBa2Nb3O10,1.4077,-3.130751393103448,5.386912758877064,260.8671724870714,16,4,Tetragonal
mp-555300,Na2Zn3(SiO4)2,,-2.474306230628352,3.596679110900123,590.5519237174191,45,4,Triclinic
mp-10335,Ba2CuTeO6,0.0,-2.159168554666666,6.81517908227798,136.88339784072446,10,4,Tetragonal
mp-31515,Sr2CoReO6,0.0,-2.468134777250001,6.7348088242900666,254.63633235818642,20,4,Tetragonal
mp-755910,Mn2O3F,0.0,-2.015083855143679,4.582174128030224,256.38835074092924,24,3,Monoclinic
mp-973471,KReO3,0.0,-2.08184262095,7.425354016710841,61.11912479420659,5,3,Cubic
mp-19146,CrPbO4,2.0522,-1.7243814908333341,6.105820643767765,351.5830524611216,24,3,Monoclinic
mp-30972,Na2Sb4O7,3.0649,-1.8528266655968162,4.59068423291934,466.6289877027682,26,3,Monoclinic
mp-753914,LiMn2(PO4)2,,-2.4823959721908553,2.724935195555288,373.8706564771325,26,4,Monoclinic
mp-758246,LiVP2O7,,-2.642428229101731,2.964629045159133,519.3983213883981,44,4,Monoclinic
mp-19337,Ba3CoSb2O9,0.0,-2.436329391833334,6.342568864432062,898.9761596349673,60,4,Hexagonal
mp-9077,Nd2Be2SiO7,5.0227,-3.523767822499999,5.348088070728161,277.3251203063299,24,4,Tetragonal
mp-17834,La2SiSeO4,2.2089,-3.4545496999804692,5.756411904935,517.9196214101744,32,4,Orthorhombic
mp-1106224,MnVO3,0.31570000000000004,-2.284756146086208,4.8728754228681534,209.74885247726263,20,3,Orthorhombic
mp-19243,VSb2O5,0.0,-2.021339812500001,4.775800930565057,260.39735621763714,16,3,Monoclinic
mp-760911,NaVPO5,1.6573,-2.60207153075277,3.243254871293068,378.6776662565791,32,4,Orthorhombic
mp-552292,SmBi2IO4,1.3061,-2.297366305000001,8.140188772695069,154.8759213201602,8,4,Tetragonal
mp-1205743,NaSr2IO6,2.417399999999999,-2.17902850863793,5.037334894846253,138.82417851196215,10,4,Cubic
mp-972387,Sr2MgGe2O7,3.6039,-2.8108475683333323,4.134540966916663,366.9422027283327,24,4,Tetragonal
mp-1192622,PuB4ClO8,0.0,-2.662303932172617,4.54344220842656,329.43832925788496,28,4,Monoclinic
mp-561112,Zn2SeCl2O3,4.0939,-1.523358999042969,3.674120717192476,594.1989124549957,32,4,Monoclinic
mp-8065,K2Ti6O13,2.7535,-3.347455425690477,3.562162097742717,267.29211015758693,21,3,Monoclinic
mp-605786,Eu2BrO2,0.0,-3.080129076000003,6.638985942496675,208.01468612113334,10,3,Monoclinic
mp-849267,LiVCrO4,,-2.372443524047619,3.9184008774608623,147.37043599227235,14,4,Orthorhombic
mp-555993,CrAg3ClO4,1.386099999999999,-1.031783739444443,5.256454282176617,300.141958796784,18,4,Tetragonal
mp-1224899,FeRe(PbO3)2,0.0,-1.671704876249999,9.603897288381184,130.10030472860998,10,4,Tetragonal
mp-554270,TmMnO3,2.007599999999999,-3.057083120086209,7.907812370132415,228.35721964620046,20,3,Orthorhombic
mp-755394,VO2,0.0,-2.385931455000001,3.887710958491711,141.70354721942232,12,2,Orthorhombic
mp-26658,BiP2O7,0.0,-2.267775065428571,4.357362222807043,291.8553797991715,20,3,Triclinic
mp-7972,RbLaO2,3.5220000000000002,-2.960912605625,5.39820445582802,78.86248868556612,4,3,Trigonal
mp-558952,Sr2VClO4,3.7633,-3.051905209374999,3.67825393335486,588.0233754234729,32,4,Orthorhombic
mp-1191211,TiVO4,1.2628,-2.93785821013889,4.06204993291324,266.2162147641531,24,3,Monoclinic
mp-22086,Ba3WO6,2.9798,-2.797657593999999,6.123139866603476,187.61449920804696,10,3,Cubic
mp-753013,Co3TeO8,0.0,-1.207107865555555,5.488533125561347,261.6394640464787,24,3,Trigonal
mp-505253,U2V2O11,1.9082000000000001,-2.976898371999998,4.831732925034845,518.2145807231556,30,3,Monoclinic
mp-556949,KEu(MoO4)2,0.0,-2.349843173520833,4.5964085667653265,369.17156820026213,24,4,Triclinic
mp-1205669,Ba2YMoO6,0.0,-3.021668231999999,5.9815528976411745,154.21132944231886,10,4,Cubic
mp-13675,CdPd3O4,0.0,-0.925313815624998,8.591929454543923,191.5930708559616,16,3,Cubic
mp-1178115,LaAl3O6,,-3.5141365565,3.917683546523347,267.7477251498044,20,3,Monoclinic
mp-752960,VO2F,2.5114,-2.40342120125,2.480383022516491,68.24478216691107,4,3,Monoclinic
mp-669573,EuBi2IO4,0.0,-2.062838352500002,8.132638531638282,155.34721426989293,8,4,Tetragonal
mp-759541,Ba(PdO2)2,0.0,-1.5184770292857142,6.660145063733327,206.5229786203045,14,3,Tetragonal
mp-781048,Fe4O3F5,1.0832,-2.142802860416667,4.2749890944664894,284.6192320322651,24,3,Monoclinic
mp-6710,Ba2Tm(CuO2)4,0.0,-2.066025895333333,6.848694016978272,200.21613475952864,15,4,Orthorhombic
mp-675857,Cd2SnO4,0.2204,-1.678537810714284,6.848963061121461,197.61205179724362,14,3,Orthorhombic
mp-1224,HgO,1.1867,-0.635057482500004,10.77019190675644,133.5742810249583,8,2,Orthorhombic
mp-551203,Sr2I2O,3.2812,-2.4442030669999992,4.582295477016822,322.55456192301165,10,3,Orthorhombic
mp-1096845,BaAgO2,0.7334,-1.716207567916666,6.138478733760465,149.96923048559407,8,3,Monoclinic
mp-5586,NaErO2,4.0544,-3.185389837219826,7.053076425622,209.29917611875808,16,3,Monoclinic
mp-9841,Er2(SO4)3,5.7109000000000005,-2.6704993997058812,3.868113242638983,1069.2833875700608,68,3,Orthorhombic
mp-1190091,EuFe4(CuO4)3,0.0,-1.5570055997499992,5.979580984717111,210.49079694969078,20,4,Cubic
mp-557410,NdTe2BrO5,1.9685000000000001,-2.117465268981481,6.579850326770641,282.3197662567804,18,4,Tetragonal
mp-1219714,PrPaO4,2.1871,-4.076383733611107,8.750270574979886,82.72855917994434,6,3,Tetragonal
mp-19296,SrVSi2O7,2.8547000000000002,-3.133475091363636,3.5860650783260013,284.06306849264735,22,4,Orthorhombic
mp-38856,Mn2FeO4,0.0,-1.884607802980296,4.692770188991876,162.57214553910262,14,3,Orthorhombic
mp-630403,Ca2MnGaO5,0.0,-2.717583835603448,4.308328664879606,439.0982074271128,36,4,Orthorhombic
mp-18748,Co3O4,0.0,-1.279858292857144,6.141460782418401,130.21434052448745,14,2,Cubic
mp-676517,La3U2O10,0.21050000000000002,-3.897531602333331,8.272192498995086,211.33004027683137,15,3,Monoclinic
mp-9186,CdSeO3,3.0904,-1.4144812314687512,5.81352277375989,273.4878134372338,20,3,Orthorhombic
mp-4371,Nd(CuO2)2,0.0,-2.023716916785714,6.872217609151969,162.05284923572069,14,3,Tetragonal
mp-2220488,MgCu6OF11,,-1.9217186986842112,4.3757141035077,239.29219254893562,19,4,Triclinic
mp-18965,BaCoO3,0.0,-2.047858012,6.158290639687289,263.4501234018471,20,3,Hexagonal
mp-1105161,TlCu2(SeO5)2,0.0,-0.944552308534722,4.547650567326445,237.1194281789287,15,4,Monoclinic
mp-1069561,Dy2BiO2,0.0,-2.968465674666666,9.381367254558494,100.18055438841732,5,3,Tetragonal
mp-1190266,Mn2Bi3O7,0.0,-1.716925000071839,8.097123133807854,348.14520488182785,24,3,Orthorhombic
mp-756315,EuVO3,0.0,-2.9466176890000053,7.310121614478355,56.99431798498433,5,3,Cubic
mp-1002572,LiMnO2,,-2.117313932191093,4.093248672822287,152.33653420155892,16,3,Orthorhombic
mp-996982,AgBiO2,0.956399999999999,-1.105013017916666,7.6398649023424134,75.82264128835956,4,3,Trigonal
mp-623984,PbSO4,3.8614,-1.8659368729166652,5.254635492631865,383.34106747827985,24,3,Orthorhombic
mp-755342,LuGaO3,2.5134,-3.198725921833333,8.019411365090507,121.21093888475164,10,3,Hexagonal
mp-760124,Li6V3P8O29,,-2.657808386350931,2.59898826390342,1158.0292621547305,92,4,Triclinic
mp-1102412,CrO2,0.27429999999999904,-2.011450980833319,4.9916036036533,111.76914187903765,12,2,Orthorhombic
mp-559203,CdSeO3,3.4047,-1.408955206718751,5.027554029995879,632.4855475554016,40,3,Monoclinic
mp-549490,KNb4O5F,0.0,-2.608762521568184,5.709626889151123,148.2423807287422,11,4,Tetragonal
mp-997000,AgHgO2,0.0,-0.508349317291668,8.607439519434182,131.36128292763178,8,3,Triclinic
mp-33335,MgAl2O4,,-3.342973633571429,3.473715943602246,408.0432343847773,42,3,Trigonal
mp-12171,K6MgO4,1.6783000000000001,-1.5719714466818182,2.634295751358229,407.07308147293975,22,3,Hexagonal
mp-5459,Nd2TeO2,1.271499999999999,-3.242909266333329,6.985686563767754,106.5119351805277,5,3,Tetragonal
mp-17583,Gd2TeO6,0.0,-2.972620136574074,7.2754761469123235,491.25587150802767,36,3,Orthorhombic
mp-6533,NaLu(Pd3O4)2,0.0,-1.446170874252872,8.13726105889598,196.81602593776972,16,4,Cubic
mp-6730,Sr3ZnPtO6,2.566099999999999,-2.387038907272727,6.630266624023455,310.2300202676229,22,4,Trigonal
mp-675025,SbRhO4,0.0,-1.5346320866666652,6.837297727841615,70.10611117371634,6,3,Orthorhombic
mp-1103986,BaLuFe4O7,0.0,-2.199277469358974,5.796453141212929,185.54122304729964,13,4,Tetragonal
mp-27253,Au2O3,0.8689999999999991,-0.45785339499999805,11.06406560179728,132.65363346808087,10,2,Orthorhombic
mp-551131,Co2AsClO4,0.0,-1.4933836296875,4.160909663174132,233.25360786271483,16,4,Monoclinic
mp-1215716,ZnNi4O5,0.0,-1.2908290455,6.591390517027049,95.77691937589844,10,3,Monoclinic
mp-19214,CeVO4,0.0,-3.147866788333333,4.831243405293332,175.329173943723,12,3,Tetragonal
mp-22443,VInO4,2.9684,-2.216125894444445,4.666018179138492,163.53157048743634,12,3,Orthorhombic
mp-754599,BaTm2O4,3.229699999999999,-3.735884278928573,8.527571814460078,419.9793768396305,28,3,Orthorhombic
mp-1173111,TaRhO4,0.0,-2.339196941222221,8.326330160059802,69.37271649590059,6,3,Orthorhombic
mp-1041597,BiO2,0.0,-1.439043993333334,8.384115834449068,190.91118669607906,12,2,Orthorhombic
mp-1191139,Sm3SbO7,2.6738,-3.352076431363635,7.354247646431282,309.2625254897691,22,3,Orthorhombic
mp-560151,AlPO4,5.4854,-3.116160690218252,2.383963719840406,254.83721171525633,18,3,Hexagonal
mp-772738,Li3Fe2(PO4)3,,-2.4646824428214282,2.982772062661012,929.5433498751712,80,4,Monoclinic
mp-23413,NbBiO4,2.938799999999999,-2.521130047083335,7.159975990152766,339.42309733122806,24,3,Orthorhombic
mp-1080123,Ba2LaIrO6,0.0,-2.7094955565000003,7.190577296059119,162.06226823452286,10,4,Cubic
mp-505313,BaGd2CoO5,0.0,-3.086305426111112,7.602905756726219,129.0263791978053,9,4,Orthorhombic
mp-31122,Er2MoO6,1.8785,-3.199730765555552,7.865620086709966,444.5666525188723,36,3,Monoclinic
mp-552120,YClO,4.270700000000001,-3.507683659999999,3.925875217166438,118.73548931228211,6,3,Trigonal
mp-18754,DyCrO4,0.29799999999999904,-2.779022291111109,5.865965620758981,157.67213739385855,12,3,Tetragonal
mp-27367,SeOF2,4.083299999999999,-1.773091713710938,3.490678408496357,252.99262669027766,16,3,Orthorhombic
mp-8425,Li8TbO6,0.0,-2.278508137555555,3.460822291609481,148.95706703607124,15,3,Trigonal
mp-550553,CdBiClO2,2.8427000000000002,-1.597906265,6.374422445951032,202.587553572604,10,4,Monoclinic
mp-17982,SmCu(WO4)2,1.4017,-2.36571629875,7.231067703479919,325.89580179365834,24,4,Triclinic
mp-6233,NaSr3RuO6,0.5002,-2.536848641943573,5.032663173171901,318.6786547754795,22,4,Trigonal
mp-530303,Mg(GaO2)2,,-2.524677245714285,5.097657449446355,593.5046854975014,56,3,Monoclinic
mp-1019612,Cs4ZnO3,1.6802000000000001,-1.4158313279525871,5.026767183526895,852.3138845340536,32,3,Monoclinic
mp-559505,VTeO4,2.383099999999999,-1.9811855819444442,4.665682298751311,345.2833904578474,24,3,Monoclinic
mp-755565,HoBrO,3.668799999999999,-3.338852836666669,6.925371485806812,125.0834219750585,6,3,Trigonal
mp-1104680,Cr2FeO4,0.0,-2.180387279285714,4.772878466855058,155.7493795183555,14,3,Tetragonal
mp-1194344,Nd4PClO8,4.4905,-3.5733391971173463,5.700201714218013,449.43082076870456,28,4,Orthorhombic
mp-1047671,CaMn2O4,0.0,-2.402017773694581,4.546835271918023,156.27359179002073,14,3,Orthorhombic
mp-18878,LiFeAs2O7,2.5882,-1.825409485757576,4.028044603800348,133.82485734801546,11,4,Monoclinic
mp-7719,NaTm(SO4)2,5.7586,-2.5372161959482753,3.9843610969453023,320.1158982196849,24,4,Monoclinic
mp-541426,Ba6(NiO3)5,0.0,-1.9261626378846142,6.142944307490801,366.9329928704627,26,3,Trigonal
mp-23111,Mg2VBiO6,3.1885,-2.523291827000001,4.8139106246930226,279.0808131125702,20,4,Orthorhombic
mp-561125,Ba5P3BrO12,4.963699999999999,-3.270024877329931,4.689169326915393,744.6858086264335,42,4,Hexagonal
mp-769253,Dy2SeO2,1.8098,-3.446928703135414,8.083237973811574,89.55898875839917,5,3,Tetragonal
mp-15483,Zn3(AsO4)2,1.8965,-1.766752955192308,4.934262211264033,638.1534528313555,52,3,Monoclinic
mp-4482,NaSbO3,2.7012,-2.056832527275863,4.9687664196043855,128.83098377675014,10,3,Trigonal
mp-555982,Si2Ge3P6O25,3.7805,-2.6129489563293653,3.030076987883123,942.503037784836,72,4,Trigonal
mp-6078,Na2Cd3Si3O10,2.453299999999999,-2.483071516264368,4.299066172752058,484.72242413027567,36,4,Monoclinic
mp-557626,Gd2TiO5,3.1401,-3.8283763654166663,6.586692054306609,446.08899131828076,32,3,Orthorhombic
mp-761288,MnBO3,0.0,-2.38467121341954,3.975014898968058,95.0344835636498,10,3,Trigonal
mp-4163,Ca3Ti2O7,2.5302,-3.511848975138888,3.791381905306774,287.2813744077432,24,3,Orthorhombic
mp-1666679,CoSb(PO4)2,,-2.229287730982143,3.86590307629392,636.8037799589166,48,4,Triclinic
mp-6294,Sr2ErRuO6,0.0,-2.877480758499999,6.432795481529091,278.56300678556045,20,4,Monoclinic
mp-772856,CuHgO2,0.0,-0.735518245625001,8.51880895312453,57.72443155911085,4,3,Monoclinic
mp-1079169,Ba2NdIrO6,0.0,-2.69351797275,7.403525784742345,158.59778397475378,10,4,Cubic
mp-1070601,La2BiO2,0.0,-2.976757760000002,7.306582488724067,117.90345160221686,5,3,Tetragonal
mp-4682,ZnSeO3,3.444199999999999,-1.440288200468749,5.305333672538702,240.8393292100707,20,3,Orthorhombic
mp-753132,CaMn7O8,0.513899999999999,-2.112171955969827,4.8904916689257,187.64565334715402,16,3,Monoclinic
mp-581303,NaCuPO4,0.0,-2.158766563360309,3.457111099048877,348.73010871979915,28,4,Orthorhombic
mp-16605,Sr2TmTaO6,3.8819,-3.6324212707333343,7.26999833402813,283.7391345208555,20,4,Monoclinic
mp-1087483,ThCuPO,0.0,-2.170959519910713,8.969335430543204,126.83875055891835,8,4,Tetragonal
mp-1191111,SrTi(PO4)2,2.6126,-3.180023392301587,3.3626676442068533,321.4048055363593,24,4,Monoclinic
mp-13065,Ho2O3,4.2423,-3.973794766499998,9.494059801434206,66.08862588605207,5,2,Trigonal
mp-996952,LaAuO2,2.6833,-2.563041556250001,7.8888730450860525,77.4336075800996,4,3,Trigonal
mp-778669,Li2CrPO6,0.8508,-2.319461249630952,3.054583658969094,419.3462792045301,40,4,Orthorhombic
mp-1191189,Cd2Sb2O7,0.3778,-1.784500141363636,7.048721984288322,273.4321458195503,22,3,Cubic
mp-19339,LaNiO3,0.0,-2.47170472,7.254091284819418,112.43959122238896,10,3,Trigonal
mp-29393,UNb2O7,0.0,-3.236827266499999,6.690339001853763,265.9892277615723,20,3,Orthorhombic
mp-1190666,Cu3(P2O7)2,0.0,-1.9743319480272101,3.544385497106446,252.2979560380922,21,3,Triclinic
mp-1223799,HoPaO4,2.4203,-4.187053019166665,10.005250263093178,76.338706083066,6,3,Tetragonal
mp-753512,TiWO4,0.0,-2.721982793333333,7.053817235041251,208.8354535331768,18,3,Monoclinic
mp-27322,Nb2Te3O11,2.5672,-2.1725177253125,4.952433526585239,499.3293140730171,32,3,Orthorhombic
mp-22173,LiFe(GeO3)2,1.7288000000000001,-2.064705451333333,4.491054089115473,224.85032861565864,20,4,Monoclinic
mp-578605,NaMnO2,0.0,-1.929011122327586,4.045266590629787,45.12371023799227,4,3,Trigonal
mp-2208711,NdSO,,-2.8313490634375,5.766646667045745,443.0058692960292,24,3,Orthorhombic
mp-755841,Na(NiO2)2,0.0,-1.088826206268471,4.963029264917792,273.5194770599306,28,3,Orthorhombic
mp-1187189,TaAgO3,1.7306,-2.3922839567999983,8.743087804133681,63.96976476254995,5,3,Cubic
mp-19450,ScTl(MoO4)2,3.6236,-2.3480506865277793,4.422587016003079,213.72168935908834,12,4,Trigonal
mp-16993,Er2SiO5,4.650399999999999,-3.811239388125001,7.576299378242945,388.0287113559867,32,3,Monoclinic
mp-780106,FeNi(PO4)2,0.0,-2.128447954107143,3.394307305654267,446.86832032153467,36,4,Trigonal
mp-562102,K2S2O7,5.2193,-2.115194569045453,2.617558812294067,322.67644090972766,22,3,Monoclinic
mp-1013878,LiV3P3O13,0.0,-2.671769407363095,3.065634630867486,499.06498687888865,40,4,Monoclinic
mp-19357,LaCrO3,0.0,-3.193095826000001,6.731708243877956,117.86084206710214,10,3,Trigonal
mp-555752,NaFe2(MoO4)3,1.0892,-1.942289827298851,3.712631999737143,549.684922985683,36,4,Triclinic
mp-27982,PuBrO,0.0,-2.580650867916665,8.763963099306425,128.80539732414766,6,3,Tetragonal
mp-771575,Li2TiMn3O8,,-2.3820509656280793,4.039909017179081,291.47090399934694,28,4,Orthorhombic
mp-1193420,VAsO5,2.4714,-1.9419479207142871,4.042220675238525,338.26825971989894,28,3,Monoclinic
mp-556469,SiO2,5.696199999999999,-3.256902887083333,1.772022944177718,900.8671397311535,48,2,Triclinic
mp-18471,Sr2UO5,2.1693,-3.614562601875001,6.2934261552271,520.5986650668456,32,3,Monoclinic
mp-772222,TmClO,5.094099999999999,-3.512129933333335,7.3826406350563385,99.1408342220481,6,3,Tetragonal
mp-19049,BaTeMo2O9,2.8794,-2.150592575128206,5.118940604557455,389.78945260179916,26,4,Monoclinic
mp-19169,PrVO4,3.0336,-3.163636718611112,4.772693958399748,178.03090964587668,12,3,Tetragonal
mp-754976,Cs2BeO2,2.7813,-1.966157418862069,4.002242169500008,127.30107431815732,5,3,Tetragonal
mp-559909,Sr3Ru2O7,0.0,-2.360164598750026,6.073491738830382,315.5101244440429,24,3,Orthorhombic
mp-768243,Tm2TiO5,3.169399999999999,-3.881705785729169,7.579023428375093,408.16175608944667,32,3,Orthorhombic
mp-1186829,Rb2Np2O5,0.0,-2.844228067500001,7.101962325136006,169.49947744602517,9,3,Tetragonal
mp-6068,Sr2TbRuO6,0.187899999999999,-2.848211676666666,6.215120364025134,283.86612732371435,20,4,Monoclinic
mp-1178424,CoNiO3,0.0,-1.136651947999999,6.296421914378502,87.35959763657713,10,3,Trigonal
mp-554636,Gd2B(OF)3,2.7369,-3.877133116574075,6.5203639334982615,876.6839274110141,72,4,Monoclinic
mp-19163,SrWO4,4.6571,-2.7457271574999993,6.305422983224987,176.68614824725714,12,3,Tetragonal
mp-1223555,KGaGe3O8,,-2.186463851134621,3.682961293296676,410.05466152105123,26,4,Triclinic
mp-1206763,Ba2ScUO6,0.8326000000000001,-3.675757855499999,7.006241606440009,154.91712731623892,10,4,Cubic
mp-756702,PrBrO,3.5244,-3.222717073888888,5.338144190083433,147.32985319432512,6,3,Trigonal
mp-17761,CaGeO3,3.481299999999999,-2.749981945333333,3.669381308468726,436.38233200713995,30,3,Triclinic
mp-18908,Sr2NiTeO6,0.0,-2.314806014666666,5.911444500617833,514.0849123792196,40,4,Monoclinic
mp-4596,Sr2RuO4,0.0,-2.472956615714286,5.856474073833148,96.49049194732007,7,3,Tetragonal
mp-19137,K2Mn(SeO3)2,3.6409000000000002,-1.763508037465322,3.5753065695629562,719.0582049241383,44,4,Trigonal
mp-4891,HoAlO3,5.8359000000000005,-3.752550615499999,7.928877859584824,200.9767494622274,20,3,Orthorhombic
mp-862832,PaTlO3,2.6427,-3.167280823666671,9.576684616602673,83.82164361680597,5,3,Cubic
mp-551101,HoBi2IO4,1.391099999999999,-2.32765876125,8.556000610459362,150.17692026497537,8,4,Tetragonal
mp-752558,Na2NiO2,2.0248,-1.288577522551723,3.602264819849173,63.00168714095928,5,3,Orthorhombic
mp-1192413,CsInTe3O8,3.066,-1.712733606640141,5.055640626774011,498.27507420298235,26,4,Triclinic
mp-2218937,MgV4O8,,-2.540083061923077,3.847835684530877,153.66088468195457,13,3,Orthorhombic
mp-754658,TeO3,0.978499999999999,-1.320554107291666,5.678279498681943,205.4056488007145,16,2,Orthorhombic
mp-9640,SrCu(SeO3)2,0.7134,-1.731845364968749,4.176795019338938,322.0915306006801,20,4,Monoclinic
mp-20329,InAgO2,0.23470000000000002,-1.392417060833322,7.150982639162847,118.28147641161965,8,3,Hexagonal
mp-1182326,Ca2B5ClO10,2.8906,-2.812967135879629,2.607728890435718,209.91828929185874,18,4,Triclinic
mp-33302,MgAl2O4,,-3.349386166071428,3.471223465409529,544.4483011387663,56,3,Trigonal
mp-21421,Pu2SO2,0.0,-2.935936388999995,10.469154568855311,87.56423464057069,5,3,Trigonal
mp-17839,K3Na(SeO4)2,3.5721,-1.791742020201201,3.196401897265155,442.82387250788486,28,4,Monoclinic
mp-761471,Co5O8,0.0,-1.169614579999998,5.583172104968004,125.70728249592105,13,2,Cubic
mp-1189284,CaV4(CoO4)3,0.0,-2.201506104500001,4.912776324786586,207.07367558755905,20,4,Cubic
mp-19112,FeSO4,2.2869,-1.8567798704166671,3.690182885181846,273.42656140579413,24,3,Orthorhombic
mp-1106155,Ca2MnReO6,0.14720000000000003,-2.655997039043106,5.89047993296123,470.54821861791106,40,4,Monoclinic
mp-1147557,BaNiIO6,0.0,-1.526703367222232,5.255755319780319,132.35683404945166,9,4,Trigonal
mp-6123,Ba2Pd(OF)2,0.0,-2.822891184285714,5.907025362066918,126.80133523601418,7,4,Tetragonal
mp-560233,Sr5B3BrO9,3.8991000000000002,-3.178342676527778,4.145686867006912,556.3038588652875,36,4,Orthorhombic
mp-556459,VPO5,1.9352,-2.499475107806121,3.323139781880157,161.81181295988625,14,3,Monoclinic
mp-772676,Sr2WO5,3.1883,-2.900101233124999,6.62637007522004,440.1230257103122,32,3,Orthorhombic
mp-1077875,Sr2RhO4,0.0,-2.339764912857142,5.962173871817369,95.29107941705352,7,3,Tetragonal
mp-1147,Ti3O5,0.0,-3.379942991875,4.273518581031359,173.76464249467236,16,2,Monoclinic
mp-760400,Na5BiO5,0.8517999999999991,-1.6656732319905951,4.454948398909756,150.55961418912156,11,3,Monoclinic
mp-997109,PbAuO2,0.38060000000000005,-0.9648734562499981,10.474020212326613,138.29830762979236,8,3,Triclinic
mp-761563,Mn2FeO3,0.1081,-1.774976544310345,5.24056694993075,135.43925064661343,12,3,Monoclinic
mp-558367,KCr2FeO8,1.7437,-1.8024635343541662,2.793655142667693,388.65298091337155,24,4,Monoclinic
mp-4180,Ca2SiO4,4.6781,-3.4414730921428562,3.2197749440698162,355.31645449045686,28,3,Monoclinic
mp-29525,Rb3BiO3,3.1021,-1.62119586142857,5.022733737758071,678.9058800236188,28,3,Cubic
mp-7531,Ca4Al6O13,3.941799999999999,-3.437075475869565,2.580266769399281,341.207706299099,23,3,Cubic
mp-1178366,Dy2SbO2,0.0,-3.035161320666665,8.170584991281418,97.29997200039578,5,3,Tetragonal
mp-752658,Y2SeO2,2.161299999999999,-3.44194683646875,5.549596101909496,86.40533251899623,5,3,Trigonal
mp-19019,NiMoO4,0.0,-1.739861825000002,5.786931710495399,125.4707450621516,12,3,Monoclinic
mp-1101405,Rb2O,0.312799999999999,-1.116958591666666,3.320829418362156,186.94900057104866,6,2,Orthorhombic
mp-7899,BaCdO2,0.9746999999999991,-2.136694586874999,6.800727731381949,275.1675887508609,16,3,Orthorhombic
mp-4906,Te2SO7,3.3025,-1.642124450583332,4.561568444544739,290.6842960801557,20,3,Orthorhombic
mp-753839,CoPO4,0.6015,-2.022320124940476,2.893726689551208,353.26699007072057,24,3,Monoclinic
mp-680932,OsPbO3,0.0,-1.400550858999998,10.713008599289092,276.1692649119691,20,3,Cubic
mp-29755,CaSi2O5,4.7791999999999994,-3.287025233125,3.421778240859735,342.11845155511975,32,3,Triclinic
mp-19292,Co(AsO3)2,2.065699999999999,-1.620584872222222,5.702735875585171,88.7446207531823,9,3,Trigonal
mp-7868,PtO2,1.5362,-0.8706233616666661,10.346470471159828,72.89053050583813,6,2,Hexagonal
mp-552567,Ba2NiMoO6,2.3514,-2.44925213,6.364075894031199,274.11812350326596,20,4,Cubic
mp-755597,Ca2CeO4,2.161,-3.551315842857142,4.556653229407074,207.18749155646358,14,3,Orthorhombic
mp-850201,Na2VO3,1.7414,-2.256654640876437,2.7298379268365522,352.61295883550605,24,3,Orthorhombic
mp-8673,Li2SnTeO6,2.0439,-2.003959109333333,5.169476923730571,228.829632860771,20,4,Orthorhombic
mp-21461,Rb2PbO3,1.2741,-1.5558054725,5.779139807642443,489.7696515754485,24,3,Orthorhombic
mp-773596,Na7(CuO3)2,0.0,-1.378899526977011,2.930002754355592,435.2725421218641,30,3,Monoclinic
mp-3915,BaHgO2,2.2727,-1.9609385931250012,6.302162373093815,97.46807538236183,4,3,Trigonal
mp-556695,NaSrBO3,3.8575,-2.881395506757662,3.70574754927061,303.665388288976,24,4,Monoclinic
mp-1019559,Ca2B2O5,4.6781,-3.2427198609259262,2.779859581408415,434.33055518334567,36,3,Monoclinic
mp-510508,Ba2(IrO3)3,0.0,-1.871456811071432,7.729898899354655,427.62108283443,28,3,Cubic
mp-31603,LiCo(PO3)4,1.2302,-2.3959486392724862,2.5624227694893102,494.79016038627464,36,4,Monoclinic
mp-565518,NaV3(FeO4)3,0.0,-2.117147311651543,3.484596585851038,510.2205653552375,38,4,Triclinic
mp-690516,Sr2Co2O5,0.0,-2.086185635,4.732761832298899,130.90723280173034,9,3,Triclinic
mp-1190618,RbSO4,0.06479999999999901,-1.872839715833333,2.809153614875393,429.22297930495426,24,3,Monoclinic
mp-1078887,Sr2MnNbO6,0.0,-2.963928790793105,5.3236603421251765,130.71834738759054,10,4,Cubic
mp-12355,Sr2YTaO6,3.8491,-3.5869652552333333,6.400529567117464,280.75842475056976,20,4,Monoclinic
mp-1205520,Eu2DyTaO6,0.0,-3.472434145900001,8.316686918382102,148.42433340122045,10,4,Cubic
mp-12271,MgSeO3,4.0013,-2.024735936468753,4.425838297097966,227.0109625140416,20,3,Orthorhombic
mp-760919,VOF2,0.0,-2.851644011666666,3.537178680516303,295.579912877626,24,3,Triclinic
mp-1205311,Sr2NiTeO6,1.7083,-2.300039220166665,5.9222568349947675,513.1463414719371,40,4,Cubic
mp-561525,K2Ga2B2O7,3.7999,-2.525803064064103,3.025219226600467,578.4191885541406,39,4,Trigonal
mp-1518215,Sr2InBiO6,,-2.2340397986666662,6.519539684033151,151.55648700266326,10,4,Cubic
mp-1200408,SrMo2Se2O11,2.7115,-1.9363447849804691,4.038197159046899,504.48102188073597,32,4,Triclinic
mp-561186,Sm3BWO9,3.825699999999999,-3.350879025654762,7.231432999105853,362.6861262093619,28,4,Hexagonal
mp-1226251,CrGa(BiO3)2,2.0429,-1.9517191542499992,8.433297243357773,500.66554013289397,40,4,Trigonal
mp-557450,Na2PtO3,1.4682,-1.491386842126436,7.175444678697404,267.57829293185057,24,3,Monoclinic
mp-22457,K3Na(SO4)2,5.2996,-2.25555073343781,2.751199722067684,200.63231702392937,14,4,Trigonal
mp-22647,TmCrO4,0.21420000000000003,-2.789211074166669,6.233818856446557,151.7958531086955,12,3,Tetragonal
mp-1205549,Ba2GdTaO6,3.307599999999999,-3.543877060733334,7.44435689890334,158.11577510551845,10,4,Tetragonal
mp-22106,NdNiO3,0.0,-2.425266711,7.555034424780734,220.61318188350728,20,3,Orthorhombic
mp-754128,Ba3Hf2O7,3.5653,-3.6430178729166682,7.703156572421853,189.90438122783766,12,3,Tetragonal
mp-18160,Cs2SrV4O12,2.6812,-2.563402076805808,3.346881665876312,371.70682911750066,19,4,Tetragonal
mp-756354,SrSc2O4,2.7653,-3.711832489285714,4.436901901698158,180.78787999883093,14,3,Orthorhombic
mp-675076,Sr5U5O18,0.0057,-3.727729963214284,7.389014710871409,430.63671235229634,28,3,Triclinic
mp-754772,Cr(PO3)2,,-2.521258428809522,3.089480156496547,451.3556894183356,36,3,Monoclinic
mp-561097,Ti2MnO4,0.0,-2.926332923513958,4.396980769311792,162.1418653561439,14,3,Cubic
mp-7958,KLaO2,3.8596,-3.0045629105625,4.704259250354719,74.12803015588618,4,3,Trigonal
mp-558502,FeTeO3F,1.4996,-1.8445315740277772,5.018704916916735,331.45448708391166,24,4,Monoclinic
mp-1205976,NdTa2O6,0.0,-3.435342228018517,7.883676113035664,126.82754614450657,9,3,Tetragonal
mp-849307,Fe10O9F11,0.9217000000000001,-2.077797153666668,4.2939509740029,352.4633158291833,30,3,Triclinic
mp-1216357,VFe2(CuO2)3,0.8204,-1.493432661666667,5.301368744330187,140.72282352346852,12,4,Trigonal
mp-769364,Dy(BiO2)3,2.0037,-2.187891912166667,8.577164186332443,342.8414552631385,20,3,Trigonal
mp-15053,Y(PdO2)2,0.0,-1.9768296099999991,7.352770236704027,165.197950575512,14,3,Tetragonal
mp-1190335,BaCdAs2O7,2.5654,-2.101627822272726,4.9875169731078755,340.6479010114255,22,4,Triclinic
mp-1077929,La2CuO4,0.0,-3.042022152857141,6.721571458851243,100.14132165586027,7,3,Tetragonal
mp-687205,TcPbO3,0.0,-1.654065912999999,8.197885205224003,286.1710768914209,20,3,Cubic
mp-734337,TlPO4,0.5797999999999991,-1.992641907162699,6.382995475689633,311.50898534273625,24,3,Monoclinic
mp-754065,Hg(SbO3)2,0.5173000000000001,-1.6203834302777782,7.493444992406346,119.68697684837183,9,3,Trigonal
mp-9405,K3SeO4F,3.6512000000000002,-2.045040245454861,2.848201984303179,325.61386917254197,18,4,Tetragonal
mp-1105109,PrCu3(RuO3)4,0.0,-1.548487052583333,7.153152724074862,215.38457829257646,20,4,Cubic
mp-3378,SrHfO3,4.1704,-3.812364923999999,7.701226062859422,270.9121553948899,20,3,Orthorhombic
mp-759530,V3O5F3,0.0,-2.571435823636363,3.724047009082811,258.45644121597377,22,3,Monoclinic
mp-1002574,KMnO2,1.4647000000000001,-1.8524303256702581,3.294829914450623,254.0784046171219,16,3,Orthorhombic
mp-17741,Sm2ReO5,0.815299999999999,-3.2046630365625,8.737897139885265,430.95011750412965,32,3,Tetragonal
mp-505306,Eu2Sn2O7,0.0,-2.6704880995454543,7.431862864215932,291.95988237206393,22,3,Cubic
mp-1018828,NpSeO,0.0,-2.41014346703125,10.447421977398287,105.5248947381694,6,3,Tetragonal
mp-758880,LiCuPO4,0.379799999999999,-2.151846682091837,3.465487351598422,475.6907980689973,42,4,Trigonal
mp-32018,Mn(PO3)4,0.0,-2.3725683642060282,2.352219821363894,523.5657632853406,34,3,Monoclinic
mp-22194,NbFeO4,0.0,-2.431038916666666,5.490480842308214,128.68745117805852,12,3,Monoclinic
mp-22224,MnSeO3,2.8432999999999993,-1.6306255100549572,4.6768087554662365,258.33497727467676,20,3,Orthorhombic
mp-715664,V4O9,0.37670000000000003,-2.299875223846155,3.242187278599591,712.4450409585029,52,2,Orthorhombic
mp-849537,V6O11,0.44960000000000006,-2.451981873235294,4.048801227514153,395.0729988402168,34,2,Orthorhombic
mp-756726,Mn2Si2O7,0.0,-2.610715721442005,3.305521312103628,279.3514471346976,22,3,Orthorhombic
mp-1222598,Li3AsO4,,-2.26323918625,3.133556249694647,338.6033535673455,32,3,Orthorhombic
mp-28072,La2Be2O5,3.9238,-3.491867624444444,5.97070109618988,209.04889165546672,18,3,Monoclinic
mp-754055,CsErO2,2.8015,-2.983598822413793,7.654740204649692,144.11202510408083,8,3,Hexagonal
mp-773602,MnCo3O8,0.0,-1.234280509827585,4.474282979546723,133.50751851955778,12,3,Trigonal
mp-1228393,Ba2InBiO6,0.0,-2.282841987666667,7.2471367317719935,159.11930529721516,10,4,Cubic
mp-1218848,Sr8Cu(WO6)3,,-2.7864867205,5.860339748092362,909.0018727624915,60,4,Triclinic
mp-550759,RbClO4,5.2141,-1.069178804583333,2.888767327636777,106.29593612316515,6,3,Cubic
mp-756106,TbCeO4,0.156399999999999,-3.553700115277776,7.411797905835265,162.6704793712282,12,3,Monoclinic
mp-17170,HoCu(WO4)2,1.1338,-2.382025211666665,7.879802515032392,305.2060979456737,24,4,Monoclinic
mp-1217973,SrPrVO4,0.034399999999999,-3.156155420238096,5.874755017787566,97.08318980557686,7,4,Tetragonal
mp-756593,Ta3(OF)5,2.197,-3.3695761963076922,6.024090900327038,197.87038215252161,13,3,Orthorhombic
mp-1068742,SrZrO3,3.2609,-3.613318103,5.050542186479427,74.58215804793349,5,3,Tetragonal
mp-763985,Cr4OF11,0.7937000000000001,-2.878952498125,3.591000355557544,200.21088189413382,16,3,Triclinic
mp-548598,U(BiO3)2,1.593,-2.512985851111112,10.050266897950904,124.24568679366678,9,3,Trigonal
mp-505517,BaNb4O6,0.0,-2.728184333636361,6.802210302967415,147.67866181956387,11,3,Tetragonal
mp-562649,Ba3Co10O17,,-1.642840350166667,6.143442265862745,344.16681535905747,30,3,Trigonal
mp-361,Cu2O,0.512699999999999,-0.6445054383333331,6.20494716806907,76.5869082712687,6,2,Cubic
mp-653973,KZnPO4,,-2.513886915925169,3.11032038255867,2555.9459126710613,168,4,Hexagonal
mp-616564,RbPbIO6,1.3747,-1.248388385277777,5.144900144702858,332.80409491774435,18,4,Hexagonal
mp-21060,NaFeO2,2.060799999999999,-1.748020930344827,3.218761984945283,228.7133656243753,16,3,Orthorhombic
mp-1394,Rb2O,1.3192,-1.129998786666666,4.015077323666957,154.62360766261503,6,2,Cubic
mp-556283,Na2TiSi4O11,2.726199999999999,-3.119839093671773,2.710970496753393,468.1925091311907,36,4,Tetragonal
mp-866311,Bi3BrO4,0.9257999999999991,-1.630138166874999,8.837934474295418,144.8318707646196,8,3,Tetragonal
mp-510531,EuTl(MoO4)2,0.0,-2.180630269027779,5.743564171340371,391.0094308920621,24,4,Tetragonal
mp-760942,Na2CrO4,3.0117,-1.954804920394088,2.182264639447309,246.49887599399528,14,3,Triclinic
mp-17878,BaHo2CuO5,0.0,-3.093318911388888,8.100242852513261,500.7958923478265,36,4,Orthorhombic
mp-19136,TbFe3(BO3)4,2.368,-2.5794058921666663,4.536904963553624,205.5851001212747,20,4,Trigonal
mp-545783,BaBiO3,0.0,-2.212216009,7.540948198681999,86.82725775700082,5,3,Cubic
mp-753608,Mn5O7F,0.0,-2.02128923458886,4.28155547491202,157.3388096183024,13,3,Trigonal
mp-5280,In2Ge2O7,1.7955,-2.060192433484849,5.64415693953068,143.25187526691218,11,3,Monoclinic
mp-2940,LuPO4,5.9556000000000004,-3.519590600218253,6.685511013239572,134.09392185199897,12,3,Tetragonal
mp-7889,Sr2YReO6,0.0,-2.989033672249999,6.219272029991636,145.87467299349342,10,4,Cubic
mp-772110,Li4Mn3Nb5O16,,-2.606654675611659,4.555036343576913,332.87087734986187,28,4,Monoclinic
mp-37473,TiOF2,1.8523,-3.538201400833334,2.960624496597418,114.26496934733672,8,3,Tetragonal
mp-1217982,SrNdMnO4,0.0,-2.98013788934729,6.117908324209578,95.21443655647417,7,4,Tetragonal
mp-22408,CoO,0.5880000000000001,-1.2718311462500012,5.451909946417111,45.6458388279094,4,2,Cubic
mp-19340,LiVO2,0.0,-2.493781042083334,4.253525953755533,140.35547132375402,16,3,Trigonal
mp-1191650,VCuBi2O7,0.07450000000000001,-1.713517193181818,6.8551130205813005,312.2120965991404,22,4,Triclinic
mp-565431,Rb(WO3)3,0.0,-2.237899200192307,7.137196518574045,363.4064950158128,26,3,Hexagonal
mp-757831,Li2CoP2O7,1.984999999999999,-2.4671908973710313,2.900614016661129,565.0557550397834,48,4,Monoclinic
mp-7013,Ho2Be2SiO7,5.0859,-3.586752802083332,6.341466749065326,255.55195447357374,24,4,Tetragonal
mp-13929,Ba2SmReO6,0.0,-2.9799572767500013,7.459297383765616,157.43602391227296,10,4,Cubic
mp-752729,CaTb2O4,3.6321,-3.7110515533333333,6.949452736725479,403.2692247396275,28,3,Orthorhombic
mp-9125,Ca(SbO3)2,2.6942999999999993,-2.370946821111111,5.243032151053256,120.22267125254261,9,3,Trigonal
mp-690658,V2CuO6,0.316299999999999,-1.985956454444445,4.427442375497323,98.04917893545014,9,3,Triclinic
mp-1189790,NdFe4(CuO4)3,0.8729999999999991,-1.6472652043749991,5.937865989889401,209.81007088191984,20,4,Cubic
mp-1213733,CrMoO4,0.0,-2.166948223333333,5.625653426891718,62.557033232231895,6,3,Orthorhombic
mp-8298,Sr4P2O,1.2134,-1.633793929183673,3.8379830050716723,185.36289596519038,7,3,Tetragonal
mp-4819,MgGeO3,2.5261,-2.554010083,4.426262699821197,217.50525204727657,20,3,Monoclinic
mp-753937,Ho2V2O7,0.506599999999999,-3.173274079545454,5.536187807285252,163.0906706205035,11,3,Monoclinic
mp-545500,BaSbClO2,2.8810000000000002,-2.501479447,4.9611910576658405,218.58881379819084,10,4,Orthorhombic
mp-558636,CaAl2O4,4.9805,-3.436829927142855,3.628595404809274,144.6451688587642,14,3,Monoclinic
mp-997041,NaCuO2,0.44930000000000003,-1.349820689094826,3.85603629174544,102.08995358959562,8,3,Orthorhombic
mp-754233,Li5CrO5,,-2.079469437651516,2.664162036013421,415.6034109579947,44,3,Monoclinic
mp-541581,KSO3,4.9772,-2.073822209616666,2.315881936093708,512.648739732601,30,3,Trigonal
mp-821,NbO2,0.42600000000000005,-2.89526383375,5.728621222714797,579.294522565521,48,2,Tetragonal
mp-557387,Sr2TmNbO6,2.8569999999999993,-3.453018481500001,6.040032196060642,293.1094201709286,20,4,Orthorhombic
mp-754475,Tm2SeO2,1.6778,-3.473438934468754,8.728808541985662,85.38337499082436,5,3,Tetragonal
mp-1019519,Ba2NaO,0.0,-1.448841951594827,2.855418573709402,364.7918664933926,8,3,Orthorhombic
mp-755315,BaTl2O4,0.009199999999999,-1.6431717595238111,8.826052667574341,229.5658795490279,14,3,Orthorhombic
mp-550454,Ba2Mn2As2O,0.0,-1.267897156551724,5.323140032634683,171.68726490976596,7,4,Monoclinic
mp-21137,Ca2PbO4,1.4813,-2.551106224285708,6.006274384912787,194.27563298010114,14,3,Orthorhombic
mp-780255,Gd3NbO7,2.282,-3.691490487727272,7.348121995940108,305.8216453158662,22,3,Orthorhombic
mp-541495,KY(PO3)4,5.3607,-2.909517903101189,3.006965741746129,490.2616573224401,36,4,Monoclinic
mp-19390,WO3,1.1124,-2.183169171249999,6.981643244697576,55.141228896593404,4,2,Cubic
mp-17703,BaHoCo4O7,0.0,-2.053564298461538,5.880614279308127,367.07967175706244,26,4,Hexagonal
mp-18705,Sr3TbRhO6,2.1142,-2.919433923333332,6.548687699428843,314.7731191565031,22,4,Trigonal
mp-755097,Fe6O5F7,1.4277,-2.103375520555555,4.292719216312159,212.00270921856927,18,3,Orthorhombic
mp-765093,LiSb(PO3)4,,-2.434852720800265,2.9433531419707952,1003.2872238828546,72,4,Orthorhombic
mp-978114,Sn5O6,1.7702,-1.762198781818187,5.830138071308603,392.7930081341573,22,2,Monoclinic
mp-559288,Gd(PO3)3,1.3121,-2.979352516840658,3.895986164873769,336.0011174193729,26,3,Orthorhombic
mp-1228485,Al3CrO6,3.8929,-3.147947862999999,4.321745483375596,351.85693006955734,40,3,Trigonal
mp-18787,Ba2Mn3(SbO)2,0.0,-1.375203465421455,5.667763031489996,418.9532029055122,18,4,Tetragonal
mp-19011,Ba2NiTeO6,0.0,-2.277184675666666,6.392955090528779,289.3268995963374,20,4,Trigonal
mp-559545,SeO2,3.4417,-1.145063927447916,4.253779021033181,346.5180890159246,24,2,Orthorhombic
mp-757688,BaNb8O14,,-2.863603719130435,6.046941159732788,1213.2951127186752,92,3,Orthorhombic
mp-554626,Ba(BrO3)2,4.1953,-1.167833141111111,4.003796061017979,326.0955543480764,18,3,Monoclinic
mp-561260,Na2CaP2O7,4.962,-2.88676357392036,2.63290235079473,327.95867989578716,24,4,Triclinic
mp-3228,HgSO4,1.3525,-1.470038915833334,6.39970907379453,153.94550778114908,12,3,Orthorhombic
mp-4236,BaZnO2,2.2724,-2.3654240366666652,5.725287390866139,204.24457974584027,12,3,Trigonal
mp-1042896,Ge2BiO6,0.0,-1.8254305166666671,5.366337091797233,278.65152472257455,18,3,Monoclinic
mp-3317,SmRhO3,0.7331000000000001,-2.528890301999999,8.417087719860298,237.73550180216748,20,3,Orthorhombic
mp-1203398,Ta4Ag2O11,2.3939999999999992,-2.794109930745097,8.969128613410852,413.0538899209222,34,3,Trigonal
mp-6473,Ca5P3O12F,5.5148,-3.420683907329906,3.207816307181549,522.1084404524354,42,4,Hexagonal
mp-758432,LiP3W2O13,3.452099999999999,-2.469953406697993,4.310654423731253,520.4552694658253,38,4,Triclinic
mp-6231,Ba2ErSbO6,3.3776,-3.108728319000001,7.171898429169053,152.7359625291706,10,4,Cubic
mp-1019542,BaCaB2O5,4.4673,-3.206978065092593,3.617093118890284,1024.7571456742523,72,4,Monoclinic
mp-777339,LiV3OF11,,-2.954687680208333,2.8901796812837013,442.10952350621824,32,4,Triclinic
mp-1191333,Zn2MoSeO7,3.7131,-1.730790659303977,4.329106642546987,320.449524962429,22,4,Monoclinic
mp-7204,CaZnSO,2.6853,-2.174105661874999,3.580958773196182,142.4077262992574,8,4,Hexagonal
mp-1192417,BaGePbO4,3.4303,-2.349798765714287,6.491350804520728,492.3428973880291,28,4,Orthorhombic
mp-1181711,CrWO4,0.0,-2.218285641666666,7.299768045058687,136.41134054122443,12,3,Monoclinic
mp-753061,TiCo3O8,1.1234,-1.593858672777777,3.998174102578595,292.93805435421405,24,3,Trigonal
mp-39412,SrLaMn2O6,0.0,-2.762074547086206,6.02233523827077,119.22513053330319,10,4,Tetragonal
mp-755073,CrO,0.0,-1.967088979999999,4.800886276421006,94.07361691322753,8,2,Tetragonal
mp-6389,NaLa2RuO6,0.47750000000000004,-2.79218781713793,6.016869512652854,274.8032953668443,20,4,Monoclinic
mp-23050,GdClO,3.0355,-3.478307646666665,6.636607544198575,104.43844575264232,6,3,Tetragonal
mp-1101793,YSeO3F,3.8843,-2.8140178078906253,3.900379083741579,199.9796791249297,12,4,Monoclinic
mp-3904,Mg2GeO4,3.0734,-2.7410589342857152,4.382740779102948,140.3737488927426,14,3,Cubic
mp-26572,CrP2O7,,-2.42695304417857,3.059888199763317,490.4509129008333,40,3,Monoclinic
mp-1176520,Mn2Cr3Co3O16,,-1.5439163464942531,4.520250129579267,256.6545767338962,24,4,Triclinic
mp-6790,Ba2Y(CuO2)4,0.0,-2.050150574666667,5.936250568336678,208.60454115924338,15,4,Orthorhombic
mp-759583,Na2Co6O7,0.0,-1.242409874850575,4.438355413538796,382.7946965893206,30,3,Tetragonal
mp-559837,Bi2Te2WO10,2.8648,-1.7721352225555562,7.475896245348414,451.78786342301595,30,4,Monoclinic
mp-996968,AgBiO2,1.6897,-1.113817327916666,7.696995053708715,150.51971111835897,8,3,Monoclinic
mp-754349,GdOF,3.200999999999999,-4.174533709999999,7.582857594576073,84.19912511873451,6,3,Tetragonal
mp-753983,In2HgO4,0.14620000000000002,-1.6002527151190482,8.16108194058686,201.11980284238567,14,3,Cubic
mp-578604,NaCrO2,2.891,-2.255811479719828,4.36480371578805,40.701079460716684,4,3,Trigonal
mp-561272,Nd3BWO9,3.8249,-3.328955441547618,6.83092754434978,375.0274522309176,28,4,Hexagonal
mp-771695,Mn5Cr(PO4)6,0.0,-2.428088025208675,3.324803560586417,447.75497827582245,36,4,Trigonal
mp-554163,Cu5Se2(ClO4)2,0.0,-1.035076477628676,4.646758128973962,482.1075635667915,34,4,Monoclinic
mp-6252,Sr2CuTeO6,0.21980000000000002,-2.211730652666666,5.876269480473245,130.66181553784574,10,4,Tetragonal
mp-7375,KNbO3,2.2934,-2.852127680450001,4.499799378518349,66.42558683114697,5,3,Trigonal
mp-547125,TbBi2ClO4,1.3439,-2.462889460833334,8.09559497399554,138.72774010555338,8,4,Tetragonal
mp-1205906,KMnIO6,1.9674,-1.4580624716867812,3.770932492545123,279.1281086083277,18,4,Trigonal
mp-1106325,CaCu3(PtO3)4,0.0,-1.146631897,9.041315103663004,220.95268955515476,20,4,Cubic
mp-555891,SiO2,5.3872,-3.2593559183333323,1.992680334534561,200.27763781191564,12,2,Monoclinic
mp-2616,NpO2,0.0,-3.601204179583336,11.203450100361314,39.870130385470674,3,2,Cubic
mp-4527,Li8SnO6,3.8134,-2.143005662111111,3.452514728250318,129.97331326856437,15,3,Trigonal
mp-559122,WO3,1.2542,-2.184233883125,6.8803860573082884,223.8109228311719,16,2,Tetragonal
mp-10584,Ba2LiOsO6,0.0,-2.442012323333333,6.8169147599775535,138.31618125654984,10,4,Cubic
mp-9747,B4PbO7,4.208499999999999,-2.647339741388887,5.8469935988933734,205.86492425940006,24,3,Orthorhombic
mp-23356,Bi4B2O9,2.8354,-2.08657595738889,8.207958604287226,810.4784090521937,60,3,Monoclinic
mp-10547,RbAuO,1.4283000000000001,-1.067955709166669,6.849364447527324,289.4054979924927,12,3,Tetragonal
mp-23089,SrTa2Bi2O9,2.514199999999999,-2.837897215333334,8.761685001105679,383.3936909868967,28,4,Orthorhombic
mp-559387,Mn3V6(FeO6)4,1.4562,-2.159603439832247,3.605208229929879,496.44198266083754,37,4,Triclinic
mp-1223663,K2CaPrO4,0.0,-2.5406521970208322,3.7701287995269173,142.34335085057785,8,4,Monoclinic
mp-641365,PbWO4,2.8997,-1.9930103074999992,8.436680852482374,179.12440325381687,12,3,Monoclinic
mp-18743,CaMnP2O7,3.4785,-2.901390524292431,3.263683968611376,273.6892075629557,22,4,Triclinic
mp-27686,Cd2P2O7,2.713899999999999,-2.340521466753244,4.9380368820343925,268.18973398781293,22,3,Triclinic
mp-11601,NaErO2,4.0684,-3.178125172219825,6.902540289538752,53.46593511459112,4,3,Trigonal
mp-1212368,Ho2Be2GeO7,,-3.287437647499999,6.66631300750072,265.2955532763876,24,4,Tetragonal
mp-541917,Na2Te4WO12,2.9425,-1.78390556891712,5.417428302660353,571.4796468225549,38,4,Monoclinic
mp-849704,LiFe4(BO3)4,0.16490000000000002,-2.227848648571428,3.20241540130995,482.80864146738844,42,4,Triclinic
mp-555498,Ba3ErMn2O9,0.0,-2.755539548724138,6.345288778524624,436.0440937626628,30,4,Hexagonal
mp-18991,Ba(NiO2)4,0.323099999999999,-1.236639218461538,4.554255046519359,364.68252412751656,26,3,Trigonal
mp-6391,Na2ZnSiO4,3.174299999999999,-2.487630072219827,3.411351718507767,198.087229141996,16,4,Monoclinic
mp-5735,BaTbO3,0.0,-3.123357270333334,6.55273342641514,174.47420786847704,10,3,Orthorhombic
mp-546790,LaCuTeO,1.1839,-2.177470654166667,6.999248087992701,164.19791995991815,8,4,Tetragonal
mp-1095229,YNbO4,3.6489000000000003,-3.540336069166668,5.457886115307457,149.57322928542308,12,3,Tetragonal
mp-1228097,Ba5Ce4ZrO15,,-3.5620792346,6.002139902274556,436.65294362241053,25,4,Orthorhombic
mp-1044049,CaBi3O7,0.0,-1.765579063636364,7.164768084257464,722.1921635172996,44,3,Orthorhombic
mp-558243,Ba2InClO3,1.914499999999999,-2.64616423095238,5.593632403733022,280.7862199086928,14,4,Tetragonal
mp-7206,TcAgO4,1.6034000000000002,-1.525970481111109,5.565161109707231,161.04572529180086,12,3,Tetragonal
mp-7404,Na3SbO4,2.1351,-1.99851067864224,4.3983364555497655,192.33816514824463,16,3,Monoclinic
mp-17738,Sr2Cu(SeO3)3,0.08410000000000001,-1.9164332651354172,4.373747667471114,470.5212611992055,30,4,Triclinic
mp-18551,Cr3BO6,0.17850000000000002,-2.471287666166667,4.497651742514467,388.0981021803423,40,3,Orthorhombic
mp-1025351,Sr4Bi2O,0.6276,-1.562625830714285,5.842098944259131,222.96671280987803,7,3,Tetragonal
mp-18935,K2V(PO4)2,2.74,-2.669670406445054,2.699048469137142,392.6170127832533,26,4,Tetragonal
mp-4753,Al2SiO5,4.8382000000000005,-3.3748300146875,3.1566437736607282,340.9735539443443,32,3,Orthorhombic
mp-6625,LaAgSO,1.3631,-2.303094082291666,6.425297428420475,152.39454329083125,8,4,Tetragonal
mp-550172,SnO2,0.806099999999999,-2.105231148333332,6.627867109956123,75.51685811698864,6,2,Orthorhombic
mp-27127,Te4O9,2.2225,-1.45228178628205,5.844461352020299,371.8555852530192,26,2,Trigonal
mp-561141,KYP2O7,5.201799999999999,-3.116711503321427,3.140379010698963,319.32169647675147,22,4,Orthorhombic
mp-19420,Sr2MgWO6,3.4311,-2.9851568834999993,6.415412418722888,124.08111755656492,10,4,Tetragonal
mp-1213081,CsMn2(PO3)6,0.0,-2.585143401606458,2.866009753758758,415.1990068477632,27,4,Monoclinic
mp-767776,P4WO12,,-2.473542989621846,3.779395785773813,439.12713105914906,34,3,Monoclinic
mp-20529,Ba3NaIr2O9,0.0,-2.146700871425288,6.980498281962434,458.35188973859243,30,4,Monoclinic
mp-1215607,Zr2TiSnO8,2.825499999999999,-3.255777128194445,5.40567165405295,146.5332577244963,12,4,Monoclinic
mp-1272141,MnO2,1.9395,-1.750180578477013,2.952306442207067,48.89804980458858,3,2,Trigonal
mp-676273,Pr2SbO2,0.0,-2.860669066666666,6.592080014950676,109.72072666119584,5,3,Monoclinic
mp-1080506,Sr2TaInO6,4.0244,-3.0576499634,6.679951615775489,140.9485413887938,10,4,Cubic
mp-15751,Ba3Y4O9,3.3201,-3.527433782187499,5.51726791758945,274.36509794051545,16,3,Trigonal
mp-644103,CaSiSnO5,3.2022,-2.936712686874999,4.353859717346782,203.56599419474534,16,4,Triclinic
mp-17289,CoMoO4,0.0,-1.698526819583333,4.904389051496202,296.42306254184524,24,3,Monoclinic
mp-18869,Na4Mn2O5,0.0,-1.87743784648903,3.626722850867412,258.0805553506074,22,3,Orthorhombic
mp-1192881,Ba3P2(SeO)4,1.3262,-2.345350810281593,4.559929026744185,621.8131880240751,26,4,Triclinic
mp-556407,Ba3Bi2TeO9,2.1188,-2.334691380444445,7.14956003425265,511.6802199628292,30,4,Trigonal
mp-556379,BaVOF4,2.7946,-3.449738876785715,4.375980947043825,425.39965004482474,28,4,Orthorhombic
mp-850189,LiVSnO4,1.4519,-2.331040234761905,4.724383142092846,169.12652851022693,14,4,Orthorhombic
mp-18398,CsV3(TeO6)2,2.3111,-2.061867867110472,4.473861676635329,544.0699557994548,36,4,Hexagonal
mp-20079,CaPbO3,0.933199999999999,-2.173213993499998,7.124821189855321,275.27296614002546,20,3,Orthorhombic
mp-8136,ThSO,1.114499999999999,-3.4304611374999983,8.692176439657416,107.0206249745882,6,3,Tetragonal
mp-21370,Ba2EuSbO6,0.0,-2.8517456435,6.67951782348493,160.19253080736226,10,4,Cubic
mp-20431,Ca2FeSbO6,1.4857,-2.54563916075,4.8619888213575475,483.28205134360906,40,4,Monoclinic
mp-777536,Fe5O3F7,1.3664,-2.230133625999999,4.195355409433337,364.30765336156065,30,3,Monoclinic
mp-752533,SrLa2O4,2.7904,-3.568850792857143,5.75927626228609,247.62933205775724,14,3,Orthorhombic
mp-22946,CrClO,0.3688,-2.023977388333333,3.5024825568005262,98.0905816633612,6,3,Orthorhombic
mp-12673,Lu2SO2,3.0925,-3.6290922981666682,9.13766968960779,75.2335708926201,5,3,Trigonal
mp-554059,Sr2UZnO6,1.8031000000000001,-3.195823640999999,6.670950993989005,286.09688279415104,20,4,Monoclinic
mp-557918,KGaAs2O7,2.6826,-1.938650839977273,3.835350294787927,320.9594228845839,22,4,Triclinic
mp-1183290,BaPtO3,0.0,-1.712383318999999,8.913980135863296,70.864454291593,5,3,Cubic
mp-6798,Ba2NaReO6,1.8688,-2.688152365387931,6.448879842653157,149.30637579544822,10,4,Cubic
mp-559442,Ba2Ru7O18,0.0,-1.7513619711111121,6.448030355149795,327.09303185913336,27,3,Triclinic
mp-753306,YUO4,0.0,-3.8799478824999962,8.572582516489266,151.44991720510967,12,3,Tetragonal
mp-630866,Fe3Pb4ClO8,1.120499999999999,-1.537336499374999,7.810750962803072,246.56596037408661,16,4,Tetragonal
mp-6036,CaCu3(RuO3)4,0.0,-1.4716149799999991,6.511974883690851,210.88029892128918,20,4,Cubic
mp-22655,KNiPO4,3.272099999999999,-2.316560863484693,3.151773104408953,406.23558161679784,28,4,Orthorhombic
mp-554929,CsNdNb2O7,2.392,-3.184580225650469,5.437015340563386,351.19890584585113,22,4,Orthorhombic
mp-754719,V2Si2O7,0.0,-2.889223890454546,3.643664929294952,246.1413173435173,22,3,Monoclinic
mp-504427,Ti3PbO7,1.982899999999999,-3.153193498181819,5.721579052693589,268.62939731145656,22,3,Monoclinic
mp-687301,MgUO4,1.6931,-3.457283750833332,7.009874691922739,154.6065357322199,12,3,Orthorhombic
mp-505225,UPO5,0.019199999999999003,-3.2201467578061242,5.55815960699743,417.0643742270312,28,3,Triclinic
mp-12911,Ba2LaRuO6,0.24369999999999903,-2.780421626499999,6.284483432539392,161.3447028854519,10,4,Trigonal
mp-12646,EuNbO4,0.0,-3.188677660833333,6.604074517630769,155.32451847494514,12,3,Monoclinic
mp-996980,AgAuO2,0.0,-0.45604135291666703,9.489890017240551,117.87814173834778,8,3,Orthorhombic
mp-29366,PWO5,1.8574000000000002,-2.461611074591843,4.964159973761716,394.463345373739,28,3,Orthorhombic
mp-554508,KYP2O7,5.065,-3.126331969230519,2.95840276884358,677.9274031496124,44,4,Monoclinic
mp-561226,BTe3(OF5)3,3.7899000000000003,-2.343432184280303,3.338770654522016,722.7349910273948,44,4,Hexagonal
mp-1194043,ErBO3,5.6533999999999995,-3.567248622833331,7.094939422246892,317.461550106139,30,3,Monoclinic
mp-760447,Tl2(PbO3)3,0.0,-1.140957810119048,9.504835340226384,205.16637912138825,14,3,Tetragonal
mp-1178212,FeSnO3,0.8620000000000001,-1.858812262000002,6.264690592443936,235.9626720863631,20,3,Triclinic
mp-775644,V3CuO8,0.8436999999999991,-2.039223064166666,4.0384983015087474,566.3815164497398,48,3,Cubic
mp-28948,Cs2V4O9,0.0,-2.470897988954024,4.066114726969449,501.14643615665284,30,3,Tetragonal
mp-756391,Mn3Ni(PO4)4,0.0,-2.314926792598522,3.563403215617351,281.1799732324771,24,4,Monoclinic
mp-34296,Zn(FeO2)2,0.22940000000000002,-1.692797643571428,5.168969011698261,154.90529048186292,14,3,Orthorhombic
mp-777382,Ni3OF5,0.30299999999999905,-1.993043533888888,4.686204000030421,203.44553215220637,18,3,Triclinic
mp-754717,RbBrO4,2.8514,-0.8399150054166671,3.246681090131572,234.62535358972812,12,3,Tetragonal
mp-556804,PrAl3(BO3)4,5.076200000000001,-3.230309770166666,3.995057295456916,379.9766534210815,40,4,Monoclinic
mp-753102,La2Bi4O9,1.7390999999999992,-2.379448334333334,8.028121881449833,260.14864770786403,15,3,Triclinic
mp-555495,K3Y(BO3)2,3.1826,-2.8282604820902773,2.952501641236295,364.2432177365696,24,4,Orthorhombic
mp-19306,Fe3O4,0.0,-1.6295829685714271,5.108710522936223,150.5150568877793,14,2,Cubic
mp-13356,Ba2SrTeO6,3.129199999999999,-2.730477315666667,5.9050971342257945,164.74931149326784,10,4,Trigonal
mp-1205701,Eu2HoTaO6,0.635899999999999,-3.487174774233334,8.394413060617532,147.53078557475084,10,4,Cubic
mp-18721,Mn2P2O7,2.2949,-2.5816131941043423,3.763679967633767,125.22138674368266,11,3,Monoclinic
mp-772191,Tm2TeO6,3.0533,-3.051692781851852,7.922426364854315,353.04876001154787,27,3,Trigonal
mp-555918,Hg2SeO3,2.3109,-0.919396378307293,7.551209738462043,464.5582067185021,24,3,Orthorhombic
mp-28546,Eu4Cl6O,0.9888000000000001,-2.880816175454547,5.063771663299183,548.6672406051231,22,3,Hexagonal
mp-19238,Co(PtO2)3,0.1366,-1.021103145,10.978935086425206,447.80315948693703,40,3,Orthorhombic
mp-9212,NaAlO2,3.7968,-2.929171832219827,2.785895982264032,195.43380986900937,16,3,Orthorhombic
mp-18781,CrCdO4,2.2913,-1.631303849999999,4.383609980589499,173.0422774947916,12,3,Orthorhombic
mp-1095429,KUClO3,1.758299999999999,-3.143716590374997,4.627344652503922,258.7896866741998,12,4,Monoclinic
mp-1227367,BeZn3O4,1.5432000000000001,-2.077012358124999,5.187719643290688,86.18009943056134,8,3,Tetragonal
mp-752442,BaLu2O4,3.2577,-3.756481235833334,8.93026748034847,410.01524001988935,28,3,Orthorhombic
mp-553964,WO3,1.2556,-2.183374786875,6.871289070779175,224.10722894332804,16,2,Orthorhombic
mp-1226786,Ce2ZrO6,2.0796,-3.840617428888888,6.7111669272190575,115.6614014215226,9,3,Orthorhombic
mp-1047694,Ca(CoO2)2,0.29399999999999904,-1.789391394285714,4.884197707278324,150.91254162981622,14,3,Orthorhombic
mp-18758,Co2GeO4,0.0,-1.636487282142857,5.903332798524624,143.1780427849829,14,3,Cubic
mp-849246,Ti2CdO5,2.5113,-2.942224596458333,4.641201002048208,206.18415255753976,16,3,Orthorhombic
mp-859121,Sb16Cl4O21,1.371,-1.634312149390243,4.998249356259567,805.9622620949315,41,3,Triclinic
mp-23129,Ba2Cu3(BrO2)2,0.0,-1.7906236781818181,4.865547191405451,235.1787867809721,11,4,Tetragonal
mp-18967,Ba2CoMoO6,0.0,-2.463285518,6.306065383062162,276.7660678753778,20,4,Cubic
mp-759117,Li2SbP3O10,,-2.498545390349703,2.5875995525556412,997.3947512517126,64,4,Monoclinic
mp-1228308,Ba2TaCoO6,1.532799999999999,-2.811752820733334,7.770556662253529,130.4683061576707,10,4,Cubic
mp-1223364,KNaNb2O6,1.982099999999999,-2.8308690588629313,4.2802001927115985,133.41777449740312,10,4,Monoclinic
mp-18831,Y2Mn2O7,0.8710999999999991,-2.8683690523510963,5.46989319572379,242.67026493050784,22,3,Cubic
mp-8696,K3Na(SeO4)2,3.5425,-1.7883623598440561,3.242168780117555,218.286456109047,14,4,Trigonal
mp-1078341,EuNbO3,0.0,-3.143563456000004,7.369784191063378,131.97665110991449,10,3,Orthorhombic
mp-1078367,InNi2SbO6,0.0,-1.6801165316666662,6.50418937724267,114.87644466019039,10,4,Trigonal
mp-17712,Pr4V5(Si2O11)2,0.0,-3.184211423904761,4.996630559020312,426.27095834404207,35,4,Monoclinic
mp-9115,Ba2SrIrO6,0.0,-2.4566585610000002,6.621821156166579,163.12124935980196,10,4,Cubic
mp-29543,P2SeO3,3.1407,-1.739976933396576,2.486761203785346,1009.1369742422089,48,3,Monoclinic
mp-1147547,Sr2TaAlO6,1.0943,-3.433930811733333,6.413653829484513,124.05932442235034,10,4,Tetragonal
mp-547792,KSbO3,2.6808,-2.049127173449997,4.514453166273659,153.64624010469555,10,3,Trigonal
mp-1019732,EuAl2O4,0.09919999999999901,-3.413126838214287,4.707682088895626,380.8417501999522,28,3,Monoclinic
mp-22019,Yb3Sb5O12,0.0,-2.326643973,7.335763170491271,597.5565780863701,40,3,Cubic
mp-13285,NaPd3O4,0.0,-1.076333452047413,7.404785345102186,182.20369557076128,16,3,Cubic
mp-552604,YBi2ClO4,1.3088,-2.4487773725000013,7.314987307924014,137.6370782335932,8,4,Tetragonal
mp-777876,Fe5O3F7,0.04360000000000001,-2.225782478666666,4.235832645666548,360.8263621538524,30,3,Monoclinic
mp-19897,Eu2TeO2,0.0,-2.719127551333334,7.160551484366655,107.49232953586738,5,3,Tetragonal
mp-759469,VO2F,1.5277,-2.428957597083334,3.270804989487477,310.51658464419825,24,3,Monoclinic
mp-754642,Mn2FeO4,0.0,-1.9014384244088682,4.705245352673424,162.14111294172523,14,3,Tetragonal
mp-3252,SrTe3O8,2.1871,-1.8789951020833322,6.248295936176283,318.068102982764,24,3,Tetragonal
mp-1096875,CrAgO2,1.1658,-1.592255186041666,6.519927784361326,195.45993975771694,16,3,Trigonal
mp-1105361,Dy5(MoO6)2,0.0,-3.34389256464906,7.97367935533576,249.14768754630646,19,3,Monoclinic
mp-1041584,SnO2,0.6344000000000001,-2.107117699166666,6.60788196564374,151.49050868739357,12,2,Orthorhombic
mp-19341,Tl2WO4,3.3207,-1.698710534523813,7.791650949965309,279.8680106167985,14,3,Trigonal
mp-5679,CdSO4,3.0499,-1.823653553749999,4.716556819098188,146.79291289484837,12,3,Orthorhombic
mp-22172,UCr2O6,1.0302,-2.8995583744444433,6.964240683001815,104.43998424482174,9,3,Trigonal
mp-6309,La3Cu4(P2O)2,0.0,-1.542299241043956,6.224607956634512,220.56395760414517,13,4,Tetragonal
mp-555338,BaMo2(PO6)2,3.0078,-2.510484298193277,4.02725657990788,480.89258475177536,34,4,Monoclinic
mp-553934,Si4Mo2P4O23,2.6946,-2.742999059805186,2.909067191033097,454.42764210670566,33,4,Triclinic
mp-17561,MnNb2Zn2O8,2.0203,-2.515929143687003,5.296007927700005,313.27201843140733,26,4,Monoclinic
mp-760848,Li10Fe3Co7O20,0.0,-1.7919419003333341,4.699120957406105,342.5821822613288,40,4,Monoclinic
mp-1273081,CaLa2CoO6,0.10540000000000001,-2.9298201425,5.961464363735412,263.40294963639445,20,4,Trigonal
mp-17874,Sm2Cu(SeO3)4,0.52,-2.005956999177631,4.900960064138381,590.9675281508642,38,4,Monoclinic
mp-755953,VSb(PO4)2,1.927099999999999,-2.463971219107142,3.67007869618255,328.15912195845107,24,4,Monoclinic
mp-19504,BaV2(CoO4)2,0.0,-2.2868378326923082,4.723048751493181,682.1698167211397,52,4,Tetragonal
mp-18720,Mn2CdO4,0.0,-1.862363835123151,5.658383257797477,168.02923741843333,14,3,Tetragonal
mp-7337,NdAl3(BO3)4,5.308399999999999,-3.234371249708333,4.044985216370671,189.0120799500233,20,4,Trigonal
mp-545539,Pr2BiO2,0.0,-2.823068512666667,7.544109934976677,115.07264588347986,5,3,Tetragonal
mp-560308,BaZr4(PO4)6,4.3446,-3.260100587938776,3.258130811098413,546.3816389557923,35,4,Trigonal
mp-7848,AlPO4,5.669599999999999,-3.120438762440476,2.177671628864191,92.99269598195042,6,3,Tetragonal
mp-31358,RbBO2,3.9289,-2.622254900833333,3.309876090776451,386.13523949723253,24,3,Trigonal
mp-559614,Sr2ZnReO6,0.0,-2.55876761175,6.747123739295516,257.3590969464634,20,4,Monoclinic
mp-19036,Tm2V2O7,0.0,-3.259915154545456,7.533087323313743,243.24630111812294,22,3,Cubic
mp-551873,Ca4Bi2O,0.8131,-1.6022213792857172,5.282084208645243,186.82250515415913,7,3,Tetragonal
mp-10347,CsCa2Ta3O10,2.1798,-3.318698403853449,6.281333987154585,242.12790249231253,16,4,Tetragonal
mp-18730,K3Na(FeO4)2,1.4664000000000001,-1.411235263080664,2.727201941306734,462.7122051460656,28,4,Trigonal
mp-19085,Ba2MnWO6,2.2267,-2.746980555793102,6.964970701094756,290.591241413471,20,4,Cubic
mp-2721,Ce2O3,0.0,-3.688947110999999,7.123829429995266,76.50928132038298,5,2,Trigonal
mp-29605,SrPr2O4,3.3444000000000003,-3.496288963333332,6.123076172662487,470.1769129791969,28,3,Orthorhombic
mp-1220306,NbFe(PbO3)2,1.8713000000000002,-2.075322707999999,8.237644538739401,132.87058384290984,10,4,Cubic
mp-19752,FePO4,2.5713,-2.321928338412698,2.62367609648913,572.715042040309,36,3,Hexagonal
mp-17891,NaYSiO4,4.2796,-3.3462597766256152,3.567378021257536,379.7911296208237,28,4,Orthorhombic
mp-761282,DyWO4,1.4523000000000001,-2.92339574611111,8.811601019701241,154.65557593255318,12,3,Tetragonal
mp-505688,VPPbO6,2.2898,-2.379480915515872,5.252563591359416,486.9949300994545,36,4,Monoclinic
mp-13735,Rb2TbO3,0.0,-2.293594549444444,4.6945478860872,267.3100351609086,12,3,Orthorhombic
mp-1218238,SrLa2Al2O7,2.9162,-3.62055716875,5.965050149985891,147.9272644599844,12,4,Tetragonal
mp-1193745,CeAsO4F,1.495499999999999,-2.843470298214286,4.643819334603983,426.283974990484,28,4,Orthorhombic
mp-774539,LiTi2(PO4)3,,-3.009925975079364,2.86808390217537,897.6122610675751,72,4,Triclinic
mp-997082,BiAuO2,1.0829,-1.1179759625,9.986487550224822,145.6420097294984,8,3,Monoclinic
mp-22094,Tl2Ru2O7,0.0,-1.304436474696969,8.939147294585808,268.57319540219527,22,3,Cubic
mp-16281,Cd2Sb2O7,0.5581,-1.773935311818181,7.02217809346044,274.46572157494546,22,3,Orthorhombic
mp-23115,Sr2CoClO3,0.0,-2.42122066,4.684832864481972,225.16394145088051,14,4,Tetragonal
mp-555873,Rb2MoAs2O9,2.761,-1.955520164642857,3.676826319929643,506.46205441867534,28,4,Triclinic
mp-9420,Dy(CuO2)2,0.0,-2.08190569238095,7.770027199776928,151.1318633119647,14,3,Tetragonal
mp-19367,NaCr(SiO3)2,3.0616,-2.893855338637935,3.595532019511149,209.8142225954275,20,4,Monoclinic
mp-6077,Ba3SmRu2O9,0.0,-2.595811925000001,6.555170795135694,460.2654216034495,30,4,Hexagonal
mp-18993,LuVO4,2.9436,-3.211479616111111,6.376206224158125,150.99900717505648,12,3,Tetragonal
mp-545404,SrGd2Al2O7,0.033100000000000004,-3.612123938749999,6.776984833668813,139.19422747035813,12,4,Tetragonal
mp-556532,CaAlB3O7,5.376600000000001,-3.132661587708333,3.354839260177406,209.3600444851464,24,4,Orthorhombic
mp-8084,NaNb6O15F,1.565499999999999,-2.972780089190403,4.484506501289802,310.8224890805687,23,4,Orthorhombic
mp-11625,KCa(PO3)3,5.0471,-2.893328516155612,2.410093677803477,435.57097247635977,28,4,Hexagonal
mp-754919,VOF3,3.033,-2.691036776,2.905759358991169,141.65023756452416,10,3,Monoclinic
mp-1191916,Ag5PSeO4,0.30759999999999904,-1.136163740029084,6.59295935333068,359.29741372626694,22,4,Tetragonal
mp-849239,Li2Mn3(BO3)3,0.0,-2.455167331350576,3.128416149183823,376.99385716203545,34,4,Triclinic
mp-630511,Ca2FeClO3,0.5775,-2.612166277857142,3.500061813935281,208.23000891038242,14,4,Tetragonal
mp-22215,Ba2Y(CuO2)3,0.0,-2.229420791666667,5.883747679108356,183.50089294911854,12,4,Tetragonal
mp-760371,Li7V4(PO4)6,0.0,-2.699123246614402,2.854172624166882,478.33965765384875,41,4,Trigonal
mp-753721,GdOF,3.3747,-4.18451751,7.704625233054243,82.86840125903913,6,3,Trigonal
mp-1178577,AlFeO3,2.1792,-2.534268328,4.499455863270265,193.12520973604154,20,3,Trigonal
mp-1208834,Sr2CrSbO6,1.7026999999999992,-2.6727075162499982,5.794238869073267,510.11181781822876,40,4,Tetragonal
mp-1037859,Mg30MnCdO32,,-2.935006373873922,3.69952616437645,632.1987474132163,64,4,Tetragonal
mp-22006,VMoO5,0.0,-2.147728544285714,4.137675075052963,182.1025603934285,14,3,Tetragonal
mp-5889,Er2Ti2O7,2.6986,-3.779598183333331,7.125983581419237,252.71561332971012,22,3,Cubic
mp-1191216,Cs4Fe2O5,0.523299999999999,-1.617868950329153,4.807296471331682,499.69147498945404,22,3,Monoclinic
mp-755831,BrClO,1.1661,-0.263298104999999,2.891808669475907,452.566110926282,18,3,Trigonal
mp-546973,SrSnO3,0.9698000000000001,-2.589623864000001,6.061480890045354,69.67305836625314,5,3,Cubic
mp-505163,UV3O10,0.0,-2.701913487142856,5.207053425081419,351.33253660677576,28,3,Orthorhombic
mp-675470,YZr9O20,0.0,-3.701556768000001,5.79227658571969,352.59251247709335,30,3,Triclinic
mp-30990,K6Si2O7,3.5108,-2.478708671899999,2.6275023078066573,509.0713463077973,30,3,Monoclinic
mp-9765,Nd2Pt2O7,1.0795,-2.348622128181817,9.251211750542566,283.833425333572,22,3,Cubic
mp-510,TaO2,0.42840000000000006,-3.054668550569444,9.831712364160078,575.4542332329144,48,2,Tetragonal
mp-551544,Ca3CoRhO6,0.2555,-2.366371204318182,4.657317344578199,539.1932356531009,44,4,Monoclinic
mp-555490,KRe2O4F7,3.0333,-2.548195079089286,4.389971661949247,460.33823374282633,28,4,Monoclinic
mp-1104505,KMn2Cr2O10,0.0,-1.7678146262074712,3.098316183898723,221.32576275617467,15,4,Monoclinic
mp-27484,Tl2O,0.5717000000000001,-0.8140924155555621,9.896563816701345,142.54251278066627,6,2,Trigonal
mp-551269,Ba2LaSbO6,3.8961,-3.0319059435,6.479261390139727,161.79693986338148,10,4,Trigonal
mp-1182867,AlWO4,2.980299999999999,-2.682709359999999,7.674028352592433,59.466540248121035,6,3,Orthorhombic
mp-542018,Sr2Fe2O5,0.37769999999999904,-2.371292021111111,5.004618928528455,243.49371122627883,18,3,Orthorhombic
mp-14415,Pr2Be2GeO7,4.273899999999999,-3.222494771527778,5.512772347384784,291.8641961200541,24,4,Tetragonal
mp-558891,SiO2,5.6471,-3.259668037500001,2.302944619048264,519.885680724408,36,2,Cubic
mp-22030,EuBO3,0.0,-3.098299251833332,5.849442167330318,239.3371010637984,20,3,Triclinic
mp-22323,In2O3,0.9586000000000001,-1.973362810416667,7.194067376509533,128.16739438098494,10,2,Trigonal
mp-754087,Li3Fe2(SiO4)2,,-2.515150979333333,2.950774904965468,178.21019905474242,15,4,Triclinic
mp-7645,KAl(SO4)2,5.540900000000001,-2.324786537687498,2.6765108850073283,160.19346537687895,12,4,Trigonal
mp-1198646,Cs4BaV6O18,,-2.517293388745541,3.513761963840216,1193.3506439406206,58,4,Trigonal
mp-22524,CeP2O7,1.3714,-3.109137874928571,3.030298353210552,688.3913277772904,40,3,Cubic
mp-771365,Li24Ti5Cr7O36,,-2.542436684120371,3.478595365899789,642.4633061743777,72,4,Triclinic
mp-8076,Na3SbO3,3.0866,-1.8518035402339872,3.767679960699222,420.8599001777307,28,3,Cubic
mp-17164,NaNbGeO5,3.0795999999999992,-2.578586651109914,4.110857209062669,433.8849659613871,32,4,Monoclinic
mp-31116,LaScO3,3.8973,-3.950563377999999,5.761036661691382,267.32125933981513,20,3,Orthorhombic
mp-675006,FeOF,0.0,-2.093994963333333,4.37013704767455,138.07166410337192,12,3,Tetragonal
mp-20356,Ce2SbO2,0.0,-2.974765033999993,6.92012654334677,104.13952308976941,5,3,Tetragonal
mp-18414,BaLa2BeO5,3.887,-3.487561350277778,6.455624928965935,518.7141450171284,36,4,Monoclinic
mp-562862,CoBi2SO7,0.0645,-1.744100312045454,6.481309738006161,636.3650171777142,44,4,Orthorhombic
mp-556212,K4U5Te2O21,1.7690000000000001,-3.029818397729165,5.911501528582456,544.306433204953,32,4,Triclinic
mp-758622,Li3TiFe3O8,0.15710000000000002,-2.188011450888889,3.174791731952512,381.0025488335949,30,4,Triclinic
mp-1427,Lu2O3,4.021100000000001,-4.123783570916665,9.78462289416088,540.2615684677361,40,2,Cubic
mp-3653,Mg(SbO3)2,1.037499999999999,-2.223938991666667,6.000164250606553,201.3743700112986,18,3,Tetragonal
mp-755115,CuReO4,0.1509,-1.712742677083332,7.543769398959294,138.1259423282647,12,3,Triclinic
mp-1275338,SrLaCoO4,,-2.734708132142858,6.118285926390343,379.3780069006865,28,4,Orthorhombic
mp-555508,Ca11Si4SO18,3.5249,-3.368165604338234,2.93044722548645,494.829834013414,34,4,Tetragonal
mp-18716,SrV4O9,2.5099,-2.645260334285715,3.901411403068198,370.61792282207574,28,3,Tetragonal
mp-504651,CsVO3,3.1105,-2.415557575431035,3.973431260935961,387.56219181813697,20,3,Orthorhombic
mp-19308,Li2NiO2,0.9116000000000001,-1.721651177333333,4.209569942368008,82.50227307579013,10,3,Trigonal
mp-754364,Y2CuO4,0.0,-3.042421007142857,5.710752019177434,88.78942793183971,7,3,Tetragonal
mp-555682,Sn(SeO3)2,3.0796,-1.511390035520833,4.596765710252992,269.21567617265555,18,3,Monoclinic
mp-541147,Cu4Se3O10,0.0,-1.07647395217831,4.477274163795824,482.93099956420895,34,3,Triclinic
mp-554023,Be2BO3F,6.3476,-3.178649017738095,2.187100990098541,145.51932085912497,14,4,Trigonal
mp-28796,Sr5(AuO4)2,1.1214,-2.343511762000006,7.033940315983889,226.63890915728956,15,3,Tetragonal
mp-638261,La2GeO5,4.021000000000001,-3.330141265312501,5.876769362186036,486.50922059776815,32,3,Monoclinic
mp-9488,SmOF,4.6648,-4.200559043333337,7.225699624772905,85.19420665024616,6,3,Trigonal
mp-551407,CoSeO4,1.3657,-1.333769276640624,4.637370473472626,144.58519292438015,12,3,Orthorhombic
mp-22599,NdCoO3,0.0,-2.520969372499943,7.675549837320337,217.35679852411135,20,3,Orthorhombic
mp-1183933,CsNpO3,0.0,-2.981902242681035,8.196376452751363,84.66489357279501,5,3,Cubic
mp-554191,Na2UO4,1.866,-3.022789054679803,6.023526784465823,191.87351852980055,14,3,Orthorhombic
mp-557035,K3SO4F,5.2302,-2.414775273805555,2.554157234671403,302.1239643207528,18,4,Tetragonal
mp-21879,Ba2CePtO6,1.420399999999999,-2.800542076999999,7.597965773437191,154.26394370884378,10,4,Cubic
mp-4991,Tb2Sn2O7,2.7218,-3.026676199848483,7.829789006621884,283.0273178872028,22,3,Cubic
mp-1209548,Rb(RuO2)4,,-1.476450811346154,6.598235408092625,155.46374464914874,13,3,Tetragonal
mp-825726,WO3,1.6296,-2.181464283125,7.147586431367632,430.88826352988866,32,2,Monoclinic
mp-1071163,TiO,0.0,-2.907956279166666,5.136733950019456,61.93779156658514,6,2,Hexagonal
mp-561023,ThCd(MoO4)3,3.5168,-2.364138134705882,4.858660116456483,563.4141869699721,34,4,Hexagonal
mp-754735,Li2Ni3SbO8,,-1.537155463333333,4.894205381010992,149.1902901739176,14,4,Trigonal
mp-2571,Rb2O3,0.0,-1.0238412645,3.520503752484265,413.0637584381508,20,2,Cubic
mp-850855,Mn2OF3,0.34600000000000003,-2.637519632643677,4.054955595464353,149.77423731196194,12,3,Orthorhombic
mp-2226836,MgMn3NiO8,,-1.9062425468302382,4.2605464130000055,146.47027986688417,13,4,Trigonal
mp-1218824,Sr2FeSbO6,1.6733,-2.523769741499999,5.775725886831556,258.08658305849883,20,4,Monoclinic
mp-6795,Ba5Ho8Zn4O21,3.3644,-3.257222851184209,7.847322711046532,550.9582466562443,38,4,Tetragonal
mp-1101421,SrNiO3,0.0,-1.761940988499999,5.464456699231451,236.18963103060793,20,3,Orthorhombic
mp-545436,Ba2YbBiO6,0.0,-2.7023540312500023,8.003179173004682,156.16784788535983,10,4,Trigonal
mp-775227,Li4Fe5(CoO6)2,0.0,-1.7110853312318852,4.538576447873613,451.37524041768586,46,4,Monoclinic
mp-997039,AgPdO2,0.0,-0.625580041666666,7.498738775609619,54.53839603346718,4,3,Orthorhombic
mp-558480,K2P2O5F2,5.0435,-2.793532228980518,2.33518915989338,367.1206815811383,22,4,Monoclinic
mp-25223,MnO2,1.521,-1.7589570918103452,4.439568732091402,32.51712861340081,3,2,Trigonal
mp-22533,Ca3MnNiO6,0.0,-2.575261859357367,4.177743456348751,262.2221713355147,22,4,Trigonal
mp-768872,Li4Cr3GaO8,,-2.379232657239582,4.293777729033229,295.0533110842045,32,4,Triclinic
mp-7725,Na2UO4,2.0224,-2.962014290394087,5.138767076507335,112.45453052130601,7,3,Tetragonal
mp-557761,KBa4Sb3O,1.022,-1.45370454136111,4.769357723959427,675.2276010181977,18,4,Tetragonal
mp-1225522,Er3S3OF,0.47170000000000006,-3.052151667812499,7.072808441789489,148.60731700034316,8,4,Tetragonal
mp-849954,Li4CrP2O9,,-2.565671628413689,2.728906309244329,1738.497590625884,160,4,Monoclinic
mp-557705,OsO2F3,0.5744,-1.8312547925,5.00609048871367,370.4786218457932,24,3,Monoclinic
mp-1100670,Li9Mn2Co5O16,,-1.81659579924569,4.177328783560756,287.40188767668997,32,4,Monoclinic
mp-1223446,KIO3,2.529499999999999,-1.36045994945,3.846587597069343,92.38239400710273,5,3,Trigonal
mp-18812,NdVO4,3.0225,-3.17529278125,4.925273929416749,174.76402248568002,12,3,Tetragonal
mp-8090,Cu2P2O7,0.0,-2.026139350844154,4.160886798919482,120.13807154244137,11,3,Monoclinic
mp-758223,Bi11PO20,0.0,-1.68228415983259,8.03876032328771,547.3489495423702,32,3,Triclinic
mp-22621,LaTiAgO4,1.4657,-2.950561660714286,6.231575611977413,191.1339587914792,14,4,Tetragonal
mp-20098,Ba2PbO4,1.2232,-2.3690398614285693,7.203059759468319,125.83651068209677,7,3,Tetragonal
mp-22342,PbSeO4,3.192299999999999,-1.403858754557288,6.415916467935371,362.5049529075341,24,3,Monoclinic
mp-558128,KNd2NbO6,3.6157,-3.361011512224999,5.517636640680506,310.8735527572727,20,4,Monoclinic
mp-28513,Pb(ClO3)2,4.3339,-0.7205493000000031,4.491105879322402,276.6408393838826,18,3,Orthorhombic
mp-2233259,Na6Mg(CoO3)2,,-1.577159278885057,3.048798541467201,204.8477035578727,15,4,Triclinic
mp-16998,Ba2Nb6Te2O21,2.1563,-2.85137372155914,4.934837791238656,478.9238494391777,31,4,Monoclinic
mp-29591,Sb3ClO4,2.6812,-1.7093936262500011,5.309449062198277,290.69054348360163,16,3,Monoclinic
mp-1192218,Pr3Mn2Sb3O14,0.0,-2.681966737311913,6.220670931207969,299.47091656073064,22,4,Trigonal
mp-1079993,ThAgPO,0.0,-2.045248737827379,9.144385861058684,140.507717862258,8,4,Tetragonal
mp-6613,Ba2YTaO6,3.362,-3.5658466267333333,6.819522757447047,155.9613726667593,10,4,Cubic
mp-28873,CsBrO3,4.1681,-1.058973331931034,4.340530525699314,99.77612005813248,5,3,Trigonal
mp-755449,Cd(AgO2)2,0.427,-0.592905131190475,5.768271208913442,225.77721077525996,14,3,Orthorhombic
mp-5175,NaInO2,1.9142000000000001,-1.978897959511493,5.695762417105993,49.5053026102216,4,3,Trigonal
mp-1218235,SrGdNiO4,0.0,-2.6288524185714293,6.866995537463783,88.8815780538552,7,4,Tetragonal
mp-558010,KEr(WO4)2,3.2910999999999992,-2.6854459251875,7.130531144487308,326.9749107467598,24,4,Monoclinic
mp-15336,Sc2Cu2O5,0.0,-2.562479393333333,4.744516357315888,415.7907225286904,36,3,Orthorhombic
mp-1217731,Tb2CrSbO7,,-3.044271386666665,7.287326861091295,275.0818556946779,22,4,Orthorhombic
mp-31269,Na2S2O7,5.1013,-2.056864156614425,2.692132114085863,273.9944222273308,22,3,Triclinic
mp-28931,Ga2TeO6,0.7341000000000001,-1.928704180185184,6.456271683783465,186.74743491554793,18,3,Tetragonal
mp-4636,ScCuO2,2.1669,-2.724419158750001,4.557641125914724,51.19027907540447,4,3,Trigonal
mp-756042,VO2F,1.624099999999999,-2.426831796875,3.103848640292887,218.14620321971546,16,3,Orthorhombic
mp-19519,Ni3(AsO4)2,0.0,-1.532284189423077,5.390140783893216,559.3542718652012,52,3,Monoclinic
mp-560132,Nd2SiO5,4.7758,-3.710467645625,5.949308169357658,442.75007917495594,32,3,Monoclinic
mp-1194834,BaSc2Si3O10,4.758,-3.54833001625,3.914346581918822,400.0291878104633,32,4,Monoclinic
mp-553971,Rb3MnO3,1.3497,-1.655166975775862,4.186378248833895,570.1324469348978,28,3,Monoclinic
mp-1286204,CaMn4(CuO4)3,,-1.7194032945862072,5.295025662204865,201.4780709508194,20,4,Monoclinic
mp-31953,Li2MnP2O7,0.669999999999999,-2.633724484073617,2.819644237394891,571.8708095406784,48,4,Triclinic
mp-554675,SrTa2Bi2O9,2.012,-2.813450842119048,8.6118536180181,195.03203960702632,14,4,Tetragonal
mp-556491,NaLiV2O6,3.0841,-2.390530352971265,2.831950693202695,267.15697188243627,20,4,Monoclinic
mp-23064,Bi2MoO6,2.129299999999999,-1.857507857499999,8.135038654785008,497.9733570727421,36,3,Orthorhombic
mp-20942,Ba2TlCuO5,0.0,-1.8797028387037051,7.190638062517283,143.77290321905463,9,4,Tetragonal
mp-555609,Sr9Zn4(CuO7)2,1.7851,-2.492094681034483,5.040807717375507,461.6150546251065,29,4,Monoclinic
mp-8058,YAsO4,3.659799999999999,-2.820636907916674,4.799222920511276,157.65568807326645,12,3,Tetragonal
mp-1182511,BaO10,0.0,-0.5344890927272731,2.476528589771376,398.7138592784478,22,2,Tetragonal
mp-561343,Fe3(TeO3)4,,-1.564010085219297,5.431198597827585,1063.889725998378,76,3,Monoclinic
mp-1017466,SrMnO3,0.0,-2.450037027586207,5.463879681651756,231.64938296111515,20,3,Cubic
mp-541918,Na2Te4MoO12,2.4592,-1.74006818260133,4.856828968075345,577.3370369049139,38,4,Monoclinic
mp-561445,FePO4,1.7056,-2.342906614940476,3.028254210690847,330.7997856974559,24,3,Monoclinic
mp-554375,DyMn4(CuO4)3,0.0,-1.84482484266954,6.2478062467758875,203.2902461280481,20,4,Cubic
mp-1186277,Nd3FeO6,2.080899999999999,-3.28377778625,6.50387880691535,298.497875983999,20,3,Orthorhombic
mp-560851,CsIOF4,4.9513,-2.1671620345936002,4.123478620177273,566.6890221817267,28,4,Orthorhombic
mp-1220313,Nd2SbO2,0.0,-2.911819500999996,6.727590511106514,109.15668025725111,5,3,Tetragonal
mp-768305,Sr2HfO4,3.4135,-3.583256665714284,6.543251658585134,106.01044177888897,7,3,Tetragonal
mp-1247664,Sr3Ca5Mn8O24,,-2.429004870836207,4.740265435292385,450.7515457314318,40,4,Tetragonal
mp-12894,Y2SO2,2.9983,-3.5334685075,4.891077478389802,82.11763538361161,5,3,Trigonal
mp-727920,Sr2V(PO4)3,,-2.865927972996031,3.442899751155509,493.01126879165196,36,4,Monoclinic
mp-12878,Sr2YSbO6,3.707299999999999,-3.095266208000001,5.517533632837783,290.0634833088896,20,4,Monoclinic
mp-29242,Ba3PbO,0.0,-1.492387526999997,6.264600434124797,168.36538573045777,5,3,Cubic
mp-997014,PbAuO2,0.0,-0.952841969999998,9.638798528308548,150.28213995662838,8,3,Monoclinic
mp-755431,PrNdO2,0.0,-3.051806666041665,8.04755799907212,130.8812912432213,8,3,Tetragonal
mp-756753,Li3La7(FeO8)2,,-3.064262541607143,6.116690848279833,369.43681571522603,28,4,Monoclinic
mp-1191066,La3IrO7,0.0,-3.077486343636363,7.505637664558402,318.99517961303263,22,3,Orthorhombic
mp-1190246,Ir2Pb2O7,0.15200000000000002,-1.425466649999997,11.082219085189633,272.95408154215966,22,3,Cubic
mp-753658,AlCrO4,0.0,-2.385538456666667,4.099564997157099,57.91247837670478,6,3,Orthorhombic
mp-1194267,Cu3TePbO8,0.0,-1.101937983589743,6.25305864137241,347.0465953523525,26,4,Orthorhombic
mp-19443,WO3,1.1503,-2.18494683875,6.883890239478372,111.84849695087402,8,2,Tetragonal
mp-1194285,LuMoBrO4,1.9634,-2.5923890388095243,5.597845979686262,492.19352441008573,28,4,Triclinic
mp-1227067,CaNdCrO4,2.1446,-3.126378612499999,5.515098082190865,90.42135310258914,7,4,Tetragonal
mp-1025567,NbCl2O,0.9093,-2.235416225,3.461742928261133,172.50529083906667,8,3,Monoclinic
mp-23044,VBiO4,2.2615,-2.154109184999999,7.074338969265446,152.06536936394178,12,3,Tetragonal
mp-20090,PrCoO3,0.0,-2.497417969333276,7.500799709937002,219.46802067311398,20,3,Orthorhombic
mp-768600,Al(NiO2)2,0.0,-1.911670162142856,5.225528732168567,132.426707010178,14,3,Cubic
mp-755416,HoGaO3,3.6066000000000003,-3.137672760999999,8.321581015458298,225.6080378581869,20,3,Orthorhombic
mp-705365,Li2V(PO4)2,1.4738,-2.631056207380952,3.025137494635094,559.378565175857,52,4,Monoclinic
mp-754103,CaNiO3,1.2293,-1.752755917,4.354802652635339,111.93005701039907,10,3,Hexagonal
mp-1206178,Sr2ScReO6,0.0,-3.06690173575,6.268078586657322,133.09560068133382,10,4,Cubic
mp-1182442,BO2F3,0.0,-2.114042669861111,1.955313703206615,339.0353521512154,24,3,Monoclinic
mp-1215197,ZrTiO4,2.6223,-3.593923870555555,4.9310180252394975,136.78171629263971,12,3,Orthorhombic
mp-28485,Sb5IO7,2.4519,-1.626472503461538,5.190107029423,542.4317483714241,26,3,Hexagonal
mp-1227839,BaLaFeO4,0.6856999999999991,-2.827091046428571,6.299187357765392,104.40999603394,7,4,Tetragonal
mp-1044682,Ca(BiO2)2,1.593,-2.067778448571428,6.994037255693964,247.8859647713479,14,3,Trigonal
mp-5489,LuTaO4,4.3218,-3.753889802333326,9.879084564383504,141.16309523389617,12,3,Monoclinic
mp-552857,TbBi2IO4,1.326699999999999,-2.323286912708334,8.372897998543069,152.27013805818757,8,4,Tetragonal
mp-23456,CrBiO3,1.293699999999999,-1.981474704000001,8.2605226129062,248.44169502757873,20,3,Monoclinic
mp-755258,TmVO3,0.0,-3.320021488000004,8.135479325832177,218.70381555294156,20,3,Orthorhombic
mp-6609,Ba2HoRuO6,0.07600000000000001,-2.855974535499999,7.066579940576316,149.60325945917185,10,4,Cubic
mp-556674,Ba3LuIr2O9,0.0,-2.565391483444447,8.60581595219151,430.43598156426503,30,4,Hexagonal
mp-33658,Nb2Tl2O7,0.0,-2.302056036969698,7.505315527354562,312.65725002309216,22,3,Cubic
mp-1227092,CaGdAlO4,2.3719,-3.572300950000001,5.860341424928627,81.69238481370415,7,4,Tetragonal
mp-554346,KSr4(BO3)3,4.173,-3.123713807632353,3.9944105469670292,470.5950466657682,34,4,Orthorhombic
mp-6040,BaBPO5,5.495,-3.116867103184523,4.038695494249936,319.60336381780314,24,4,Trigonal
mp-704206,Fe9(PO4)8,1.6058,-2.250618148513119,3.26160155784929,642.6979061858294,49,3,Triclinic
mp-752738,Co3NiO8,1.1465,-0.9707674645833331,4.5218461994843935,266.96455598549653,24,3,Trigonal
mp-28484,TlMo6O17,0.0,-1.900545658263888,4.705372340570886,371.2583669654984,24,3,Trigonal
mp-556997,Dy3BWO9,3.788599999999999,-3.384105871011903,7.981172395019196,343.77080849821624,28,4,Hexagonal
mp-28918,Sb2WO6,1.189099999999999,-1.961205790555554,6.837129729563118,254.21595971696368,18,3,Monoclinic
mp-28261,Na4SnO3,1.8842,-1.647477668189653,3.267429852934444,262.91436281213777,16,3,Monoclinic
mp-971633,NaFeO2,2.566599999999999,-1.713807222844828,4.547851804318114,80.93644190666514,8,3,Hexagonal
mp-1212473,K15P16Pd9O56,,-2.316542411594121,3.292590567959532,1480.6008534653793,96,4,Monoclinic
mp-17729,PrTl(MoO4)2,3.5864000000000003,-2.352402750000001,5.497466115849608,401.8339920897228,24,4,Tetragonal
mp-1215052,Ba2EuV3O11,,-2.87824284382353,4.593262668168525,1092.4093960098396,68,4,Monoclinic
mp-556662,SiO2,5.565300000000001,-3.204975310833333,2.325950049642265,171.58120415192076,12,2,Monoclinic
mp-766414,MnFe3(PO4)4,1.4405000000000001,-2.34162495110427,3.449589637462806,579.9181438059311,48,4,Orthorhombic
mp-15573,Tl3AsO4,2.5842,-1.426263464062504,7.338003507385594,340.37599466278874,16,3,Hexagonal
mp-17015,K4GeO4,2.7837,-1.9529815737777771,2.918426142964451,666.9198633518109,36,3,Monoclinic
mp-1192089,KVOF3,0.018299999999999,-2.978570293708334,2.847254290693275,380.33133496474244,24,4,Monoclinic
mp-763427,V4O7F5,1.5181,-2.52320299875,3.283049078242951,207.75588240309378,16,3,Triclinic
mp-560342,Ag4GeO4,0.0,-0.8931182618518501,6.829465369294989,552.5290559832723,36,3,Triclinic
mp-1194190,Ba3BiIr2O9,0.0,-2.102765382333333,8.15735268974874,467.94764682858465,30,4,Monoclinic
mp-556275,Rb2Al2Sb2O7,3.5936,-2.527796269230769,3.923571890752047,245.64375040062777,13,4,Trigonal
mp-557783,Y(FeO2)2,0.0,-2.397608988095237,4.816231410163871,273.6793914621252,21,3,Monoclinic
mp-6704,BaNd2CuO5,0.5842,-2.965151688888888,7.020636771977412,269.3301449517058,18,4,Tetragonal
mp-16841,La4MnSe6O,0.0,-2.328155673499461,6.110753136707132,598.0026304521979,24,4,Hexagonal
mp-753819,MnTlO3,0.0,-1.4952250872528752,8.420498896198211,242.41609277219445,20,3,Monoclinic
mp-752516,Mn2OF2,1.1267,-2.497714005172414,4.147120309389142,393.6944141546785,30,3,Monoclinic
mp-555549,BaMo(PO4)2,1.5921,-2.81223540577381,3.925678587009344,179.01523634475038,12,4,Monoclinic
mp-1106089,Ba2InGaO5,1.414499999999999,-2.570699569351852,6.075770786069299,294.7278335288981,18,4,Orthorhombic
mp-757504,ZrTi2O6,2.652799999999999,-3.558512406018519,4.598466754988622,408.7073890501796,36,3,Triclinic
mp-17071,Rb2CrO4,3.1436,-2.060843094285714,3.683518035540986,517.3937604268747,28,3,Orthorhombic
mp-561277,K2PbO3,1.1376,-1.588238867416664,5.676722733642449,390.0948599940293,24,3,Hexagonal
mp-553025,CaBiClO2,3.6238,-2.432455363,5.113066326527437,205.5821374155057,10,4,Monoclinic
mp-1716,Rh2O3,0.5597000000000001,-1.0714212435000001,8.286979112170076,203.43243845929118,20,2,Orthorhombic
mp-7258,K4SnO4,2.3423,-1.823757819333333,3.109594323601198,362.16307808486266,18,3,Triclinic
mp-1019566,Ca3ZnGe5O14,2.4999000000000002,-2.48463556021739,4.385940481225312,292.5990561918568,23,4,Monoclinic
mp-28857,Pb(IO3)2,2.6939,-1.051317116666668,6.541619880661925,565.5658043409426,36,3,Orthorhombic
mp-1205596,Ba2NdTaO6,3.3164,-3.481332092483332,7.023901602735482,164.50543222357794,10,4,Cubic
mp-28162,V2NiO6,2.1245,-2.115222795000001,4.41793024636892,289.30911132681416,27,3,Triclinic
mp-755883,NaDyO2,4.0169,-3.145256563261492,6.703798154339705,107.74437341750547,8,3,Tetragonal
mp-1194160,BaHf(SiO3)3,4.6887,-3.519879744642858,4.416212299547594,409.1498658401845,28,4,Hexagonal
mp-542710,NaMn2O4,0.4046,-1.978162147820196,4.692598494330811,278.6511271444934,28,3,Orthorhombic
mp-13182,Li2TiGeO5,3.4593,-2.7158954927777783,3.526701442568233,201.886286168223,18,4,Tetragonal
mp-556635,CuBi2(SeO3)4,0.0,-1.361716019703947,5.761414781746725,570.2894577697277,38,4,Monoclinic
mp-1095283,PAuO4,1.706,-1.758875572440474,5.738643942406137,168.95083379040094,12,3,Monoclinic
mp-1205352,BaPd(SeO3)2,1.6510999999999991,-1.701237552968749,4.611080557246977,358.43638273384414,20,4,Monoclinic
mp-1228394,Ba2PrSnO6,0.0,-2.798870572666666,6.144928111782709,170.31683697780102,10,4,Trigonal
mp-19409,Mn(AsO3)2,1.7241,-1.831274760047892,5.318180321037587,375.6570854934846,36,3,Trigonal
mp-6434,RbAlSiO4,4.3806,-3.185218679642857,3.033865903096318,447.7905293515317,28,4,Orthorhombic
mp-21470,Ca2MnGaO5,0.0,-2.717252734492336,4.1339692813439815,228.8090773065023,18,4,Orthorhombic
mp-32539,W(ClO)2,1.7864,-1.737782917999999,3.8234211193020933,249.07062428494282,10,3,Orthorhombic
mp-1045310,Mn9Zn2O13,,-1.932138269432473,4.972716922954324,278.2479928752276,24,3,Triclinic
mp-754226,YLuO3,3.3403,-3.965580118333333,6.975196624306344,148.49016885400343,10,3,Hexagonal
mp-4056,CaSc2O4,3.457999999999999,-3.783688220714285,3.890668788564247,331.1756548672651,28,3,Orthorhombic
mp-755216,TmBiO3,2.441799999999999,-2.812053290000001,9.174080653033887,154.18326625164255,10,3,Trigonal
mp-7027,InBO3,2.6556,-2.458591821166667,5.473290410538121,105.35335310154868,10,3,Trigonal
mp-19254,FeSO4,2.7173,-1.858110193749999,3.592632915718981,280.85085254301805,24,3,Orthorhombic
mp-16102,ZnAg2P2O7,2.1142,-1.9803117193849191,4.5598869447522965,662.9046852495559,48,4,Tetragonal
mp-15438,ZnP4O11,4.755800000000001,-2.479171899441964,2.947083797347076,823.3097190915663,64,3,Monoclinic
mp-622211,Ba2EuCu3O7,0.0,-2.036092927692308,6.754290331341112,179.28620830368226,13,4,Orthorhombic
mp-4051,AlPO4,5.475,-3.119440272440476,2.334921469215768,173.4598429980627,12,3,Orthorhombic
mp-771199,V3FeO8,0.39019999999999905,-2.2386753125,3.854635217237233,145.03185261090883,12,3,Monoclinic
mp-768810,Sr4Br6O,3.4836,-2.565056757272727,4.019262190289868,698.9619366774692,22,3,Tetragonal
mp-752613,CoSnO3,0.9832000000000001,-1.702570364999999,6.559055799122409,228.5001761928931,20,3,Orthorhombic
mp-556362,BiSeClO3,3.6197,-1.459865178307292,5.6282097446769,438.2994158242652,24,4,Orthorhombic
mp-768225,Cu2NiO4,0.09189999999999901,-0.9094681228571421,5.935500208956921,139.76056442442223,14,3,Tetragonal
mp-36240,LiMn8O16,0.0,-1.845291736071264,4.060191216494742,574.5650680284268,50,3,Orthorhombic
mp-675672,Zr5Sc2O13,3.6470000000000002,-3.807544399250001,5.2641776213255564,475.7006465491002,40,3,Trigonal
mp-768709,Mn3BiO8,0.0,-1.638919832816093,5.172719623758053,161.0838241375626,12,3,Trigonal
mp-754739,CaBe3O4,3.9114999999999993,-3.091127485625,2.731981784439646,159.3838156453291,16,3,Hexagonal
mp-1199036,NdTiCrO5,1.3246,-3.246325474479166,5.483658712867699,392.57308070921465,32,4,Orthorhombic
mp-505110,FeCuO2,0.0,-1.316041154999999,5.566698845594944,90.31876311530314,8,3,Hexagonal
mp-6692,Ba2PrSbO6,3.711999999999999,-2.994456447166667,6.393663963661041,164.4830522193651,10,4,Trigonal
mp-1218150,SrNdAlO4,3.0255,-3.517478288214285,6.055780653099353,88.5253865125636,7,4,Tetragonal
mp-558528,La2TiZnO6,2.901799999999999,-3.398667952833334,6.359314622641435,254.3736118607243,20,4,Monoclinic
mp-1189973,TmFe4(CuO4)3,0.0,-1.6396610404999992,6.2291161241989,206.58251313900826,20,4,Cubic
mp-1102008,PrPO4,5.4684,-3.414733427301586,4.905955654764192,159.67788621841376,12,3,Tetragonal
mp-556653,Cd2BiAsO6,2.0584,-1.64887122325,6.742459420756851,297.86218526688884,20,4,Orthorhombic
mp-754631,NaCu2O3,0.0,-1.140332112729885,4.378109997287469,75.12820086844677,6,3,Orthorhombic
mp-38194,YOF,5.6328,-4.158211506666666,5.110313462328682,40.26110299294689,3,3,Cubic
mp-761556,MnCoO4,0.0,-1.371771057988506,5.340709105396288,55.3031726166087,6,3,Orthorhombic
mp-557401,Na6PbO5,1.0116,-1.560489725689655,4.314494009757718,327.2477824018704,24,3,Orthorhombic
mp-1192552,KAsO3,3.148799999999999,-1.9336695518666631,3.06899767362125,525.9776900948693,30,3,Triclinic
mp-8558,BaNpO3,0.0,-3.376933662750002,8.18954193461837,85.63207796094373,5,3,Cubic
mp-22246,EuTiO3,0.0,-3.549383762166668,6.916906578608999,59.49625945750218,5,3,Cubic
mp-755946,V3Zn2O8,1.5222,-2.221953101923077,4.595023390094005,297.513385289378,26,3,Trigonal
mp-28804,TcO2F3,2.5259,-2.161698139791667,3.574435790517624,694.959151840877,48,3,Triclinic
mp-13133,K2TiO3,3.4121,-2.761319902138887,3.03529082731535,190.45055999352945,12,3,Orthorhombic
mp-558336,Ho2O3,4.0575,-3.9958732551666643,9.346667794546406,201.39242566946544,15,2,Monoclinic
mp-561954,TmCoO3,1.188599999999999,-2.637331035000001,8.48988507631344,215.82653245179552,20,3,Orthorhombic
mp-1206861,Ba2ScReO6,0.0,-3.052916138749994,7.235048848562052,138.12408682970394,10,4,Cubic
mp-510252,Fe3O4,0.24350000000000002,-1.570152641071427,4.865094753207108,316.1039584999049,28,2,Orthorhombic
mp-1218828,Sr2FeO3F,0.626,-2.890080845357141,4.918525426104614,402.5402772313181,28,4,Tetragonal
mp-1207992,Tm2Be2SiO7,,-3.597782614583334,6.586943319212821,250.0657141229426,24,4,Tetragonal
mp-727278,Ca6Si6O19,0.5506,-3.256577618387097,2.591055883540607,913.8466534966349,62,3,Monoclinic
mp-1103591,BaTmFe4O7,0.0,-2.192663219615385,5.683702333558106,187.45938107818085,13,4,Tetragonal
mp-3666,LiTaO3,3.7003,-3.125358770133336,7.452082824503236,105.12489484369374,10,3,Trigonal
mp-641065,HoMn4(CuO4)3,0.0,-1.843333252836206,6.229790176169166,204.52594308003975,20,4,Cubic
mp-560148,RbDy(WO4)2,3.461799999999999,-2.656026314305555,6.459579124584002,764.6617398981999,48,4,Monoclinic
mp-779599,DyTiO3,0.0,-3.632248170999999,7.313117184258952,234.66081411815694,20,3,Orthorhombic
mp-9454,Sr3MgIrO6,0.0,-2.638658644999999,6.389489792421632,299.06560377043445,22,4,Trigonal
mp-28959,Si2Cl2O3,5.6739999999999995,-2.6963053089285722,1.813360301847876,641.282836737365,28,3,Trigonal
mp-8989,Na2P2PdO7,1.6031,-2.338201858503694,3.312256602871459,327.2120112416208,24,4,Monoclinic
mp-19723,InAuO2,0.0,-1.325691880416664,9.641285929307184,118.42107346626227,8,3,Hexagonal
mp-510659,VCuAgO4,0.0,-1.467899853452381,5.43176707480691,350.1629101183305,28,4,Orthorhombic
mp-996971,CuPdO2,0.0,-0.8181168762499991,7.181934577640929,46.69639313091818,4,3,Orthorhombic
mp-3928,Na5P3O10,4.5352,-2.615129535045853,2.674730330469961,456.75839249468225,36,3,Monoclinic
mp-19412,VAg3O4,0.5826,-1.211331285624999,6.04576040413087,120.4511753002554,8,3,Tetragonal
mp-6507,Na2Zn2Si2O7,3.323,-2.576323540596816,3.420173587600812,334.96940789168303,26,4,Orthorhombic
mp-17100,In2P2O7,3.6658,-2.377692239101725,4.161373882023665,644.1711347965902,44,3,Monoclinic
mp-3536,MgAl2O4,5.1095,-3.370001377142852,3.582135921104363,131.89768341011103,14,3,Cubic
mp-752845,Rb(WO3)2,0.0,-2.209892131388888,6.309576307786039,289.044890754882,18,3,Cubic
mp-1042691,Cu3(SbO3)4,0.0,-1.531816421052631,6.328038123002108,228.21011985246443,19,3,Cubic
mp-1079551,BaGdCo2O5,0.0,-2.339440831666667,6.901611123006936,118.48197341064794,9,4,Orthorhombic
mp-560085,Bi24Cl10O31,,-1.679548849538461,8.167428685969224,2385.277085678378,130,3,Monoclinic
mp-560118,YMoClO4,2.7874,-2.669297855,3.750289339764295,251.75943451358552,14,4,Monoclinic
mp-774444,Li2Mn3(SiO3)4,,-2.744896837521893,2.856186287956713,1123.3045145912154,84,4,Orthorhombic
mp-18542,Nd2SiTeO4,2.0477,-3.272833390208333,6.625779548310631,509.42311965448926,32,4,Orthorhombic
mp-1147580,Sr2CuSeO2,0.0,-2.133033340390625,5.323899482187957,109.08637657101806,6,4,Tetragonal
mp-1078244,ScNi2SbO6,0.0,-2.1776836625,5.638343985257758,111.94234092603251,10,4,Trigonal
mp-540640,Sr2Ti6O13,0.0,-3.484832575952382,4.312924004751682,258.12701069116457,21,3,Monoclinic
mp-1193947,BiW2(Cl4O)2,1.6948,-1.495319213461538,4.102511231752439,722.3239759116742,26,4,Triclinic
mp-22416,SmTiO3,0.0,-3.591573494666667,6.71847143348329,243.42832611817204,20,3,Orthorhombic
mp-33137,TcO2,0.0,-1.883364699166667,6.739462012444188,128.1218504459418,12,2,Monoclinic
mp-19114,Ca2NiWO6,2.933,-2.6081808730000002,5.797794515487967,239.83055131513552,20,4,Monoclinic
mp-780043,Cu3Sb(PO4)4,0.002199999999999,-1.990310899940475,3.989830424217125,288.1234509584738,24,4,Monoclinic
mp-20286,Ba2ReNiO6,0.0,-2.44190680425,7.536316991500329,135.62939988189038,10,4,Cubic
mp-27360,ReBiO4,0.0,-1.9056163254166671,9.504480017161391,160.44952063026116,12,3,Orthorhombic
mp-1099904,Ba2Mn2O5,0.0,-2.454368419540229,5.493646485270391,280.8209019299677,18,3,Orthorhombic
mp-560882,SeO2,3.4194,-1.146464365364584,4.219187526593332,174.6795287213269,12,2,Orthorhombic
mp-1095626,La2P2AuO,0.0,-1.8809550565476192,7.189087729726788,255.3371299853965,12,4,Monoclinic
mp-1218495,Sr4Ti3Nb2O15,,-3.403740778125,4.855989776201465,314.56091366502744,24,4,Trigonal
mp-25886,CuPO4,0.007899999999999,-1.801056533273809,3.7121196105101113,141.81885281396015,12,3,Orthorhombic
mp-29251,Te6Br2O11,2.5231,-1.396229981578947,5.666269143671684,645.5464808799433,38,3,Orthorhombic
mp-556859,HgO,1.214,-0.6345490181250031,9.877796448579687,291.2837185772689,16,2,Monoclinic
mp-13374,LaTmO3,4.414,-3.9616170855000012,7.874661617948814,300.1437927284731,20,3,Orthorhombic
mp-23063,Ba4Cl6O,4.3647,-2.9933376768181823,3.8575164602759253,669.8307498159995,22,3,Hexagonal
mp-756945,Mn3(OF)2,0.8096000000000001,-2.3541157791133,4.109511565277041,189.7601418657439,14,3,Monoclinic
mp-1218705,Sr2TaFeO6,2.0462,-3.043208792233334,6.517889781025892,258.8575427809367,20,4,Cubic
mp-757547,Li2Sn3(P2O7)2,3.0831,-2.415673509358177,3.614230013350335,659.6695542120547,46,4,Triclinic
mp-19323,SmVO4,3.0241,-3.189556127500001,5.207784854981121,169.18499214208305,12,3,Tetragonal
mp-972600,UCd(PbO3)2,1.6502999999999992,-2.342703004499999,9.091134864533048,314.4717010588995,20,4,Monoclinic
mp-557097,VCuSe2O7,0.0,-1.49219532747159,4.02154306171509,634.8972891094525,44,4,Monoclinic
mp-1047361,Ba2YTi3O8,0.0,-3.396952527142857,5.711477974640458,184.66348624564853,14,4,Tetragonal
mp-19474,Ba2V2O7,3.4599,-2.922540033863607,4.449874250879731,729.2141341343354,44,3,Triclinic
mp-1196239,Lu(FeO2)2,,-2.460051321666666,6.634575956496818,526.5828586492954,42,3,Monoclinic
mp-771253,Sm2Zr2O7,3.6352,-3.763203160227272,6.121056588607938,645.8314682242586,44,3,Monoclinic
mp-556169,YSeO3F,4.2667,-2.790292053723959,4.876995970356569,319.86762440371706,24,4,Monoclinic
mp-1042285,AlSn(WO4)2,0.16970000000000002,-2.284469296249999,7.774499042476284,273.9763731770705,24,4,Monoclinic
mp-1445473,CaLa2TiO6,3.1705,-3.681629979333332,5.5363082119677,138.4962271440171,10,4,Trigonal
mp-18761,K3V3O8,1.8564,-2.428991238339287,3.25458775777374,406.2479770009577,28,3,Trigonal
mp-542831,Gd2SiO5,3.0808,-3.73295124156251,6.773703368819309,414.3758366164221,32,3,Monoclinic
mp-20878,PbO,2.1565,-1.459788030781245,9.142133142860956,162.1640453272567,8,2,Orthorhombic
mp-561179,Ba2CuIO2,2.2608,-2.230958756666665,4.745229171899484,695.8225789033339,24,4,Monoclinic
mp-505201,Mn(Bi3O5)4,0.0,-1.6205993814524562,8.748267368053709,547.1735789115032,33,3,Cubic
mp-12669,Dy2SO2,3.0076,-3.584364030166664,7.910279492586543,81.6729219119663,5,3,Trigonal
mp-757889,LiSn(PO3)3,,-2.442091962482993,2.403795426757451,1001.8431215182732,56,4,Orthorhombic
mp-1003311,CaMn2O4,1.940099999999999,-2.363932939051725,4.055188694869585,87.61001431562687,7,3,Triclinic
mp-8188,KScO2,3.624099999999999,-3.093135745562499,3.511130091629651,54.885622347634005,4,3,Trigonal
mp-18000,Ba3V2S4O3,0.42390000000000005,-2.269824494166666,4.218050984935663,543.3670090383783,24,4,Hexagonal
mp-22576,Mn(SbO3)2,0.512,-1.97909186810345,6.164615858177724,637.5161382173872,54,3,Trigonal
mp-755450,La2Ce2O7,2.1894,-3.893460453636365,6.374108830687526,349.1077838360127,22,3,Cubic
mp-559975,SrMnO3,0.0,-2.499284377086207,5.1280402987673455,246.82028281498637,20,3,Orthorhombic
mp-27265,AuClO,0.9762000000000001,-0.598648675555555,7.066419817647017,350.25606761616274,18,3,Trigonal
mp-1079403,Sr2CoOsO6,0.0,-2.240684457000001,6.840389804811199,126.32962190729553,10,4,Tetragonal
mp-1840,TiO2,2.2862,-3.505014124444444,4.105159895594103,258.44602277752557,24,2,Orthorhombic
mp-756742,Lu3AlO6,4.5825,-3.936922857,8.626687724794163,249.41862329862244,20,3,Trigonal
mp-14115,LiRhO2,1.515299999999999,-1.555824928333332,6.286704050612769,37.46631942068893,4,3,Trigonal
mp-628631,GdBi2IO4,1.3080999999999992,-2.297375686875001,8.29867445991187,153.29681338934662,8,4,Tetragonal
mp-17097,SrIrO3,0.0,-2.014580003000003,8.500577296220712,384.24436696692544,30,3,Orthorhombic
mp-540632,RbTa(GeO3)3,3.4846,-2.48581121677381,4.572955722669315,456.3206118508775,28,4,Hexagonal
mp-755331,Mn2OF3,0.3261,-2.639258017643678,4.042893435988887,150.22109567327595,12,3,Orthorhombic
mp-2228915,MgV5O12,,-2.4601829597222222,3.052166972380266,256.25161018491264,18,3,Triclinic
mp-545359,KNa2CuO2,1.5144000000000002,-1.3349603116681021,2.8435755621127363,105.47669337065449,6,4,Tetragonal
mp-997021,AgPbO2,0.142799999999999,-0.9835861316666651,7.7740363204534795,148.26746067840446,8,3,Monoclinic
mp-755790,HfPbO3,2.756199999999999,-2.985043061999999,10.465168281170348,275.25833487806926,20,3,Orthorhombic
mp-6000,La2Ti3(AgO5)2,1.6497000000000002,-3.063526957254903,6.059928150982231,218.43262233998405,17,4,Tetragonal
mp-1193841,Rb3(SO4)2,0.34700000000000003,-2.105272484423077,3.440138813428743,433.0053542491052,26,3,Monoclinic
mp-1227079,CaPrCoO4,0.611799999999999,-2.708040257380953,5.723518862227211,88.17392622487283,7,4,Tetragonal
mp-684627,Ce13O24,,-3.933344505135134,6.743041250495328,543.1241108998479,37,2,Triclinic
mp-18520,BaVPO6,2.469,-2.872445018293651,4.191090482633005,499.598961867176,36,4,Monoclinic
mp-28403,Ba2WO5,3.1569,-2.869734222187485,7.193970389808469,497.18600108739514,32,3,Orthorhombic
mp-29049,SrCuO3,0.0,-1.705710698333334,5.561556161729805,178.39607754600405,15,3,Orthorhombic
mp-556667,FeMoO4,1.513199999999999,-1.866540179166666,4.403528589947708,325.480286886727,24,3,Monoclinic
mp-552806,BaBiClO2,3.177399999999999,-2.409013681000001,5.919370303186048,232.14067732689642,10,4,Orthorhombic
mp-541148,KUVO6,1.9806,-2.987966934138888,4.680019554942789,601.8578971049915,36,4,Monoclinic
mp-22163,NaSn2(PO4)3,2.9663,-2.528463436405992,3.629388697307933,498.9994961482271,36,4,Trigonal
mp-1043073,CaCo4(CuO4)3,0.0,-1.32432780525,5.717244815233595,382.48072349483823,40,4,Cubic
mp-555343,Ni5Se4(BrO6)2,2.8709000000000002,-1.2190517125815221,4.546458583180777,702.0660234399064,46,4,Triclinic
mp-22968,NaClO4,5.4553,-1.004299429396551,2.6268263272368673,154.80050180272048,12,3,Orthorhombic
mp-757501,BaMnO3,0.0,-2.484730552252875,6.072328580617819,394.21434393129783,30,3,Hexagonal
mp-548753,V2Co(PO5)2,1.667,-2.469788996619047,3.592207761735228,353.86825462187846,30,4,Monoclinic
mp-865526,TmSb(PbO3)2,2.5853,-2.3224190385,9.19724668867021,289.2696692435371,20,4,Monoclinic
mp-1048426,Ba2YNi3O7,0.0,-2.179975938076922,6.040697585041446,179.12944173891685,13,4,Orthorhombic
mp-766220,ZnCr3(SO4)6,0.0,-1.926267368088234,2.9601657127889993,447.5199009979216,34,4,Trigonal
mp-753711,Ca3(PO4)2,4.5074000000000005,-3.249528727637362,2.839887095972609,181.3665650590264,13,3,Monoclinic
mp-18914,K2MoO4,4.3175,-2.204234955642857,3.135743484342679,252.20885838908387,14,3,Monoclinic
mp-20168,Cr2FeO4,0.0,-2.177599879285715,5.039692474469243,147.50361524935784,14,3,Cubic
mp-559065,NaI3O8,3.1418,-1.016346651781611,4.7114938122209455,374.78810994178167,24,3,Tetragonal
mp-18845,Ba2FeWO6,0.0,-2.6401709015,7.110301734882174,285.0753211940118,20,4,Cubic
mp-641487,EuMn4(CuO4)3,0.0,-1.7607220618362072,6.078361203412484,206.0790052026667,20,4,Cubic
mp-554041,Na2Al2B2O7,4.3384,-2.946624387391688,2.419133080271955,320.6406443230634,26,4,Trigonal
mp-768516,Ti2(SO4)3,0.0,-2.278015067598038,2.659713651418511,479.38780708922053,34,3,Trigonal
mp-545792,Ba2CoReO6,0.19819999999999902,-2.4478527995,7.435115007465415,550.116219488547,40,4,Cubic
mp-1043900,CaLa(FeO3)2,0.0,-2.539938195500001,5.390602499605398,238.2221375288364,20,4,Orthorhombic
mp-17661,RbNd(PO3)4,5.3014,-2.916111253253968,3.399869237548047,532.9535613566502,36,4,Monoclinic
mp-561457,CsAlSiO4,4.4582000000000015,-3.186350407807882,3.5177795394213183,475.76168341557434,28,4,Orthorhombic
mp-616610,InCu(MoO4)2,0.5448000000000001,-1.7825140109722222,5.763171441834713,287.11471260627434,24,4,Monoclinic
mp-727909,Na2PrGeO5,0.5208,-2.401911984936142,4.458470482413181,505.81757253612,36,4,Orthorhombic
mp-19075,K2SrV4O12,3.0368,-2.564325975236843,2.916815746875402,639.4081570222378,38,4,Tetragonal
mp-774228,Co(IO3)2,2.1622,-0.9336831911111101,5.032421071771074,539.4829214110141,36,3,Orthorhombic
mp-755074,CeOF,0.0,-4.084567068333334,6.23166869690855,93.32438082234953,6,3,Tetragonal
mp-4092,SrSeO4,3.5358,-2.150680372890625,4.371653066875919,350.3325692370048,24,3,Monoclinic
mp-1203275,Co2AsO5,0.20170000000000002,-1.4221918550000001,4.296482779173574,421.7125085409688,32,3,Orthorhombic
mp-683982,RuOF4,0.29800000000000004,-1.7889469606250001,3.739947876749214,685.7607338603946,48,3,Orthorhombic
mp-17975,KSrPO4,5.0889,-3.0583612888418372,3.756666707407423,391.9691291074389,28,4,Orthorhombic
mp-1047705,CaCr2O4,1.6237,-2.646343977857143,4.561496739627062,151.4874306058424,14,3,Orthorhombic
mp-754718,NaCuO2,0.7927000000000001,-1.263419292844827,3.41279081808939,115.34916349911995,8,3,Orthorhombic
mp-4598,Sr4PtO6,2.1959,-2.623776220454545,6.48281691256342,328.6645673176261,22,3,Trigonal
mp-1105305,NdMn3V4O12,0.0,-2.500968434064655,5.387687183549618,217.2310110847142,20,4,Cubic
mp-2542,BeO,7.463900000000001,-3.102855802499999,3.019437108902679,27.51023288811809,4,2,Hexagonal
mp-546035,Cr3CuO8,0.488799999999999,-1.669175770833333,3.756998357894208,153.60302469480465,12,3,Monoclinic
mp-755183,DyTlO2,1.482399999999999,-2.70983181875,9.56319824896879,69.2612756500024,4,3,Trigonal
mp-15170,Lu2Sn2O7,2.618299999999999,-3.02570395439394,8.588226110636045,270.43947123858175,22,3,Cubic
mp-555331,KGdPdO3,0.7150000000000001,-2.299209349541667,6.139291342713271,189.74876544859617,12,4,Monoclinic
mp-16613,AlAuO2,0.5888,-2.224651209999999,9.567555064145138,88.84398076536914,8,3,Hexagonal
mp-754899,V4(OF3)3,1.5231,-2.939605926562501,3.540918173874489,198.25157534005876,16,3,Triclinic
mp-559118,CsTa(PO4)2,3.3857,-2.954027064689517,3.971384586297138,210.65021889530874,12,4,Monoclinic
mp-1069296,Eu3InO,0.0,-1.453046447333332,7.552961565604926,128.98965140747632,5,3,Cubic
mp-1002571,NaMn2O4,0.5661,-1.9730258467487682,3.7606641650412893,86.92599247741366,7,3,Triclinic
mp-752398,BaCuO2,0.0,-1.9146415899999991,6.156723618315564,62.80819887043398,4,3,Tetragonal
mp-11654,BAsO4,3.8757,-2.083604793333333,4.019623400815324,185.56428433026804,18,3,Trigonal
mp-556418,AlSCl3O2,3.9643,-1.831841661071428,1.804394078182705,363.3326224299911,14,4,Triclinic
mp-2224752,MgFeCo3O8,,-1.4837251365384612,4.473780038886207,142.8804832647912,13,4,Monoclinic
mp-19180,VFeMoO7,2.0434,-2.0215053575,3.457451795794317,302.30858166463065,20,4,Triclinic
mp-29699,TiNb3O6,0.520799999999999,-2.903543185833335,5.268453512931599,266.3836037693696,20,3,Trigonal
mp-3771,MgTiO3,3.529499999999999,-3.362936645666665,3.8928989368345963,102.5186191467851,10,3,Trigonal
mp-555821,Na4Cu(AsO4)2,0.6995,-1.8498648533678161,3.861514594956194,186.34754713964932,15,4,Triclinic
mp-558237,NaZnPO4,3.8335,-2.487791209788881,3.238343439832381,376.1099121145365,28,4,Monoclinic
mp-1102432,Cu3AsO7,0.156499999999999,-1.029764032954545,4.281826978687481,146.42008998176956,11,3,Triclinic
mp-1019891,KPSO2,4.1722,-2.099942551711904,2.074011221986787,1288.7365510184425,60,4,Orthorhombic
mp-972112,Sr2MgUO6,2.1157,-3.478906272999999,6.239133278427522,284.0184060809738,20,4,Monoclinic
mp-20678,NaIn(WO4)2,3.4845,-2.180769027337163,6.705155752816494,313.7654835455085,24,4,Monoclinic
mp-1106004,HoFe4(CuO4)3,0.0,-1.643843274249999,6.166669002756097,207.5963291099624,20,4,Cubic
mp-15002,Sr2CaIrO6,0.0,-2.5457749655,5.87451237382179,284.66483948039644,20,4,Monoclinic
mp-755936,LuWO4,2.0726,-2.9470970702777772,9.661387542811806,145.33803819111785,12,3,Tetragonal
mp-1397292,MoWO6,1.4339,-2.033919541249999,5.34246741215281,116.79835259020578,8,3,Monoclinic
mp-978968,Ti3O2,0.0,-2.352613252000002,5.221608301232395,111.68602130432724,10,2,Trigonal
mp-756368,Te(WO4)3,1.6167,-1.957286668541666,7.18286099726353,201.38449517071192,16,3,Triclinic
mp-1216518,V3MoO6,1.0915,-2.328854931000001,5.070675314896277,112.90191296696865,10,3,Trigonal
mp-558399,P3RuO9,0.0,-2.271948839532967,3.311727459724799,338.94019027100273,26,3,Monoclinic
mp-1206027,Eu2GdTaO6,0.6783,-3.419323127733334,8.093888691062203,151.4328808624883,10,4,Cubic
mp-677305,Li17Ti20O40,,-2.9972514152380962,4.011718264416364,710.0060523221289,77,3,Monoclinic
mp-561190,NaAu(SO4)2,1.7530000000000001,-1.6471397396982752,3.89119813939039,351.7052940643956,24,4,Monoclinic
mp-766145,Na10(WO3)13,,-2.168318533851501,6.701799556739864,803.7314607225873,62,3,Triclinic
mp-22730,Na2MoO4,4.1823,-2.109114796108376,3.313601658051618,206.38174913421574,14,3,Orthorhombic
mp-27234,Cu(IO3)2,0.314499999999999,-0.8261393838888881,5.286060233816465,259.69664284581853,18,3,Monoclinic
mp-997089,NaAuO2,1.158999999999999,-1.107666330344827,7.888517735006287,53.036750907958954,4,3,Monoclinic
mp-1190662,Eu2MnSi2O7,0.0,-3.15131592941092,4.961897179798591,352.75161769449085,24,4,Tetragonal
mp-754654,NiSnO3,1.7717,-1.725544296999999,6.479306138127836,231.0668176468014,20,3,Trigonal
mp-1215685,ZnNiO2,0.0,-1.42118067,6.638815858206923,156.17974438781945,16,3,Trigonal
mp-15889,Ba2LaIrO6,0.0,-2.7118537085,7.21217838334224,161.57687796609576,10,4,Monoclinic
mp-1227813,BaScO2F,2.9861999999999993,-3.741040519999999,5.197145837118838,74.53528472953083,5,4,Tetragonal
mp-753594,BiOF,2.646399999999999,-2.215164298333333,8.953514049202791,90.49750423936527,6,3,Tetragonal
mp-1178361,DyClO,5.1946,-3.502183430555554,4.718333915768068,150.5939702171319,6,3,Orthorhombic
mp-776456,Ti2O3,0.0,-3.255844817000002,4.775431857524981,299.87604097284424,30,2,Monoclinic
mp-1206466,SbPbBrO2,1.8655,-1.626468980999999,7.066364340245682,207.1984593948095,10,4,Orthorhombic
mp-541928,Sm3Re2O9,0.05890000000000001,-3.039753250357145,8.805287061710255,364.9063580848434,28,3,Triclinic
mp-758829,Nb2OF8,4.2124,-3.313627437045454,3.015721382096011,779.246657222094,44,3,Monoclinic
mp-1223812,K3ClO,0.9897,-1.62142376735,2.06056159970862,135.987919057064,5,3,Monoclinic
mp-1206710,LaO,0.0,-3.204329645000001,7.567427835702962,33.99115179242404,2,2,Cubic
mp-6017,Na3In(PO4)2,3.267699999999999,-2.547104268577879,3.8015444493802413,326.4953633953464,28,4,Monoclinic
mp-1218817,Sr2FeSnO6,0.0,-2.376061257499999,5.673467518334935,130.47647366659444,10,4,Cubic
mp-856161,CoO2,0.0,-0.9833477650000021,4.863067400423475,124.19826226404112,12,2,Orthorhombic
mp-541513,NaGdTiO4,2.2462,-3.352549628887522,5.323232937465536,364.47829536081287,28,4,Orthorhombic
mp-1192129,Tl3V5O14,2.1447,-2.128513405,5.380695383995999,336.9560604974569,22,3,Trigonal
mp-19213,Ba2Mn2Sb2O,0.0,-1.223353110123153,5.281473032817877,404.9890370824069,14,4,Hexagonal
mp-18734,HoVO4,2.9805,-3.209082368333334,5.890318239447263,157.7959242827916,12,3,Tetragonal
mp-656887,Ni3O4,0.0,-1.046750069285714,5.744078133199698,138.80680474007113,14,2,Orthorhombic
mp-12668,Tb2SO2,2.9772,-3.575732090166665,7.628861157534965,83.12956996531878,5,3,Trigonal
mp-1105822,PrCrO3,2.0419,-3.121656220833332,6.837139433917559,234.03185092916053,20,3,Orthorhombic
mp-1019713,Cs4Si3O8,3.658,-2.792113865408046,3.9141408874403183,1262.3265799574838,60,3,Triclinic
mp-774256,Na2MnO2,0.0,-1.6616215741379312,3.031812151399159,291.195940211154,20,3,Orthorhombic
mp-23137,Ba2YBiO6,1.8236999999999992,-2.8078685930000002,6.695812406516988,165.79485167451938,10,4,Cubic
mp-21466,Ca2RuO4,0.0,-2.520399839285713,4.612350542465202,353.14173465631717,28,3,Orthorhombic
mp-36526,AcOF,4.256600000000001,-4.159415700833336,8.272058043900467,52.593633321731225,3,3,Cubic
mp-1194793,Lu(FeO2)2,,-2.45839628452381,6.594271106758818,529.8013861633846,42,3,Monoclinic
mp-510589,MnCuO2,0.17869999999999903,-1.539728060732759,5.435675009466814,45.97085781258352,4,3,Monoclinic
mp-669427,RbCuPO4,0.0,-2.139787241020408,3.587041706223085,451.78944250226994,28,4,Orthorhombic
mp-554593,TbTaO4,4.1244,-3.726776458999997,9.030164124587506,148.53402038377723,12,3,Monoclinic
mp-759863,Na2VO3,1.777499999999999,-2.234748731293103,3.554250370103479,135.41198963076926,12,3,Monoclinic
mp-760964,Li3V3P8O29,,-2.522768698305648,2.50174588622733,1175.399015470612,86,4,Triclinic
mp-755690,NbO2,0.0,-2.817624642916667,5.70466850890858,72.71585743739796,6,2,Tetragonal
mp-556766,ErMoO4F,3.7331000000000003,-3.001477765,5.786051057701174,397.4180813424834,28,4,Monoclinic
mp-553921,Pm2O3,3.766599999999999,-3.836100897500001,6.727381849100269,667.4325651552468,40,2,Cubic
mp-554413,V2Te2O7F2,0.0,-2.125541813717948,4.592804952712067,183.33433769049347,13,4,Triclinic
mp-775264,Li4Ti2Co3O10,0.0,-2.316347254736841,4.308385612476066,354.81139696800085,38,4,Triclinic
mp-4525,SrRuO3,0.0,-2.183989452000004,6.458091259535982,121.7170792137346,10,3,Tetragonal
mp-783905,NaV2O4,0.9135999999999991,-2.422002038054186,3.8282392082977683,327.6980456527564,28,3,Orthorhombic
mp-770843,VCrO3,0.0,-2.439380242499999,5.038425701148166,198.9786550917356,20,3,Triclinic
mp-560512,Sm2EuBeO5,0.0,-3.52681868,7.96231996528292,451.87970076251634,36,4,Monoclinic
mp-768310,LaBiO3,3.069999999999999,-2.733831392,7.537041755290872,174.44004834340714,10,3,Trigonal
mp-1190858,BaFe2(P2O7)2,1.7887,-2.639946740408162,3.519732996623059,281.60710697403056,21,4,Triclinic
mp-12205,Ti4O7,0.0,-3.4085186912121213,4.329452258742414,465.5678964297086,44,2,Triclinic
mp-18162,Li(CuO)2,0.0,-1.232197091666666,5.530181811428962,199.41643844557666,20,3,Orthorhombic
mp-756457,ErNbO4,3.4807,-3.553419810833333,6.881522004913084,156.4436738998041,12,3,Monoclinic
mp-1191749,Y2Ir2O7,0.0,-2.499477690909091,8.47595296531023,264.1837102341696,22,3,Cubic
mp-556496,Sr10Al4Si6O,0.0,-0.6413619607142851,3.247192485800668,597.6147034097543,21,4,Orthorhombic
mp-505799,P2Pb3O8,3.3803,-2.334980531098899,6.841863212931503,393.9273135042937,26,3,Monoclinic
mp-1078668,NiPbO3,0.0,-1.289322196999998,8.86197135556213,117.63280280756855,10,3,Trigonal
mp-1178449,CsLaO2,2.9322,-2.914428993663793,5.974369886696811,168.8840569283063,8,3,Hexagonal
mp-615420,U3CuO10,0.3074,-3.195235199285712,7.442262488888626,209.20597968399744,14,3,Triclinic
mp-772062,Fe5Sn(PO4)6,1.255499999999999,-2.33060874063492,3.552393874042259,452.3734167163519,36,4,Trigonal
mp-755611,NaCr2O4,0.0,-2.1263702866256162,3.8926572044490833,162.93704739755708,14,3,Cubic
mp-16934,BaLaAlO4,4.4355,-3.516998215357143,5.689957755308701,428.6634439212959,28,4,Orthorhombic
mp-25265,VPO5,1.8991,-2.499751033877549,3.256004706789995,330.29637316174257,28,3,Orthorhombic
mp-1222719,LaTiSbO6,2.7433,-3.076790906481482,5.342093661873452,125.7439563436964,9,4,Trigonal
mp-1188678,Fe4O5,0.0,-1.519237164444444,5.323365848378666,189.26723233246906,18,2,Orthorhombic
mp-22373,CrPb2O5,1.8544,-1.696236294374999,6.995302325073303,259.4046822018297,16,3,Monoclinic
mp-1101301,TeO3,2.1595,-1.341681144166666,5.250929414722769,222.12271245320855,16,2,Monoclinic
mp-21497,Pb2SO5,3.1338,-1.834869791562503,6.976194905333292,250.62680442372275,16,3,Monoclinic
mp-1077107,HgO,1.2711999999999999,-0.6331253987500031,9.970012724699668,108.22107354600836,6,2,Trigonal
mp-650112,Fe3O4,0.9248000000000001,-1.585839161964286,4.858082404591047,633.1204709547707,56,2,Orthorhombic
mp-505052,Nd2NiO4,0.0,-2.97884393,7.235095838323551,377.47787505049024,28,3,Tetragonal
mp-31013,U(BO3)2,2.266,-3.156398850370367,5.132428591770053,230.13130786980068,18,3,Monoclinic
mp-752854,Co3SbO8,0.0,-1.262157873333334,5.003740209612074,141.55628687057217,12,3,Trigonal
mp-1180676,La2CuO4,0.0,-2.97224272,7.030224892885752,191.48947857267672,14,3,Orthorhombic
mp-760323,Ce5O9,0.0,-3.941403542499999,6.732241163954427,208.31831240197116,14,2,Tetragonal
mp-13641,TiCdO3,2.9057,-2.671460970666666,5.810462306526291,119.04414777961351,10,3,Trigonal
mp-8263,KNa2BO3,2.798499999999999,-2.257251484167899,2.5950203172466892,184.14503124951625,14,4,Orthorhombic
mp-756085,NaV5O8,0.9917,-2.403028472955665,4.088725728010285,329.5247659434914,28,3,Monoclinic
mp-1191975,Sn2Pb2O7,0.0,-1.732623209090907,8.160622263836242,310.8454072692474,22,3,Cubic
mp-758857,VOF2,1.0315,-2.842047989374999,3.55833124258416,195.8818886237845,16,3,Triclinic
mp-554009,Er4Si3O11F2,5.0561,-3.817780121999999,6.45833540694853,497.40703244980097,40,4,Triclinic
mp-762643,LiFeSiO4,1.656899999999999,-2.506195764047618,3.776737316522933,817.1058854448781,84,4,Orthorhombic
mp-680158,K2Ti(GeO3)3,,-2.377613964855555,3.647716419172154,1332.845163878797,90,4,Trigonal
mp-775909,ZrO2,3.4318,-3.750962673333332,5.299849538023465,77.21588012181509,6,2,Tetragonal
mp-755357,NdAsO4,3.7403,-2.800570602499998,5.470050062296645,171.91807365211514,12,3,Tetragonal
mp-35208,NdOF,5.2617,-4.102901809166666,6.585385433268296,45.19624531006091,3,3,Cubic
mp-19372,WO2,0.0,-2.036666524999999,9.601453835391395,74.65718538726982,6,2,Tetragonal
mp-557457,TmSeO3F,4.3012,-2.826438744557293,6.468484089627155,323.3453092173764,24,4,Monoclinic
mp-27221,Ca2Hf7O16,4.3048,-3.938458758399999,8.743995730589551,301.11080064553823,25,3,Trigonal
mp-28962,Ti4Bi2O11,2.0411,-2.963749749901962,6.282267601896353,207.60405788528138,17,3,Monoclinic
mp-555217,Dy3Se4O12F,3.741099999999999,-2.483394327718746,5.362728640865523,628.1640195440273,40,4,Hexagonal
mp-16773,KTb(PO3)4,5.33,-2.918663932916004,3.4432692642951612,495.67434533971175,36,4,Monoclinic
mp-18766,Si(NiO2)2,3.576999999999999,-2.087303751428571,5.378127024341611,129.3509620179999,14,3,Cubic
mp-1095170,Sr2FeOsO6,0.0,-2.332112187499999,6.809041908099298,252.316199809476,20,4,Cubic
mp-556994,SiO2,5.3836,-3.184553575833334,2.320045639110383,172.01787050528444,12,2,Triclinic
mp-764524,Li3Fe8(BO3)8,1.396999999999999,-2.244669743798449,3.211693566528414,485.0025691167347,43,4,Triclinic
mp-19134,CaCrP2O7,0.10760000000000002,-2.871509720616883,3.174224150563634,556.6491892135087,44,4,Triclinic
mp-30525,VTeO4,0.102899999999999,-2.002969940277779,5.284117308890137,304.8726038314208,24,3,Monoclinic
mp-775226,LiMn2(BO3)2,,-2.4246221304571582,3.121802099145724,498.8007277579088,44,4,Monoclinic
mp-555678,Na4Ti5O12,2.4744,-3.107293959151615,3.72110954050869,233.51591589482908,21,3,Trigonal
mp-673090,LiSb2P5O18,,-2.323968659482601,3.536699915927164,651.0494693297273,52,4,Triclinic
mp-755340,Tb2SeO2,2.1407,-3.4834872031354163,8.144330119757399,87.42952660426089,5,3,Trigonal
mp-1044722,BiO2,0.0,-1.388180778333334,9.19389532514365,174.09611995196929,12,2,Trigonal
mp-6989,BaSeO3,3.886599999999999,-2.318079119468748,4.96556488626975,176.75970785828287,10,3,Monoclinic
mp-654139,Nd2Ti4O11,3.0914,-3.655330315490194,5.214230784071643,417.78855112585586,34,3,Monoclinic
mp-18151,Rb2Na4Co2O5,1.3561,-1.435745639270557,3.471977870321279,440.73251574789896,26,4,Tetragonal
mp-754971,Cs3TmO3,2.267,-2.220933830923644,5.49987012696324,371.7574426847018,14,3,Monoclinic
mp-755364,NdSeO,0.337099999999999,-2.8743595082812483,6.646148822963043,239.05770398221605,12,3,Orthorhombic
mp-558892,MnVBiO5,1.9709,-2.14577806036638,5.515621660942782,237.7521241291062,16,4,Triclinic
mp-554034,KLa2NbO6,3.7476000000000003,-3.424929380225,5.20366515050862,322.8188575830112,20,4,Monoclinic
mp-17465,Gd2Cu(SeO3)4,0.0,-2.10846652444079,5.015486174624454,586.597711350635,38,4,Monoclinic
mp-755067,Cr4OF11,0.7559,-2.87936039125,3.603105179444769,199.5382627656498,16,3,Monoclinic
mp-1063607,CrPdO2,0.0,-1.685489044999999,6.993139127017134,180.85805219642535,16,3,Trigonal
mp-28337,V4As2O13,1.4928,-2.147247262631579,4.445153554929667,209.7927671189322,19,3,Triclinic
mp-1176554,LiV3OF11,,-2.956297035520833,2.86819364841252,445.49849779038124,32,4,Triclinic
mp-758731,Li3Bi(PO4)2,,-2.5210936278061222,3.967837686983846,702.6545861413565,56,4,Triclinic
mp-1441,CsO2,0.0,-0.9756556932183911,3.961580674720943,69.12138739865142,3,2,Tetragonal
mp-12797,BaBe2Si2O7,5.5695,-3.30665925,4.016690173160926,267.49115660765324,24,4,Orthorhombic
mp-1208880,Sm2SiO5,,-3.740110009375007,6.401026546880727,424.2022849316551,32,3,Monoclinic
mp-1211757,K4MnO4,,-1.6976342210478932,2.796870537838209,653.8655216236589,36,3,Triclinic
mp-1192562,NdMoO4F,4.0564,-2.965476751071429,5.066537891481002,423.68158397213637,28,4,Monoclinic
mp-1183291,BaErO3,0.0,-3.164587624999998,6.8944015811351465,84.92105246203396,5,3,Cubic
mp-978862,SrAlO3,0.0,-3.031678721000001,4.78425504000479,56.43579113290282,5,3,Cubic
mp-754636,ErBiO3,2.47,-2.797893476000001,8.999615342539997,156.55404848043221,10,3,Trigonal
mp-1096936,CsO2,0.0,-0.916468333218391,4.366732351744794,62.70820615304813,3,2,Orthorhombic
mp-559348,BaZr(BO3)2,4.1173,-3.334656806833334,4.207886207795363,273.21452338543696,20,4,Trigonal
mp-1103324,GdPO4,3.2910999999999992,-3.457152366607125,5.643175138241854,148.43538071106056,12,3,Tetragonal
mp-759876,Na5SbO5,1.653599999999999,-1.841294021990595,3.710461604240207,141.73504179825846,11,3,Monoclinic
mp-18941,Co2SiO4,1.308399999999999,-2.083099309285714,4.921032058530234,283.37903595114653,28,3,Orthorhombic
mp-505166,ErCu(WO4)2,1.2269,-2.3839313258333332,7.51834278619066,160.45407711751932,12,4,Triclinic
mp-540598,Ti4Tl2O9,2.724499999999999,-3.004671247333335,5.897132444417914,419.12630342032224,30,3,Monoclinic
mp-1078725,Ba2UZnO6,1.786299999999999,-3.176747228999998,7.290553875916997,153.53428451999207,10,4,Cubic
mp-755018,RbTaO3,2.5106,-2.979764999966666,7.622331597400961,68.49564662455086,5,3,Trigonal
mp-3285,Na2Ta4O11,3.4629,-3.184666606887761,7.666962130336545,409.67434155612295,34,3,Trigonal
mp-2980,Pr2Te4O11,3.3043,-2.264977823235281,6.071020016028592,529.6468688053251,34,3,Monoclinic
mp-1078318,Mn(SbO3)2,1.2879,-1.950382650325671,6.010135694984064,435.93492670268756,36,3,Trigonal
mp-761128,BaNb5O8,0.0,-2.7973198200000002,6.555699112056111,184.8698705130275,14,3,Tetragonal
mp-22020,Ca2NiOsO6,0.0,-2.258249558499999,6.030793461325683,234.0836165896777,20,4,Monoclinic
mp-550579,ScTa(PbO3)2,2.5824,-2.765637124233333,8.835950658078348,138.3728000385852,10,4,Cubic
mp-1078659,CaRhO3,0.0,-2.093056296999999,5.696544250411836,111.34209089405522,10,3,Orthorhombic
mp-756485,Cr2PO5,1.1185,-2.425685556205357,3.890481575443734,183.50139403106584,16,3,Triclinic
mp-1224030,InCuO3,0.0,-1.371780006333332,6.3993156993368725,58.73804230981655,5,3,Trigonal
mp-1210447,NaFe2(PO4)2,,-2.338171016205001,2.776028122154027,388.35941731762256,26,4,Triclinic
mp-1216787,TiNb2ZnO8,2.4241,-2.9183172786111102,5.124044194692314,138.404270797047,12,4,Monoclinic
mp-685869,Zn(Bi19O30)2,,-1.588359195050506,8.870384263478414,3357.111931008617,198,3,Monoclinic
mp-997042,TlCuO2,0.43060000000000004,-0.9478048508333351,6.202852958944729,160.58492133137452,8,3,Monoclinic
mp-768303,DyNbO4,3.9158,-3.487292786944444,5.8693457046735364,180.729782672437,12,3,Tetragonal
mp-20845,Dy2Sn2O7,2.7123,-3.027287646212119,7.979409196661769,280.6959150561688,22,3,Cubic
mp-1048922,CaV2O4,1.1633,-2.709560296071429,3.8678413236201052,353.68803711124923,28,3,Trigonal
mp-31518,NbCoO4,1.5819,-2.260482805000001,4.884121508771203,146.76377746476348,12,3,Monoclinic
mp-556602,Ba3BiRu2O9,0.0,-2.200640857333334,6.893968911784289,465.88567767038455,30,4,Monoclinic
mp-3527,Na3AgO2,1.1444,-1.258432925967428,4.031744562627576,172.02520760234827,12,3,Orthorhombic
mp-1105241,Mn7CdO12,0.0,-1.8868625002758592,5.408373702934408,211.5352700307421,20,3,Cubic
mp-19219,Li3VO4,4.0337,-2.502745246250001,2.697506855821678,167.1456517911135,16,3,Orthorhombic
mp-1206701,Sr2YbUO6,2.1809,-3.5437607132499993,7.239882640307907,156.49350671731858,10,4,Cubic
mp-756229,Na(SnO2)2,0.0,-1.933845576625615,5.112372920467835,210.74014691912453,14,3,Cubic
mp-557297,Tl3(MoO3)10,0.0,-1.8658535032558152,5.068089953982904,672.5037314529523,43,3,Monoclinic
mp-9457,Ca3ReO6,0.0,-2.923372625249997,5.180791683544758,257.97718394409463,20,3,Monoclinic
mp-769394,Ba4Ta2O9,3.5999,-3.278819089977778,6.471663911246883,541.4984844151642,30,3,Trigonal
mp-19843,CeAlO3,0.0,-3.620338527999999,6.683927317617278,213.7515026909713,20,3,Orthorhombic
mp-35320,Ag3(AsO4)2,0.0,-1.021715522307691,4.694873581028049,212.72555705630128,13,3,Trigonal
mp-18732,TiNiO3,0.0,-2.596717666666666,5.12312776225902,100.19293107218306,10,3,Trigonal
mp-5323,CeAlO3,0.0,-3.603223498999999,6.708320355031181,53.243562933991896,5,3,Cubic
mp-1019803,KAl9O14,,-3.354464808010416,3.14264577486583,534.6489598015461,48,3,Monoclinic
mp-22955,LiIO3,3.686099999999999,-1.385046748666667,4.608385640769319,131.047417289717,10,3,Hexagonal
mp-753852,WOF4,5.0486,-2.6269006716666663,4.670435092464073,392.28164789308755,24,3,Monoclinic
mp-23477,MnBiO3,1.4751,-1.805967582586208,8.011892827783502,258.5904657881425,20,3,Monoclinic
mp-556584,Pm2O3,3.7016,-3.824552988500001,7.360583793338138,228.75599190180824,15,2,Monoclinic
mp-19751,Ba2YbNbO6,0.0,-3.3757481147500012,7.076698327924987,149.37669713719788,10,4,Cubic
mp-556364,Ca2SiCl2O3,5.1049,-3.190218975,2.727158573775484,553.226808719126,32,4,Tetragonal
mp-27576,Sc2GeO5,4.1263,-3.304898370833333,3.942530548801545,612.9491596695217,48,3,Monoclinic
mp-558713,LiAlSiO4,4.6935,-3.190973626190476,2.281881676942077,275.08519081617396,21,4,Hexagonal
mp-1190373,K2V2CoO7,2.582,-2.264214984541665,2.767875143630947,421.16313378591695,24,4,Tetragonal
mp-19107,LiMnVO4,1.857499999999999,-2.371862765180622,3.764986087521542,155.97052984040462,14,4,Orthorhombic
mp-774338,Na6MnO4,0.7683,-1.546469678746081,2.68278079732747,635.9815091684748,44,3,Tetragonal
mp-558645,PBr3O,3.0735,-1.254980080928571,3.231495050606776,589.2652210327993,20,3,Orthorhombic
mp-7572,MgSO4,5.4889,-2.402174846249999,3.039900201343193,131.50109471657422,12,3,Orthorhombic
mp-18883,YVO3,0.0,-3.2656779040000012,5.563301518482908,224.27321131213782,20,3,Orthorhombic
mp-1206538,BaSr(CuO2)2,0.0,-1.989722439999999,5.9224881176678315,116.64776926686005,8,4,Tetragonal
mp-849538,Mn6O7F5,0.0,-2.209622243754789,4.434330817573575,200.94846578374407,18,3,Triclinic
mp-18449,K2ZrO3,3.6617,-2.7781002186666672,3.372717083313875,428.1798944826505,24,3,Orthorhombic
mp-558286,CuSb(MoO4)2,0.6344000000000001,-1.729172382083334,5.511372115501609,304.4153436681962,24,4,Monoclinic
mp-7461,Hg2SO4,1.9921000000000002,-1.345323850357145,6.992184940501769,236.17532142063288,14,3,Monoclinic
mp-1080753,NaPb2IO6,2.6086,-1.33546270663793,7.712966018483662,142.1552226740244,10,4,Cubic
mp-28853,LaAuO3,1.797699999999999,-2.314873115500002,8.441168934491103,302.0584155163614,20,3,Orthorhombic
mp-9205,KSeO2F,3.3338,-1.9342845829187492,2.8296605676082383,198.4147997825772,10,4,Monoclinic
mp-4917,LaAsO4,4.002499999999999,-2.852417035416668,5.532579299347463,333.54332092784665,24,3,Monoclinic
mp-1192641,Sr2Ti(SiO4)2,3.8662,-3.424073574102564,3.674697222660806,368.0809701592226,26,4,Tetragonal
mp-19051,LaCoO3,1.0014,-2.596609753,7.346953554651772,222.25359956685824,20,3,Trigonal
mp-6693,CaZn(SiO3)2,4.056599999999999,-3.0329841,3.694094401343306,231.63739222571192,20,4,Monoclinic
mp-1178547,AlRhO3,1.7659,-2.223008536,5.973716649319428,98.89501139978404,10,3,Hexagonal
mp-6622,BaNd2Ti3O10,1.924399999999999,-3.6494072715625,5.626596924867753,430.52920782695224,32,4,Orthorhombic
mp-561072,Sr2DySbO6,3.6641,-3.110212678666666,6.37237217397518,289.50709355076435,20,4,Monoclinic
mp-1188316,Bi2O3,1.4737,-1.590899318000004,10.249899008835245,301.9515108458788,20,2,Hexagonal
mp-752656,BaLa2O4,3.1295,-3.606246316428572,6.319272885642481,503.6169804751806,28,3,Orthorhombic
mp-18288,Ti(SnO2)2,1.077499999999999,-2.432151184404761,5.372659710951702,431.8164595308152,28,3,Tetragonal
mp-559872,SiO2,5.610600000000001,-3.263423301666668,2.4343814244354123,491.8160806383052,36,2,Tetragonal
mp-18313,SrSiO3,4.3766,-3.424207036666666,3.832191555006368,425.6098140634538,30,3,Triclinic
mp-761036,CdSeO4,1.6838000000000002,-1.3100962353906231,4.90581288409221,172.87635982121907,12,3,Orthorhombic
mp-1224786,GaSbO4,0.7966999999999991,-2.054515252916665,6.552712296160798,64.74197216120193,6,3,Orthorhombic
mp-8830,NaRhO2,1.377399999999999,-1.4591744428448281,6.118637517373269,42.850923866535034,4,3,Trigonal
mp-504697,Mn2BiO5,0.416199999999999,-1.885386032295258,7.158046439938833,370.1075747703095,32,3,Orthorhombic
mp-23138,SbPbClO2,1.9127,-1.710929169,6.956327171429807,189.25426137653247,10,4,Orthorhombic
mp-759178,Zn2Ni3O5,0.0,-1.371956057499999,6.62092454023475,97.03397016170214,10,3,Monoclinic
mp-3828,BaAl2O4,3.9448,-3.446832076428572,4.044395176345452,209.6309300790054,14,3,Hexagonal
mp-756750,Dy2TiO5,3.0481,-3.792682673333333,6.30267367726347,238.6283670593745,16,3,Orthorhombic
mp-8377,TeO2,3.0604,-1.4950600038888862,5.657354018806982,187.38091447094357,12,2,Orthorhombic
mp-27815,NbCl3O,2.401799999999999,-2.123578889,2.95253697796939,484.2690601611291,20,3,Tetragonal
mp-8175,KTlO2,0.8820000000000001,-1.384316650145836,7.257630321661667,63.02965927008807,4,3,Trigonal
mp-504554,Ba5Ta4O15,3.0865,-3.439217441430571,7.861626879830266,348.602497937457,24,3,Trigonal
mp-1189428,Cs2IrCl5O,0.9333999999999991,-1.5704178915900382,3.841559698575887,563.050635207746,18,4,Orthorhombic
mp-30286,Hg2SeO3,2.1898,-0.919489061640627,7.134611542289651,491.68429617535,24,3,Monoclinic
mp-6712,NaLuGeO4,3.632,-2.903238962220854,5.824449506558551,381.5687790086889,28,4,Orthorhombic
mp-772125,NbPO5,2.996,-2.908080075306123,3.580414111971674,378.2198913201401,28,3,Orthorhombic
mp-559051,BaBiO3,0.0,-2.233427010999999,7.825829472632553,334.66604672074277,20,3,Monoclinic
mp-1394584,CrO2,1.0567,-1.9814334566666671,3.808905889445842,146.47441222597683,12,2,Tetragonal
mp-1044106,CaAgBiO5,0.9933000000000001,-1.509147646458333,5.205162973007673,557.5454299370635,32,4,Monoclinic
mp-18229,CaTa2O6,3.473899999999999,-3.48066448774074,7.372491967543985,448.64011155051514,36,3,Orthorhombic
mp-1178367,Dy2CuO4,0.0,-3.090138771904759,8.526595218833606,88.13205128818116,7,3,Tetragonal
mp-3556,Tm2SO2,3.097399999999999,-3.622715177500004,8.605889505072707,77.55434845425977,5,3,Trigonal
mp-557578,NaV6O11,0.0,-2.469372304243293,4.485881660441858,373.5994369811376,36,3,Orthorhombic
mp-1190427,LaSbO4,3.009,-2.850073524999999,6.093363159943935,353.90354854362613,24,3,Monoclinic
mp-1188220,SiO2,5.451799999999999,-3.256301328333334,1.688641987528753,354.50614748027886,18,2,Cubic
mp-755553,FeNi3(PO4)4,0.0,-2.023845094107143,3.634080165558298,279.557807225693,24,4,Monoclinic
mp-34976,CeOF,0.0,-4.0010658,6.3870648747120065,45.526907432205405,3,3,Cubic
mp-38103,NaClO4,5.304,-1.000390200229885,2.658044502300413,76.49120119188025,6,3,Tetragonal
mp-760109,Bi2(SO4)3,4.2334,-1.8637996989706,4.146187255758424,565.6219878321297,34,3,Trigonal
mp-22271,Cu(AsO2)2,0.0,-1.405310342499999,4.133576866580498,445.7269167370794,28,3,Tetragonal
mp-1105628,NaMn(GeO3)2,0.9476999999999991,-2.106359941431034,4.348867929438812,243.76507938869344,20,4,Monoclinic
mp-4117,Li2Si2O5,5.154,-3.015912327407407,2.469345038000238,201.80564733481847,18,3,Orthorhombic
mp-754480,GdYO2,0.0,-3.197924765,6.171099945192743,149.69346372076086,8,3,Hexagonal
mp-754472,HoCuO2,2.5567,-2.754892171249999,7.192652543237601,60.13485428876706,4,3,Trigonal
mp-561180,Nd2Te4MoO14,3.190399999999999,-2.228466196031745,5.28158837663388,703.5145034553323,42,4,Triclinic
mp-753807,ZnNi9O10,2.0976,-1.2282467955,6.559556869451713,190.78341189801554,20,3,Triclinic
mp-559885,Cr2AgBiO8,1.487999999999999,-1.490484460138888,5.834429510267972,156.20440996888811,12,4,Tetragonal
mp-1215463,YbPaO4,0.0,-4.0967992566666664,10.407450169018231,74.6824906155409,6,3,Tetragonal
mp-22010,Ta2CuO6,0.0,-2.7409152049629633,8.219540892026062,210.68535259335889,18,3,Tetragonal
mp-705553,Fe23O25,1.2771,-1.4789985053125,5.4157114538457485,516.4686557619616,48,2,Triclinic
mp-21283,Cs2PbO3,1.3724,-1.536935591551725,6.350232035028116,272.480112897268,12,3,Orthorhombic
mp-645159,FeBiO3,1.541999999999999,-1.6628035179999991,8.636020314780833,240.59962335446852,20,3,Orthorhombic
mp-4974,La2Zr2O7,3.7346,-3.9093342250000003,6.022970327451468,315.5424317752237,22,3,Cubic
mp-5767,DyPO4,5.8933,-3.503172621884905,6.006926605193962,142.34941867344673,12,3,Tetragonal
mp-22067,Ba2CuGe2O7,0.196299999999999,-2.384455024999999,4.845679264744744,408.1206266824496,24,4,Tetragonal
mp-560029,Y3BrO4,4.2046,-3.711852546875,4.935203809637772,276.3205599483158,16,3,Orthorhombic
mp-768949,KEuO2,0.0,-2.5851433405625013,5.465120664733771,67.77557047897551,4,3,Trigonal
mp-8459,CdSO4,2.8625,-1.824414109583333,4.404317564057447,157.1996351851737,12,3,Orthorhombic
mp-770957,Be(CoO2)2,0.0,-1.790018201428597,5.607351497920858,113.05064096894415,14,3,Cubic
mp-555287,Rb3FeO3,0.49190000000000006,-1.587311184285714,4.270217026907012,560.3495552010497,28,3,Monoclinic
mp-1211288,LaTiTeO6,0.0,-2.836414147222222,5.311202991660622,128.3011666888742,9,4,Trigonal
mp-540977,Bi5IO7,2.4304,-1.57666697653846,8.554562882298338,498.4015787728977,26,3,Monoclinic
mp-1020641,Rb2Ca2(SiO3)3,4.133500000000001,-3.167380317812501,2.981479051896149,533.9412189619829,32,4,Monoclinic
mp-554040,CuSeO4,0.0,-1.009855195807296,4.648752130849539,295.05319753916405,24,3,Orthorhombic
mp-765601,Li3V4O11F,,-2.381022063157894,3.263132277100903,213.5158051049065,19,4,Triclinic
mp-6595,Sr3CuPtO6,0.0,-2.237133783636364,6.502260654613771,315.38578496284526,22,4,Monoclinic
mp-781503,VOF2,0.034199999999999,-2.8264089470833342,3.347553089018002,312.3233413831551,24,3,Triclinic
mp-2918,YCuO2,2.6470000000000002,-2.712541574999999,5.001199948022238,122.48560880109859,8,3,Hexagonal
mp-562072,Cs3SbO3,3.0838,-1.767709815566502,4.84552578956623,779.2543051906296,28,3,Cubic
mp-14026,Ca2Ta2O7,2.2952,-3.482593376333331,6.451886845888254,285.1933519946119,22,3,Cubic
mp-27537,Na2TeO4,1.8037,-1.809936480453611,4.384687871044092,359.89437014679044,28,3,Orthorhombic
mp-19413,AlWO4,2.2527,-2.63203482,7.336639690563866,124.40243357775876,12,3,Monoclinic
mp-6525,NaSn2(PO4)3,3.3552,-2.529182972794856,3.803713184381587,476.13030833111407,36,4,Trigonal
mp-22220,LaLuO3,4.452500000000001,-3.988481201333332,8.359650151374474,287.5241780269563,20,3,Orthorhombic
mp-22352,Ba3InRu2O9,0.0,-2.261919185444445,6.62563280952663,437.55529079835634,30,4,Hexagonal
mp-6560,KSO2F,3.9815,-2.180598777949999,2.182349956384169,185.90262058172416,10,4,Monoclinic
mp-1103543,BaDyFe4O7,0.0,-2.183612622820512,5.599920680037666,188.35607232326223,13,4,Tetragonal
mp-1178355,Er2TeO2,0.603499999999999,-3.3368576393333322,8.881998351674628,92.37788810315193,5,3,Tetragonal
mp-17315,Zr3Tl2OF12,4.2570000000000014,-3.610966127870371,5.64982964227078,544.566746468871,36,4,Trigonal
mp-1080749,CsFeO2,1.976,-1.731291164913793,4.60843598161213,159.0833671836937,8,3,Cubic
mp-3831,SmPO4,5.8438,-3.467471649523798,5.7299038363459935,284.3903300987877,24,3,Monoclinic
mp-761341,TiVO4,1.1814,-2.960710096805556,4.287450605439104,252.22064504983234,24,3,Tetragonal
mp-1218846,Sr2CoRuO6,0.0,-2.122513607,5.7107111750416415,125.39422369877433,10,4,Trigonal
mp-6564,Sr2MgSi2O7,4.495900000000001,-3.398849896666666,3.563730007284474,342.6745617101767,24,4,Tetragonal
mp-20273,Ca3PbO,0.0,-1.689312636999997,5.011409566417091,113.79724006134056,5,3,Cubic
mp-19225,FeAgO2,1.148499999999999,-1.219109076041666,7.243436164392254,44.86647144072492,4,3,Trigonal
mp-1205691,Ba2ZnOsO6,0.0,-2.295212536999999,7.753342635792667,134.13285914858207,10,4,Cubic
mp-33916,Nd2CuO4,0.0,-2.961350564999999,7.23741047393821,95.45266018439953,7,3,Monoclinic
mp-3037,UTeO,0.0,-2.399632922222223,9.383901841508203,135.06294681652045,6,3,Tetragonal
mp-755493,CrSbO4,1.305599999999999,-2.052195685000001,5.181669921817077,76.19151992225906,6,3,Tetragonal
mp-550081,Ba2LaIrO6,0.0,-2.7117343015,7.221134388536707,161.3764823938063,10,4,Trigonal
mp-1020122,MgS2O7,5.521100000000001,-2.145147585,2.493232505982853,266.9812564622324,20,3,Triclinic
mp-754341,Ho2TeO6,3.1026,-3.019075734444444,7.614013599135075,362.1100847689048,27,3,Trigonal
mp-1100902,VSbO4,0.0,-2.215008185416666,5.70089195853581,275.7800747236112,24,3,Orthorhombic
mp-19151,BaYCo4O7,0.0,-2.038653213076922,5.156296826381758,369.6782436419176,26,4,Hexagonal
mp-5391,Mg2SiO4,4.497299999999999,-3.162942971428571,3.356699049586193,278.4001609913303,28,3,Orthorhombic
mp-560156,SrTlVO4,3.2379000000000002,-2.520933969404763,5.80932361031048,465.28222449625144,28,4,Orthorhombic
mp-977176,NaTcO3,0.0,-1.972065040275862,5.052351618909321,55.54069588597196,5,3,Cubic
mp-758370,Li2P5WO15,1.509,-2.54498483782091,3.083077950383651,638.3265434719813,46,4,Monoclinic
mp-6641,Ba3SrRu2O9,0.0,-2.432572327333333,5.944591308238911,472.48900083946677,30,4,Monoclinic
mp-755380,Ce2Dy2O7,1.8007,-3.871628801666665,7.403243605829144,160.87337455893217,11,3,Tetragonal
mp-19046,KMnO4,2.081099999999999,-1.453729503780173,2.811681165119603,373.33043700245133,24,3,Orthorhombic
mp-557371,CaBi2B2O7,3.1706,-2.511083403819443,6.16025343383586,637.9405710261286,48,4,Orthorhombic
mp-767709,Li2Mn3Si3O10,2.2462,-2.73346017141443,3.34960224356623,419.3449606462948,36,4,Monoclinic
mp-849632,Li5Fe8(BO3)8,1.5931000000000002,-2.287912426666667,3.252441217267012,486.0137751029918,45,4,Triclinic
mp-644303,UW3O11,0.0,-2.508515598666666,7.5481965521821195,424.82219828965674,30,3,Orthorhombic
mp-16834,Zn3(AsO4)2,2.1475,-1.772177823461543,4.5589538942279795,345.3441886394256,26,3,Monoclinic
mp-562504,Cs2GaP3O10,,-2.654725820671182,3.535364503803171,1105.563929626895,64,4,Monoclinic
mp-1106241,BaTbMn2O5,0.043800000000000006,-2.793845698058748,6.487090003136868,248.87284868801683,18,4,Tetragonal
mp-540739,Ba3YIr2O9,0.0,-2.452405328333335,7.5193480293279755,454.6188073522955,30,4,Hexagonal
mp-753056,HoBO3,4.5465,-3.467820158833331,6.269566790805142,118.51798572341875,10,3,Orthorhombic
mp-669426,SiO2,5.537999999999999,-3.26570421,2.355588157477184,338.84472465871204,24,2,Monoclinic
mp-1218702,Sr2TaVO6,0.0,-3.263505526233333,6.429647594256583,259.8773885678864,20,4,Cubic
mp-754394,Mn3OF5,0.383999999999999,-2.727145303199234,3.9794502333761663,230.17545910208975,18,3,Monoclinic
mp-541574,BaY2CoO5,1.8813,-3.061319460833334,5.8930364013552055,511.78990776435603,36,4,Orthorhombic
mp-1197031,BaV6O11,0.0,-2.6148183625,4.963464194525673,414.15544847228796,36,3,Hexagonal
mp-755872,Co4TeO8,0.0,-1.282370071282052,5.168310115374771,315.7199498832713,26,3,Monoclinic
mp-755666,Yb2TeO2,0.0,-3.224592407500003,9.439484949502639,88.95606137871445,5,3,Trigonal
mp-560530,Nb2Cd2O7,1.9353999999999991,-2.458725366363637,6.030374236818164,287.8257395636999,22,3,Orthorhombic
mp-5121,Nd2Te4O11,3.292,-2.274413674803908,6.208782434558602,521.4619854723645,34,3,Monoclinic
mp-617283,Cu2AsClO4,0.0,-1.187193590937501,4.410953671353956,226.97725642974478,16,4,Monoclinic
mp-555212,Ba2InBrO3,1.8236999999999992,-2.561333907380952,5.867765636048222,292.8269888193814,14,4,Tetragonal
mp-561870,Sr2CoReO6,0.0,-2.47099482525,6.717249014302168,510.603973293055,40,4,Monoclinic
mp-3094,SrAl2O4,4.1419999999999995,-3.458835004642857,3.555923830251846,384.0068146842235,28,3,Monoclinic
mp-1185015,KNpO3,0.0,-3.1130405402,6.8383050336629605,78.70004291254199,5,3,Cubic
mp-754903,Y(BO2)3,5.446999999999999,-3.152807728749999,3.760482034836228,191.94011290629388,20,3,Monoclinic
mp-6922,SiO2,5.5311,-3.263754841666668,2.435363186396876,122.90445400834437,9,2,Hexagonal
mp-7744,LiSO3F,5.7916,-2.224047807638889,2.004143187635696,175.65757263337264,12,4,Monoclinic
mp-754262,Zn2As2O7,1.763199999999999,-1.7189394599999992,4.746963212032819,137.35566490618262,11,3,Monoclinic
mp-1174881,Li7Mn2(CoO4)3,,-1.8974979741331421,4.07930821081174,214.62666439269083,24,4,Monoclinic
mp-1178141,KDyO2,3.9736000000000002,-3.103410802229165,6.061374999359721,63.99490386841953,4,3,Trigonal
mp-759728,Sb7(O2F3)3,2.7586999999999993,-2.234122542272727,4.729109549759576,786.0442760271984,44,3,Orthorhombic
mp-600000,SiO2,5.4117,-3.25690691,1.792571663140008,445.27013175670066,24,2,Orthorhombic
mp-770662,CdCoO3,0.0,-1.126618073999999,6.522672611211341,111.68017699771292,10,3,Trigonal
mp-20989,BaGdFe2O5,0.0,-2.534771441666668,6.629539575179718,121.79735251965715,9,4,Tetragonal
mp-558828,K3Nb3(BO6)2,2.3377,-2.877565431004194,3.746128869878559,270.2289590424201,20,4,Trigonal
mp-29027,TaI2O,0.8866,-1.681656821833334,6.6761741172060205,224.22971590686757,8,3,Monoclinic
mp-505811,FeCuPO5,0.0,-1.9528779715178581,4.258435365435451,359.3100962448877,32,4,Orthorhombic
mp-1049283,HoZn(BiO3)2,0.0,-2.138877566499999,8.060711457702714,306.65616926738784,20,4,Orthorhombic
mp-13042,NaSr3TaO6,3.8787000000000003,-3.16318817761024,5.658437270554175,330.3178812788778,22,4,Trigonal
mp-17265,Sr2CuGe2O7,0.0,-2.391299852083332,4.437335444535684,371.2723586684395,24,4,Tetragonal
mp-6509,Sr3GaO4F,3.6717999999999993,-3.112585204722221,5.2810147208966445,261.34567182388736,18,4,Tetragonal
mp-3998,LaTaO4,3.3887,-3.707138872055574,7.751849662533911,164.45094421972345,12,3,Orthorhombic
mp-22586,EuCrO4,0.0,-2.503723908333334,5.148092407367056,172.8617879545214,12,3,Tetragonal
mp-1806,RbO3,0.8986000000000001,-0.64643538,2.880356457910235,307.77511089530907,16,2,Monoclinic
mp-1191386,BaCoAs2O7,1.3273000000000001,-2.053426938409091,4.573119328976316,665.3590732746445,44,4,Triclinic
mp-22098,CePO4,0.0791,-3.380900735773808,4.940080389387113,316.08534104309786,24,3,Monoclinic
mp-767392,Li7Ti7Nb5O30,2.1219,-3.08095637197279,4.004384558034862,550.7657853706603,49,4,Trigonal
mp-754300,HoBiO3,2.4719,-2.784963121999999,8.916443593387505,157.1470142482774,10,3,Trigonal
mp-15269,Sr3CdIrO6,0.0,-2.355794370000001,6.814567449490661,323.34899447271835,22,4,Trigonal
mp-19434,Pr2NiO4,0.0,-2.951156691904761,7.031329222476568,191.0587579055883,14,3,Orthorhombic
mp-753016,V3O5F,0.9374000000000001,-2.534131556666666,3.9548741204871263,105.7320092300499,9,3,Triclinic
mp-558945,Hg3AsBrO4,,-1.04613586777778,8.274066648920954,658.745994783115,36,4,Cubic
mp-28450,Li4P2O7,5.6108,-2.743522603278387,2.384406088464338,280.94450281920024,26,3,Triclinic
mp-765172,Fe3(OF)2,1.027899999999999,-1.867267177142856,4.451091309856047,354.4558617047505,28,3,Orthorhombic
mp-756878,NaYbO2,0.0,-3.178716101875002,7.497442133463566,101.00787464575491,8,3,Tetragonal
mp-849358,Mn3(OF2)2,1.019599999999999,-2.541545986532568,4.038443625803976,224.34678912027434,18,3,Tetragonal
mp-753656,SbOF,2.961899999999999,-2.102434050833334,5.378809506193075,193.5762595111698,12,3,Orthorhombic
mp-1194254,U(BO2)4,0.0,-2.980851654743588,5.991590973542112,226.85316416610343,26,3,Monoclinic
mp-19294,LiFeP2O7,1.7443,-2.525759379329004,3.07172801544365,255.94602694993728,22,4,Monoclinic
mp-32537,Ag2W2O7,1.9614,-1.646673068484848,7.061486275168498,327.0583785033833,22,3,Triclinic
mp-540553,Te7(OF5)6,2.3632,-2.183840624108527,3.8272504580869793,676.4717961912432,43,3,Triclinic
mp-505234,BaP2PbO7,4.3622,-2.827917035844154,4.9714291153886325,692.7104523806188,44,4,Orthorhombic
mp-5854,LiGaO2,3.1981,-2.378874777083333,4.2030404435495,171.72218722098282,16,3,Orthorhombic
mp-1020626,Zr2Ga(PO4)3,4.186999999999999,-3.029734488134921,3.245109080789768,549.6584214507633,36,4,Trigonal
mp-1076863,Ba2Fe2O5,0.8776,-2.262892478888888,5.499356426293684,281.6247534547258,18,3,Orthorhombic
mp-2472,SrO,3.2748,-3.075623527499999,4.987595380591106,34.49840025661019,2,2,Cubic
mp-1178531,BaO,,-2.80370102671875,5.766030208020219,1412.990042470456,64,2,Orthorhombic
mp-558472,SrCu2(BO3)2,0.0,-2.2910450016666672,3.8875958116386062,283.90174233992855,22,4,Tetragonal
mp-9418,Eu(CuO2)2,0.0,-1.806413884285714,7.131955693883354,159.74689950088367,14,3,Tetragonal
mp-556525,BaNd2PtO5,2.5077,-2.974262720555556,8.31175924727279,280.0510729059642,18,4,Tetragonal
mp-18983,ErNiO3,0.0,-2.5175578599999993,8.842572876016028,205.77977925513696,20,3,Orthorhombic
mp-11913,NaPr2IrO6,0.0,-2.621027141971264,7.286558911326534,270.2867972216805,20,4,Monoclinic
mp-32244,LiNbWO6,2.4684,-2.560774401481482,5.863733837858067,215.0437816852425,18,4,Tetragonal
mp-771853,Mn3Nb2Cr3O16,0.7195,-2.249142898074712,4.476250270612593,282.9011575199378,24,4,Triclinic
mp-1178047,Li2Cr3WO8,,-2.335650475476189,5.114332668062723,312.8035868065969,28,4,Trigonal
mp-8145,RbScO2,3.3013,-2.997647701874998,4.574784461879197,58.95554833648231,4,3,Trigonal
mp-558484,Nd2Te3MoO12,,-2.353775973194444,5.663242850895584,1125.021131302643,72,4,Orthorhombic
mp-753668,Ba2GdSbO6,3.4839,-3.056831461,7.004243157262212,154.01899248806973,10,4,Cubic
mp-754073,Lu2TiO5,3.0518,-3.8785095670833343,7.064866530415413,224.60502021591478,16,3,Orthorhombic
mp-15736,Sr3AlO4F,4.048999999999999,-3.419933012777777,4.705585020716286,263.13892998569986,18,4,Tetragonal
mp-14495,Li6ZnO4,3.5116,-2.036438191818181,2.93750058883325,193.3885738258328,22,3,Tetragonal
mp-676296,U(BiO2)4,0.0,-2.12140275,9.265954763497097,215.39904503418956,13,3,Orthorhombic
mp-1079882,Ba3SrO4,2.1745,-2.849843436249999,5.526653937390982,169.33889904872078,8,3,Cubic
mp-18259,Ho2Cu(B2O5)2,0.6646000000000001,-3.022947714509802,6.306374810446631,314.2064223510133,34,4,Monoclinic
mp-768504,Ni2(SO4)3,,-1.568343780735293,2.9885583201191572,450.7005690247437,34,3,Trigonal
mp-1045,Nd2O3,3.708,-3.781547341499998,6.4871077282622664,689.0489404160858,40,2,Cubic
mp-558831,KNdPdO3,0.6506000000000001,-2.2765922624583332,5.769814662506273,194.41220113042274,12,4,Monoclinic
mp-9631,AlAgO2,1.4090999999999991,-2.304877096666654,6.30693839740901,87.85832335519181,8,3,Hexagonal
mp-16398,Na9Fe2O7,,-1.567115631800765,2.856368022398421,1001.2963233460885,72,3,Orthorhombic
mp-1192451,HoWBrO4,2.6863,-2.665364907857142,6.388107569605422,512.2649932003958,28,4,Triclinic
mp-1078871,LaGaO3,3.3682,-3.0918840745,7.003612573186545,121.69108631106907,10,3,Trigonal
mp-1095264,OsO2,0.0,-1.269979669166666,12.576434323749666,117.36859418945855,12,2,Cubic
mp-1079573,Pr2Fe2S2O3,0.0,-2.321706072592592,5.606432121251283,149.7608750044579,9,4,Tetragonal
mp-4624,TaBO4,3.4514,-3.143846406916657,7.98041916626132,106.43391474261689,12,3,Tetragonal
mp-1192859,NaFePO4,0.5337000000000001,-2.370835786574594,3.390940233505768,340.4505548676841,28,4,Orthorhombic
mp-754093,Gd2CdO4,0.0,-3.087541293571429,7.052301786245037,231.17924704238936,14,3,Cubic
mp-21179,NiWO4,2.8991000000000002,-1.900100025833332,7.979272084206349,127.58223939536019,12,3,Monoclinic
mp-554787,RbMoIO6,2.6081,-1.636921128333333,4.360827681171304,615.8191890029092,36,4,Orthorhombic
mp-556999,ErSeO3F,4.3039,-2.820451809973958,6.346756193186652,327.793745057122,24,4,Monoclinic
mp-769365,ZnSeO4,2.0654,-1.307295509557291,4.674877135518836,148.02565690797132,12,3,Orthorhombic
mp-9751,Al2Ge2O7,3.409799999999999,-2.702367327272727,4.097575863372501,252.25857036845628,22,3,Monoclinic
mp-555184,SmTiClO3,3.2107,-3.510568672222222,4.910212589946849,190.51625433375833,12,4,Monoclinic
mp-28095,Au2Se2O7,1.1502,-0.8670706163352271,6.100338606602298,361.4052159914103,22,3,Orthorhombic
mp-26204,LiCo2P5O16,1.1541000000000001,-2.328649755272817,2.9974790366072672,593.4956042125194,48,4,Monoclinic
mp-1105225,Sc2MnNiO6,1.818099999999999,-2.759368691293103,4.87174749816575,204.19667585736192,20,4,Monoclinic
mp-561166,Na2ZrGe2O7,3.6953,-2.56855023939655,3.8951581882622763,336.3397946811708,24,4,Triclinic
mp-779424,Gd3TaO7,2.7834,-3.802698150666667,8.384159183693022,302.9054438975479,22,3,Triclinic
mp-758933,B8O,2.3536,-0.600347085,2.533458900688488,403.0481761231931,54,2,Monoclinic
mp-983589,Ag2GeO3,0.2116,-1.20002395347222,6.505166443541104,343.4581846043545,24,3,Orthorhombic
mp-17677,Nb9PO25,2.1092,-3.014921677418368,4.369813919809913,481.506984220409,35,3,Tetragonal
mp-768538,Mn2AlO4,0.0,-2.483427134051725,4.095911426870297,325.71793582560326,28,3,Orthorhombic
mp-5377,YTaO4,4.031499999999999,-3.707996333722221,7.519352299974885,147.4523745624261,12,3,Monoclinic
mp-997094,SrAuO2,1.436299999999999,-1.863680323749999,8.01690927824189,131.14839020699588,8,3,Monoclinic
mp-541991,CuMoO4,0.0,-1.5706039458333332,4.161294247016989,535.0785979296204,36,3,Triclinic
mp-505784,CsAl(MoO4)2,3.8773,-2.3849798274712652,3.486311424276101,228.51196093827474,12,4,Trigonal
mp-33104,Sm2O,0.0,-2.074061101666668,7.975357339320386,131.88749155029794,6,2,Tetragonal
mp-20633,PbO2,0.0,-1.298118654166667,9.62342805612383,165.09665776784567,12,2,Orthorhombic
mp-556847,RbV(IO4)2,2.7622,-1.477540501875,4.1140446871685175,418.32975934416595,24,4,Triclinic
mp-6049,Ba4Tb(RuO4)3,0.0,-2.514739077833333,6.607018784537857,302.459067607067,20,4,Trigonal
mp-757884,Li2Sn3(P2O7)2,2.5153,-2.400449137836438,3.430038116831604,695.0935880353935,46,4,Monoclinic
mp-1183288,BaInO3,0.0,-2.162446134333333,6.331161973233718,78.72164877180886,5,3,Cubic
mp-541238,KTi2(PO4)3,2.5455,-3.032237108769179,2.865249871620221,486.5232026853041,36,4,Trigonal
mp-554790,Na4Ni5(P3O11)2,3.4051,-2.338817639010118,3.506735395265957,874.3754911104808,74,4,Monoclinic
mp-6440,CaTiSiO5,2.9385,-3.476083984166667,3.521848711605334,369.70505951069816,32,4,Monoclinic
mp-645953,Fe5Te6(ClO9)2,0.021499999999999003,-1.53193740483871,5.062610714790876,460.4209886937456,31,4,Triclinic
mp-20547,Ca(FeO2)2,0.0,-2.170852092142855,4.778983253318624,299.8857196493308,28,3,Orthorhombic
mp-29297,Cd3(ClO)2,1.1749,-1.4199080907142871,5.584657198635915,261.74068903133235,14,3,Monoclinic
mp-758230,Li2Mn3(P2O7)2,0.0,-2.563998761262225,2.642267887962613,661.8642166859825,46,4,Monoclinic
mp-774146,W(BrO)2,0.892699999999999,-1.538808808999999,4.740223159405382,263.1843128638798,10,3,Orthorhombic
mp-7685,BaRhO3,0.0,-1.997272270499999,6.874242273661015,278.4995456894578,20,3,Hexagonal
mp-555455,BaYMn2O6,0.0,-2.679766433086206,5.8957607828901235,243.40465102952868,20,4,Monoclinic
mp-8874,LiSiBO4,6.4308,-2.972327560357141,2.6698841511887,68.31213045431764,7,4,Tetragonal
mp-1175431,Li9Mn2Co5O16,,-1.84728451705819,4.283695412270306,280.2655329794431,32,4,Triclinic
mp-505743,GaBPbO4,3.371399999999999,-2.299635754880952,6.526327847313083,357.9740867588723,28,4,Orthorhombic
mp-19317,Yb(FeO2)2,0.0,-2.420447148571428,6.864040632918717,84.36369106332408,7,3,Trigonal
mp-541464,La4Mn5(Si2O11)2,1.0118,-3.035376521418719,4.9651733804358225,432.9761793297494,35,4,Monoclinic
mp-761087,NaTiO2,0.0,-2.74823251180316,3.986429879384324,171.3770929623887,16,3,Cubic
mp-1193267,Fe2Cu(PO5)2,0.0,-1.931854351952381,3.662024909442872,360.19896712160664,30,4,Monoclinic
mp-18042,SrTb2O4,3.6672000000000002,-3.7145049161904753,7.528962663104619,414.1715067870067,28,3,Orthorhombic
mp-761024,Na2Cd2O3,0.385499999999999,-1.418337111108373,4.9567903117870165,213.597665828997,14,3,Monoclinic
mp-8624,K2Sn2O3,1.3022,-1.742462365642854,4.13826984345966,291.8111207988129,14,3,Cubic
mp-753367,WO2F,0.0,-2.268563492499999,6.253635790980473,124.71348292048307,8,3,Monoclinic
mp-19050,Ca2MnO4,0.0,-2.748383880775861,4.096632487686326,322.80118399673455,28,3,Tetragonal
mp-510727,InTeO3F,3.178,-1.9819791672222222,5.568418886234493,369.0778634921114,24,4,Monoclinic
mp-558273,Ca3SiO5,3.2782,-3.388859243518518,3.001396398110245,378.95207847729245,27,3,Trigonal
mp-6318,KLiSO4,5.3179,-2.302612706154761,2.274020084033194,207.53181385238992,14,4,Monoclinic
mp-11912,NaNd2IrO6,0.0,-2.621297260137931,7.468347960787489,266.6731591930824,20,4,Monoclinic
mp-7374,Ba(CuO)2,1.386299999999999,-1.616588649999994,5.907405636175781,166.64280980517356,10,3,Tetragonal
mp-19162,LaVO4,2.8563,-3.224557474166666,4.6217604216144625,182.40617724708213,12,3,Tetragonal
mp-510596,EuCuSeO,0.0,-1.9024321780859381,7.087393160052949,145.48270599397938,8,4,Tetragonal
mp-557784,LaNbTeO6,3.297799999999999,-2.8748838976851863,5.624787305165749,537.7790478814595,36,4,Triclinic
mp-19042,Ca3Mn2O7,0.40979999999999905,-2.647336472571837,4.25929896661803,266.74821359629965,24,3,Orthorhombic
mp-760996,V6O5F19,2.2316,-2.730820658,2.8116691672359373,440.9425144824441,30,3,Triclinic
mp-1377229,TaZn2MoO6,,-2.274960562733333,7.312712448294241,228.7570637542555,20,4,Monoclinic
mp-761501,Mn2CoO6,1.335,-1.539909693984674,4.200843325247712,104.67426441673935,9,3,Monoclinic
mp-2345,Dy2O3,3.925499999999999,-4.005045779666665,8.333958276713304,594.5583725490907,40,2,Cubic
mp-766125,Li3V4(PO4)6,0.6562,-2.6652962534555993,2.9415009765539932,448.46517468415226,37,4,Triclinic
mp-768088,Mn2Si4O11,0.0,-2.810021464462474,3.387940923296111,390.3525775004792,34,3,Triclinic
mp-22225,CeSiBO5,0.157499999999999,-3.367056123020832,4.741962507938011,272.0996165515161,24,4,Trigonal
mp-23493,Ce(IO3)4,1.4876,-1.336918337941175,5.318725377859627,524.3357602973116,34,3,Tetragonal
mp-774658,LiSnPO4,3.215,-2.38851562685374,3.6060486797082323,609.5625715671855,42,4,Trigonal
mp-18251,K2MnV2O7,2.41,-2.389990744785918,2.645207081318002,435.6780882129184,24,4,Tetragonal
mp-753459,Nb3O7F,1.494,-3.055118828181817,4.883744217035728,139.30807639713782,11,3,Orthorhombic
mp-556896,Ba4AgAuO6,1.8623,-2.196761526805555,6.8585301762311754,460.0820199929029,24,4,Orthorhombic
mp-2097,SnO,0.4096,-1.629702402499999,6.294342860686033,71.07659251782975,4,2,Tetragonal
mp-18755,NdMnSbO,0.0,-1.777319990107758,6.344138992170556,176.38362343306625,8,4,Tetragonal
mp-19302,NaCaVO4,3.6886,-2.7691338459113313,2.914813782838145,202.81732047718455,14,4,Orthorhombic
mp-756050,TaCuO3,1.5612,-2.5028656634666673,6.905862719148174,281.3230122078083,20,3,Monoclinic
mp-754327,Ho2CuO4,0.0,-3.096600875714283,8.71777891587583,87.1251286684156,7,3,Tetragonal
mp-505562,CrCuO2,1.529299999999999,-1.784237707499988,5.601225578689667,87.47993628517202,8,3,Hexagonal
mp-557564,CeNbO4,0.0,-3.471465507499997,5.925181350803774,166.48039988981748,12,3,Tetragonal
mp-19349,NaMn(SiO3)2,2.884699999999999,-2.7837542424310353,3.448373374488995,221.60134698653843,20,4,Monoclinic
mp-541044,CsYO2,2.8461,-2.934489389913794,5.700610921022929,147.8654114591104,8,3,Hexagonal
mp-6238,Ba2Ta6Te2O21,2.8259,-3.073914786849462,6.90473115932109,469.3288613207878,31,4,Monoclinic
mp-555838,SnPO3F,3.6834,-2.502231003273809,3.6340094094745883,396.04323637067836,24,4,Monoclinic
mp-1106304,TmNiO3,0.0,-2.527218608000002,8.65492732731107,211.52687155397024,20,3,Monoclinic
mp-8666,CsAgO,1.4719,-0.9897648946072791,5.213697371306408,327.12422955475057,12,3,Tetragonal
mp-3759,MgGeO3,3.633899999999999,-2.533935939999999,4.764605969186327,101.02990576537422,10,3,Trigonal
mp-5416,Na2SeO3,4.2235,-1.795207838767059,3.522136231387598,326.13147488074566,24,3,Monoclinic
mp-19281,LaCrO3,2.3706,-3.1966233445,6.706217884389386,236.61766314523803,20,3,Orthorhombic
mp-3491,NbSbO4,2.4311,-2.523132912916659,5.621377850336273,329.2661959854274,24,3,Orthorhombic
mp-1229229,Ba4U8As2O33,,-3.37515313968085,6.491844931475272,1601.9329225264257,94,4,Orthorhombic
mp-983597,Sm3SbO3,0.5489,-3.094074591428572,7.247208421869607,284.5029493084924,14,3,Monoclinic
mp-27700,Sb4Br2O5,2.376,-1.61753876272727,5.220155805003094,462.420878973041,22,3,Monoclinic
mp-1003314,KMn2O4,0.43569999999999903,-1.964762960444581,3.740999606328794,94.53310523964342,7,3,Triclinic
mp-1047130,Zn2NiIrO6,0.0,-1.3365544205,7.531575375334003,421.3093032736153,40,4,Monoclinic
mp-1211053,LiSO4,,-1.8361238751388882,1.603887184799886,213.28370651178966,12,3,Hexagonal
mp-622195,CsSO3F,5.164499999999999,-2.260244409109196,3.138739042183023,490.8854823302559,24,4,Monoclinic
mp-19178,CoAgO2,1.331999999999999,-1.005616199166666,7.578299942146375,87.12125219781167,8,3,Hexagonal
mp-767737,Co9Cu3O16,0.0,-1.213403641071428,5.858692563379923,276.9204464059783,28,3,Tetragonal
mp-561380,Ag2Te4O11,1.1402,-1.243297442647058,6.707920927921428,446.642645952666,34,3,Triclinic
mp-1205663,Sr2ZrTiO6,1.8689,-3.561698993333332,4.995441929296163,136.39727724598058,10,4,Tetragonal
mp-19031,RbVO3,3.0572,-2.4096175575,3.566212186908948,343.46341930871506,20,3,Orthorhombic
mp-2230949,Tb5Mg(MoO6)2,,-3.287994159916666,7.474177445917204,267.2272580108821,20,4,Monoclinic
mp-20129,BaTbO3,0.0,-3.124320660333333,6.565046223874112,348.29396015201496,20,3,Orthorhombic
mp-29305,Re2PbO8,3.7670999999999992,-2.107438672272728,6.818526653501532,516.9794503401254,33,3,Trigonal
mp-17889,KNa2(PO3)3,5.058499999999999,-2.649284270595813,2.523031673035071,423.84181264654893,30,4,Triclinic
mp-560453,Ca7Cu(PtO6)2,0.5033999999999991,-2.485199199545454,5.3795368250157285,285.91289733259504,22,4,Monoclinic
mp-554774,RbLu(SO4)2,5.8838,-2.563378531597221,4.293780500278138,350.03818193865123,24,4,Monoclinic
mp-13252,SnB4O7,3.571999999999999,-2.6146258118055563,4.432943400027539,205.2380570365192,24,3,Orthorhombic
mp-550807,MnInO3,0.0,-1.98190778291954,5.890629387888925,122.76767283438741,10,3,Hexagonal
mp-554320,P2Pd2O7,0.8063,-1.904524799935064,4.634340591395063,277.17808268298415,22,3,Monoclinic
mp-9127,Ba(SbO3)2,2.8606,-2.376879317777779,5.537944435702883,142.98032483777925,9,3,Trigonal
mp-766042,CoPO4,0.6658000000000001,-2.084534375773811,2.782813900917609,367.34692081564816,24,3,Orthorhombic
mp-37514,SrCuO2,0.0,-2.077688422499998,5.7685415583261666,52.72603186622967,4,3,Tetragonal
mp-861528,V3CoO8,1.8485,-2.209181619583333,3.636889732929127,620.5004787797802,48,3,Orthorhombic
mp-558625,SrZr(PO4)2,4.112999999999999,-3.263935958273809,3.76635496596383,325.1869608571104,24,4,Triclinic
mp-3943,BaTi2O5,1.8301,-3.509142515208333,4.938200329835688,315.8104194178934,24,3,Monoclinic
mp-754839,SnBiO4,0.0,-1.694535004166666,6.73586510485157,96.55971665019753,6,3,Tetragonal
mp-540586,Tl2SnO3,1.1414,-1.497404127777778,9.128278737090664,418.74198401105656,24,3,Orthorhombic
mp-14560,Ca2Ta2O6F,0.0,-3.449717791787879,6.570819460662909,281.54709945889937,22,4,Cubic
mp-554493,BiAsPbO5,2.2678000000000003,-1.7221394259375,7.483203633174507,253.45620589343605,16,4,Monoclinic
mp-27227,LiAg3O2,0.727799999999999,-0.8048942663888881,7.184823414960364,167.58077542268393,12,3,Orthorhombic
mp-542903,ZrPbO3,2.7752,-2.850313608,7.747064328868598,594.0289866900115,40,3,Orthorhombic
mp-6983,NaAgO,1.2098,-1.036896748515321,4.804486944170164,203.02887841412408,12,3,Tetragonal
mp-14964,Pr3TaO7,3.4185,-3.7124992820302998,7.381222403324079,322.00422446064863,22,3,Orthorhombic
mp-1102514,ScSeO3F,,-2.710342881223958,3.660588626069962,173.2058541267004,12,4,Triclinic
mp-17631,Fe2Ni(PO4)2,0.0,-2.240946505329671,3.901166089598979,306.74705556053976,26,4,Monoclinic
mp-759897,Cu2OF2,0.0,-1.433523159,3.634237441901739,165.48398173475996,10,3,Tetragonal
mp-998627,NaMoO3,0.0,-2.023017042275861,4.626929679341222,119.81613445964919,10,3,Trigonal
mp-850993,LiMn4(PO4)3,2.7473,-2.515106938199302,3.387097632731896,501.6352901904454,40,4,Hexagonal
mp-1223253,La2MnNiO6,1.580499999999999,-2.823589000793103,6.750711792686394,119.90011867273616,10,4,Trigonal
mp-1190417,YV(SeO4)2,1.3221999999999992,-2.153044592473958,4.404581285043812,321.0272675729281,24,4,Orthorhombic
mp-1216303,VPO5,1.3045,-2.447846693520408,3.17846093545062,169.17724765080825,14,3,Monoclinic
mp-16811,Ho2MoO6,2.1491,-3.191563560833332,7.690075459218735,450.69225879573884,36,3,Monoclinic
mp-1223269,La2GaCoO6,1.7713,-2.8300390367499997,6.992208426819073,119.32715366567061,10,4,Trigonal
mp-545529,NdBi2ClO4,1.1973999999999991,-2.4068132021875,7.640609667500461,143.79759823644335,8,4,Tetragonal
mp-1192212,Rb3NiO2,1.3429,-1.06758232875,3.850064393415128,598.8115987158462,24,3,Tetragonal
mp-10486,Cd2As2O7,1.5916000000000001,-1.659347869090909,5.294079100254838,152.64592526615678,11,3,Monoclinic
mp-555769,ScBiO3,2.6784,-2.7707475025,7.106623445574228,282.20099549135153,20,3,Monoclinic
mp-1188841,BaNb2V2O11,2.1233,-2.867384822812499,3.736500698365595,267.09771893645353,16,4,Trigonal
mp-754812,Al2O3,4.205500000000001,-3.341665016000001,3.094645987901551,109.42168181400928,10,2,Monoclinic
mp-554298,Cu2As2O7,0.0,-1.356489722272727,4.684749863392922,275.7180803860719,22,3,Monoclinic
mp-680690,LaCu3(RuO3)4,0.0,-1.5693222917500012,7.157350143640097,214.79375103577414,20,4,Cubic
mp-29791,Nd4PdO7,0.958399999999999,-3.284427078333331,7.385716801086469,357.6540797357599,24,3,Triclinic
mp-22137,DyCoO3,1.192399999999999,-2.608191084333332,8.778717764311475,203.8572689897275,20,3,Orthorhombic
mp-764723,LiFe4(BO3)4,1.3741,-2.226741247380953,3.171158836158695,487.5674506400927,42,4,Triclinic
mp-19721,GdNbO4,0.20720000000000002,-3.529169375833331,6.783672995454353,153.80014840557192,12,3,Monoclinic
mp-1194101,Cs2In(IO3)6,0.0,-1.093865789480631,4.728642621352776,502.18332259661827,27,4,Triclinic
mp-3081,BeAl2O4,6.117700000000001,-3.352918253928567,3.713486081513497,227.11100940878518,28,3,Orthorhombic
mp-555999,Np(IO3)4,0.0,-1.269658774044118,5.582209875347788,557.2268542618681,34,3,Tetragonal
mp-766544,Li2Mn2Si3O10,,-2.698946549266397,2.846910770652771,429.302278693662,34,4,Monoclinic
mp-752579,Tm2TiO5,3.2759,-3.914610188854153,7.534220801279818,410.58891072626346,32,3,Orthorhombic
mp-18968,Li2FeSiO4,3.123599999999999,-2.563266433645833,3.312314492741815,324.4764263891368,32,4,Orthorhombic
mp-774172,Mn3OF5,0.0,-2.741142536532567,3.91853595334339,233.7535741275381,18,3,Orthorhombic
mp-556582,Cu(IO3)2,0.49990000000000007,-0.829651572777775,5.346500569506531,256.7608623166428,18,3,Monoclinic
mp-757862,K4Nb15O24,0.0,-2.58369804672093,5.495368280759409,584.3903532911921,43,3,Monoclinic
mp-1174124,Li5Mn(CoO4)2,,-1.855192222162356,3.981372750053973,139.93127205568004,16,4,Triclinic
mp-1046866,Nb2VZn2O8,0.9222999999999991,-2.52694661076923,5.321184883226978,309.29544660612805,26,4,Monoclinic
mp-1217907,TaNb(AgO3)2,1.3613,-2.269324537066666,7.543284764793217,128.90805800728566,10,4,Tetragonal
mp-18601,DyMn2O5,1.0799,-2.6523155571910912,6.7207706836337415,348.25130004119944,32,3,Orthorhombic
mp-29945,Tb2Mo4O15,3.3306,-2.521284601587301,4.67519299729772,668.8778020204601,42,3,Monoclinic
mp-768537,Cs3TlO3,1.5384,-1.341620850328406,5.927947778770284,364.77157556661945,14,3,Monoclinic
mp-505070,CeTa3O9,0.0,-3.470269011307691,8.762465049345055,313.4254605473492,26,3,Monoclinic
mp-849712,Li3V4(OF3)3,1.1747,-2.955555819473684,3.372855064886899,436.7635115856202,38,4,Triclinic
mp-16032,Pr2TeO2,1.655599999999999,-3.215270251999999,6.7119902057313485,109.20536757818641,5,3,Tetragonal
mp-1183139,AcNiO3,0.0,-2.455476575499998,9.494942767086057,58.35821779959113,5,3,Cubic
mp-764668,Fe4OF7,0.803199999999999,-2.392221291666667,4.11656552546819,150.20579087837365,12,3,Orthorhombic
mp-555867,BaNb2Bi2O9,2.2153,-2.6459056046428593,7.000753863903626,419.8790928550235,28,4,Orthorhombic
mp-1096933,CsAgO2,1.1055,-1.005998602830459,4.665259672390486,194.1796789374116,8,3,Orthorhombic
mp-549709,ErBi2ClO4,1.3769,-2.475584263749999,8.616169133742371,131.9521389723271,8,4,Tetragonal
mp-1192440,Eu5Ta4O15,0.0,-3.420848036222223,8.810339518858559,324.85800503191206,24,3,Trigonal
mp-770219,NbAsO4,2.6353,-2.408638266249999,4.522416618042303,340.48648299355125,24,3,Orthorhombic
mp-861109,SmY3O6,3.9935,-3.924957691999997,5.5770837499963015,611.0572307832674,40,3,Triclinic
mp-5370,ErNbO4,3.4799,-3.577529446666666,7.402326776658028,145.4367818326705,12,3,Monoclinic
mp-3472,PbSO4,3.987,-1.910636434166657,6.342855902046492,317.57265340126145,24,3,Orthorhombic
mp-541775,Tl(MoO3)3,0.0,-1.841663305256411,5.31488210155779,397.5371219351188,26,3,Monoclinic
mp-1079056,ZrTi(PbO3)2,2.3681,-2.7843979413333333,7.511121960313763,143.58696432608696,10,4,Tetragonal
mp-29709,Hg3PO4,0.7357,-1.510913072142861,8.77497194032117,527.3937096486018,32,3,Monoclinic
mp-1209329,PrVO3,1.301599999999999,-3.2025637978333332,6.648298263782472,239.62576821509148,20,3,Orthorhombic
mp-556048,Nb2O5,,-3.027670708392857,4.32188433489156,817.0278638882543,56,2,Tetragonal
mp-9203,Al6Cd4SO12,2.7127,-2.7123131624999983,3.87606053268021,357.9746858888572,23,4,Cubic
mp-554845,Na2Zn2O3,1.2488000000000001,-1.705382088965517,4.215406485026651,354.20745990688965,28,3,Tetragonal
mp-19109,FePO4,2.6991,-2.341967725357142,3.018752409691338,248.88075634771351,18,3,Trigonal
mp-610232,BaV6O11,0.0,-2.635275998055555,4.953748173086343,414.9677512127531,36,3,Orthorhombic
mp-27719,Al2CuO4,0.0,-2.653946341428571,4.60121013657138,131.00854748787663,14,3,Cubic
mp-17066,Y2TeO6,3.0718,-2.995436384074074,5.628800764578022,473.67377853861507,36,3,Orthorhombic
mp-4967,MgSO4,5.5304,-2.396851434166665,2.951862604941887,270.8460777520735,24,3,Orthorhombic
mp-560535,K4Sr(SiO3)3,4.1609,-2.904279635823529,3.009352396436448,521.184106480275,34,4,Orthorhombic
mp-1048892,V2ZnO4,0.0,-2.295702362500001,4.853682543192701,316.51465713342935,28,3,Trigonal
mp-1228319,Ba2TaMnO6,0.0,-3.049052465526438,7.251747519425103,138.8875247347746,10,4,Cubic
mp-1078397,LaBiS2O,0.8679999999999991,-2.095540906,6.097899749460756,233.10848198158655,10,4,Tetragonal
mp-1208079,V4Bi6PbO20,,-2.046192641935484,6.818619983952422,483.3673662363616,31,4,Triclinic
mp-6081,Ba2Ti(SiO4)2,3.7274000000000003,-3.44362643102564,4.382018191751484,384.01204802386815,26,4,Tetragonal
mp-560545,Na2Ca(AsO3)4,2.6021,-2.029835716987296,3.567665596249697,537.8051270261523,38,4,Tetragonal
mp-11887,K2U3(TeO7)2,1.8600999999999992,-2.874956071325395,5.65310764968826,373.48197209439826,21,4,Triclinic
mp-769333,Ca4Ta2O9,4.1648,-3.44902702831111,5.171913424107689,427.79333462333796,30,3,Triclinic
mp-1198490,UO3,1.878299999999999,-3.529358561562499,7.690944253978191,494.04512588011,32,2,Orthorhombic
mp-551244,CsK2CoO2,1.675799999999999,-1.229804064025859,3.7029288518524712,541.7758259868706,24,4,Tetragonal
mp-1105091,CoBiAsO5,2.0761,-1.6534395684375,6.3011335933828985,445.7162305849643,32,4,Triclinic
mp-21216,AlFeO3,1.9962,-2.5228653455,4.238396948650082,410.0410451498143,40,3,Orthorhombic
mp-1207052,Sr2CrWO6,0.0,-2.7655281984999993,6.583914689350159,255.77904197651023,20,4,Cubic
mp-754205,CrFe2O5,0.0,-1.7581303793749998,4.743283925022543,170.61821042824099,16,3,Monoclinic
mp-558005,HoMoClO4,2.7162,-2.684803627857142,4.836710623701364,247.41069322661878,14,4,Monoclinic
mp-818373,RbV(PO4)2,1.196899999999999,-2.535209379732141,3.297582093761064,657.3547161616134,48,4,Monoclinic
mp-29473,LiIO4,2.0725,-1.117783785138889,3.553146884954736,369.84246070115796,24,3,Monoclinic
mp-559851,CrBiO3,1.790499999999999,-1.992954802000002,8.84812721008082,231.942668887704,20,3,Orthorhombic
mp-13941,Sr2YbReO6,0.0,-2.915716727,7.598280099497323,137.78674967178137,10,4,Cubic
mp-16970,Na2Si2O5,4.4295,-2.8995427866954033,2.518742230861613,480.3399092735949,36,3,Orthorhombic
mp-36447,Al2CoO4,3.0024,-2.863333982142858,4.45401960222136,131.898469994946,14,3,Cubic
mp-865120,NaPaO3,2.952,-3.440691451275864,6.188465124898148,81.04148454461952,5,3,Cubic
mp-12417,Ba2CaReO6,0.0,-2.915715638250001,6.665614866962983,148.70864454671502,10,4,Tetragonal
mp-768873,Y2GeO5,3.7621,-3.336049439375007,5.099224729531119,430.43639373598603,32,3,Monoclinic
mp-753726,TbCeO4,0.0,-3.547740029444443,7.363064746540276,163.74712974124094,12,3,Tetragonal
mp-8627,SmBO3,5.2713,-3.488289486333333,5.9021629053724585,235.39413174333598,20,3,Triclinic
mp-4709,PrNbO4,3.754699999999999,-3.503020980277776,5.999568515510777,164.85447072545767,12,3,Monoclinic
mp-558768,Ag2TeO4,0.0001,-0.9644783249999971,7.102537017394162,571.3964053953825,42,3,Monoclinic
mp-770357,Li2AlNiO4,,-2.206576803020834,3.189372763672079,340.6170692350736,32,4,Orthorhombic
mp-18841,LaCrO3,1.903899999999999,-3.105166520000001,6.549860163598633,60.56654511365902,5,3,Cubic
mp-1101250,TlInO2,0.7159000000000001,-1.4884587775,9.01831455386902,64.6663500990472,4,3,Trigonal
mp-29160,TiAg2O3,1.2698,-1.8721297306944442,6.202128190969825,333.70908441939616,24,3,Monoclinic
mp-563010,RbFe(MoO4)2,2.5664,-2.014515078125001,3.418732213168468,448.01443534962385,24,4,Trigonal
mp-554541,Sr4Cr3O9,,-2.7303098407291673,4.95902196666478,653.4266620018843,48,3,Trigonal
mp-755951,VSO4,3.110499999999999,-2.056826916666666,3.255253025503039,299.95339727872727,24,3,Orthorhombic
mp-1204412,Mo2PbSe2O11,2.476,-1.6555355224804682,4.795472302455827,507.6305729621811,32,4,Triclinic
mp-6119,Na2Nd2Ti3O10,1.711999999999999,-3.359358077515213,4.966296091670517,213.3423200106038,17,4,Tetragonal
mp-704632,Ba2Sm2Fe4O11,0.0,-2.534275642368422,6.468641567710158,250.22350068775708,19,4,Orthorhombic
mp-1605,Ag3O4,0.0,-0.40144617142857003,7.049422627340591,182.6046271942463,14,2,Monoclinic
mp-3427,LiAlO2,4.5899,-3.082882981458333,2.6429246007715683,165.67246456582174,16,3,Tetragonal
mp-4519,KPrO2,3.6626000000000003,-2.913740302229166,4.868240309450869,72.31404928724157,4,3,Trigonal
mp-1178789,V2ZnO6,2.2835,-2.19371996,4.187178330588857,104.41415183793292,9,3,Monoclinic
mp-1045281,Ca2CoWO6,0.0,-2.5920701,5.643744838777771,246.51798986957758,20,4,Trigonal
mp-770766,Sm2WO6,2.9672,-3.230895530277778,7.724418548139421,499.21509382572935,36,3,Monoclinic
mp-1016155,NaMn4O8,0.3064,-1.912201701777189,3.539827929851958,173.91340257748132,13,3,Monoclinic
mp-540950,Ba3SrTa2O9,4.0225,-3.4044608436444452,6.743295727170235,495.20523849527854,30,4,Hexagonal
mp-556595,Nd4Cu2O7,1.519199999999999,-3.017822813461537,6.923066663379779,195.73587866680631,13,3,Monoclinic
mp-23094,Ba5V3ClO12,4.0709,-3.045460437142857,4.496354648806671,788.0330042394605,42,4,Hexagonal
mp-10498,Pr2CuO4,0.0,-2.856606291904762,7.242829410074191,93.85233411198617,7,3,Tetragonal
mp-616166,Ba2Ho(CuO2)3,0.0,-2.243011351249999,6.602017351967196,182.6584953002163,12,4,Tetragonal
mp-1767,Tm2O3,3.6932,-4.090072903500003,9.150946297529503,560.1576721567083,40,2,Cubic
mp-754611,NbVO4,0.0,-2.8002402633333343,4.469834247142753,77.21439325783713,6,3,Tetragonal
mp-559364,SrBi2(B2O5)2,3.6402,-2.643128214215686,5.410498471912324,435.0879367772994,34,4,Triclinic
mp-560340,La2Pd2O5,1.179,-2.572202741111114,7.499371443133834,252.7100317220284,18,3,Tetragonal
mp-997101,AgO2F,0.0,-0.6465347304166661,4.303992067548637,122.58489523425662,8,3,Monoclinic
mp-997054,CuBiO2,0.8376999999999991,-1.2602380275000011,7.8759889859820245,128.40952222360877,8,3,Monoclinic
mp-554081,Ca2PClO4,5.377099999999999,-3.2600333130803563,2.907121501294802,481.1314801999539,32,4,Orthorhombic
mp-27157,V2Ni2O7,0.0,-1.967618996136364,4.463030551259973,493.0098182414584,44,3,Monoclinic
mp-2657,TiO2,1.780999999999999,-3.464416747777778,4.236221754389662,125.22506013556851,12,2,Tetragonal
mp-5052,TiCdO3,2.4156,-2.632716396666666,6.2726038385036205,220.54685782643037,20,3,Orthorhombic
mp-753393,NaVO2,0.0,-2.274074097844829,3.917375772839299,89.80553746550186,8,3,Trigonal
mp-8324,Dy2S2O,2.5624000000000002,-2.9667975996666662,7.017234001964851,383.4748537898837,20,3,Monoclinic
mp-5487,Sr3SiO5,3.7632,-3.339431164444443,4.712073115249043,522.8819652385342,36,3,Tetragonal
mp-8873,LiGeBO4,4.526400000000001,-2.494826821071428,3.525050640066339,72.72802250350722,7,4,Tetragonal
mp-755804,Lu6TeO12,2.8127,-3.651567454561405,9.571589995543858,237.57114168675676,19,3,Trigonal
mp-1197546,CaCuAsO5,0.3425,-1.931763655625,4.124952326602425,416.31519948639277,32,4,Orthorhombic
mp-1091394,Ba2NaIO6,2.2417,-2.207977574637931,5.697991667878675,151.69989003431616,10,4,Cubic
mp-6643,BaDy2ZnO5,3.0569,-3.2605967625925922,7.874962426192644,512.593881187532,36,4,Orthorhombic
mp-1192658,Bi2Te2SeO10,3.1462,-1.512838570045139,6.227145708069312,486.4515235805005,30,4,Monoclinic
mp-14345,BaZnP2O7,4.3419,-2.8378817703896093,4.104586857499493,304.77646340442004,22,4,Triclinic
mp-975134,KRhO3,0.0,-1.184232334449999,4.961051500094684,63.59654676556202,5,3,Cubic
mp-27703,InBrO,1.9948000000000001,-1.664869542222221,5.282551075898691,132.47808183629036,6,3,Orthorhombic
mp-18224,Rb6Ge2O7,2.8402000000000003,-1.984542681666666,4.172899064230347,612.88433874197,30,3,Monoclinic
mp-20528,KCoO2,0.0,-1.4717673455625,3.644215425264177,118.50034067257155,8,3,Tetragonal
mp-9559,Nd3IrO7,0.0,-2.991003283181821,7.98182439918181,306.6255547337681,22,3,Orthorhombic
mp-4875,GdTaO4,3.3217,-3.693003387888868,8.798098530809094,151.81946521995152,12,3,Monoclinic
mp-505263,VInO4,2.8651,-2.192895461527781,4.574022654352435,333.64123373169997,24,3,Monoclinic
mp-627640,Eu(ClO4)3,0.0,-0.8604378440625,3.460042418831821,432.22994847542543,32,3,Hexagonal
mp-753287,CaCdO2,0.37549999999999906,-2.344317947499998,5.685125809470963,53.88608967997407,4,3,Tetragonal
mp-717,B2O3,8.3751,-2.7924249906666683,3.098707675229485,74.61630731428222,10,2,Orthorhombic
mp-29364,Li5SbO5,2.914,-2.198206253787879,3.715820537960308,105.67097758222343,11,3,Monoclinic
mp-630641,Sr2FeClO3,0.0,-2.6517125075,4.57281629837572,456.87350103736594,28,4,Tetragonal
mp-540833,V2Co3O8,0.0,-1.8689020957692302,4.785126971156069,282.2513816588254,26,3,Orthorhombic
mp-27437,Zr(IO3)4,3.175099999999999,-1.329971505588236,5.019076561237497,523.2882444966434,34,3,Tetragonal
mp-755402,V3CrO8,0.044599999999999,-2.379505033333333,3.82938002914758,144.3193503060998,12,3,Monoclinic
mp-554015,CsK(ClO4)2,5.5306999999999995,-1.094433597242098,2.771885120334516,222.19613580198288,12,4,Trigonal
mp-1101450,NbOF3,2.0803,-3.204424429999999,3.93084492513063,70.08291592913585,5,3,Orthorhombic
mp-1191148,SrCu2(BO3)2,0.0,-2.291657395757575,3.8979201803087413,283.1497756196201,22,4,Tetragonal
mp-1190568,BaSO4,5.807,-2.659701379999999,4.353501523352042,356.0835308859573,24,3,Orthorhombic
mp-5046,BeSO4,6.9502,-2.302504960416666,2.498483785943622,69.83466589100995,6,3,Tetragonal
mp-557136,Cu3Se2(ClO3)2,0.0,-1.053057822668269,4.055990019094799,211.031616807649,13,4,Monoclinic
mp-20643,Y2Ru2O7,0.0,-2.561902583636363,6.047212212318132,270.1734332399274,22,3,Cubic
mp-3611,Dy2Hf2O7,3.2281,-4.012424123030301,9.327979069679142,282.68241684215934,22,3,Cubic
mp-22286,Ag5(PbO3)2,0.0,-0.8022593106410231,8.774490532310642,198.65882309090384,13,3,Trigonal
mp-28226,MnCr2O4,2.2026,-2.337050971133004,4.9004860965885175,151.07905148966802,14,3,Cubic
mp-4423,La2Ti2O7,2.746600000000001,-3.733646127424242,5.592531920106698,288.334292486431,22,3,Cubic
mp-17525,Nb5Pt3O,0.0,-0.9113688844444441,12.387078619029333,285.7453093841022,18,3,Hexagonal
mp-22772,Sr2Nb5O9,0.0,-2.8621010984375,6.055125965020907,214.93770730133028,16,3,Tetragonal
mp-29509,Zn(AsO2)2,3.546699999999999,-1.691936952499999,4.581824271440751,404.8214639139138,28,3,Monoclinic
mp-1227236,CaCd3O4,0.0459,-1.8470878937499982,6.879074586874027,106.52743497284197,8,3,Tetragonal
mp-22124,Fe2WO6,0.0,-1.892219712777778,6.532429651468397,398.1029524958542,36,3,Orthorhombic
mp-770847,La2Cd2O5,1.3022,-2.671380542500001,6.43559621749698,601.330315976287,36,3,Orthorhombic
mp-5986,BaTiO3,1.727999999999999,-3.490321403666664,5.927475120567493,65.32709969254628,5,3,Tetragonal
mp-504723,Ba2NiWO6,3.3409,-2.563658962499999,7.368892709791446,276.35513095564085,20,4,Cubic
mp-680695,Ce3B2(ClO2)3,0.0,-3.251897071666665,4.963409050611902,431.12606170179276,28,4,Hexagonal
mp-559987,LiAl(PO3)4,5.7440999999999995,-2.800282252883598,2.438878880991652,952.6898894061765,72,4,Orthorhombic
mp-22993,AgClO4,2.3558,-0.414067270277776,4.229779246078329,81.38981885634249,6,3,Tetragonal
mp-505346,Eu3(BO3)2,0.45880000000000004,-3.184027536666667,6.530131956800016,291.6744808838655,22,3,Trigonal
mp-690511,K10Co4O9,0.34090000000000004,-1.414203774239129,2.937878924952037,435.61859685726307,23,3,Triclinic
mp-540111,FePO4,0.367199999999999,-2.331792440357143,2.654423217136013,377.3873877635771,24,3,Orthorhombic
mp-1222272,LuGaCoO4,0.0,-2.647538866309523,7.122993314565709,85.7011462503765,7,4,Trigonal
mp-753682,FeO,0.0,-1.3944173925,4.706689133109818,101.38798594298704,8,2,Tetragonal
mp-1225482,LaCeAl2O6,0.024399999999999002,-3.666197123499999,6.43906118651502,110.62786965660248,10,4,Trigonal
mp-8762,Er2S2O,2.6476,-2.974195047499999,7.397033253130059,372.33208666339914,20,3,Monoclinic
mp-19201,CaMnO3,0.468599999999999,-2.500438064086206,4.357036329648904,218.02043676963348,20,3,Orthorhombic
mp-17380,Ba2Ca(PdO2)3,1.4866000000000001,-2.019023110416666,6.162650544970049,393.39379947616953,24,4,Orthorhombic
mp-1205803,Ba2ErTaO6,3.393399999999999,-3.600573126733332,7.774886669248129,153.53157512522952,10,4,Cubic
mp-556640,CuBi(WO4)2,1.2814,-1.867399923333334,7.602068497182316,167.80022020288746,12,4,Triclinic
mp-752736,Ca3MnO4,2.8365,-2.953739826928879,3.695723290094074,429.84878238245363,32,3,Orthorhombic
mp-542737,TiZn2O4,2.309699999999999,-2.496834717619047,5.127402319768025,314.37668663557724,28,3,Tetragonal
mp-31124,Y2MoO6,1.9796,-3.153788929999999,5.358870433873402,458.2914794656356,36,3,Monoclinic
mp-753901,Er2CuO4,0.0,-3.134255980714284,8.728195086722497,175.81443364914944,14,3,Orthorhombic
mp-760417,Rb4I2O,0.6163000000000001,-1.497929806428573,3.592266257283858,282.7512493959481,7,3,Tetragonal
mp-1202152,Cu3Ge(PO5)2,0.0,-1.897784809017857,4.359149378483736,369.6711929423789,32,4,Monoclinic
mp-16913,Ag2SeO3,1.7022,-0.8250872030295131,6.00462026596979,379.07993911815055,24,3,Monoclinic
mp-31354,Pr3OsO7,0.12440000000000001,-3.061463035909092,7.652378415655834,314.62263240798364,22,3,Orthorhombic
mp-771826,BaTl2O4,0.0679,-1.616627349047621,8.27700793569863,734.3815153923954,42,3,Monoclinic
mp-638374,BaNdFe2O5,0.0,-2.523076048055554,6.231924524460238,126.10230971481712,9,4,Tetragonal
mp-758835,Na(Cu3O4)2,0.0,-1.006200700758621,4.794383801761007,184.34905707615283,15,3,Cubic
mp-2063,Pr2O3,3.745199999999999,-3.728230869166667,6.899506900183612,79.37787574754137,5,2,Trigonal
mp-755929,Fe5O3F7,1.0759,-2.220054246333333,4.305727437682392,354.9690746451587,30,3,Triclinic
mp-1191459,KZn(BO2)3,4.4661,-2.63292252315909,2.740661892161743,282.26793790297774,22,4,Triclinic
mp-565970,BaWO4,4.7286,-2.726256033333333,6.08625845907055,210.17210152098423,12,3,Monoclinic
mp-23341,Bi2Pt2O7,0.7805000000000001,-1.330811493636362,10.78713027153947,283.2825424331592,22,3,Cubic
mp-561817,Co3(PO4)2,1.6360000000000001,-2.145756362252745,4.25926133286189,285.9603503410274,26,3,Monoclinic
mp-558325,K2YNb5O15,1.6128,-3.079514601717392,4.486672588351887,322.59272692897065,23,4,Orthorhombic
mp-971634,NaNiO2,0.0,-1.304977424094826,4.539624852503387,83.16693880700805,8,3,Hexagonal
mp-545728,PrBi2IO4,1.2196999999999991,-2.260997688333334,7.840832859878374,158.78711632992378,8,4,Tetragonal
mp-764470,V4OF11,1.486,-3.1307940440625,3.282017813817672,433.8504971376916,32,3,Triclinic
mp-555327,MnSeO4,1.2889,-1.525386022545798,4.162526830993936,157.89133042250592,12,3,Orthorhombic
mp-757061,Mn4FeO8,0.0,-1.814297802440318,4.345847265813536,154.21179645314007,13,3,Monoclinic
mp-757213,Li6V3P8O29,,-2.6555613041770183,2.5989896701446202,1158.028635577227,92,4,Triclinic
mp-867920,K2Rh2O5,0.0,-1.229401517722222,4.810804372838751,125.64299270507173,9,3,Tetragonal
mp-18216,BaCa2(SiO3)3,4.5847,-3.427818641,3.5762014668649282,413.9357881392797,30,4,Triclinic
mp-458,Ti2O3,0.0,-3.303439634333334,4.602205288902889,103.7211155286214,10,2,Trigonal
mp-6632,Ca5B3O9F,4.236800000000001,-3.37935388541667,2.890501349534514,227.38890490568937,18,4,Monoclinic
mp-4511,La2SO2,3.064000000000001,-3.5583565615,5.739032784267301,98.91847337237247,5,3,Trigonal
mp-752556,KCoO2,0.0,-1.433194982437499,3.3823477394712542,255.34971720297025,16,3,Monoclinic
mp-18547,NaGdGeO4,3.3011,-2.83483895091133,5.108913148994557,411.97588267041033,28,4,Orthorhombic
mp-649086,GaFeO3,0.17240000000000003,-1.952254804249999,5.279594518392152,436.720592442893,40,3,Orthorhombic
mp-1178397,CsGaO2,2.7962,-2.067154613038793,5.059879259000099,153.998820100676,8,3,Cubic
mp-5663,BaCeO3,2.299,-3.5495028570000002,6.033613517741434,89.56619857936725,5,3,Cubic
mp-766085,Li3V4(PO4)6,0.2391,-2.616553960752896,3.049138373341891,432.63394040004675,37,4,Triclinic
mp-557028,Sr2LaTa3O11,3.0179,-3.55495382952941,6.857605482976453,250.13218057347598,17,4,Orthorhombic
mp-1188625,LuFe4(CuO4)3,0.0,-1.632009475833332,6.305444073835258,205.67054942706383,20,4,Cubic
mp-1194753,AgB3O5,2.3274,-2.4009590843518502,4.390398371393116,333.2852615700874,36,3,Orthorhombic
mp-1215,Ti2O,0.0,-2.035562333888889,5.09095651040831,36.44456112809412,3,2,Trigonal
mp-18197,Na2BeGeO4,3.7058,-2.373014318469827,3.350760231752102,379.86361432910354,32,4,Monoclinic
mp-1218739,Sr2NbGaO6,3.1367,-3.05368934975,5.627662965456641,128.019584998801,10,4,Cubic
mp-1206645,Sr2TiMnO6,0.9884000000000001,-3.027922375126438,5.256243726183258,236.3324321724423,20,4,Tetragonal
mp-1105166,Er5(MoO6)2,0.0,-3.348784165789473,7.968521185831979,254.2675425535472,19,3,Monoclinic
mp-753401,Sc2TiO5,3.1323,-3.806863982916667,3.598834323970924,200.9679973897723,16,3,Orthorhombic
mp-779704,Si(HgO2)2,1.2322,-1.734427364285715,7.77275609256211,210.75732672121725,14,3,Orthorhombic
mp-755100,Cs2NiO2,2.6343,-1.245445636862069,4.493646836023798,131.73873088519676,5,3,Tetragonal
mp-20593,VO2,0.0,-2.505638494583335,4.110212713345812,536.1303385523792,48,2,Tetragonal
mp-1105179,Mn2FeReO6,0.0,-1.896154997836208,6.570509667883478,226.40438934822419,20,4,Monoclinic
mp-771956,Tb2Zr2O7,4.0184,-3.819756457121211,5.9330628722436565,685.4732264988266,44,3,Tetragonal
mp-684477,Li2Sb(PO3)5,3.967399999999999,-2.522012335429607,2.578956944157638,683.1591216771897,46,4,Monoclinic
mp-556603,FeWClO4,1.244,-1.817837299285713,4.3678696254124905,257.8593048649655,14,4,Tetragonal
mp-6698,Th2Cu(PO4)3,2.9463,-3.167140958551586,5.283594069474481,510.731178568434,36,4,Monoclinic
mp-1217152,Ti2O,0.0,-1.971153813888889,4.970669312336571,111.97949255056866,9,2,Monoclinic
mp-757094,La2HfO5,3.7213000000000003,-3.914193625625001,6.261190212356492,284.464662629035,16,3,Orthorhombic
mp-673798,K3ClO,1.0264,-1.6319486943500001,2.097828318215231,267.1443431287701,10,3,Orthorhombic
mp-554648,Ag5IO6,0.0205,-0.514713212777776,7.3703156290577745,343.4676252786343,24,3,Trigonal
mp-1047086,MoIrO6,0.0,-1.435075251874999,6.232785231628027,204.69235006854043,16,3,Monoclinic
mp-757995,LiP4WO12,1.5023,-2.5082420978835973,3.026562268624969,555.9729761089351,36,4,Monoclinic
mp-3236,Pr2SO2,2.859999999999999,-3.415153002166668,6.001201446181477,95.70512888480026,5,3,Trigonal
mp-756400,NdBiO4,0.579699999999999,-2.408715061249998,8.081015528620098,171.46610024771357,12,3,Monoclinic
mp-18560,NpPO4F,0.0,-3.224106013341837,5.986555053524054,389.4052596856737,28,4,Orthorhombic
mp-758240,LiTi(PO3)4,0.22690000000000002,-2.707362625291005,2.429273986757032,506.7809895351923,36,4,Monoclinic
mp-23543,Hg5(BrO2)2,0.0,-0.6913931947727301,9.198976933803303,442.8917723414916,22,3,Orthorhombic
mp-755698,HfP2O7,5.3149,-3.174764352428574,4.068105877337937,287.7158664682048,20,3,Triclinic
mp-1016850,BaRhO3,0.0,-1.914429825,6.9727007498380615,68.64174366791524,5,3,Cubic
mp-1190185,RbPrNb2O7,1.3752,-3.14527639810606,5.009863111247917,347.4857525499248,22,4,Orthorhombic
mp-1178453,CePrO2,0.0,-3.129183055416666,8.0886708844974,64.2609910045985,4,3,Trigonal
mp-1019615,Cs3Li4(BO2)7,,-2.693396767611863,3.1102179994535932,1163.0683533975548,84,4,Trigonal
mp-1183168,AcVO3,0.0,-3.141069095500003,8.6637462299545,62.471313314162764,5,3,Cubic
mp-28626,LaSO,1.522899999999999,-3.05161248,5.315146592375424,467.2996584628443,24,3,Orthorhombic
mp-4136,CePO4,0.0,-3.4324044923015933,5.190840345535104,300.81583919313886,24,3,Monoclinic
mp-1206890,Pu2TeO2,0.0,-2.61899688283333,10.532458381496099,102.09991513211452,5,3,Tetragonal
mp-18987,LiMoP2O7,1.536099999999999,-2.582824036601731,3.156847265611529,291.2257489264939,22,4,Monoclinic
mp-17913,Tb2SiSeO4,2.5839,-3.4091315291471362,6.978196903063518,465.35072919030097,32,4,Orthorhombic
mp-23644,Hg3AsClO4,2.0411,-1.088804370833336,7.97782880189548,646.1980954169668,36,4,Cubic
mp-1105293,GaAgO2,0.2884,-1.514505557916666,6.110473608503281,227.8267808795542,16,3,Orthorhombic
mp-1189828,YCu6ClO8,0.0,-1.466940753124999,5.244887881738287,200.60818753822372,16,4,Cubic
mp-21423,Pu2O3,0.0,-3.214050472499994,12.163076056320207,73.17605732349196,5,2,Trigonal
mp-773510,TiV2CrO10,1.3891,-2.269430502380953,3.048922600829853,197.0150268302308,14,4,Tetragonal
mp-1215567,YbLuSO2,0.0,-3.60639236839583,9.01587526659513,75.89497873161324,5,4,Trigonal
mp-559620,Cu5Bi2(B2O7)2,0.0,-1.822408794266666,5.328346059309877,312.5544868120295,25,4,Triclinic
mp-555565,Ag5(PbO3)2,0.0,-0.8021014560256401,8.378068551580496,208.0586893792215,13,3,Trigonal
mp-22305,NaCu3(RuO3)4,0.0,-1.327652719568966,6.5196900030896625,206.27844801113073,20,4,Cubic
mp-752941,FeOF,1.732899999999999,-2.083676261666667,3.664153755490979,164.6743381409687,12,3,Orthorhombic
mp-1180742,KO2,0.0,-0.953316015749999,2.2920208449421082,206.0356693481888,12,2,Monoclinic
mp-1095623,AlHg3(OF3)2,0.0,-2.069870544791668,7.7013697396343,167.04655643182733,12,4,Trigonal
mp-757623,Li2Cr2Si4O11,1.855999999999999,-2.858575855877193,3.03734512112593,444.155591892643,38,4,Triclinic
mp-3598,BaRuO3,0.0,-2.164239095333334,6.875396671955308,415.01932828972775,30,3,Hexagonal
mp-21457,Ti3Cu3O,0.0,-0.9360247642857141,6.668466963447067,348.85652070342985,28,3,Cubic
mp-767777,Li2V(Si2O5)3,2.041,-2.990388906527778,2.393623666022954,656.7271340126982,48,4,Monoclinic
mp-18857,Sr2FeMoO6,0.0,-2.531505224999999,5.483020492104341,128.11251785751264,10,4,Tetragonal
mp-763358,Fe4OF7,2.005,-2.408141418333333,4.108481863752416,150.50132894851183,12,3,Monoclinic
mp-1192522,Ba2CuP2O9,0.0,-2.636698107091837,4.364348587682775,414.0683249888827,28,4,Monoclinic
mp-14322,Ba3Tm4O9,3.2767,-3.625455054062501,7.6087211400958985,268.81082744102645,16,3,Trigonal
mp-18038,KBaFeO3,0.5118,-2.163714324958333,4.122445017841101,451.5735602277189,24,4,Orthorhombic
mp-1195912,VPbOF5,2.5426,-2.7392418696875,5.141392779198794,476.88216334368167,32,4,Orthorhombic
mp-6496,Ba2Na(CuO2)3,0.0,-1.788666265531609,5.420245034499117,357.99736715800543,24,4,Orthorhombic
mp-561553,Ba4CeMn3O12,1.9704000000000002,-2.776246725689655,5.932665701603361,292.8375586346321,20,4,Trigonal
mp-23506,VBiO4,2.2971,-2.134685371666668,6.802827282593934,158.13454078417917,12,3,Monoclinic
mp-22219,Fe2Cu2Ge4O13,0.2979,-1.74779175904762,4.666480401677051,524.7519067262084,42,4,Monoclinic
mp-13323,Ba2EuNbO6,0.0,-3.2191303125,6.36662840953142,160.53965077715748,10,4,Tetragonal
mp-5295,LaNbO4,3.9322,-3.5578728433333353,5.762311329444524,170.4882363729592,12,3,Tetragonal
mp-12644,Ba2LuNbO6,2.847899999999999,-3.506273435666666,7.149695836572776,148.2991313028161,10,4,Cubic
mp-557224,HgSeO3,2.6045,-1.047778544968753,6.80793474316211,319.5721479797144,20,3,Monoclinic
mp-29048,Sr(BiO2)2,2.567199999999999,-2.111014762857145,7.207046116491161,262.46736024827857,14,3,Monoclinic
mp-867782,MnOF,2.4262,-2.338298407643678,3.761308979188752,79.40958333931806,6,3,Triclinic
mp-756460,Ga2HgO4,1.315,-1.738543128214286,7.341272844837538,365.5570859164191,28,3,Orthorhombic
mp-759825,BiOF,2.5742000000000003,-2.179859815000001,8.349340152843126,194.0921463953129,12,3,Orthorhombic
mp-510725,SrV3O7,2.5494,-2.710209818636364,3.941938493958241,296.930501422696,22,3,Orthorhombic
mp-1048321,Ba2YMn3O7,0.0,-2.6392984414456233,5.5808213961294495,190.53808921393363,13,4,Orthorhombic
mp-190,ReO3,0.0,-2.134489004375001,7.286141387981261,213.50498898765895,16,2,Cubic
mp-997090,PdAuO2,0.0,-0.584163049999998,10.029352519339021,111.05811796258611,8,3,Monoclinic
mp-1192398,K3Tm(PO4)2,5.1379,-2.982160333645408,4.00087002848597,395.26499398707546,28,4,Monoclinic
mp-16695,K2ZnP2O7,4.129,-2.595199219273809,2.8789088788769,732.6420057650478,48,4,Tetragonal
mp-766454,TiO2,2.231,-3.4621163130555552,4.019598507976489,98.98024446129928,9,2,Monoclinic
mp-759463,Zr9VO20,1.714,-3.6205205100000013,5.650888703700409,350.2585472462004,30,3,Triclinic
mp-7087,SiO2,5.3645,-3.25362428,1.9706992687989642,202.51152300780183,12,2,Hexagonal
mp-542069,Cs8Ta6O19,3.4757,-2.932882073522466,5.848400199012312,696.4586058410016,33,3,Tetragonal
mp-17353,KV6O11,0.32730000000000004,-2.472864422902776,4.230229171070785,408.8243170521889,36,3,Hexagonal
mp-16433,Ca2Ga2O5,2.1705,-2.768388271666667,4.410677180516053,225.58705770259334,18,3,Orthorhombic
mp-1176501,LuBiO3,3.1586,-2.855013119333334,9.46935658189858,151.4912945230261,10,3,Trigonal
mp-1003766,NaMn2O4,0.0,-1.932397991748768,4.029309754658295,162.26077657223,14,3,Orthorhombic
mp-774259,Na3VO3,0.21830000000000002,-1.898754593805419,2.6853979320294963,415.3119563053318,28,3,Monoclinic
mp-1228382,Ba2NbCoO6,1.534599999999999,-2.710650131,6.637765196304243,130.70890423744208,10,4,Cubic
mp-26220,MnPO4,2.0375,-2.430427500428982,3.645511078365308,136.56819108390312,12,3,Orthorhombic
mp-1205359,Ba2UCuO6,0.073099999999999,-2.989170562999999,7.286487126800629,153.19541081827512,10,4,Tetragonal
mp-849540,Li2Mn3(BO3)3,0.0,-2.423781357821164,3.128904024595922,376.93507426809697,34,4,Monoclinic
mp-1410247,La2ZnCrO6,0.9615,-2.895180879999999,6.6236977319045724,123.14533054414747,10,4,Trigonal
mp-10798,HgSeO3,2.2784,-1.043617495468755,6.87956580026965,316.2447154866612,20,3,Monoclinic
mp-21512,Ta2CrO6,0.323,-3.031351510796294,8.401655578959195,403.10596756720975,36,3,Tetragonal
mp-2672,K2O2,2.3575,-1.284958853625,2.434651554559929,150.3161849315957,8,2,Orthorhombic
mp-1205512,KBa2IO6,2.779,-2.135474944225,5.328661912974667,167.2340202011926,10,4,Cubic
mp-18084,BaTb2ZnO5,3.050599999999999,-3.25075140037037,7.693085921413973,518.5397416852841,36,4,Orthorhombic
mp-7324,KBePO4,5.2634,-2.888861876698979,2.6117236374020143,363.88688034314384,28,4,Orthorhombic
mp-7041,CaHgO2,2.125,-2.093016145625001,6.482768359971848,69.84267344187123,4,3,Trigonal
mp-1045790,MgFe(PO3)4,,-2.6622790040873,3.089207532244276,425.7637673040548,36,4,Monoclinic
mp-22313,Na2PtO2,1.463299999999999,-1.362201988551723,6.723900463580867,67.43566226953892,5,3,Orthorhombic
mp-557343,Zn3BPO7,3.196799999999999,-2.3141031699007932,4.228213565429041,274.9157398568852,24,4,Monoclinic
mp-1020706,SrY2Si3O10,4.9314,-3.5867759590625,3.9675734415314903,426.6321554586992,32,4,Triclinic
mp-1189091,K3B6ClO10,5.3729,-2.7564541383375,2.307668274507752,271.71698668021867,20,4,Trigonal
mp-1191811,BaZnTe2O7,1.6684,-1.978848924393938,5.777000620582103,327.6420001846207,22,4,Orthorhombic
mp-777793,V6O5F19,2.0808,-2.7334238793333343,2.81414880175601,440.5539862427164,30,3,Triclinic
mp-5540,SrB4O7,7.119099999999999,-3.016896000138888,3.999762976752317,201.65104179953778,24,3,Orthorhombic
mp-776473,VOF3,2.9487,-2.686983739,2.8485465831458283,288.990537098313,20,3,Triclinic
mp-1019557,BaS4O13,4.6756,-2.002803418611111,3.021485988116928,520.5364286460109,36,3,Monoclinic
mp-3315,CaPd3O4,0.0,-1.514350873749998,7.326711320290077,191.89108765233,16,3,Cubic
mp-1147752,KLa(CuO2)2,0.0,-1.987107097781249,5.359782845590583,114.35052086340912,8,4,Tetragonal
mp-6557,Cs2PO3F,4.402,-2.75026178877903,3.916615376901115,616.9337049886938,28,4,Orthorhombic
mp-10461,NaSr3SbO6,2.9095,-2.734771699216301,5.052120979105783,331.05213502556666,22,4,Trigonal
mp-16772,LaCu(WO4)2,1.4387,-2.392477915416666,6.807001387981593,340.6100698075841,24,4,Triclinic
mp-555354,KMn(SeO4)2,0.037099999999999,-1.512845084989044,3.335170993016083,378.3460489484327,24,4,Triclinic
mp-782631,Li2Cr(FeO3)2,0.09089999999999901,-1.917084578181819,4.056708461589683,335.93580395487805,33,4,Triclinic
mp-16737,Na2BeB2O5,4.7156,-2.723872338609195,2.38639846559431,217.95037458129667,20,4,Monoclinic
mp-17271,Sm4FeSe6O,1.8356000000000001,-2.100080539921876,6.907423556684735,551.4971021232514,24,4,Hexagonal
mp-29855,LaV3O9,2.5707999999999993,-2.695535013846155,3.999669802231333,361.79870166224197,26,3,Monoclinic
mp-554159,Li2BeSiO4,5.5993,-2.964120770208333,2.67694088812264,142.6436193489365,16,4,Orthorhombic
mp-755421,Ca6HfO8,4.1479,-3.4754916406666663,4.18081994822687,217.23900274324802,15,3,Cubic
mp-1226488,CeZrO4,1.910899999999999,-3.8087137466666663,6.543013697268595,74.95317071407196,6,3,Trigonal
mp-1106031,NaMn3V4O12,0.0,-2.292026100758621,4.620639755281059,209.71742433721494,20,4,Cubic
mp-768230,SmTaO4,3.466599999999999,-3.642074269555555,8.025093744945783,163.59190649815883,12,3,Orthorhombic
mp-1176388,Na2FeO2,0.0,-1.534903903551725,3.321453836919088,133.80820123506143,10,3,Orthorhombic
mp-1191636,CsCdBO3,1.646199999999999,-2.201031716470306,4.526663473968695,446.2558606702689,24,4,Cubic
mp-780699,V4OF11,0.9634,-3.1196820725,3.6433750790662502,195.4101662934585,16,3,Monoclinic
mp-772840,Sm2Ge2O7,3.6725,-3.011473042499999,5.961630183406707,621.6915819285119,44,3,Tetragonal
mp-560316,Hg3SO6,0.560299999999999,-1.185863577166666,8.19642802595852,443.5762314607694,30,3,Trigonal
mp-645709,SnSO4,4.171899999999999,-1.830269699583334,4.11051381523935,347.0498422003124,24,3,Monoclinic
mp-18785,CrWO4,0.0,-2.281001475000003,7.844533592889905,63.46911087033851,6,3,Orthorhombic
mp-557920,Zn3(PO4)2,3.4214,-2.373133279945054,3.8394138831676763,334.0353150523495,26,3,Monoclinic
mp-653337,Ba4Yb(CuO3)3,0.0,-2.277796831985293,6.738040115840235,520.9697623533484,34,4,Cubic
mp-28933,Br2O3,1.7587000000000002,-0.198695136500001,3.609499311286582,764.8048299722651,40,2,Monoclinic
mp-559284,Rb2Al2B2O7,4.1788,-2.9794121660256403,2.942743346932564,809.2185368879886,52,4,Monoclinic
mp-22590,LaFeO3,1.433399999999999,-2.825153782000001,6.399934700878753,251.93610168856503,20,3,Orthorhombic
mp-1225447,ErPaO4,2.4341,-4.194246933333335,10.14023079412251,75.70387092967823,6,3,Tetragonal
mp-561610,Ca3MnCoO6,0.44209999999999905,-2.607462277084638,4.181227511905892,262.1941368212573,22,4,Trigonal
mp-28137,Co(ClO4)2,3.1573,-0.560274762045454,2.991433118561296,572.4936091054417,44,3,Trigonal
mp-20570,HoCoO3,0.0,-2.631196850999996,8.876127322290039,203.43872145083407,20,3,Orthorhombic
mp-754255,Rb5FeO4,0.9507999999999991,-1.421222462249999,3.8241688632200272,950.393621017688,40,3,Orthorhombic
mp-756147,CrInO3,1.4521,-2.129044673833333,6.454494653224261,221.0578738076804,20,3,Orthorhombic
mp-12509,YZnPO,1.3049,-2.024648146160714,4.973858448756877,134.40133490239887,8,4,Trigonal
mp-19154,Ba(FeO2)2,1.7417999999999991,-2.089097835714285,4.70003236580985,442.3569297073226,28,3,Orthorhombic
mp-759116,YbAlO3,0.0,-3.66203571625,7.350717407689699,112.05612796442996,10,3,Hexagonal
mp-556601,BiBPbO4,2.8773,-2.094411144166665,7.57958699538571,430.26429607165056,28,4,Monoclinic
mp-505382,Na2W(OF2)2,4.2853,-2.748144636695402,4.211787282578557,532.7428996406788,36,4,Orthorhombic
mp-721255,Li10Si(PO6)2,5.1063,-2.633106668904762,2.237302983288252,521.675356010174,50,4,Triclinic
mp-8449,Rb2Li2SiO4,3.8516,-2.497921002962963,3.434793983713239,267.73333835982066,18,4,Triclinic
mp-551092,KLiZnO2,,-1.809552719116666,3.556775769620358,133.94125970775025,10,4,Monoclinic
mp-649039,Ga2Fe2Bi2O9,1.741,-1.849822834,6.824060260364468,395.7087079838816,30,4,Orthorhombic
mp-20944,Sr2PbO4,1.3966,-2.4660533835714302,6.725802950749754,220.4426983744759,14,3,Orthorhombic
mp-27742,K2CdO2,1.3562,-1.406970080899999,3.853587403206948,383.6909196532737,20,3,Orthorhombic
mp-19364,BaDy2CoO5,1.2668,-3.076147789537037,8.152732691533547,489.8534511789718,36,4,Orthorhombic
mp-11020,GaAgO2,0.583299999999999,-1.582355479791656,7.234829671833125,96.21024924019014,8,3,Hexagonal
mp-29396,Cu2PbO2,0.629,-0.9810454259999981,8.119401012574201,149.8239050378739,10,3,Monoclinic
mp-559817,Na3(CuO2)2,0.0,-1.377017228793102,3.67738745456181,469.7225749763764,36,3,Monoclinic
mp-1016152,NaMnO2,0.07969999999999901,-1.942987731077586,3.842283731986224,190.03014894649522,16,3,Orthorhombic
mp-19400,Sr2NiWO6,0.0,-2.5870743215000003,6.624548499043094,257.567689107417,20,4,Cubic
mp-20783,YFeO3,1.5605,-2.818663723499999,5.651009028381979,226.55587769724715,20,3,Orthorhombic
mp-19058,Ba3CoRu2O9,0.0,-2.056674646666667,6.512514071468171,416.6567407078455,30,4,Hexagonal
mp-541522,Na2Ca(PO3)4,5.3703,-2.799806669280529,2.787529631131899,478.87994413999905,38,4,Tetragonal
mp-6183,Ba2PrRuO6,0.16360000000000002,-2.741390882166667,6.548054524182577,310.71604751091206,20,4,Monoclinic
mp-756585,Sr3W2O9,3.5566,-2.766933634285714,6.557885800279595,392.2437812743154,28,3,Trigonal
mp-542115,Hg3Se3O10,1.8688999999999991,-1.017421652158204,6.884979037070284,481.7116702017816,32,3,Monoclinic
mp-5431,BaTeO3,2.7149,-2.357057434333336,5.49100834768368,189.26378785886058,10,3,Monoclinic
mp-1194388,VAgOF4,1.9517,-2.357788767738095,4.031503990835478,413.2132361127612,28,4,Monoclinic
mp-753746,Rb2O,0.4534,-1.133168373333332,3.226482428404933,96.20782920808556,3,2,Trigonal
mp-1396276,CaLa2SnO6,3.892799999999999,-3.2484680825,5.943473261322795,148.80110162425063,10,4,Trigonal
mp-4649,PdSe2O5,1.0057,-1.077457179335938,4.790829915277007,238.6997871715441,16,3,Monoclinic
mp-504576,OsOF5,0.7822999999999991,-1.999624884285714,5.166948618703922,387.22268470324974,28,3,Orthorhombic
mp-504615,Fe4Bi2O9,1.2366,-1.673642153333334,6.3632728825152824,409.87716106509606,30,3,Orthorhombic
mp-1101214,VOF2,1.3701,-2.78165574125,3.286204511006298,106.05131874963024,8,3,Orthorhombic
mp-561099,Ba4Os6ClO18,0.0,-2.069719544827587,7.832324438985816,427.0177912537986,29,4,Cubic
mp-1218382,Sr4Bi2O,0.602799999999999,-1.5647277949999991,5.833069530365446,223.31185848729442,7,3,Tetragonal
mp-754881,LiMnO2,,-2.099181233649426,4.216298420931929,221.83604699820594,24,3,Orthorhombic
mp-756063,RbNbO3,2.8197,-2.8147316510000002,4.282909210134933,351.06995002341193,20,3,Monoclinic
mp-1215309,ZrTi(PbO3)2,2.6348000000000003,-2.773311351333332,7.610224149947259,141.71713995729482,10,4,Triclinic
mp-6653,Ba2ErNbO6,2.854199999999999,-3.479930908,6.7723060738798235,154.67319921611963,10,4,Cubic
mp-1385224,La2ZnNiO6,1.098799999999999,-2.538450849999999,7.09499030020361,116.53272801330274,10,4,Trigonal
mp-13725,Li3PO4,5.818099999999999,-2.753226182455357,2.5354446569738043,151.67443017472192,16,3,Orthorhombic
mp-18974,HoNiO3,0.0,-2.507236383999999,8.690128359082701,207.60973411099758,20,3,Orthorhombic
mp-6146,LiNbZnO4,2.7777000000000003,-2.5797311494047612,4.7001281971822735,323.9785588756969,28,4,Tetragonal
mp-10080,PrGeBO5,4.0149,-2.957194700104167,5.316942623501188,285.16074899787185,24,4,Trigonal
mp-1019535,BaAl2(SiO4)2,4.9116,-3.449646577692308,3.164377994023125,197.02444438318975,13,4,Trigonal
mp-27878,NaSb5O8,2.6771000000000003,-1.798557567598521,5.347278077638165,471.8859222904596,28,3,Triclinic
mp-1019573,CaAl2SiO6,4.619100000000001,-3.428106404,3.326022740134195,435.59741260107825,40,4,Triclinic
mp-561221,TlCr3O8,1.8267,-1.7782296165277771,4.484473785784805,361.6710405582216,24,3,Monoclinic
mp-540310,Li2Mo(PO3)5,3.5063,-2.575388232168737,2.647630169747931,633.0520563505927,46,4,Monoclinic
mp-705519,Ni15O16,0.0,-1.141174366451612,6.361803161821139,296.6175259826941,31,2,Cubic
mp-19079,CoO,0.0,-1.23491615,6.49543870523758,38.31257810465772,4,2,Cubic
mp-557304,Sr2SiCl2O3,5.1218,-3.233585709062501,3.469141111989604,616.9538660961813,32,4,Tetragonal
mp-1222815,LaGd(BrO)2,2.7531,-3.3462769475,6.183890881226691,131.03083930890494,6,4,Tetragonal
mp-773515,Te3WO12,1.5961,-1.516747633125,6.367605028593699,197.83566913263164,16,3,Triclinic
mp-1247615,Ca4Mn3CrO11,,-2.552159452041742,4.032682229733537,911.026525713091,76,4,Triclinic
mp-17998,Ca(RhO2)2,0.823399999999999,-1.792791924285709,6.760837807742771,304.4467683733114,28,3,Orthorhombic
mp-560657,RbLa9(IrO6)4,0.0,-2.851549956644737,7.552131564759601,547.1571385863759,38,4,Tetragonal
mp-17394,NaYGeO4,3.6470000000000002,-2.8548585309113292,4.111224319052908,401.5340326235244,28,4,Orthorhombic
mp-753163,HoIO,2.2234,-3.022503121666664,7.015782539309912,145.72022313007633,6,3,Trigonal
mp-554856,Na2Si2O5,4.425800000000001,-2.878702410306513,2.652564188042993,456.106743847825,36,3,Orthorhombic
mp-558985,La3Si2ClO8,4.411700000000001,-3.6588336467857143,4.981526028016834,424.2315041338457,28,4,Monoclinic
mp-559519,Na4TiAs2O9,3.0631,-2.301786870865662,3.130199438090633,460.1085802828204,32,4,Monoclinic
mp-27496,YUO4,0.0,-3.896070141666664,8.579055836831294,75.66782039011696,6,3,Tetragonal
mp-996967,TlCuO2,0.0,-0.926377553333335,7.781107193233286,64.00661433558271,4,3,Trigonal
mp-756930,BaCaO2,2.8163,-3.010709257499999,4.764929121330527,291.9020885644545,16,3,Orthorhombic
mp-555598,KGd(PO3)4,3.2157,-2.90718741060119,3.41034879553069,498.82764847596053,36,4,Monoclinic
mp-554280,RbTh2(PO4)3,4.5745000000000005,-3.3586079309126973,5.509575808403833,502.99702430324504,36,4,Monoclinic
mp-555237,PrSClO4,4.705400000000001,-2.642902285238095,4.132457326856201,437.86968720548845,28,4,Monoclinic
mp-768685,Rb5FeO4,1.434,-1.473415271999999,4.104968778685004,885.3820550769333,40,3,Monoclinic
mp-368,P2O3,3.8409,-1.959637244857141,1.89434617763906,385.5032877573806,20,2,Monoclinic
mp-771055,EuZrO3,0.38770000000000004,-3.546871699999999,6.538823412138973,73.94695196343135,5,3,Cubic
mp-18769,CeVO3,0.0,-3.225797496499999,6.665793739018934,238.20798811685643,20,3,Orthorhombic
mp-14024,Zr3O,0.0,-1.5461592956249999,6.688575555944507,143.83052778680639,8,2,Trigonal
mp-558039,Sr2HoSbO6,3.6445,-3.118504510499999,6.441492432460889,287.6535599704361,20,4,Monoclinic
mp-761472,Co2CuO4,0.0,-1.142483596428572,5.83588249700211,139.65766991993223,14,3,Orthorhombic
mp-18269,FeSiO3,1.452199999999999,-2.574583753,3.760758103493171,233.00914797180513,20,3,Monoclinic
mp-505615,Sr3EuRhO6,0.0,-2.7383220509090913,6.199304715588081,328.7839136449253,22,4,Trigonal
mp-705094,Co2As2O5,0.0,-1.485607919999998,4.847634481405435,476.42236940428205,36,3,Triclinic
mp-29590,Sn2OF5,1.9107999999999992,-2.635444859375,5.053798285036001,228.95681025911895,16,3,Monoclinic
mp-554420,Y2SiO5,4.7357,-3.7561577234375,4.775766605731431,397.62285488961436,32,3,Monoclinic
mp-1192668,KV3Ge2O9,1.632099999999999,-2.378670792816667,3.728160596273725,428.65486119079196,30,4,Hexagonal
mp-557482,Ca5As3O12F,3.9518,-2.832639119642856,3.589393444820786,588.5926447541002,42,4,Triclinic
mp-754186,Mn2InO5,0.0,-1.859684404691092,5.027600838095474,201.26954166934146,16,3,Orthorhombic
mp-1105143,NaIn(GeO3)2,2.3627000000000002,-2.124901188804586,4.997762117319644,251.90637643099626,20,4,Monoclinic
mp-758063,LiTiP2O7,0.28240000000000004,-2.818097556677489,2.790129160636719,544.563334769478,44,4,Monoclinic
mp-18776,CaCoP2O7,2.8539,-2.7164143640259732,3.459273871655959,262.0501637168957,22,4,Triclinic
mp-761057,Sr5Nb4O15,2.8004000000000002,-3.298532114583332,5.359210732480254,650.5044781132135,48,3,Trigonal
mp-19802,TbCoO3,1.4208999999999992,-2.622154927833276,8.586979182753064,205.64415112513473,20,3,Orthorhombic
mp-4618,Rb2SeO4,3.6558,-1.8025620717633921,3.938527142099868,529.3673523470366,28,3,Orthorhombic
mp-7896,Cs2O2,1.6496,-1.224223352327586,4.690966106411125,105.42063966239483,4,2,Orthorhombic
mp-6465,NaTi(SiO3)2,0.0,-3.101674979471265,3.307937492168972,223.91012330926733,20,4,Monoclinic
mp-4445,Hg3AsO4,0.5021,-1.059179917812502,8.760180374408053,561.6064054579748,32,3,Monoclinic
mp-13974,Ho2SeO2,2.1517,-3.494920356468746,8.658025318607043,84.54559492492947,5,3,Trigonal
mp-20936,Ba2PrCu3O7,0.0,-2.143885436666665,6.480717836004672,184.02152853403555,13,4,Orthorhombic
mp-559373,Ge4PbO9,3.5035,-2.022244144642857,5.962822056386402,178.71715345402544,14,3,Monoclinic
mp-776596,VOF2,1.7098,-2.853608846666668,3.5715716506744393,292.7335829934068,24,3,Triclinic
mp-1215740,Zn3InGaO6,0.9453,-1.9473623049242421,5.846576854914092,135.4101607505067,11,4,Trigonal
mp-558314,TaBi4ClO8,1.006599999999999,-2.056218159095238,8.967763902642666,218.55655879400496,14,4,Tetragonal
mp-619661,Pb3(IO)2,2.2335,-1.282339781785712,7.242732488625851,832.1643821425162,28,3,Orthorhombic
mp-997008,TlAuO2,0.0,-0.769558824583334,10.98493317510185,131.01443274404636,8,3,Hexagonal
mp-9660,Sr2Cu(BO3)2,0.5013000000000001,-2.782948522575758,4.194072391018195,282.2189864798476,22,4,Monoclinic
mp-1226562,CePr3O8,,-3.235669708749999,6.325327253499243,181.3593271370716,12,3,Trigonal
mp-559470,AgPbBrO,0.18829999999999902,-1.007267071666665,5.90910466322465,230.97725830115803,8,4,Tetragonal
mp-29164,SrBiO3,0.3106,-2.260618635000001,7.355103194029816,311.1958717643233,20,3,Monoclinic
mp-19135,Ni(PO3)2,1.486299999999999,-2.380431134642857,3.497809534664725,411.3828797372334,36,3,Monoclinic
mp-780433,Li5Mn6(BO3)6,0.0,-2.474560053978653,3.150232255290869,378.04180010851974,35,4,Triclinic
mp-1227955,BaBiO3,0.0,-2.210577817,7.498409977429533,87.31982579640245,5,3,Trigonal
mp-505618,Ba2CuWO6,0.0,-2.4447410720000002,7.236261871794743,141.823721275345,10,4,Tetragonal
mp-1176441,MnCoO4,0.0,-1.37196178632184,5.247063912202049,112.58035445841216,12,3,Orthorhombic
mp-29506,CsBiO2,2.318699999999999,-1.674317142413794,6.351593670502787,195.49426587703806,8,3,Monoclinic
mp-11019,GaCuO2,0.7812999999999991,-1.6750175293749892,6.267888091990467,87.56813597285675,8,3,Hexagonal
mp-561326,LuSeO3F,3.9164,-2.860409806501737,5.584965907844522,190.83596544756998,12,4,Triclinic
mp-759856,W(OF)2,1.7757,-2.483364816999999,6.560306785030562,128.50128956868204,10,3,Orthorhombic
mp-1190015,NaNbO3,2.232599999999999,-2.841177874775861,4.526921926431923,240.47507264074594,20,3,Orthorhombic
mp-28696,K3FeO4,0.24329999999999902,-1.537963933343749,2.940949493687625,535.5768043634179,32,3,Orthorhombic
mp-864606,AcCuO3,0.0,-2.4228924235,9.380470938074593,59.92938665681022,5,3,Cubic
mp-14161,Sr4Al6SO16,4.397,-3.281709876574073,3.178761258039004,418.13029125083284,27,4,Cubic
mp-867740,Li4V5Sn3O16,,-2.325895565654762,4.788888969786062,310.1982125679317,28,4,Monoclinic
mp-8253,Na5ReO6,2.247999999999999,-2.053585158283046,4.670962858169556,141.18862439287025,12,3,Monoclinic
mp-23262,Bi2O3,2.194499999999999,-1.641727215000003,9.438175801265304,327.9206233179676,20,2,Monoclinic
mp-559385,SrHo2O4,3.7343,-3.7545352696428553,7.9363049402085615,402.96507418063,28,3,Orthorhombic
mp-30546,K(IrO2)4,0.0,-1.262599311326922,9.293667937236389,167.23221079982983,13,3,Monoclinic
mp-755596,TiCrO4,0.0,-2.703237982222222,3.965585977114387,68.61459955747013,6,3,Tetragonal
mp-1222267,LuZnFeO4,1.1464,-2.55242496095238,6.825677403719761,87.63336185357711,7,4,Trigonal
mp-554533,Hg2Mo2O7,2.198899999999999,-1.558184639545455,7.060930446500369,331.6199497796186,22,3,Triclinic
mp-27931,Rb2SnO2,2.225199999999999,-1.644154647499998,4.374395531627636,488.3903048011634,20,3,Orthorhombic
mp-25288,V2O5,2.3402,-2.275062694285715,3.396645605813161,355.6671851974434,28,2,Orthorhombic
mp-18962,Sr2CaMoO6,2.256399999999999,-2.846689875,4.6404265345816125,145.73268991655655,10,4,Cubic
mp-764357,V2OF5,1.7996,-2.993044167499999,3.622560013594024,292.7374144702919,24,3,Trigonal
mp-6441,K2PO3F,4.4668,-2.7661808916632653,2.430654210539417,481.4047620439489,28,4,Orthorhombic
mp-545369,CuBiTeO,0.0,-0.8391133391666661,8.706890946338522,158.72328062424145,8,4,Tetragonal
mp-559352,Ba4Na(BiO4)3,0.2816,-2.182459268068965,7.018145385418196,329.17452926872045,20,4,Cubic
mp-581276,Cu2Te2Cl2O5,0.07489999999999901,-1.228205741666667,4.609625728435173,384.14881371132486,22,4,Tetragonal
mp-1226762,Ce2ThO6,2.019599999999999,-4.068247628888888,8.119042787458016,124.40508643368315,9,3,Trigonal
mp-20460,NiSeO3,0.0,-1.25510434046875,5.667949949635488,217.56136685478137,20,3,Orthorhombic
mp-1192588,PWO5,0.659799999999999,-2.4090256549489792,4.716990065968033,415.13319359060307,28,3,Orthorhombic
mp-27220,Tl5SbO5,1.4702,-1.253834989924244,9.138571783150384,889.3983435178177,44,3,Orthorhombic
mp-1042090,Mg(NiO2)2,,-1.5080331157142841,5.272145809645424,259.139482569421,28,3,Orthorhombic
mp-17812,Sm2SiTeO4,1.8579999999999992,-3.270127240833334,6.491505768821276,532.4802649519379,32,4,Monoclinic
mp-557480,Te2SO7,2.8813,-1.6214381780833311,4.536271158030923,292.3053464245533,20,3,Orthorhombic
mp-5839,TiPO4,0.058199999999999,-2.956461151329365,3.386626539042294,140.07371499381657,12,3,Orthorhombic
mp-605809,Ba11In6O3,0.0,-1.116948189499997,5.471572149880203,1364.1661897815695,40,3,Tetragonal
mp-6270,Ba2LiReO6,1.8198,-2.741621015583333,6.7052293806435355,139.62374972423694,10,4,Cubic
mp-29241,Ca3SnO,0.0,-1.76736699,3.765300110312062,112.43286406637701,5,3,Cubic
mp-561086,CaSiO3,4.707999999999999,-3.427817503666667,2.8251532169722333,819.3157372160958,60,3,Monoclinic
mp-555861,Na2Th(PO4)2,4.9443,-3.096479676503409,4.855765115197637,640.1186044172891,52,4,Monoclinic
mp-13191,Sc6ReO12,0.0669,-3.545269936973685,4.864145670460379,221.19441001080537,19,3,Trigonal
mp-754165,ScGaO3,2.6997,-3.101253307500001,4.878911497780485,110.7344127232281,10,3,Hexagonal
mp-1226490,CeZr3O8,2.1872,-3.783944190833332,6.112153171703222,147.19071069628683,12,3,Orthorhombic
mp-6766,CaMg(SiO3)2,4.9716000000000005,-3.343864678,3.149491306438381,228.3482404620454,20,4,Monoclinic
mp-18851,NaCr(WO4)2,2.2669,-2.245235919698275,6.433698320496967,294.5755153946888,24,4,Monoclinic
mp-1042105,AlV(WO4)2,1.316999999999999,-2.484224144166666,7.25900133664498,262.42791247879103,24,4,Monoclinic
mp-756252,Li4Cr3CoO8,,-2.221961886458333,4.205932432492722,292.6959884218275,32,4,Monoclinic
mp-18865,K3(FeO2)2,0.0,-1.566424215749999,3.22478470333044,301.73108088591823,18,3,Orthorhombic
mp-560387,Cs2Al2P2O9,4.899699999999999,-2.991625041573072,3.336397455697329,261.65111977368724,15,4,Triclinic
mp-557683,Zn3(BO3)2,2.7833,-2.2800949125757572,3.981291037629528,523.6015580342996,44,3,Triclinic
mp-28005,As2(SO4)3,4.5714,-1.668678688529412,3.043083721634444,956.0927722240838,68,3,Monoclinic
mp-572906,Cs2U2Mo3O16,,-2.635036803991753,4.695193745072753,1818.813474457699,92,4,Tetragonal
mp-1105117,Ni3Sb4(OF)6,3.04,-2.032984044999999,5.251364436454324,552.1720429988621,38,4,Cubic
mp-619128,V6PbO11,0.006099999999999,-2.387051861944444,5.517805535373057,414.6031274924836,36,3,Hexagonal
mp-558690,ZnB4O7,5.3796,-2.629095416805555,3.927534964640923,186.57807286097986,24,3,Orthorhombic
mp-559143,Pb3SO6,2.9372,-1.758490110249997,7.5054608609108,331.71635013255815,20,3,Triclinic
mp-560369,La2MnVO6,0.0,-3.158837756293104,6.187708331390898,257.45842228446224,20,4,Monoclinic
mp-754322,Sr2CuO4,0.0,-2.185755024285735,5.521676770588147,91.05639779639493,7,3,Tetragonal
mp-540784,Rb2Ti6O13,2.6235,-3.3320984680952392,4.034447846823284,274.1724762156519,21,3,Monoclinic
mp-1385417,CaLa2VO6,1.785899999999999,-3.375381797,5.6221827077375295,137.288872871732,10,4,Trigonal
mp-17770,CsPr(PO3)4,5.2958,-2.920340307771848,3.401760922488077,575.7144533272304,36,4,Monoclinic
mp-20472,LaRuO3,0.0,-2.5601037775,7.453577075210139,256.6239132497035,20,3,Orthorhombic
mp-561446,BaCa(GaO2)4,3.0678,-2.634351782857142,4.780582765372499,202.9543409304535,14,4,Orthorhombic
mp-562961,Cs4U3Mo3O20,2.0623,-2.764941159954023,5.107125768263568,602.6553409747803,30,4,Triclinic
mp-755667,Ba4Bi3O11,0.0,-2.170866985277778,6.502178002155924,345.3383872413572,18,3,Orthorhombic
mp-18897,NaVTeO5,3.0152,-2.047819281630747,3.979523548696069,469.89413056234037,32,4,Monoclinic
mp-755941,Sm3TaO7,3.3894,-3.78120640112121,8.114980108762412,304.4937561292226,22,3,Orthorhombic
mp-1193116,KBe2B3O7,5.5029,-2.9011979661346152,2.325190344250331,287.876715753634,26,4,Monoclinic
mp-6304,Sr2GaSbO6,1.291399999999999,-2.6297341187499983,6.05697084322454,126.85609035632396,10,4,Tetragonal
mp-1105788,SmCrO3,2.4802,-3.1710719595,7.31736891568508,227.25277373957564,20,3,Orthorhombic
mp-20620,Ba2NbInO6,3.3486000000000002,-2.959584960666666,6.434741420092599,149.25446954671247,10,4,Cubic
mp-753218,NaV2O5,0.418199999999999,-2.364978522672414,2.879672366349157,236.2728895343508,16,3,Orthorhombic
mp-849371,CdSnO3,0.690399999999999,-1.807364579499999,7.6354849403898974,242.8075437023761,20,3,Orthorhombic
mp-1019889,KSi2BO6,5.3233999999999995,-3.051882602891666,2.6341603081113822,509.5456852285385,40,4,Orthorhombic
mp-1183325,Ba2V2O5,0.0,-2.672880963888888,5.567161450633148,136.1721855839024,9,3,Tetragonal
mp-540706,Na2Nb4O11,2.554599999999999,-2.901216413985799,4.606302824747732,427.97595721093444,34,3,Trigonal
mp-1205336,BaMnO3,1.8948,-2.482318499586207,5.7652284921210075,276.8088065448443,20,3,Hexagonal
mp-763551,Mn2VO4,0.0,-2.164269685837439,4.511821546999918,165.4827886569816,14,3,Trigonal
mp-17888,K2Zr3OF12,5.4252,-3.860545978861111,3.820403944814929,517.9715486862532,36,4,Trigonal
mp-27562,Na2Pd3O4,0.4208,-1.141165042528733,6.507818827884617,109.52441305840149,9,3,Orthorhombic
mp-18150,K3Lu(PO4)2,4.9407,-3.001526013407312,3.993969585928789,601.4464549766658,42,4,Trigonal
mp-21344,CuGeO3,0.0,-1.590967304,4.747258217478113,128.8512423547678,10,3,Orthorhombic
mp-541424,Na3V(SO4)3,0.0,-2.151189896401996,2.713475277646237,499.4802693991906,38,4,Trigonal
mp-505025,BaPuO3,0.0,-3.34406189474999,8.427161774996334,338.38736500399904,20,3,Orthorhombic
mp-23127,Ba2BiSbO6,1.6958000000000002,-2.453007172999998,7.168280676948144,162.47784885143284,10,4,Monoclinic
mp-1213659,Eu3VGeO9,,-2.8168901617857163,6.050979808369336,794.1504229296866,56,4,Monoclinic
mp-3858,NaTaO3,2.6172,-3.062992296242529,7.149405594053545,234.06103598567563,20,3,Orthorhombic
mp-554748,V2Cu3O8,0.05279999999999901,-1.6499443784615382,4.383657448402094,318.58491976498453,26,3,Monoclinic
mp-1228030,Ba4Bi2O,0.2841,-1.518546462142857,6.053607445196198,269.7160781941889,7,3,Tetragonal
mp-28627,K4Br2O,0.9912000000000001,-1.6992311862857141,2.528464208032325,218.1688285305985,7,3,Tetragonal
mp-29361,K2U2O7,1.648299999999999,-3.324803091318179,6.008962049142516,368.2281596698449,22,3,Monoclinic
mp-645592,Nb3(BiO3)5,1.267199999999999,-2.310411621086957,7.588278025304863,684.3289175282201,46,3,Orthorhombic
mp-1218139,SrLaVO4,0.0,-3.218058005,5.77465792205933,196.38055309865493,14,4,Tetragonal
mp-1222860,Li7Mn(BO3)3,,-2.539627533063218,2.3164807386525013,802.7216390168089,80,4,Triclinic
mp-644481,ScO,0.0,-3.240489735,4.573512086716922,22.13149871993696,2,2,Cubic
mp-774803,TiSb3(PO4)6,0.0,-2.485233960035013,3.346860241148792,487.7014745149881,34,4,Trigonal
mp-761278,Li5Fe8(BO3)8,,-2.282873339555555,3.253140924970698,485.90923995054055,45,4,Triclinic
mp-16053,CuSiO3,0.112,-2.249616019,3.679809081971686,126.01771806237532,10,3,Orthorhombic
mp-754191,La2Ti3O9,2.0596,-3.628609801785715,4.876729330928997,385.0448054299879,28,3,Cubic
mp-556330,Cs2Ga2B2O7,,-2.514526220011051,4.045697970006837,884.715076900208,52,4,Monoclinic
mp-560723,Sr2CoMoO6,0.49950000000000006,-2.4477956759999993,5.656227613837702,125.0960317473014,10,4,Tetragonal
mp-1193939,Te2P2O9,3.4783,-2.120900973663007,4.499125416840202,340.39705107607085,26,3,Monoclinic
mp-4535,PrGaO3,3.3909000000000002,-3.034011709833333,7.093367763086663,242.1773823202712,20,3,Orthorhombic
mp-2939,BaTbO3,0.0,-3.117726795333334,6.573244495993126,173.9297807413048,10,3,Tetragonal
mp-1178513,BaSnO3,0.665099999999999,-2.586822249000001,6.864126368631641,147.10169950504223,10,3,Orthorhombic
mp-768908,Ho2TeO2,0.5838000000000001,-3.249896117333331,8.585431669265143,94.66810207642433,5,3,Trigonal
mp-542514,Ho2Te4O11,3.239499999999999,-2.3061196877450962,6.952681187329538,485.4327386923501,34,3,Monoclinic
mp-18727,LiCr(SiO3)2,3.0382,-2.924579158083332,3.288025686975101,426.4532005010632,40,4,Monoclinic
mp-18907,Ca2MnAlO5,0.0,-3.025843104770115,3.604812567211318,223.01907493157628,18,4,Orthorhombic
mp-752917,Na3VO4,3.8995,-2.26588167676724,2.607163932696976,117.13382962406146,8,3,Tetragonal
mp-755583,LuVO3,1.572499999999999,-3.323391881833334,8.077266464533315,225.24094157379778,20,3,Orthorhombic
mp-689468,KMnO4,2.0563,-1.433326174196838,2.5188925116661283,416.7252684360656,24,3,Orthorhombic
mp-689981,MnPO4,0.0,-2.349148325428981,3.069929885020327,324.34672594835666,24,3,Triclinic
mp-642787,Y2V2O7,0.0,-3.209218996818181,5.192307514227066,250.5311465023694,22,3,Cubic
mp-8380,K2Si4O9,4.6302,-3.0335081523,3.096627201989466,358.78096486255737,30,3,Hexagonal
mp-555558,Co2SiO4,0.0,-2.121247118928572,4.599459364958463,303.191573178205,28,3,Monoclinic
mp-19133,YVO4,2.976,-3.184120813333332,4.224206533628038,160.26323538371267,12,3,Tetragonal
mp-28599,Na4Br2O,1.983099999999999,-1.678240135788176,2.9947064564702783,148.47421690461363,7,3,Tetragonal
mp-1019572,CaAl2SiO6,4.549800000000001,-3.41135347025,3.320270671313547,436.3520457450041,40,4,Triclinic
mp-1194116,CeMoBrO4,0.28600000000000003,-2.582461057142858,5.474643675188072,460.986669368871,28,4,Monoclinic
mp-1221899,Mn2FeSbO6,1.339299999999999,-1.912330456586207,5.511366151063141,115.53929386162743,10,4,Trigonal
mp-760402,TaRhO4,0.9714,-2.387292706222222,8.5555462865417,135.02823134829404,12,3,Tetragonal
mp-6755,KSn4(PO4)3,3.764299999999999,-2.363744438558928,3.592578245358855,738.4811156797053,40,4,Trigonal
mp-1019731,EuAl3(BO3)4,0.0,-3.139404160583333,4.133217964932269,188.0795444085271,20,4,Trigonal
mp-545552,SnO,1.3433,-1.558266237499999,5.566361254993614,80.37215376115671,4,2,Orthorhombic
mp-756350,TiNbO4,0.0,-3.169562311666666,4.9031055216971495,208.04990459083774,18,3,Monoclinic
mp-551456,Ba2CuClO2,2.3029,-2.449774615,4.316923936472801,156.03718556296457,6,4,Trigonal
mp-756246,NdZrO3,0.0509,-3.5634469955,6.064921553203231,310.4431765214905,20,3,Tetragonal
mp-1006058,UCd2O5,2.0853,-2.500243828124999,7.496202710641328,240.50047646057874,16,3,Monoclinic
mp-771648,RbCrO2,2.7996,-2.000040384375,5.393561742091892,52.17321079045904,4,3,Trigonal
mp-1019725,CsY(PO3)4,5.5193,-2.9121688374014782,3.502893580501798,1019.5804399614713,72,4,Monoclinic
mp-1205600,Ba2NdTaO6,3.4981,-3.493614462483332,7.115090267844989,162.39709203349992,10,4,Monoclinic
mp-554089,SiO2,5.660399999999999,-3.266073725,2.257872049803831,176.75461740602768,12,2,Orthorhombic
mp-554526,KGd(PO3)4,3.2337,-2.907317006712301,3.39149609270692,501.6005396012726,36,4,Monoclinic
mp-552051,Ca2CoTeO6,1.6102999999999992,-2.354738702166666,4.9484644702621985,486.8205909205243,40,4,Monoclinic
mp-772088,CuNi4O5,0.0,-1.073083811499999,6.709767266917754,187.25224552590606,20,3,Monoclinic
mp-22355,Sr2InSbO6,1.7824,-2.581770948666666,6.06629591287356,278.0100614586075,20,4,Monoclinic
mp-2931,Li2TiO3,3.0338,-2.981954403333334,3.46303787960749,210.4967018964505,24,3,Monoclinic
mp-28456,Sn15Os3O14,1.5083,-1.4458759235937482,7.786770766417805,549.1928373816504,32,3,Monoclinic
mp-754958,RbFeO2,1.7970000000000002,-1.7003772693750001,3.628539255450253,158.62619210343448,8,3,Cubic
mp-772867,La2Bi2O7,0.0,-2.5663252636363643,7.533265471111548,712.2168000291975,44,3,Monoclinic
mp-555717,K2Nd2IrO7,0.2913,-2.468049836208333,6.054568445772431,368.0013563979034,24,4,Trigonal
mp-5364,YbBO3,0.0,-3.42637511375,6.892850133688457,111.70840702841186,10,3,Trigonal
mp-7240,NaRuO2,0.0,-1.412723410344827,5.775957439224354,44.86552293604546,4,3,Trigonal
mp-1190390,Ba(ClO4)2,5.4454,-1.110697699090904,3.653534785901588,305.6328154022602,22,3,Orthorhombic
mp-1428949,Na4Sr(SiO3)3,4.0931,-2.865235219442192,2.923400905512992,231.65414650075869,17,4,Triclinic
mp-17304,Ba4Ru3O10,0.0,-2.2903073755882373,6.613248964881808,508.4689054743148,34,3,Orthorhombic
mp-553374,Cs4Sb2O5,2.5754,-1.801426312147338,4.7388775963920065,299.647198836,11,3,Monoclinic
mp-3956,Sr3UO6,2.213399999999999,-3.533912545000001,6.121614436931813,323.82025550482797,20,3,Monoclinic
mp-5690,GdScO3,3.1418,-3.920327644499998,6.603534803754681,251.66745686793627,20,3,Orthorhombic
mp-30084,Al2FeO4,0.0,-2.9035625028571412,4.301896777867103,134.17854118320494,14,3,Cubic
mp-753683,Sn2OF2,2.2466,-2.1602539685,5.302379076139935,365.04971705632767,20,3,Tetragonal
mp-1020715,Sr6Y2Al4O15,3.9869,-3.447766316481481,4.359224997390321,400.5234646773803,27,4,Monoclinic
mp-554800,LaMn7O12,0.0,-2.253517510025863,5.431169663504816,218.74788816569304,20,3,Cubic
mp-1178176,HgPtO2,0.0,-0.674523258125001,10.439883698180164,68.02445435728386,4,3,Monoclinic
mp-561515,SmMn4(CuO4)3,0.0,-1.8468631963362072,6.076320411940379,205.70987713923847,20,4,Cubic
mp-6493,CaMgSiO4,4.6294,-3.360924786785713,2.957136984745377,351.4454325096661,28,4,Orthorhombic
mp-555657,YCrO4,0.12839999999999901,-2.7316606741666662,4.64319415284986,146.5558821376996,12,3,Tetragonal
mp-549475,TbBi2BrO4,1.2946,-2.412139328958334,8.361980309129768,143.13549821385254,8,4,Tetragonal
mp-752406,Rb3TmO3,2.1734,-2.248256205357143,4.825118177071689,651.5841272951081,28,3,Monoclinic
mp-27863,AlClO,5.593999999999999,-2.785187891666666,2.8907438422405822,90.11010750205814,6,3,Orthorhombic
mp-545646,Na2CoGeO4,1.9531,-1.933385447844827,3.609885375166788,222.22520869273234,16,4,Monoclinic
mp-19735,La2CuO4,0.0,-2.971538255714286,6.998499442412323,96.17876732467924,7,3,Tetragonal
mp-693892,Sr2CrClO4,0.0,-2.7407924281250002,3.7555719815999593,577.7825913564592,32,4,Orthorhombic
mp-510541,RbGd(WO4)2,1.2857,-2.654935861458334,7.194850718303928,340.8355422537563,24,4,Monoclinic
mp-754018,MnOF,0.37669999999999904,-2.314789833477011,4.217742350017165,141.63215960624004,12,3,Monoclinic
mp-510057,Gd3NbS3O4,0.146599999999999,-3.023233335227273,6.581335478190754,731.5476031658241,44,4,Orthorhombic
mp-690122,Nd2Mo2O7,0.0,-2.903089981818181,6.54977244459999,300.35748499761365,22,3,Tetragonal
mp-1190898,Bi7O5F11,3.9069000000000003,-2.425375946086959,8.618384190366806,337.5345547163007,23,3,Monoclinic
mp-556413,Na4Cd2Si3O10,2.750499999999999,-2.531273301606171,3.550581784089792,524.7674370316156,38,4,Monoclinic
mp-1228305,Ba2TbSnO6,0.0,-2.9049901061666663,6.638964408130341,162.1493576433022,10,4,Cubic
mp-1232323,Cu(BiO2)2,0.0,-1.375229762857143,9.163349600852511,98.85373871558049,7,3,Tetragonal
mp-7971,Ba4Li(SbO4)3,1.454399999999999,-2.557289012666666,6.355065074542673,290.95633620145327,20,4,Cubic
mp-546007,La2MoO6,3.5993,-3.117575759999999,5.132616409458689,151.97586323886202,9,3,Tetragonal
mp-1191378,Tb3SbO7,2.7520000000000002,-3.417252454999999,8.04358373522926,293.36821342979215,22,3,Orthorhombic
mp-756824,Li3V(FeO2)4,,-1.8996306487499992,4.639170699200153,151.4581049152917,16,4,Monoclinic
mp-4589,PrPO4,5.651599999999999,-3.443447114384918,5.247226120923341,298.5854281027905,24,3,Monoclinic
mp-17298,SrTi4(PO4)6,2.7819000000000003,-3.104235324319727,2.981549917386962,472.7938511624695,35,4,Trigonal
mp-753857,Mn2O2F3,0.0,-2.268137867980295,4.03421944501485,163.71522375784764,14,3,Monoclinic
mp-560373,Bi3Pt3O11,0.0,-1.324107199117645,11.077483151499003,832.368887230019,68,3,Cubic
mp-562283,GePb3O5,1.6319,-1.6350074155555552,8.02282433129631,160.24915070020626,9,3,Orthorhombic
mp-14252,Ca3UO6,2.260099999999999,-3.619776442499985,4.931499685177281,305.9172173888696,20,3,Trigonal
mp-1227965,BaBiClO2,1.5244,-2.317301394000001,5.92993076278909,115.86363201347203,5,4,Tetragonal
mp-556779,BaMoSeO6,2.9241,-2.15868163359375,4.814460713423031,563.1957088862143,36,4,Monoclinic
mp-1221906,Mn2As2O7,0.0,-1.901438464623832,4.442820252130099,277.86288598724974,22,3,Triclinic
mp-5794,Zn(GaO2)2,2.310499999999999,-2.176957137857143,6.151538832288072,145.1475013418485,14,3,Cubic
mp-22136,CoGeO3,0.0,-1.785913831,5.432943126031126,219.5386991722037,20,3,Monoclinic
mp-542671,K2Mo(I2O7)2,2.9387,-1.29855569902381,4.141106929491171,726.3887534749617,42,4,Monoclinic
mp-770754,Ho(ClO4)3,5.7915,-0.9835183068749991,3.3318758659833883,461.78074457777814,32,3,Trigonal
mp-1288,AgO,0.1826,-0.395391355208332,7.240353217422181,227.26735308000775,16,2,Tetragonal
mp-22554,MnSO4,2.8118,-2.044368775905172,3.486412766796632,143.83980720371432,12,3,Orthorhombic
mp-6600,K2Zr(SiO3)3,4.813,-3.221192822633334,2.97719252547406,443.6054355779945,30,4,Hexagonal
mp-9173,TiO2,2.4757,-3.450555661944443,3.873617058742386,136.94722939734157,12,2,Orthorhombic
mp-770347,TbNiO3,0.0,-2.451656047333332,8.15337798701662,108.19253637657697,10,3,Trigonal
mp-560521,Be(PO3)2,5.8411,-2.770024390198412,2.466814078696211,449.54686908052525,36,3,Orthorhombic
mp-1190901,VZn2IO7,2.7456,-1.678447349090908,4.671804168140784,299.0373554591686,22,4,Monoclinic
mp-13801,Tl2Pt2O7,0.6958000000000001,-1.149196037878786,11.385389281494708,265.7152037150163,22,3,Cubic
mp-1303934,Mn2O3,,-1.9553157751724122,4.8385951634476445,108.36055396291653,10,2,Monoclinic
mp-558400,TmFeO3,0.0,-2.888833371666667,7.479670757668568,363.35092316187996,30,3,Hexagonal
mp-752496,TiOF,0.0,-3.393969898611111,4.249252516255022,129.5288923718672,12,3,Monoclinic
mp-764074,Na2FeO3,1.8938000000000001,-1.6516379029597692,3.662061807835942,135.87237108425325,12,3,Monoclinic
mp-1205445,LaMn3V4O12,0.0,-2.542051041439656,5.268271662526394,220.47291638498288,20,4,Monoclinic
mp-19208,La2MnCoO6,0.0,-3.224243978293104,6.630130447023922,244.28156896898278,20,4,Monoclinic
mp-1047720,Ca(NiO2)2,0.0,-1.621199135714285,5.081726713141187,144.73307509119434,14,3,Orthorhombic
mp-10094,Tm5(ReO6)2,0.0,-3.39353643921053,9.79818965143371,238.80215642318805,19,3,Monoclinic
mp-1214573,Ba2PrBiO6,1.759999999999999,-2.746031445166667,6.833586096013359,175.08848625034892,10,4,Monoclinic
mp-1193887,BeCr2O4,2.8371,-2.600075347142854,4.621405962925308,254.39765156712795,28,3,Orthorhombic
mp-14377,KTaGeO5,,-2.7484462021354172,4.826066751782755,1025.8539911427688,64,4,Orthorhombic
mp-758784,YZr4O9,0.0757,-3.7149481960714272,5.584300088275423,177.7598523374402,14,3,Triclinic
mp-546285,NbI3O,0.8196000000000001,-1.405361576999995,4.829900367280732,336.66607214499976,10,3,Monoclinic
mp-1219286,ScSb(PbO3)2,2.7561,-2.2689200305,8.183038088598023,137.40269009849902,10,4,Orthorhombic
mp-1192505,YWBrO4,2.7095000000000002,-2.650735798214286,5.298962867397569,522.2602120735801,28,4,Triclinic
mp-6091,BaAl2(SiO4)2,4.819699999999999,-3.454300557692307,3.338018904156847,747.1016000711103,52,4,Monoclinic
mp-1194927,VCdCoO5,1.537,-1.739821524375,4.773299222864381,420.63336134491806,32,4,Orthorhombic
mp-757324,CeZr6O14,2.152,-3.779084201666666,6.032331578415921,501.7963516894471,42,3,Orthorhombic
mp-558122,GdSClO4,1.9163000000000001,-2.623044390714286,4.5504192702608375,421.5053878872158,28,4,Monoclinic
mp-560605,LiLa4AuO8,1.6583,-3.152200023809523,7.024109433949402,209.8158301907756,14,4,Orthorhombic
mp-14333,TaAlO4,4.0663,-3.400570372055554,6.398753046789671,141.13544759346834,12,3,Monoclinic
mp-22055,TbMnO3,0.4016,-3.03061692641954,7.738046495726133,224.7758055110435,20,3,Orthorhombic
mp-754192,Tm2TiO5,3.0448,-3.8534538304166692,6.728289990365334,229.88512061745027,16,3,Orthorhombic
mp-18835,VPO4,1.834699999999999,-2.7006946757738097,3.757927184825147,257.9017588726252,24,3,Orthorhombic
mp-777580,V5O12,1.1948,-2.252112980588236,3.7657651042684472,196.9754561619259,17,2,Triclinic
mp-7644,LuAsO4,3.557299999999999,-2.8563761806944523,7.019589743914191,148.50449002906637,12,3,Tetragonal
mp-690544,Ga2FeO4,0.5741,-2.064265934642857,5.90093287138487,291.8581581647271,28,3,Orthorhombic
mp-1078458,CrFeO3,0.0,-2.026850883,5.148927639504908,100.51694794704083,10,3,Trigonal
mp-19167,Rb2NiO2,2.8076,-1.265471337999999,3.842588843174771,113.0600229530859,5,3,Tetragonal
mp-20930,InCuO2,0.23989999999999903,-1.482684894166666,6.362465186963177,54.902563282407804,4,3,Trigonal
mp-17825,Sr2SiO4,4.3789,-3.415866404999995,4.551020161122311,390.15467762300545,28,3,Orthorhombic
mp-765564,Li2NiP2O7,0.714699999999999,-2.445019476121031,2.940338256254112,556.8801085789164,48,4,Monoclinic
mp-1207114,K2TaNbO6,1.702799999999999,-2.954898269183333,5.623045560699668,132.31263572058137,10,4,Cubic
mp-559926,PrMn4(CuO4)3,0.0,-1.8384541796695402,5.935308046316275,207.9526655265629,20,4,Cubic
mp-18808,LuMnO3,0.0,-3.11040649758621,7.836057358160109,353.34289219579927,30,3,Hexagonal
mp-1079609,Bi(BO2)3,3.8655,-2.57088619575,4.738114161739304,118.25003265603458,10,3,Triclinic
mp-8483,K2SO3,4.914899999999999,-2.070205727,2.340716732734578,224.54368518593574,12,3,Trigonal
mp-27937,W(ClO)2,2.2004,-1.722245422999999,3.7928102824743073,251.08081189538336,10,3,Orthorhombic
mp-1182375,BaMn4O8,0.0,-2.109691853978781,5.316020819046607,151.52027909876244,13,3,Monoclinic
mp-1202965,Nb4Ag2O11,2.1763,-2.5240204699019593,5.8650432874598675,432.24960786467784,34,3,Monoclinic
mp-1193997,BaLuCo4O7,0.797299999999999,-2.091660052820514,6.133468523378626,357.38123534850877,26,4,Monoclinic
mp-22634,K4SrU3O12,2.0683,-3.2563449314499993,5.651966849908742,337.8954546431002,20,4,Cubic
mp-1193095,Rb2In(IO3)6,0.0,-1.098672648209877,4.6385798003690795,477.9698549911911,27,4,Triclinic
mp-753672,NaFePO4,3.140099999999999,-2.405453695860308,3.577090014817811,322.73369673057874,28,4,Orthorhombic
mp-640553,BaNb2O6,1.7859,-3.178795939444445,5.229901624823806,266.1587226043304,18,3,Orthorhombic
mp-25247,FeMoClO4,1.5697,-1.745760504285714,3.239189327054155,257.58699884337824,14,4,Monoclinic
mp-9066,NaLi2AsO4,3.8891,-2.199363304443247,3.010820320452294,193.90580704003563,16,4,Orthorhombic
mp-7703,DyTaO4,4.0284,-3.7336660264999892,9.213262728077273,146.8706921789443,12,3,Monoclinic
mp-17621,CsReO4,4.2585,-2.355085149525862,5.192986459402762,490.0218500167384,24,3,Orthorhombic
mp-1192576,ErWBrO4,2.7085,-2.669785819285713,6.691718806317241,491.3343540463598,28,4,Triclinic
mp-1173305,ScPaO4,2.633199999999999,-4.04475870166667,7.9030650601541375,142.87258509157974,12,3,Tetragonal
mp-551835,Ba2I2O,3.044099999999999,-2.476811028,4.882736536580056,370.32552507766394,10,3,Orthorhombic
mp-16927,NaTbGeO4,3.598799999999999,-2.866214607935139,5.2347077722165825,404.20153953473994,28,4,Orthorhombic
mp-14324,K2Na4Be2O5,2.4341,-2.009964490770556,2.446436485075206,364.0547843867404,26,4,Tetragonal
mp-8020,LaTiO3,0.0,-3.5975505326666672,6.282852087570259,62.049187819988944,5,3,Cubic
mp-1040819,LaCrWO6,0.7814000000000001,-2.721358199999999,6.583629106233408,237.4613687082955,18,4,Triclinic
mp-555483,SiO2,4.721699999999999,-3.259284434166667,2.435377261571973,163.87165824864348,12,2,Orthorhombic
mp-558696,CuTeO3,0.0019000000000000002,-1.238739726333333,5.384916609662685,294.9782256150324,20,3,Monoclinic
mp-1105399,La2MoO5,0.5206000000000001,-3.126056116250002,6.066582527361159,248.39888927943602,16,3,Tetragonal
mp-4711,Li2CuO2,0.0,-1.6624233733333331,3.771216695476838,48.18271953212423,5,3,Orthorhombic
mp-1147642,Ba2NbBiO6,2.058599999999999,-2.8360725860000002,6.78952536051807,164.48487955066443,10,4,Trigonal
mp-17448,Ba3CaIr2O9,0.0,-2.379766347999997,7.326933863108274,444.4254566878746,30,4,Monoclinic
mp-9844,BaAl2B2O7,4.6477,-3.252279562777777,2.934278466072675,183.86878729297558,12,4,Trigonal
mp-1218155,SrLaNiO4,0.0,-2.668460153571428,6.227535688406763,93.11670300254897,7,4,Tetragonal
mp-756704,LuTa3O9,3.302699999999999,-3.5138362168205113,9.123010077323583,313.7256797244313,26,3,Monoclinic
mp-1192091,Cd3(BO3)2,1.586999999999999,-2.0808063721212102,5.57382473439002,271.0162429534521,22,3,Triclinic
mp-390,TiO2,2.0586,-3.5080554519444442,3.856139057916947,68.78397225482972,6,2,Tetragonal
mp-6810,K2Ti(SiO3)3,3.2108,-3.136217266522223,2.856051139422065,412.00480838709,30,4,Hexagonal
mp-5132,YPO4,5.8009,-3.477044902440459,4.271216877106084,142.9734442285529,12,3,Tetragonal
mp-29283,CaMn7O12,0.0,-2.132179828275861,5.134500328470768,199.42544626888446,20,3,Cubic
mp-33948,Ho2Ti2O7,2.7208,-3.781774462878852,7.002244488862868,254.97251027738733,22,3,Cubic
mp-560193,SnSe2(Cl4O)2,2.7633,-1.155435821129807,2.504577735122632,785.3291178882758,26,4,Monoclinic
mp-29176,Na8Si7O18,4.4437,-2.809347975182863,2.9123674912647,381.1607190870926,33,3,Trigonal
mp-3584,NdPO4,5.678800000000001,-3.4498277028571422,5.421181865392233,293.0896935146358,24,3,Monoclinic
mp-16180,Na6S2O9,2.9814,-2.087912511663287,2.624870797876284,218.92562849752352,17,3,Cubic
mp-1216649,TiSnO4,1.5783,-2.767403298055555,5.47759791781114,69.89891131305731,6,3,Orthorhombic
mp-1413546,As2O5,1.3654,-1.5574088271428561,4.435435821073583,344.1904214795091,28,2,Tetragonal
mp-705059,TlNi4(PO4)3,2.4213,-2.042607548863095,4.770056227002748,504.1232648111042,40,4,Orthorhombic
mp-19048,BaWO4,4.8822,-2.729128477500001,6.254184565542669,204.5289385590323,12,3,Tetragonal
mp-4126,KUO3,0.4454,-3.335109890449998,6.7957793352570075,79.44393397949031,5,3,Cubic
mp-12860,Na3Cu2SbO6,0.0,-1.590456467844826,4.8376755704555805,142.04352075938667,12,4,Monoclinic
mp-31123,Tm2MoO6,2.091,-3.208992745277777,8.02471069871529,438.52626434187874,36,3,Monoclinic
mp-18607,Mn2Te3O8,2.1851,-1.7345625900663122,5.083255480268348,405.5074267121467,26,3,Monoclinic
mp-1248859,Ca3Si4(NiO7)2,,-2.833863372173912,3.526082487575554,540.5850299901932,46,4,Monoclinic
mp-556074,K2Cu3(SeO3)4,0.09129999999999901,-1.329588991613095,3.890381941039665,331.5064122238839,21,4,Triclinic
mp-19126,NdCrO4,0.2958,-2.7388551062499973,5.017174617269508,172.2609154907891,12,3,Tetragonal
mp-554500,Bi2WO6,2.4007,-1.939226295555555,9.314122061439281,248.80917461050328,18,3,Monoclinic
mp-540783,OsO4,3.2877,-1.528394766999996,5.386723342623542,156.73901730485102,10,2,Monoclinic
mp-19182,Ba2CaWO6,3.1866,-3.030209073,6.373690480453075,154.90304384778858,10,4,Tetragonal
mp-753360,BiOF,3.0513999999999992,-2.174575714166668,8.777057167826307,184.6337924276309,12,3,Orthorhombic
mp-753552,Cu4PtO5,0.0,-0.9055933625000001,7.822801479605599,224.69321543574654,20,3,Monoclinic
mp-1196892,RbErP2O7,,-3.1548688499350632,3.911573758336106,724.5190332337712,44,4,Monoclinic
mp-752959,Sc5Cu5O13,0.0,-2.5317624313043483,4.5349818555235,274.8053976256089,23,3,Triclinic
mp-754824,SrO,2.5643000000000002,-2.98763705,4.216470941667449,81.61520102382464,4,2,Hexagonal
mp-4733,ThTi2O6,3.145199999999999,-3.788790012407407,6.416162284541566,219.34734559888005,18,3,Monoclinic
mp-758608,Li4V2Fe5O12,,-1.9912139992753621,4.399722483295888,453.555640353644,46,4,Monoclinic
mp-4710,Hg3(BO3)2,2.629,-1.663841944166668,7.872150144762249,303.49333289931684,22,3,Trigonal
mp-542676,Lu2Te4O11,3.221199999999999,-2.31137674235294,7.306189736698934,471.0696534047365,34,3,Monoclinic
mp-561550,Ag3BO3,0.8717,-1.2012752898809511,6.648231554285297,382.0643425679987,28,3,Trigonal
mp-753619,BaSrO2,2.2539,-2.8960987325,5.325796311770558,80.11356685868907,4,3,Tetragonal
mp-753233,Sb6O5F8,,-2.238221645526315,4.287375607655016,372.8020206779267,19,3,Triclinic
mp-17519,BaV2(P2O7)2,0.0,-2.841597447312924,3.492614861869803,558.2619088736217,42,4,Monoclinic
mp-863292,Na3VP2O9,0.434899999999999,-2.524559462561576,2.860192566724921,378.3602052403393,30,4,Monoclinic
mp-8891,K2Zr(BO3)2,3.4092000000000002,-2.9816018693484843,3.208382124705111,148.56069339982568,11,4,Trigonal
mp-8840,Na5InO4,1.7741999999999991,-1.66644198835632,3.223805096232131,302.62830727295113,20,3,Orthorhombic
mp-9518,NdZnPO,1.231799999999999,-1.996526119285714,5.903077751154217,144.3770400453106,8,4,Trigonal
mp-23587,HoSeClO3,4.357200000000001,-2.489870162473957,4.825538587058125,450.5721981277176,24,4,Orthorhombic
mp-1192547,Ba2U(PO5)2,2.1977,-3.33624709795238,5.00616882418919,487.34775624890614,30,4,Triclinic
mp-5869,Ca2CuO3,0.0,-2.528575830833333,4.254713841767185,74.81717525868144,6,3,Orthorhombic
mp-560791,CsNaTiO3,3.361799999999999,-2.7420402407279703,4.259643459179742,196.28779676013698,12,4,Orthorhombic
mp-557845,Na2TiS2O,2.4798,-1.991042413515325,2.283211207162628,506.11847335191186,24,4,Monoclinic
mp-22668,YCoO3,0.0,-2.591207236500001,6.319803566926551,205.82626822115904,20,3,Orthorhombic
mp-13064,Dy2O3,4.1997,-3.9594392734166672,9.210029352814503,67.25039193795395,5,2,Trigonal
mp-27564,Na4B2O5,3.6854,-2.395543281259143,2.632031113609891,244.2554404717502,22,3,Monoclinic
mp-756342,AgBrO4,0.8743000000000001,-0.18197272694444402,4.755707016479074,175.81974130929234,12,3,Tetragonal
mp-23101,Nb2Bi2PbO9,1.1775,-2.3316806425,8.031599020658431,197.44037681167978,14,4,Tetragonal
mp-541075,Rb2Mo3O10,3.3978,-2.109251237,3.91168631933435,525.3273393445133,30,3,Monoclinic
mp-556672,Sn(SeO3)2,2.5822000000000003,-1.512886412465277,4.433242743861875,558.291733790787,36,3,Cubic
mp-18610,Sm2SiSeO4,2.693,-3.393738472792969,6.432974884167142,487.10344550443205,32,4,Orthorhombic
mp-29983,Cs6Cl4O,1.9928000000000001,-1.962108515721004,3.683010848190475,861.3714325053583,22,3,Trigonal
mp-5466,YbNbO4,0.0,-3.421342985,7.68034439494954,142.6719533409904,12,3,Monoclinic
mp-778178,Li3V4(OF3)3,0.932299999999999,-2.948730618947369,3.376102943758048,436.3433363111694,38,4,Triclinic
mp-557857,SrLi2Nb2O7,1.6613,-3.014817200138888,4.497781073405139,294.8435122850173,24,4,Orthorhombic
mp-1044648,MgTi2O4,,-3.191911017380953,3.949038625759104,154.7718282575641,14,3,Trigonal
mp-1178210,FeOF,1.2815,-2.109712771666667,4.274561482136075,141.1588292866701,12,3,Orthorhombic
mp-759636,Nb5O12F,0.0,-3.021156121944444,4.916729940910519,456.29209524846584,36,3,Orthorhombic
mp-28195,SiAg2O3,0.6373000000000001,-1.750713328055555,5.748242855769614,337.20125515068554,24,3,Orthorhombic
mp-1194096,Sr2Ni(SeO3)3,3.0767,-1.983736891135417,4.334518355468434,942.1233168111772,60,4,Triclinic
mp-772295,TmClO,4.5304,-3.582121096666667,6.531708689114781,112.0566127728319,6,3,Trigonal
mp-28825,K3CoO2,1.6284,-1.245469531125,2.700572327104606,512.1416529288501,24,3,Orthorhombic
mp-695209,KNb4AsO13,,-2.778322901960527,4.031207674311595,1142.895587754743,76,4,Triclinic
mp-38950,Ce2Y2O7,1.6482,-3.8713124704545443,5.9207251370750775,319.7489622775332,22,3,Orthorhombic
mp-5996,Na2Ti2Si2O9,2.9482,-3.160490493461686,3.313306901068589,685.3620054952854,60,4,Orthorhombic
mp-753348,Fe(CoO2)2,0.270599999999999,-1.419559434285716,5.649551668070002,139.73677472778104,14,3,Orthorhombic
mp-551214,CeCrS2O,0.0,-2.195788184999998,5.275073310309932,171.39767343753675,10,4,Monoclinic
mp-540540,PaBr3O,1.749,-2.542195351999999,5.196213010825605,311.0968978051449,10,3,Monoclinic
mp-7624,Er2Si2O7,4.918,-3.699185545454551,6.038506888721256,276.4682607699314,22,3,Monoclinic
mp-22512,Sr2In2O5,0.9973000000000001,-2.485892069814815,5.533175450582688,291.02657814863,18,3,Orthorhombic
mp-4959,Ca(GaO2)2,2.9772,-2.588583703571428,5.399497278390785,299.56650370343755,28,3,Orthorhombic
mp-18799,YbVO4,0.0,-3.304186793333334,6.268962107175704,152.5613132569235,12,3,Tetragonal
mp-505078,BaNb7O9,0.0,-2.579162836764705,6.888657879600254,224.581950330924,17,3,Tetragonal
mp-510536,MoO2,0.0,-2.021555188333332,6.19871842655709,137.09116040744064,12,2,Tetragonal
mp-764552,LiFe2(BO3)2,,-2.2774510142424242,3.204698344780784,489.65776613542096,44,4,Triclinic
mp-755756,Y2TeO2,0.7401,-3.275033299333331,5.842620020753437,95.89590196536308,5,3,Tetragonal
mp-1218366,SrCaMn2O6,0.0,-2.459427463086206,4.929232716434554,224.74363130112482,20,4,Tetragonal
mp-772052,CdSeO4,1.8471000000000002,-1.289460308723958,4.985686317556067,170.1067855752359,12,3,Orthorhombic
mp-2229380,MgTe3WO12,,-1.741501380882352,5.417511112253265,239.9808282215257,17,4,Monoclinic
mp-13995,Hg2GeO4,1.022199999999999,-1.274128679285718,8.62739041991904,207.0306528479634,14,3,Orthorhombic
mp-9655,Na4SnO4,2.0838,-1.859072594501915,3.432572347750595,265.7451621958398,18,3,Triclinic
mp-572271,Cs3P7Pb2O21,4.9376,-2.578890915195924,4.002054402182541,1133.4996693516568,66,4,Triclinic
mp-504836,YMn4(CuO4)3,0.0,-1.839007585086207,5.626146678524939,408.0633421452727,40,4,Cubic
mp-996964,CdAgO2,0.0,-0.8645121154166661,7.70151218016474,108.78836904851946,8,3,Orthorhombic
mp-761931,Na8SnO6,1.0551,-1.6809481707356322,2.9558354869961683,447.8812492329947,30,3,Hexagonal
mp-27823,SmClO,4.876199999999999,-3.489553778333333,6.258666742805479,107.08906164704587,6,3,Tetragonal
mp-23559,In(IO3)3,3.0751,-1.049928341282051,5.380778918024156,394.7227492118474,26,3,Trigonal
mp-541601,KPr(PO3)4,5.3491,-2.91038274736045,3.380833421446512,487.1290133610485,36,4,Monoclinic
mp-1217936,TaMn2FeO6,1.6284,-2.39781616531954,6.366565681759854,115.45677482318166,10,4,Trigonal
mp-998527,NiBiO3,0.0,-1.354572157000002,9.234280393489774,113.53038155551553,10,3,Trigonal
mp-510225,HoMn2O5,1.155199999999999,-2.653464195420227,6.819064983043372,345.59865596409134,32,3,Orthorhombic
mp-756631,Nb2P2O9,0.0,-2.778430149175825,3.797484539541472,342.60799886858723,26,3,Orthorhombic
mp-755378,NaPdO2,0.0,-1.173814772844826,5.521322301654773,48.543667681403754,4,3,Monoclinic
mp-558345,ZnFe2(SeO3)4,0.0,-1.435104524967105,4.07033978890752,558.850646796701,38,4,Monoclinic
mp-1042457,MgTiAs2O7,3.111499999999999,-2.393779653257576,3.460055658026076,641.1900489375915,44,4,Monoclinic
mp-1147779,CaCuO2,,-2.072363142499999,4.523100308390337,99.58079298127447,8,3,Orthorhombic
mp-2552,TeO3,1.150299999999999,-1.321559591666666,6.370962349341241,91.53646031350046,8,2,Trigonal
mp-557903,Lu2Ru2O7,0.0,-2.61845676530303,8.587687194655883,256.81276480015885,22,3,Cubic
mp-782669,Mn4O7F,0.0,-1.884818556393677,4.761905945828241,244.619729326028,24,3,Monoclinic
mp-19965,K4BaU3O12,1.9898,-3.206734367949998,5.62956191418849,353.9021959665803,20,4,Cubic
mp-1227044,CaYAlO4,3.2897,-3.576451555714285,4.531630755352519,80.60169848237707,7,4,Tetragonal
mp-1193926,K3Lu(PO4)2,5.0522,-2.98139075805017,4.030048742238544,397.3746559712295,28,4,Monoclinic
mp-28171,K3IO,1.0284,-1.445846300349999,2.911695034511509,148.3913038780024,5,3,Cubic
mp-1180739,LaGaO3,3.2035,-3.092933671,6.997921568205891,243.58010127039393,20,3,Orthorhombic
mp-22467,Sn(PbO2)2,2.0548,-1.779286491428569,8.051104990329549,492.6133731728575,28,3,Tetragonal
mp-14363,Rb2LiAsO4,3.5526,-2.107650687604167,3.6977613295552922,284.52447583904245,16,4,Orthorhombic
mp-1207863,V(AgO)4,0.0,-1.057459651851851,6.412175984398501,141.50240240018087,9,3,Tetragonal
mp-19200,Tb2Mo2O7,0.0,-2.910913877121213,7.587492217401501,272.13237586530335,22,3,Cubic
mp-19215,CaCrO4,2.3714,-2.43201730833334,3.14982524324953,164.55716430369858,12,3,Tetragonal
mp-9304,DyCuSeO,1.1846,-2.265136002252602,8.039124055327362,132.61196210458365,8,4,Tetragonal
mp-781625,BaOsO3,0.0,-2.039047280999999,9.289408158973453,67.13281089520898,5,3,Cubic
mp-1017441,SrRhO3,0.0,-1.928895577,6.167951451627042,64.21547336522843,5,3,Cubic
mp-12867,SrSnO3,1.5550000000000002,-2.630651680499999,6.354962395647654,132.91090821475046,10,3,Tetragonal
mp-505040,Cs2K4Fe2O5,0.0,-1.4720149933315652,3.701910791767491,275.3686455019582,13,4,Monoclinic
mp-22421,Fe2GeO4,1.407699999999999,-1.831330290714285,5.601316735348605,147.23598060888963,14,3,Cubic
mp-757955,Li3Mn(PO4)2,,-2.5283216931345303,2.835957617994919,466.73280915880645,42,4,Trigonal
mp-19852,Ba2UMnO6,0.06130000000000001,-3.260499004793104,6.989748287008771,157.65410970512076,10,4,Cubic
mp-726051,USiPbO6,1.785499999999999,-3.062456279999999,6.225967815880149,607.367637610601,36,4,Monoclinic
mp-559571,ZrB2O5,3.7962,-3.192974700729166,4.6540387076874925,275.2218924964266,32,3,Monoclinic
mp-766394,V11NiO18,0.6177,-2.423810526999999,5.027331496012392,299.59708479108247,30,3,Triclinic
mp-31213,Sr4Ti3O10,1.463099999999999,-3.508666600588235,5.039755198393024,215.50989030830584,17,3,Tetragonal
mp-5012,Li2SiO3,5.0766,-2.882894919444446,2.572720375463253,116.13509258822238,12,3,Orthorhombic
mp-552162,Sr2FeReO6,0.0,-2.542482665,6.573662878881875,518.6365387679159,40,4,Tetragonal
mp-6548,K2La2Ti3O10,1.733499999999999,-3.431758464970588,4.7641754774807765,229.90248601795102,17,4,Tetragonal
mp-18190,CaCu3(SnO3)4,0.39970000000000006,-1.839566818499999,6.362550811157278,234.24800694186672,20,4,Cubic
mp-1191195,Eu2Hf2O7,0.0,-3.675034681363634,8.7222611851655,294.2899615999611,22,3,Cubic
mp-6468,BaNd2ZnO5,2.8032999999999992,-3.139614177222223,6.963317956259685,272.43568366812013,18,4,Tetragonal
mp-547094,RuO4,2.3853,-1.181791856499999,3.631951168929951,150.93881260009232,10,2,Monoclinic
mp-8355,KAlSiO4,4.5021,-3.183893003178571,2.503742337721559,209.7945419356205,14,4,Hexagonal
mp-1019898,LaPO4,4.6503,-3.481594635773809,4.606952857328288,168.5980422790207,12,3,Tetragonal
mp-21403,CoCuP2O7,0.0,-2.124464477662338,3.957074555232363,124.39016908807695,11,4,Triclinic
mp-18918,ZnWO4,3.2609,-2.055167530000002,7.865005453439968,132.27154637308448,12,3,Monoclinic
mp-760484,TmBO3,4.5062,-3.4889196768333353,6.5003624938412585,116.35561242130827,10,3,Orthorhombic
mp-510642,CuNi2(PO4)2,0.0,-2.026643345329671,4.199736869342464,293.28184865265973,26,4,Monoclinic
mp-30279,NpIO5,0.0864,-2.122867483749997,6.3952273941703535,461.0411403529417,28,3,Orthorhombic
mp-733,GeO2,3.250099999999999,-2.077072867222222,4.264932175835284,122.22244677181571,9,2,Trigonal
mp-754274,MnV2O6,1.117999999999999,-2.332355423659006,3.390084946671487,247.6712240220914,18,3,Monoclinic
mp-31117,NdScO3,4.3025,-3.896463977999999,6.0516723205399074,260.34020981921844,20,3,Orthorhombic
mp-1044162,PWO5,1.6519,-2.387728043163264,5.311393198523161,368.6752377445776,28,3,Orthorhombic
mp-504818,MoPO5,2.4078,-2.379245834591837,4.233556205135817,162.31432249991926,14,3,Tetragonal
mp-35612,PuOF,0.0,-3.498975999583327,10.452191076373326,44.324366855138706,3,3,Cubic
mp-1043000,ZnSn2O5,0.8464,-1.964873498749999,5.810785091889065,218.79918759946725,16,3,Orthorhombic
mp-28232,MgTi2O5,2.7175000000000002,-3.422544152083334,3.6484799494604223,182.08546974502198,16,3,Orthorhombic
mp-18904,Ba2NdMoO6,0.0,-2.94132386775,6.244299346014404,162.4379305249755,10,4,Cubic
mp-20029,SrCrO3,,-2.5717556850000003,5.279509212613665,59.00943857782975,5,3,Cubic
mp-19276,BaMoO4,3.7927,-2.654552259166666,4.867937883926004,202.80434680449002,12,3,Tetragonal
mp-17089,K3Eu(PO4)2,0.0,-2.829903004716836,3.625517464867314,420.64187718707933,28,4,Monoclinic
mp-1182001,Ca3V2O8,3.478,-2.973700307692308,3.348020302927066,173.64738955883723,13,3,Monoclinic
mp-1181917,CaRhO3,0.0,-2.068029812499998,5.605342568377662,226.3073630109768,20,3,Orthorhombic
mp-755359,FeOF,0.0,-2.027189934166667,4.276974271103107,141.07919671366093,12,3,Monoclinic
mp-768846,Rb2Fe4O7,0.268999999999999,-1.647522416923075,4.778399362629554,175.94801015172462,13,3,Trigonal
mp-7762,CdGe2O5,1.4703,-1.93013044375,6.196239302773898,180.99498386738873,16,3,Triclinic
mp-556440,CaZr4(PO4)6,4.172099999999999,-3.250465469367347,3.058945895889634,529.1682638086563,35,4,Trigonal
mp-22252,LaFe3(BO3)4,2.3045,-2.585897103583333,4.24647146559129,211.81733484202056,20,4,Trigonal
mp-1194594,Ta4PbO11,3.2066,-3.144907519020831,8.807087918987353,417.434621456222,32,3,Trigonal
mp-30250,YAgO2,2.4154,-2.600528935416664,5.7628226352971215,131.84034243067953,8,3,Hexagonal
mp-6428,Ba2YRuO6,0.0903,-2.831114415,6.163484413328773,151.041477102345,10,4,Cubic
mp-865181,EuGeO3,0.0,-2.600853746999999,7.998798443526119,56.59182512686955,5,3,Cubic
mp-19418,VCrO4,1.9112,-2.354943370833332,4.009206419472294,138.28293791227176,12,3,Orthorhombic
mp-754640,Ce2SeO2,0.0,-3.354982122468743,6.519358394602798,99.63980603248984,5,3,Trigonal
mp-13199,Zn3TeO6,1.062799999999999,-1.699591537,6.146977535979629,680.464328388086,60,3,Monoclinic
mp-31352,Er2(SeO3)3,3.9484999999999992,-2.352124214430804,5.738844461068633,413.998800042523,28,3,Triclinic
mp-1192573,TbWBrO4,2.6473,-2.66703991095238,6.196030088405483,521.7079138529728,28,4,Triclinic
mp-2908,Al2ZnO4,3.845999999999999,-3.021072628571429,4.625888662745583,131.64714277394958,14,3,Cubic
mp-774922,Ti3TeO8,3.156999999999999,-2.926663778055555,3.066022288974895,216.20223953423928,12,3,Triclinic
mp-554663,Mg2SiO4,4.587400000000001,-3.150838,3.088633132994703,151.28141083207183,14,3,Trigonal
mp-29047,Tl3VO4,2.5955,-1.670863315000004,7.71266442581256,156.75778974843087,8,3,Orthorhombic
mp-760362,Mn6O5F7,0.2615,-2.406700537921457,4.280009277207463,421.0420305938168,36,3,Monoclinic
mp-1221326,Na2PrO3,0.0,-2.307863043237547,4.310895206623939,90.4768836129645,6,3,Orthorhombic
mp-17539,KAsOF4,3.7394,-2.579728197821428,3.11405956951862,439.4167578256581,28,4,Monoclinic
mp-554139,Ba3Ga2(Ge2O7)2,2.258999999999999,-2.528351630217391,5.288866642393809,334.68401250109895,23,4,Trigonal
mp-763417,Co3OF5,,-2.056813769444445,4.563787192849467,209.42615419280457,18,3,Orthorhombic
mp-23562,KIO4,2.349199999999999,-1.166621643708329,3.734796980402538,204.52228151704813,12,3,Tetragonal
mp-976313,K3V(SO5)2,3.4516,-2.235891756046875,2.352781747801146,553.8378330210244,32,4,Monoclinic
mp-549158,InCuO2,0.25159999999999905,-1.482666360416665,6.357808361308225,109.88555417467317,8,3,Hexagonal
mp-505151,Ca3CuIrO6,0.0,-2.299731175,5.632348202085596,278.30789282066814,22,4,Monoclinic
mp-4359,Sr2PdO3,0.2353,-2.394458980833334,6.027965995755455,90.81177964681467,6,3,Orthorhombic
mp-2218599,Mg(CoO2)4,,-1.392510283461538,4.569692694091542,141.00377542943562,13,3,Trigonal
mp-558969,Ho3ReO7,0.0,-3.374211812954543,9.036223826634757,291.4485394150361,22,3,Orthorhombic
mp-27661,U2Cl5O2,0.0,-2.7038389922222192,4.742806074440104,239.94304328159632,9,3,Orthorhombic
mp-21618,NdAl3(PbO4)2,,-2.976684114464278,5.870761340214611,868.4390443308812,56,4,Cubic
mp-552729,KIO3,2.568199999999999,-1.359852848949999,4.067605629319784,87.36269032913107,5,3,Trigonal
mp-28444,Fe3(SiO4)2,1.484499999999999,-2.350756869615384,3.9324063433781142,297.0260605715562,26,3,Monoclinic
mp-1106239,MnBiO3,0.09580000000000001,-1.804228887586207,8.049140656477718,257.3938245834839,20,3,Monoclinic
mp-20099,In6WO12,1.767999999999999,-2.020597898947368,7.510759073728435,235.40146566374386,19,3,Trigonal
mp-558402,Mn2PClO4,3.1252,-2.402603486938114,3.393992556272149,470.27597338742265,32,4,Orthorhombic
mp-3575,Ca3(BO3)2,4.8224,-3.28817981121212,3.114461132518799,253.63180690275368,22,3,Trigonal
mp-754978,CdCu2O3,0.0,-1.037747357499999,6.55629673971795,145.63311980748384,12,3,Orthorhombic
mp-776083,HfSnO3,2.3676,-2.995080958999999,6.592594463634103,173.89666541206324,10,3,Trigonal
mp-29799,KBiO3,0.49140000000000006,-1.572585075950002,5.7835495813543,1020.0944985470918,60,3,Cubic
mp-18584,Ho2SiSeO4,2.5613,-3.401765284042968,7.3207229893520385,454.4743627567142,32,4,Orthorhombic
mp-1205556,Ba2NdReO6,0.0,-2.950607196999999,7.257659170843885,160.41025292931357,10,4,Cubic
mp-1215744,YbGaCoO4,0.0,-2.510830498571429,7.286869834772933,83.33466176559392,7,4,Trigonal
mp-1183152,AcScO3,3.3847,-3.8290604304999993,7.569207408829243,70.19180130743561,5,3,Cubic
mp-1194165,Ba3Ge2(B3O8)2,4.1759,-2.892586929814815,4.5077720009833975,323.4742678740439,27,4,Triclinic
mp-756654,SbOF,2.7582,-2.117116111666666,5.328280493496799,195.41197692253272,12,3,Orthorhombic
mp-23102,Sr2Cu(ClO)2,0.0,-2.448147261428572,4.437667488481293,127.85791715367704,7,4,Tetragonal
mp-554228,Na2VOF4,2.991799999999999,-2.958528153157328,2.839045967391547,441.97827878240196,32,4,Monoclinic
mp-556031,Sn2P2O7,3.6467,-2.356596268344154,4.081788124526612,334.69883748444414,22,3,Monoclinic
mp-1198628,Na3RuO4,0.0,-1.71085392270474,4.195116989349355,370.5521724245009,32,3,Monoclinic
mp-9870,K3Ta3(BO6)2,2.6703,-3.055646548604166,5.372059817918613,270.0829113634813,20,4,Hexagonal
mp-2970,Na4GeO4,2.8173,-2.009036232279693,3.155237520758228,240.6118147083184,18,3,Triclinic
mp-558638,SmMoO4F,3.8342,-2.980700866785715,5.102886205311122,428.6271382808543,28,4,Monoclinic
mp-555608,Na3Sc2(PO4)3,4.7095,-3.060567849153325,2.834295630307729,520.0158296215311,40,4,Trigonal
mp-1069079,FeBiO3,1.3463,-1.64759779,7.5640409481152755,137.34875639029534,10,3,Tetragonal
mp-768637,V2SO8,1.5981,-2.024265612045455,2.097318967769794,829.5675069257462,44,3,Orthorhombic
mp-6930,SiO2,5.6695,-3.272205639444445,2.632257568520512,113.71113006405524,9,2,Trigonal
mp-543028,Tl2TeO3,1.9408,-1.273872056180558,7.867918742498233,986.6503316100951,48,3,Orthorhombic
mp-775197,Mn3Nb(PO4)4,0.129199999999999,-2.5887252067651882,3.359636043410672,315.1441397157297,24,4,Monoclinic
mp-559969,CaLaGaO4,3.4555,-3.223998694642857,4.693358213562172,442.54651010387227,28,4,Orthorhombic
mp-555018,RbNa2AuO2,2.1025,-1.292620134209769,5.078018141234317,235.71376247859894,12,4,Orthorhombic
mp-20974,VO2,0.39279999999999904,-2.424950547500001,4.129737947820389,133.398883983148,12,2,Orthorhombic
mp-27033,Li2SnP2O7,3.9316,-2.554917620912698,3.323257006412706,612.6686919641452,48,4,Monoclinic
mp-1078259,GaBO3,3.8638999999999992,-2.529754526333334,4.967413209102039,85.93315290339086,10,3,Trigonal
mp-19365,Ba3V2O8,3.7465,-3.018909883076909,5.086795334033375,209.52922358122728,13,3,Trigonal
mp-1222802,LaNdCuO4,0.0,-3.006572671785714,6.847501059175971,99.5937875942181,7,4,Tetragonal
mp-5803,NbPO5,2.1631,-2.929560521734694,3.253578136769954,416.21371283721857,28,3,Orthorhombic
mp-675527,La(WO3)11,,-2.286780572,7.24291378463559,616.5195890505225,45,3,Triclinic
mp-1194079,K3Lu(PO4)2,4.9929000000000014,-2.998240560193026,3.8543655742386793,415.48711497368714,28,4,Monoclinic
mp-33690,PrSO,1.917199999999999,-2.818134118888888,5.536390026570732,226.71485933215945,12,3,Monoclinic
mp-555929,Sr2MnMoO6,0.930099999999999,-2.648809522793103,5.239322020701259,267.5680264466202,20,4,Monoclinic
mp-1070510,Y2BiO2,0.0,-2.916590982000001,6.888565167925216,100.95261251568137,5,3,Tetragonal
mp-1215572,YbSc(BO3)2,0.0,-3.354262101750001,5.257111229213589,106.00891860327779,10,4,Trigonal
mp-768907,Sr3TeO6,3.059399999999999,-2.726441825666666,5.179925351189741,155.94430452787566,10,3,Trigonal
mp-558369,K2LiVO4,3.976099999999999,-2.376295727229166,2.608957250800538,254.68809545611714,16,4,Monoclinic
mp-1181730,GdMn4(CuO4)3,0.0,-1.8379451045862072,6.155525216746556,204.92162653091646,20,4,Cubic
mp-704220,FePO4,1.3729,-2.306356226329365,2.802534226336139,536.1642872299037,36,3,Trigonal
mp-561005,SrBi6(PO5)4,3.508399999999999,-2.402349752857144,7.032398835636359,421.5776656920608,31,4,Triclinic
mp-541156,Ge4PbO9,3.1907,-2.022314588690476,5.721991269880247,558.7173420272759,42,3,Trigonal
mp-756605,NbVO4,0.0,-2.749101775833333,5.396796867737191,127.90384660186032,12,3,Tetragonal
mp-2605,CaO,3.6301,-3.306019392499999,3.353083748678994,27.771067003632275,2,2,Cubic
mp-18572,KEr(PO3)4,5.2949,-2.916155144767857,3.563469627589065,486.72140426409385,36,4,Monoclinic
mp-14531,NaNb3O8,2.2449,-2.935651058031608,5.097011675085977,279.98384387689646,24,3,Orthorhombic
mp-31415,La3TaO7,3.4556,-3.825579913848483,7.150296139480039,329.613845486843,22,3,Orthorhombic
mp-1194961,NbTlV2O8,,-2.430259835277778,4.655934108198065,752.057773202027,48,4,Orthorhombic
mp-28761,Sr7Mn4O15,0.0,-2.6731777056432353,5.2382644429584975,680.3385210903823,52,3,Monoclinic
mp-753469,Co2NiO6,0.0,-0.938118047222221,4.588341422935864,197.27834510146855,18,3,Monoclinic
mp-752910,Na3BiO4,0.6188,-1.682600919267241,5.238093164349319,108.40144410786765,8,3,Orthorhombic
mp-778404,Na2NiO2,2.6055,-1.301619782051723,2.2935562136223773,395.80239600159643,20,3,Tetragonal
mp-556002,Li6Cu(B2O5)2,0.7482000000000001,-2.467809772222222,2.48921434168321,205.75169270682997,21,4,Triclinic
mp-1219175,Sm2O,0.0,-2.047382921666668,8.371442854907846,62.82369072635824,3,2,Tetragonal
mp-757060,Mn4NiO8,0.0,-1.721249697824935,4.524538630147076,149.1667656349388,13,3,Monoclinic
mp-5322,Pr3IrO7,0.0,-2.969154539090908,7.7155846569397415,312.9005164106252,22,3,Orthorhombic
mp-11659,BaTi(BO3)2,2.387699999999999,-3.223730964166665,4.022373827685647,125.00872409967428,10,4,Trigonal
mp-1019584,CaAl2SiO6,4.605699999999999,-3.4282547425,3.319302729055449,436.4792904162378,40,4,Monoclinic
mp-540951,Na2Sr(PO3)4,5.3329,-2.809370941122633,2.968031319114787,502.9538337549795,38,4,Tetragonal
mp-1021504,Ba2NbFeO6,1.455,-2.895553720499999,6.221341093607607,277.2672110319684,20,4,Cubic
mp-20852,NdMnO3,1.8980000000000001,-2.963478812086206,6.966899940186665,235.65668274841266,20,3,Orthorhombic
mp-22588,LuFeO3,1.6083,-2.879398338833334,8.258442678612468,224.2433578745118,20,3,Orthorhombic
mp-771267,LiZnFe7O12,1.396199999999999,-1.695330738492063,4.661014524904461,466.88598363321864,42,4,Monoclinic
mp-15397,Ti7Al2O15,0.0,-3.3946253211805573,4.161113751830011,251.01870695656433,24,3,Monoclinic
mp-550111,SmBi2BrO4,1.278299999999999,-2.383572875,8.026407564314274,147.34775300544456,8,4,Tetragonal
mp-542208,Ba3NaOs2O9,0.0,-2.33338267875862,7.311333170670363,435.80651298113304,30,4,Hexagonal
mp-773159,Li3Co2(PO4)3,0.7849,-2.279242041446429,3.119534219278661,450.97124839887596,40,4,Monoclinic
mp-1194433,K3NaOs2O9,0.0,-1.806830295875287,4.994442695562904,442.0214999055741,30,4,Hexagonal
mp-1206237,Ba2AgIO6,0.12660000000000002,-1.8766491276666661,6.3888076361701,157.35779143893134,10,4,Cubic
mp-541281,BaNdGaO4,3.7355,-3.0773933725,6.465776590880527,426.61826931992715,28,4,Orthorhombic
mp-997161,CoAuO2,0.504599999999999,-0.953616617499999,10.898611857008238,43.86492692944419,4,3,Trigonal
mp-1651775,La2VFeO6,,-3.044801831500001,6.332801007663022,252.03534597775408,20,4,Triclinic
mp-6325,Ba3MgTa2O9,3.2733,-3.413043947644446,7.370083530440008,212.27990794747208,15,4,Trigonal
mp-5594,Sc2Si2O7,4.2788,-3.607447267727273,3.373334353584162,127.0403679229244,11,3,Monoclinic
mp-755391,BaNa2O2,1.5152,-1.9233487985517241,3.615630360957872,197.76519734263016,10,3,Orthorhombic
mp-776952,Na2O,1.5089000000000001,-1.346220134808429,2.505816977035073,123.21544215593173,9,2,Trigonal
mp-35236,Ga2NiO4,1.2806,-2.010357559999998,6.152216715633703,283.01261117488946,28,3,Orthorhombic
mp-558188,AgHg2AsO4,0.738599999999999,-1.054451005520835,8.03125126453621,535.8941694848662,32,4,Orthorhombic
mp-1101547,Ni3(P2O7)2,,-2.107934187312923,3.428157130954949,507.6006655884514,42,3,Triclinic
mp-1191609,V2FeAgO7,1.340799999999999,-1.9256541969696972,4.202736042344309,298.3800366800479,22,4,Triclinic
mp-19210,CoPtO2,0.0,-1.03533258,11.571756001215531,164.17239814599654,16,3,Trigonal
mp-997025,PbAuO2,0.0,-0.9499778774999991,9.519180311059635,76.08529422234274,4,3,Trigonal
mp-30890,Hg3SO6,0.5752,-1.187770245833333,8.23930234224492,441.268022967525,30,3,Trigonal
mp-558033,Na2Ca3Ta2O9,3.7107,-3.123292970151581,4.864301483880833,229.43783070835352,16,4,Trigonal
mp-754825,NaTmO2,4.0764,-3.210119355344829,7.081981174526605,52.50402588382256,4,3,Trigonal
mp-727205,Ca6Si6O19,0.5771000000000001,-3.256230622096774,2.587600595265223,457.53346797975473,31,3,Triclinic
mp-19082,TiMnO3,2.004899999999999,-2.9546040562528733,4.644506556173096,107.83263051258717,10,3,Trigonal
mp-14420,Er2Be2GeO7,4.4309,-3.291785429583333,6.783252108856864,263.00226284727756,24,4,Tetragonal
mp-561531,Y2Si2O7,4.5957,-3.624045520454544,3.875804876133672,296.46013347646846,22,3,Monoclinic
mp-1211101,NbNi11(BO5)4,,-1.8616179076851842,5.228029571172918,699.890884328936,72,4,Monoclinic
mp-732197,CaSiBO5,0.40430000000000005,-2.979097142708333,2.962960398783061,356.37112981249743,32,4,Monoclinic
mp-759804,CaMn3O4,0.7771999999999991,-2.277054964224138,4.614444979332626,96.76177992695398,8,3,Orthorhombic
mp-770358,Li3V3(BO5)2,0.0,-2.57491017324074,3.457222631629687,341.27331881370026,36,4,Triclinic
mp-753561,Li2VSiO4,,-2.608286957291666,3.056410371418696,511.48145853157814,48,4,Triclinic
mp-559160,NaSmSe2O7,3.3052,-2.074237839869706,4.8657085191473,605.0997849720114,44,4,Monoclinic
mp-1192052,KTeO4,0.5381,-1.453432078986111,3.9662973050738812,386.3346844568538,24,3,Monoclinic
mp-768742,Li2Mn2(SO4)3,3.6512000000000002,-2.13388588026467,2.8660419839988602,477.34977190800157,38,4,Monoclinic
mp-757690,LiNb(PO3)4,0.18080000000000002,-2.568119720939153,2.4935349961157782,553.7075585714414,36,4,Monoclinic
mp-6144,Na2La2Ti3O10,1.7671000000000001,-3.412753374868154,4.8140711115395955,216.40687742837216,17,4,Tetragonal
mp-18952,Ca4Mn2O7,0.0,-2.806712146604773,3.757901563932251,337.7583309053374,26,3,Orthorhombic
mp-1106181,Ca2LaSbO6,3.485999999999999,-3.0494547315,5.061272374216807,286.62877019585136,20,4,Monoclinic
mp-561786,Cs(TeO3)2,0.361699999999999,-1.645410420332056,5.693414791560695,282.38590256410885,18,3,Trigonal
mp-3404,RbSO3,5.0206,-2.077418668333333,2.879475505870826,572.7515827231946,30,3,Trigonal
mp-555063,Nd2As4O9,3.342099999999999,-2.452501396333333,5.166289120087599,470.6622325761645,30,3,Triclinic
mp-1180658,KTiO3,0.0,-2.652540657616666,3.189173880633049,281.0911824858956,20,3,Hexagonal
mp-6064,Sr3MgPtO6,2.6841,-2.623797067727272,6.235092055281237,307.99836418403396,22,4,Trigonal
mp-19442,Mn(Ni3O4)2,1.4245,-1.361432144528734,6.142112964309543,144.6642070855784,15,3,Cubic
mp-12221,CaTeO4,2.2712,-2.269806247777776,4.627388712128368,332.54728185655193,24,3,Orthorhombic
mp-4362,Cu2Ag2O3,0.0,-0.65898790047619,6.7246489797814455,193.01612307726546,14,3,Tetragonal
mp-3397,Ba2TiO4,4.144,-3.399091214047619,5.088301343372636,504.5528493342891,28,3,Monoclinic
mp-542844,V2O5,1.396,-2.228388247857143,4.0492682420255,149.17206141035203,14,2,Monoclinic
mp-8153,NaHgPO4,1.4524,-2.107504529788881,5.642204476465247,187.5035193802315,14,4,Orthorhombic
mp-4769,SiP2O7,5.8048,-2.780858875428556,3.034203665708863,442.2600349774216,40,3,Monoclinic
mp-754944,TaFeO4,1.384299999999999,-2.668206807055554,6.492850593350437,153.85363815791345,12,3,Monoclinic
mp-540634,TaTl(GeO3)3,3.6578,-2.336258460047633,5.661210126089255,438.36239334191623,28,4,Hexagonal
mp-768368,K4I2O,1.017,-1.525181681999999,2.902344643035187,243.84571595017917,7,3,Tetragonal
mp-1104205,BaErFe4O7,0.0,-2.193267218076923,5.701318410328184,186.39225062514703,13,4,Tetragonal
mp-6088,LaCuSO,1.668499999999999,-2.355128379375,6.124617206709288,135.84241264338414,8,4,Tetragonal
mp-1205670,Ba2PrTaO6,3.3056,-3.4576381959,6.901747578754598,166.6147794446964,10,4,Cubic
mp-30980,NaYO2,4.1319,-3.115740750969827,4.415567871792607,216.45442816681768,16,3,Monoclinic
mp-752413,Ca2HfO4,3.8409999999999993,-3.6698924778571422,5.846310106413345,183.28220454838268,14,3,Orthorhombic
mp-545974,AlPO4,5.3232,-3.108667533273809,1.939538556999476,208.82034543801154,12,3,Hexagonal
mp-1205845,Ba2GdUO6,0.8429000000000001,-3.6186131759999993,7.294612269902189,174.3554687281598,10,4,Cubic
mp-5692,TbRhO3,0.8749000000000001,-2.575770184833334,8.964942818652476,229.55338451111137,20,3,Orthorhombic
mp-752724,Ho2TiO5,3.0358,-3.808684084791666,6.457961382749677,235.38996330814163,16,3,Orthorhombic
mp-1025154,UTl2O4,1.511299999999999,-2.5246934652380952,9.050637164839719,130.41067782612998,7,3,Tetragonal
mp-559831,Na3V(SO)2,2.3954,-1.72284540364224,2.276119364728234,1260.890669656411,64,4,Orthorhombic
mp-545482,PdSeO3,1.0589,-1.032893985468749,5.0106199066219,154.68489951937246,10,3,Monoclinic
mp-18999,NaMn7O12,0.0,-1.948566162844826,4.822788334606122,206.43127494101213,20,3,Cubic
mp-13541,Sr2Mg(BO3)2,4.579700000000001,-3.184874278484848,4.086795072172321,128.86925008347362,11,4,Monoclinic
mp-1221276,Na2TbO3,0.0,-2.431726282404214,4.946997848668457,84.89097255838013,6,3,Orthorhombic
mp-1076121,La2Ni2O5,0.3528,-2.602793055555556,6.403561131549287,246.45019038708503,18,3,Orthorhombic
mp-33009,MnO2,0.0,-1.776003834310345,5.219577299111424,55.31560092960974,6,2,Orthorhombic
mp-1105352,CeFe4(CuO4)3,0.0,-1.685703730499998,5.887805408748572,210.43030705401372,20,4,Cubic
mp-674948,VMoO5,1.0124,-2.107184395714284,4.177983441962048,180.34567051547938,14,3,Monoclinic
mp-1191117,Gd3SbO7,2.4705,-3.362648602727271,7.763111093357803,301.8171267999116,22,3,Orthorhombic
mp-18791,Ba4Mn3O10,0.0,-2.546114705811359,6.013518176859888,482.74702037097336,34,3,Orthorhombic
mp-1189861,Mn7BiO12,0.0,-1.9342711862758621,5.989225849260493,217.79426687951283,20,3,Monoclinic
mp-555442,Ni7Te6(ClO9)2,2.7053000000000003,-1.3893078248484851,5.076477535200653,502.21969420464904,33,4,Trigonal
